class,x_m,y_m,z_m,stamp_sec
green,10.1245,20.0063,-4.2380,1787414704.635
green,10.1491,20.0388,-4.2380,1787414704.735
green,10.2092,20.0157,-4.2380,1787414704.835
green,10.2306,19.9918,-4.2380,1787414704.935
green,12.8555,20.2852,-4.2380,1787414705.436
green,12.8519,20.4186,-4.2380,1787414705.535
green,12.8369,20.3704,-4.2380,1787414705.636
green,12.7821,20.3032,-4.2380,1787414705.735
green,12.7108,20.2681,-4.2380,1787414705.836
green,12.6123,20.2625,-4.2380,1787414706.036
green,12.5264,20.2775,-4.2380,1787414706.135
green,12.4507,20.2792,-4.2380,1787414706.237
green,12.3878,20.2845,-4.2380,1787414706.335
green,12.3318,20.2935,-4.2380,1787414706.435
green,12.2822,20.3054,-4.2380,1787414706.535
green,12.2457,20.2752,-4.2380,1787414706.635
green,12.1955,20.3155,-4.2380,1787414706.735
green,12.1533,20.3369,-4.2380,1787414706.835
green,12.1160,20.3435,-4.2380,1787414706.935
green,12.0987,20.2697,-4.2380,1787414707.035
green,12.0860,20.1902,-4.2380,1787414707.137
green,12.0580,20.1833,-4.2380,1787414707.235
green,12.0299,20.1823,-4.2380,1787414707.335
green,11.9843,20.2583,-4.2380,1787414707.435
green,11.9487,20.3080,-4.2380,1787414707.535
green,11.9354,20.2693,-4.2380,1787414707.635
green,11.9117,20.2694,-4.2380,1787414707.735
green,11.8612,20.3770,-4.2380,1787414707.835
green,11.8351,20.3928,-4.2380,1787414707.942
green,11.8130,20.3962,-4.2380,1787414708.035
green,11.8033,20.3508,-4.2380,1787414708.138
green,11.8054,20.2716,-4.2380,1787414708.235
green,11.7917,20.2486,-4.2380,1787414708.336
green,11.7608,20.2861,-4.2380,1787414708.435
green,11.7390,20.2948,-4.2380,1787414708.536
green,11.7313,20.2577,-4.2380,1787414708.635
green,11.6884,20.3487,-4.2380,1787414708.736
green,11.6605,20.3845,-4.2380,1787414708.835
green,11.6291,20.4324,-4.2380,1787414708.943
green,11.6225,20.3980,-4.2380,1787414709.035
green,11.6284,20.3301,-4.2380,1787414709.136
green,11.6282,20.2806,-4.2380,1787414709.235
green,11.5993,20.3285,-4.2380,1787414709.336
green,11.5577,20.4106,-4.2380,1787414709.435
green,11.5589,20.3596,-4.2380,1787414709.536
green,11.5505,20.3464,-4.2380,1787414709.635
green,11.5393,20.3407,-4.2380,1787414709.736
green,11.5329,20.3187,-4.2380,1787414709.835
green,11.5230,20.3046,-4.2380,1787414709.935
green,11.5166,20.2881,-4.2380,1787414710.035
green,11.5171,20.2489,-4.2380,1787414710.135
green,11.5043,20.2535,-4.2380,1787414710.235
green,11.4826,20.2837,-4.2380,1787414710.336
green,11.4717,20.2806,-4.2380,1787414710.435
green,11.4578,20.2940,-4.2380,1787414710.536
green,11.4738,20.2138,-4.2380,1787414710.635
green,11.4501,20.2500,-4.2380,1787414710.736
green,11.4399,20.2538,-4.2380,1787414710.835
green,11.4367,20.2327,-4.2380,1787414710.935
green,11.4282,20.2305,-4.2380,1787414711.035
green,11.4229,20.2147,-4.2380,1787414711.135
green,11.4207,20.1938,-4.2380,1787414711.235
green,11.4179,20.1779,-4.2380,1787414711.336
green,11.3932,20.2263,-4.2380,1787414711.435
green,11.3833,20.2322,-4.2380,1787414711.536
green,11.3697,20.2514,-4.2380,1787414711.635
green,11.3676,20.2347,-4.2380,1787414711.736
green,11.3808,20.1954,-4.2380,1787414711.835
green,11.3857,20.1959,-4.2380,1787414711.936
green,11.3854,20.2203,-4.2380,1787414712.035
green,11.3906,20.2381,-4.2380,1787414712.136
green,11.3972,20.2500,-4.2380,1787414712.235
green,11.4164,20.2339,-4.2380,1787414712.336
green,11.4334,20.2192,-4.2380,1787414712.435
green,11.4463,20.2133,-4.2380,1787414712.536
green,11.4529,20.2134,-4.2380,1787414712.635
green,11.4492,20.2168,-4.2380,1787414712.737
green,11.4447,20.2251,-4.2380,1787414712.835
green,11.4443,20.2223,-4.2380,1787414712.936
green,11.4447,20.2181,-4.2380,1787414713.035
green,11.4430,20.2204,-4.2380,1787414713.139
green,11.4427,20.2194,-4.2380,1787414713.235
green,11.4405,20.2243,-4.2380,1787414713.336
green,11.4267,20.2636,-4.2380,1787414713.438
green,11.4311,20.2496,-4.2380,1787414713.535
green,11.4373,20.2304,-4.2380,1787414713.635
green,11.4358,20.2342,-4.2380,1787414713.736
green,11.4255,20.2639,-4.2380,1787414713.835
green,11.4202,20.2792,-4.2380,1787414713.943
green,11.4276,20.2571,-4.2380,1787414714.035
green,11.4358,20.2326,-4.2380,1787414714.136
green,11.4301,20.2492,-4.2380,1787414714.235
green,11.4323,20.2425,-4.2380,1787414714.335
green,11.4301,20.2489,-4.2380,1787414714.438
green,11.4285,20.2535,-4.2380,1787414714.535
green,11.4295,20.2504,-4.2380,1787414714.635
green,11.4284,20.2536,-4.2380,1787414714.735
green,11.4277,20.2556,-4.2380,1787414714.835
green,11.4272,20.2571,-4.2380,1787414714.935
green,11.4229,20.2696,-4.2380,1787414715.036
green,11.4094,20.3096,-4.2380,1787414715.135
green,11.4182,20.2835,-4.2380,1787414715.236
green,11.4197,20.2790,-4.2380,1787414715.335
green,11.4228,20.2701,-4.2380,1787414715.436
green,11.4177,20.2849,-4.2380,1787414715.535
green,11.4000,20.3372,-4.2380,1787414715.635
green,11.3976,20.3442,-4.2380,1787414715.735
green,11.4028,20.3289,-4.2380,1787414715.836
green,11.4117,20.3025,-4.2380,1787414715.935
green,11.4120,20.3017,-4.2380,1787414716.035
green,11.4108,20.3053,-4.2380,1787414716.135
green,11.4145,20.2944,-4.2380,1787414716.236
green,11.4210,20.2752,-4.2380,1787414716.335
green,11.4017,20.3321,-4.2380,1787414716.436
green,11.3768,20.4058,-4.2380,1787414716.535
green,11.3845,20.3830,-4.2380,1787414716.636
green,11.3723,20.4191,-4.2380,1787414716.735
green,11.3416,20.5096,-4.2380,1787414716.836
green,11.3110,20.6001,-4.2380,1787414716.935
green,11.3332,20.5345,-4.2380,1787414717.036
green,11.3127,20.5949,-4.2380,1787414717.135
green,11.2983,20.6376,-4.2380,1787414717.235
green,11.2922,20.6557,-4.2380,1787414717.335
green,11.2781,20.6972,-4.2380,1787414717.437
green,11.2672,20.7293,-4.2380,1787414717.535
green,11.2585,20.7551,-4.2380,1787414717.636
green,11.2460,20.7919,-4.2380,1787414717.736
green,11.2397,20.8107,-4.2380,1787414717.836
green,11.2253,20.8531,-4.2380,1787414717.935
green,11.2297,20.8402,-4.2380,1787414718.037
green,11.2313,20.8354,-4.2380,1787414718.135
green,11.2187,20.8727,-4.2380,1787414718.235
green,11.2204,20.8676,-4.2380,1787414718.335
green,11.2125,20.8911,-4.2380,1787414718.438
green,11.2068,20.9078,-4.2380,1787414718.535
green,11.2101,20.8981,-4.2380,1787414718.636
green,11.2077,20.9050,-4.2380,1787414718.735
green,11.2103,20.8976,-4.2380,1787414718.839
green,11.2073,20.9061,-4.2380,1787414718.935
green,11.2063,20.9094,-4.2380,1787414719.037
green,11.2065,20.9087,-4.2380,1787414719.135
green,11.2024,20.9206,-4.2380,1787414719.237
green,11.2128,20.8901,-4.2380,1787414719.335
green,11.2167,20.8786,-4.2380,1787414719.436
green,11.2139,20.8869,-4.2380,1787414719.535
green,11.2178,20.8753,-4.2380,1787414719.638
green,11.2229,20.8603,-4.2380,1787414719.735
green,11.2207,20.8669,-4.2380,1787414719.836
green,11.2216,20.8641,-4.2380,1787414719.935
green,11.2211,20.8655,-4.2380,1787414720.037
green,11.2207,20.8667,-4.2380,1787414720.135
green,11.2221,20.8626,-4.2380,1787414720.236
green,11.2168,20.8783,-4.2380,1787414720.335
green,11.2188,20.8724,-4.2380,1787414720.436
green,11.2129,20.8898,-4.2380,1787414720.535
green,11.2182,20.8742,-4.2380,1787414723.335
green,11.2159,20.8810,-4.2380,1787414723.437
green,11.2160,20.8806,-4.2380,1787414723.535
green,11.2148,20.8842,-4.2380,1787414723.635
green,11.2141,20.8862,-4.2380,1787414723.736
green,11.2127,20.8903,-4.2380,1787414723.835
green,11.2108,20.8960,-4.2380,1787414723.947
green,11.2094,20.9000,-4.2373,1787414724.035
green,11.2095,20.8999,-4.2347,1787414724.136
green,11.2090,20.9013,-4.2306,1787414724.235
green,11.2082,20.9036,-4.2253,1787414724.337
green,11.2060,20.9101,-4.2191,1787414724.435
green,11.2048,20.9136,-4.2122,1787414724.536
green,11.2023,20.9210,-4.2046,1787414724.635
green,11.2004,20.9267,-4.1966,1787414724.737
green,11.1989,20.9311,-4.1881,1787414724.835
green,11.1977,20.9345,-4.1794,1787414724.936
green,11.1947,20.9435,-4.1628,1787414725.624
green,11.1900,20.9573,-4.1491,1787414725.625
green,11.1858,20.9698,-4.1378,1787414725.625
green,11.1819,20.9814,-4.1283,1787414725.626
green,11.1782,20.9922,-4.1203,1787414725.626
green,11.1747,21.0025,-4.1135,1787414725.627
green,11.1720,21.0106,-4.1061,1787414725.635
green,11.1698,21.0169,-4.0982,1787414725.736
green,11.1682,21.0219,-4.0898,1787414725.835
green,11.1669,21.0256,-4.0811,1787414725.936
green,11.1724,21.0095,-4.0722,1787414726.035
green,11.1768,20.9964,-4.0630,1787414726.136
green,11.1801,20.9866,-4.0537,1787414726.235
green,11.1825,20.9794,-4.0443,1787414726.337
green,11.1787,20.9909,-4.0351,1787414726.435
green,11.1756,20.9999,-4.0258,1787414726.536
green,11.1732,21.0070,-4.0163,1787414726.635
green,11.1713,21.0127,-4.0067,1787414726.735
green,11.1687,21.0204,-3.9971,1787414726.835
green,11.1666,21.0266,-3.9874,1787414726.935
green,11.1650,21.0312,-3.9776,1787414727.035
green,11.1638,21.0349,-3.9678,1787414727.136
green,11.1628,21.0377,-3.9579,1787414727.235
green,11.1621,21.0398,-3.9480,1787414727.336
green,11.1616,21.0413,-3.9381,1787414727.436
green,9.4939,21.9160,-3.1410,1787414736.535
green,8.7727,19.0768,-3.1410,1787414805.235
green,8.7641,19.0801,-3.1410,1787414805.336
green,8.7570,19.0879,-3.1410,1787414805.435
green,8.7512,19.0983,-3.1410,1787414805.536
green,8.7462,19.1114,-3.1410,1787414805.635
green,8.7421,19.1260,-3.1410,1787414805.735
green,8.7386,19.1425,-3.1410,1787414805.835
green,8.7355,19.1597,-3.1410,1787414805.935
green,8.7329,19.1784,-3.1410,1787414806.035
green,8.7306,19.1974,-3.1410,1787414806.135
green,8.7285,19.2168,-3.1410,1787414806.235
green,8.7267,19.2364,-3.1410,1787414806.335
green,8.7250,19.2573,-3.1410,1787414806.436
green,8.7234,19.2777,-3.1410,1787414806.534
green,8.7220,19.2982,-3.1410,1787414806.638
green,8.7206,19.3193,-3.1410,1787414806.735
green,8.7193,19.3408,-3.1410,1787414806.836
green,8.7181,19.3618,-3.1410,1787414806.935
green,8.7169,19.3826,-3.1410,1787414807.035
green,8.7157,19.4045,-3.1410,1787414807.135
green,8.7146,19.4257,-3.1410,1787414807.235
green,8.7134,19.4478,-3.1410,1787414807.335
green,8.7123,19.4693,-3.1410,1787414807.436
green,8.7112,19.4910,-3.1410,1787414807.535
green,8.7102,19.5125,-3.1410,1787414807.636
green,8.7091,19.5345,-3.1410,1787414807.735
green,8.7080,19.5562,-3.1410,1787414807.836
green,8.7069,19.5784,-3.1410,1787414807.935
green,8.7059,19.6002,-3.1410,1787414808.035
green,8.7048,19.6225,-3.1410,1787414808.135
green,8.7037,19.6444,-3.1410,1787414808.235
green,8.7027,19.6668,-3.1410,1787414808.335
green,8.7016,19.6887,-3.1410,1787414808.436
green,8.7005,19.7115,-3.1410,1787414808.535
green,8.6995,19.7334,-3.1410,1787414808.635
green,8.6984,19.7561,-3.1410,1787414808.736
green,8.6974,19.7775,-3.1410,1787414808.835
green,8.6963,19.7997,-3.1410,1787414808.935
green,8.6953,19.8216,-3.1410,1787414809.035
green,8.6942,19.8439,-3.1410,1787414809.135
green,8.6932,19.8658,-3.1410,1787414809.235
green,8.6921,19.8882,-3.1410,1787414809.335
green,8.6911,19.9102,-3.1410,1787414809.435
green,8.6900,19.9315,-3.1410,1787414809.536
green,8.6890,19.9537,-3.1410,1787414809.635
green,8.6879,19.9763,-3.1410,1787414809.735
green,8.6869,19.9985,-3.1410,1787414809.835
green,8.6858,20.0203,-3.1410,1787414809.936
green,8.6848,20.0420,-3.1410,1787414810.035
green,8.6838,20.0635,-3.1410,1787414810.135
green,8.6827,20.0854,-3.1410,1787414810.235
green,8.6817,20.1071,-3.1410,1787414810.335
green,8.6806,20.1292,-3.1410,1787414810.435
green,8.6796,20.1511,-3.1410,1787414810.536
green,8.6785,20.1737,-3.1410,1787414810.635
green,8.6775,20.1955,-3.1410,1787414810.735
green,8.6764,20.2182,-3.1410,1787414810.835
green,8.6754,20.2400,-3.1410,1787414810.936
green,8.6743,20.2621,-3.1410,1787414811.035
green,8.6733,20.2838,-3.1410,1787414811.136
green,8.6723,20.3054,-3.1410,1787414811.235
green,8.6712,20.3268,-3.1410,1787414811.336
green,8.6702,20.3487,-3.1410,1787414811.435
green,8.6692,20.3703,-3.1410,1787414811.535
green,8.6682,20.3917,-3.1410,1787414811.636
green,8.6671,20.4136,-3.1410,1787414811.735
green,8.6661,20.4353,-3.1410,1787414811.836
green,8.6650,20.4572,-3.1410,1787414811.936
green,8.6640,20.4784,-3.1410,1787414812.035
green,8.6630,20.5006,-3.1410,1787414812.135
green,8.6619,20.5224,-3.1410,1787414812.236
green,8.6609,20.5447,-3.1410,1787414812.336
green,8.6599,20.5660,-3.1410,1787414812.435
green,8.6588,20.5879,-3.1410,1787414812.535
green,8.6578,20.6095,-3.1410,1787414812.635
green,8.6567,20.6319,-3.1410,1787414812.735
green,8.6557,20.6536,-3.1410,1787414812.835
green,8.6546,20.6761,-3.1410,1787414812.935
green,8.6536,20.6982,-3.1410,1787414813.035
green,8.6525,20.7208,-3.1410,1787414813.136
green,8.6515,20.7429,-3.1410,1787414813.235
green,8.6504,20.7654,-3.1410,1787414813.335
green,8.6493,20.7874,-3.1410,1787414813.435
green,8.6483,20.8097,-3.1410,1787414813.535
green,8.6473,20.8312,-3.1410,1787414813.635
green,8.6463,20.8525,-3.1410,1787414813.737
green,8.6452,20.8748,-3.1410,1787414813.835
green,8.6442,20.8963,-3.1410,1787414813.937
green,8.6431,20.9187,-3.1410,1787414814.035
green,8.6421,20.9403,-3.1410,1787414814.136
green,8.6410,20.9628,-3.1410,1787414814.235
green,8.6400,20.9849,-3.1410,1787414814.335
green,8.6389,21.0074,-3.1410,1787414814.435
green,8.6379,21.0289,-3.1410,1787414814.535
green,8.6368,21.0509,-3.1410,1787414814.635
green,8.6358,21.0725,-3.1410,1787414814.735
green,8.6347,21.0951,-3.1410,1787414814.835
green,8.6337,21.1168,-3.1410,1787414814.936
green,8.6321,21.1496,-3.1410,1787414815.572
green,8.6308,21.1775,-3.1410,1787414815.572
green,8.6296,21.2023,-3.1410,1787414815.573
green,8.6286,21.2238,-3.1410,1787414815.574
green,8.6277,21.2434,-3.1410,1787414815.574
green,8.6268,21.2608,-3.1410,1787414815.574
green,8.6259,21.2811,-3.1410,1787414815.636
green,8.6249,21.3010,-3.1410,1787414815.735
green,8.6239,21.3222,-3.1410,1787414815.835
green,8.6229,21.3432,-3.1410,1787414815.935
green,8.6220,21.3631,-3.1410,1787414816.038
green,8.6210,21.3842,-3.1410,1787414816.135
green,8.6200,21.4052,-3.1410,1787414816.235
green,8.6189,21.4272,-3.1410,1787414816.335
green,8.6180,21.4478,-3.1410,1787414816.435
green,8.6170,21.4672,-3.1410,1787414816.535
green,8.6162,21.4858,-3.1410,1787414816.635
green,8.6153,21.5036,-3.1410,1787414816.735
green,8.6145,21.5209,-3.1410,1787414816.835
green,8.6137,21.5371,-3.1410,1787414816.935
green,8.6130,21.5531,-3.1410,1787414817.036
green,8.6122,21.5689,-3.1410,1787414817.135
green,8.6115,21.5845,-3.1410,1787414817.235
green,8.6107,21.6000,-3.1410,1787414817.335
green,8.6100,21.6153,-3.1410,1787414817.435
green,8.6093,21.6306,-3.1410,1787414817.535
green,8.6085,21.6459,-3.1410,1787414817.636
green,8.6078,21.6605,-3.1410,1787414817.735
green,8.6072,21.6751,-3.1410,1787414817.835
green,8.6065,21.6898,-3.1410,1787414817.935
green,8.6057,21.7046,-3.1410,1787414818.035
green,8.6050,21.7194,-3.1410,1787414818.135
green,8.6043,21.7343,-3.1410,1787414818.235
green,8.6036,21.7492,-3.1410,1787414818.335
green,8.6029,21.7641,-3.1410,1787414818.435
green,8.6022,21.7790,-3.1410,1787414818.535
green,8.6015,21.7939,-3.1410,1787414818.635
green,8.6008,21.8088,-3.1410,1787414818.737
green,8.6001,21.8238,-3.1410,1787414818.835
green,8.6012,21.8371,-3.1410,1787414818.935
green,8.6050,21.8479,-3.1410,1787414819.034
green,8.6105,21.8566,-3.1410,1787414819.135
green,8.6179,21.8638,-3.1410,1787414819.235
green,8.6268,21.8697,-3.1410,1787414819.335
green,8.6369,21.8745,-3.1410,1787414819.435
green,8.6480,21.8785,-3.1410,1787414819.535
green,8.6598,21.8818,-3.1410,1787414819.634
green,8.6723,21.8847,-3.1410,1787414819.735
green,8.6847,21.8870,-3.1410,1787414819.835
green,8.6976,21.8891,-3.1410,1787414819.935
green,8.7109,21.8908,-3.1410,1787414820.035
green,8.7246,21.8924,-3.1410,1787414820.135
green,8.7385,21.8938,-3.1410,1787414820.235
green,8.7526,21.8950,-3.1410,1787414820.335
green,8.7669,21.8962,-3.1410,1787414820.435
green,8.7813,21.8973,-3.1410,1787414820.537
green,8.7959,21.8982,-3.1410,1787414820.635
green,8.8105,21.8992,-3.1410,1787414820.735
green,8.8246,21.9000,-3.1410,1787414820.835
green,8.8389,21.9009,-3.1410,1787414820.936
green,8.8533,21.9017,-3.1410,1787414821.035
green,8.8678,21.9025,-3.1410,1787414821.135
green,8.8824,21.9032,-3.1410,1787414821.235
green,8.8971,21.9040,-3.1410,1787414821.335
green,8.9118,21.9047,-3.1410,1787414821.435
green,8.9266,21.9055,-3.1410,1787414821.535
green,8.9409,21.9062,-3.1410,1787414821.635
green,8.9552,21.9069,-3.1410,1787414821.735
green,8.9697,21.9091,-3.1410,1787414821.835
green,8.9842,21.9113,-3.1410,1787414821.935
green,8.9988,21.9133,-3.1410,1787414822.036
green,9.0135,21.9149,-3.1410,1787414822.135
green,9.0282,21.9164,-3.1410,1787414822.238
green,9.0430,21.9178,-3.1410,1787414822.335
green,9.0578,21.9194,-3.1410,1787414822.440
green,9.0726,21.9208,-3.1410,1787414822.535
green,9.0875,21.9220,-3.1410,1787414822.635
green,9.1024,21.9232,-3.1410,1787414822.735
green,9.1173,21.9243,-3.1410,1787414822.835
green,9.1322,21.9256,-3.1410,1787414822.935
green,9.1465,21.9268,-3.1410,1787414823.036
green,9.1610,21.9279,-3.1410,1787414823.135
green,9.1755,21.9289,-3.1410,1787414823.238
green,9.1901,21.9299,-3.1410,1787414823.335
green,9.2049,21.9308,-3.1410,1787414823.436
green,9.2196,21.9321,-3.1410,1787414823.535
green,9.2344,21.9332,-3.1410,1787414823.635
green,9.2492,21.9342,-3.1410,1787414823.735
green,9.2641,21.9352,-3.1410,1787414823.836
green,9.2789,21.9365,-3.1410,1787414823.935
green,9.2938,21.9377,-3.1410,1787414824.035
green,9.3087,21.9388,-3.1410,1787414824.135
green,9.3230,21.9397,-3.1410,1787414824.236
green,9.3375,21.9407,-3.1410,1787414824.335
green,9.3520,21.9416,-3.1410,1787414824.435
green,9.3666,21.9428,-3.1410,1787414824.536
green,9.4832,21.9225,-3.1410,1787414824.636
green,9.4775,21.9278,-3.1410,1787414824.736
green,9.4760,21.9322,-3.1410,1787414824.835
green,9.4778,21.9359,-3.1410,1787414824.935
green,9.4822,21.9393,-3.1410,1787414825.035
green,9.4888,21.9422,-3.1410,1787414825.135
green,9.4970,21.9446,-3.1410,1787414825.237
green,9.5065,21.9467,-3.1410,1787414825.335
green,9.5172,21.9486,-3.1410,1787414825.437
green,9.5287,21.9505,-3.1410,1787414825.535
green,9.5409,21.9522,-3.1410,1787414825.635
green,9.5536,21.9538,-3.1410,1787414825.735
green,9.5668,21.9551,-3.1410,1787414825.836
green,9.5804,21.9563,-3.1410,1787414825.935
green,9.5936,21.9578,-3.1410,1787414826.035
green,9.6071,21.9591,-3.1410,1787414826.135
green,9.6210,21.9603,-3.1410,1787414826.235
green,9.6351,21.9614,-3.1410,1787414826.335
green,9.6493,21.9624,-3.1410,1787414826.436
green,9.6637,21.9637,-3.1410,1787414826.535
green,9.6782,21.9649,-3.1410,1787414826.635
green,9.6928,21.9660,-3.1410,1787414826.735
green,9.7075,21.9671,-3.1410,1787414826.836
green,9.7222,21.9680,-3.1410,1787414826.935
green,9.7370,21.9693,-3.1410,1787414827.038
green,9.7518,21.9705,-3.1410,1787414827.135
green,9.7666,21.9715,-3.1410,1787414827.236
green,9.7809,21.9725,-3.1410,1787414827.335
green,9.7953,21.9734,-3.1410,1787414827.435
green,9.8098,21.9747,-3.1410,1787414827.535
green,9.8244,21.9758,-3.1410,1787414827.635
green,9.8390,21.9768,-3.1410,1787414827.736
green,9.8538,21.9778,-3.1410,1787414827.835
green,9.8680,21.9787,-3.1410,1787414827.936
green,9.8823,21.9796,-3.1410,1787414828.035
green,9.8967,21.9808,-3.1410,1787414828.135
green,9.9113,21.9819,-3.1410,1787414828.235
green,9.9259,21.9829,-3.1410,1787414828.336
green,9.9406,21.9839,-3.1410,1787414828.435
green,9.9554,21.9848,-3.1410,1787414828.536
green,9.9702,21.9860,-3.1410,1787414828.635
green,9.9850,21.9872,-3.1410,1787414828.736
green,9.9999,21.9882,-3.1410,1787414828.835
green,10.0147,21.9892,-3.1410,1787414828.945
green,10.0296,21.9901,-3.1410,1787414829.035
green,10.0445,21.9914,-3.1410,1787414829.135
green,10.0588,21.9925,-3.1410,1787414829.235
green,10.0733,21.9935,-3.1410,1787414829.335
green,10.0878,21.9945,-3.1410,1787414829.435
green,10.1025,21.9954,-3.1410,1787414829.535
green,10.1171,21.9966,-3.1410,1787414829.635
green,10.1319,21.9978,-3.1410,1787414829.736
green,10.1467,21.9988,-3.1410,1787414829.835
green,10.1615,21.9998,-3.1410,1787414829.935
green,10.1763,22.0007,-3.1410,1787414830.035
green,10.1912,22.0020,-3.1410,1787414830.137
green,10.2055,22.0031,-3.1410,1787414830.235
green,10.2199,22.0041,-3.1410,1787414830.335
green,10.2344,22.0051,-3.1410,1787414830.435
green,10.2491,22.0060,-3.1410,1787414830.535
green,10.2637,22.0072,-3.1410,1787414830.635
green,10.2785,22.0084,-3.1410,1787414830.735
green,10.2933,22.0094,-3.1410,1787414830.836
green,10.3081,22.0104,-3.1410,1787414830.935
green,10.3229,22.0113,-3.1410,1787414831.035
green,10.3378,22.0122,-3.1410,1787414831.135
green,10.3527,22.0134,-3.1410,1787414831.235
green,10.3676,22.0146,-3.1410,1787414831.335
green,10.3819,22.0156,-3.1410,1787414831.435
green,10.3963,22.0165,-3.1410,1787414831.535
green,10.4109,22.0178,-3.1410,1787414831.635
green,10.4255,22.0189,-3.1410,1787414831.735
green,10.4402,22.0200,-3.1410,1787414831.835
green,10.4549,22.0210,-3.1410,1787414831.935
green,10.4697,22.0219,-3.1410,1787414832.036
green,10.4845,22.0228,-3.1410,1787414832.135
green,10.4994,22.0240,-3.1410,1787414832.235
green,10.5143,22.0252,-3.1410,1787414832.335
green,10.5291,22.0262,-3.1410,1787414832.436
green,10.5440,22.0272,-3.1410,1787414832.535
green,10.5590,22.0281,-3.1410,1787414832.635
green,10.5739,22.0293,-3.1410,1787414832.735
green,10.5888,22.0305,-3.1410,1787414832.835
green,10.6037,22.0315,-3.1410,1787414832.935
green,10.6187,22.0325,-3.1410,1787414833.035
green,10.6330,22.0334,-3.1410,1787414833.135
green,10.6475,22.0346,-3.1410,1787414833.236
green,10.6620,22.0358,-3.1410,1787414833.335
green,10.6767,22.0368,-3.1410,1787414833.435
green,10.6914,22.0378,-3.1410,1787414833.535
green,10.7061,22.0387,-3.1410,1787414833.635
green,10.7209,22.0399,-3.1410,1787414833.735
green,10.7358,22.0411,-3.1410,1787414833.835
green,10.7506,22.0421,-3.1410,1787414833.935
green,10.7655,22.0431,-3.1410,1787414834.035
green,10.7804,22.0441,-3.1410,1787414834.135
green,10.7953,22.0453,-3.1410,1787414834.235
green,10.8102,22.0465,-3.1410,1787414834.334
green,10.8251,22.0475,-3.1410,1787414834.435
green,10.8394,22.0485,-3.1410,1787414834.537
green,10.8539,22.0494,-3.1410,1787414834.635
green,10.8679,22.0506,-3.1410,1787414834.735
green,10.8820,22.0517,-3.1410,1787414834.835
green,10.8963,22.0527,-3.1410,1787414834.936
green,10.9108,22.0537,-3.1410,1787414835.035
green,10.9253,22.0546,-3.1410,1787414835.136
green,10.9400,22.0555,-3.1410,1787414835.235
green,10.9540,22.0567,-3.1410,1787414835.336
green,10.9683,22.0577,-3.1410,1787414835.435
green,10.9827,22.0587,-3.1410,1787414835.536
green,10.9966,22.0597,-3.1410,1787414835.635
green,11.0108,22.0605,-3.1410,1787414835.736
green,11.0251,22.0618,-3.1410,1787414835.835
green,11.0395,22.0629,-3.1410,1787414835.935
green,11.0540,22.0639,-3.1410,1787414836.035
green,11.0686,22.0649,-3.1410,1787414836.136
green,11.0827,22.0658,-3.1410,1787414836.235
green,11.0970,22.0670,-3.1410,1787414836.335
green,11.1114,22.0681,-3.1410,1787414836.436
green,11.1259,22.0691,-3.1410,1787414836.536
green,11.1405,22.0701,-3.1410,1787414836.635
green,11.1546,22.0710,-3.1410,1787414836.735
green,11.1688,22.0718,-3.1410,1787414836.838
green,11.1832,22.0730,-3.1410,1787414836.935
green,11.1977,22.0741,-3.1410,1787414837.035
green,11.2123,22.0751,-3.1410,1787414837.137
green,11.2270,22.0761,-3.1410,1787414837.237
green,11.2411,22.0770,-3.1410,1787414837.335
green,11.2554,22.0782,-3.1410,1787414837.435
green,11.2698,22.0793,-3.1410,1787414837.538
green,11.2843,22.0803,-3.1410,1787414837.635
green,11.2989,22.0813,-3.1410,1787414837.735
green,11.3136,22.0822,-3.1410,1787414837.835
green,11.3284,22.0835,-3.1410,1787414837.935
green,11.3425,22.0846,-3.1410,1787414838.035
green,11.3569,22.0856,-3.1410,1787414838.136
green,11.3713,22.0866,-3.1410,1787414838.235
green,11.3859,22.0875,-3.1410,1787414838.335
green,11.4005,22.0887,-3.1410,1787414838.435
green,11.4152,22.0898,-3.1410,1787414838.535
green,11.4300,22.0909,-3.1410,1787414838.636
green,11.4442,22.0918,-3.1410,1787414838.735
green,11.4579,22.0927,-3.1410,1787414838.836
green,11.4719,22.0936,-3.1410,1787414838.935
green,11.4855,22.0947,-3.1410,1787414839.035
green,11.4994,22.0958,-3.1410,1787414839.135
green,11.5135,22.0968,-3.1410,1787414839.235
green,11.5277,22.0977,-3.1410,1787414839.335
green,11.5396,22.0985,-3.1410,1787414839.435
green,11.5461,22.0990,-3.1410,1787414839.535
green,11.5483,22.0992,-3.1410,1787414839.635
green,11.5471,22.0992,-3.1410,1787414839.735
green,11.5437,22.0992,-3.1410,1787414839.835
green,11.5380,22.0990,-3.1410,1787414839.948
green,11.5305,22.0983,-3.1410,1787414840.035
green,11.5215,22.0976,-3.1410,1787414840.135
green,11.5119,22.0970,-3.1410,1787414840.236
green,11.5012,22.0963,-3.1410,1787414840.335
green,11.4897,22.0956,-3.1410,1787414840.435
green,11.4774,22.0946,-3.1410,1787414840.535
green,11.4647,22.0936,-3.1410,1787414840.636
green,11.4515,22.0927,-3.1410,1787414840.736
green,11.4385,22.0918,-3.1410,1787414840.836
green,11.4252,22.0910,-3.1410,1787414840.935
green,11.4115,22.0898,-3.1410,1787414841.036
green,11.3976,22.0887,-3.1410,1787414841.135
green,11.3834,22.0877,-3.1410,1787414841.235
green,11.3697,22.0868,-3.1410,1787414841.336
green,11.3558,22.0859,-3.1410,1787414841.435
green,11.3416,22.0847,-3.1410,1787414841.535
green,11.3273,22.0836,-3.1410,1787414841.635
green,11.3129,22.0826,-3.1410,1787414841.735
green,11.2983,22.0816,-3.1410,1787414841.834
green,11.2837,22.0807,-3.1410,1787414841.936
green,11.2696,22.0795,-3.1410,1787414842.035
green,11.2553,22.0784,-3.1410,1787414842.135
green,11.2409,22.0774,-3.1410,1787414842.235
green,11.2264,22.0764,-3.1410,1787414842.335
green,11.2118,22.0755,-3.1410,1787414842.435
green,11.1971,22.0742,-3.1410,1787414842.536
green,11.1824,22.0731,-3.1410,1787414842.635
green,11.1676,22.0721,-3.1410,1787414842.735
green,11.1528,22.0711,-3.1410,1787414842.835
green,11.1380,22.0701,-3.1410,1787414842.935
green,11.1231,22.0693,-3.1410,1787414843.035
green,11.1082,22.0680,-3.1410,1787414843.135
green,11.0933,22.0669,-3.1410,1787414843.235
green,11.0784,22.0659,-3.1410,1787414843.335
green,11.0635,22.0649,-3.1410,1787414843.435
green,11.0486,22.0636,-3.1410,1787414843.535
green,11.0337,22.0625,-3.1410,1787414843.635
green,11.0187,22.0614,-3.1410,1787414843.736
green,11.0038,22.0604,-3.1410,1787414843.835
green,10.9888,22.0594,-3.1410,1787414843.935
green,10.9745,22.0586,-3.1410,1787414844.035
green,10.9600,22.0574,-3.1410,1787414844.135
green,10.9455,22.0563,-3.1410,1787414844.235
green,10.9308,22.0552,-3.1410,1787414844.337
green,10.9161,22.0543,-3.1410,1787414844.435
green,10.9013,22.0534,-3.1410,1787414844.535
green,10.8865,22.0521,-3.1410,1787414844.635
green,10.8717,22.0510,-3.1410,1787414844.737
green,10.8569,22.0499,-3.1410,1787414844.835
green,10.8420,22.0490,-3.1410,1787414844.936
green,10.8169,22.0476,-3.1410,1787414845.588
green,10.7963,22.0460,-3.1410,1787414845.588
green,10.7792,22.0448,-3.1410,1787414845.589
green,10.7649,22.0438,-3.1410,1787414845.589
green,10.7528,22.0429,-3.1410,1787414845.590
green,10.7426,22.0422,-3.1410,1787414845.590
green,10.7308,22.0415,-3.1410,1787414845.635
green,10.7184,22.0404,-3.1410,1787414845.737
green,10.7055,22.0394,-3.1410,1787414845.836
green,10.6928,22.0384,-3.1410,1787414845.936
green,10.6802,22.0376,-3.1410,1787414846.035
green,10.6672,22.0367,-3.1410,1787414846.135
green,10.6538,22.0356,-3.1410,1787414846.235
green,10.6400,22.0345,-3.1410,1787414846.335
green,10.6260,22.0335,-3.1410,1787414846.435
green,10.6119,22.0325,-3.1410,1787414846.537
green,10.5975,22.0316,-3.1410,1787414846.635
green,10.5837,22.0304,-3.1410,1787414846.739
green,10.5696,22.0293,-3.1410,1787414846.835
green,10.5554,22.0283,-3.1410,1787414846.936
green,10.5410,22.0274,-3.1410,1787414847.035
green,10.5270,22.0265,-3.1410,1787414847.136
green,10.5129,22.0256,-3.1410,1787414847.235
green,10.4986,22.0244,-3.1410,1787414847.335
green,10.4842,22.0234,-3.1410,1787414847.436
green,10.4697,22.0223,-3.1410,1787414847.535
green,10.4557,22.0214,-3.1410,1787414847.635
green,10.4415,22.0205,-3.1410,1787414847.735
green,10.4271,22.0193,-3.1410,1787414847.837
green,10.4133,22.0182,-3.1410,1787414847.935
green,10.3992,22.0172,-3.1410,1787414848.035
green,10.3849,22.0163,-3.1410,1787414848.135
green,10.3705,22.0154,-3.1410,1787414848.235
green,10.3560,22.0141,-3.1410,1787414848.335
green,10.3414,22.0130,-3.1410,1787414848.435
green,10.3273,22.0120,-3.1410,1787414848.535
green,10.3131,22.0110,-3.1410,1787414848.635
green,10.2987,22.0101,-3.1410,1787414848.738
green,10.2842,22.0089,-3.1410,1787414848.835
green,10.2696,22.0078,-3.1410,1787414848.935
green,10.2555,22.0068,-3.1410,1787414849.035
green,10.2413,22.0058,-3.1410,1787414849.135
green,10.2269,22.0049,-3.1410,1787414849.235
green,10.2124,22.0040,-3.1410,1787414849.336
green,10.1978,22.0028,-3.1410,1787414849.435
green,10.1831,22.0017,-3.1410,1787414849.535
green,10.1684,22.0007,-3.1410,1787414849.635
green,10.1536,21.9997,-3.1410,1787414849.735
green,10.1394,21.9989,-3.1410,1787414849.835
green,10.1250,21.9976,-3.1410,1787414849.935
green,10.1106,21.9965,-3.1410,1787414850.035
green,10.0960,21.9955,-3.1410,1787414850.135
green,10.0819,21.9946,-3.1410,1787414850.235
green,10.0677,21.9937,-3.1410,1787414850.335
green,10.0533,21.9924,-3.1410,1787414850.435
green,10.0394,21.9913,-3.1410,1787414850.540
green,10.0253,21.9903,-3.1410,1787414850.635
green,10.0111,21.9894,-3.1410,1787414850.736
green,9.9966,21.9885,-3.1410,1787414850.835
green,9.9821,21.9876,-3.1410,1787414850.946
green,9.9675,21.9864,-3.1410,1787414851.035
green,9.9534,21.9853,-3.1410,1787414851.136
green,9.9392,21.9843,-3.1410,1787414851.236
green,9.9248,21.9834,-3.1410,1787414851.335
green,9.9103,21.9821,-3.1410,1787414851.435
green,9.8957,21.9810,-3.1410,1787414851.535
green,9.8810,21.9799,-3.1410,1787414851.635
green,9.8663,21.9789,-3.1410,1787414851.736
green,9.8515,21.9780,-3.1410,1787414851.835
green,9.8367,21.9771,-3.1410,1787414851.935
green,9.8225,21.9759,-3.1410,1787414852.035
green,9.8081,21.9748,-3.1410,1787414852.135
green,9.7936,21.9738,-3.1410,1787414852.235
green,9.7790,21.9728,-3.1410,1787414852.335
green,9.7643,21.9719,-3.1410,1787414852.435
green,9.7496,21.9707,-3.1410,1787414852.535
green,9.7349,21.9695,-3.1410,1787414852.635
green,9.7200,21.9685,-3.1410,1787414852.735
green,9.7052,21.9675,-3.1410,1787414852.835
green,9.6903,21.9666,-3.1410,1787414852.935
green,9.6755,21.9653,-3.1410,1787414853.035
green,9.6606,21.9642,-3.1410,1787414853.135
green,9.6457,21.9631,-3.1410,1787414853.235
green,9.6308,21.9622,-3.1410,1787414853.335
green,9.6158,21.9612,-3.1410,1787414853.435
green,9.6009,21.9600,-3.1410,1787414853.535
green,9.5866,21.9589,-3.1410,1787414853.635
green,9.5721,21.9578,-3.1410,1787414853.735
green,9.5575,21.9569,-3.1410,1787414853.835
green,9.5429,21.9559,-3.1410,1787414853.935
green,9.5282,21.9547,-3.1410,1787414854.036
green,9.5135,21.9536,-3.1410,1787414854.135
green,9.3812,21.9439,-3.1410,1787414854.235
green,9.3899,21.9446,-3.1410,1787414854.335
green,9.3938,21.9451,-3.1410,1787414854.436
green,9.3940,21.9449,-3.1410,1787414854.534
green,9.3911,21.9447,-3.1410,1787414854.638
green,9.3864,21.9444,-3.1410,1787414854.735
green,9.3797,21.9440,-3.1410,1787414854.836
green,9.3713,21.9435,-3.1410,1787414854.935
green,9.3616,21.9430,-3.1410,1787414855.035
green,9.3509,21.9421,-3.1410,1787414855.135
green,9.3393,21.9412,-3.1410,1787414855.236
green,9.3270,21.9403,-3.1410,1787414855.335
green,9.3142,21.9395,-3.1410,1787414855.435
green,9.3010,21.9387,-3.1410,1787414855.535
green,9.2874,21.9376,-3.1410,1787414855.636
green,9.2735,21.9365,-3.1410,1787414855.735
green,9.2595,21.9355,-3.1410,1787414855.836
green,9.2458,21.9346,-3.1410,1787414855.935
green,9.2319,21.9338,-3.1410,1787414856.036
green,9.2178,21.9326,-3.1410,1787414856.135
green,9.2035,21.9315,-3.1410,1787414856.235
green,9.1891,21.9304,-3.1410,1787414856.335
green,9.1745,21.9295,-3.1410,1787414856.436
green,9.1599,21.9286,-3.1410,1787414856.535
green,9.1453,21.9273,-3.1410,1787414856.637
green,9.1305,21.9262,-3.1410,1787414856.735
green,9.1157,21.9252,-3.1410,1787414856.836
green,9.1015,21.9242,-3.1410,1787414856.935
green,9.0872,21.9233,-3.1410,1787414857.035
green,9.0727,21.9217,-3.1410,1787414857.135
green,9.0582,21.9192,-3.1410,1787414857.235
green,9.0436,21.9170,-3.1410,1787414857.335
green,9.0289,21.9152,-3.1410,1787414857.435
green,9.0142,21.9135,-3.1410,1787414857.535
green,8.9994,21.9121,-3.1410,1787414857.635
green,8.9846,21.9108,-3.1410,1787414857.735
green,8.9697,21.9096,-3.1410,1787414857.835
green,8.9548,21.9085,-3.1410,1787414857.935
green,8.9400,21.9075,-3.1410,1787414858.035
green,8.9256,21.9066,-3.1410,1787414858.135
green,8.9112,21.9057,-3.1410,1787414858.235
green,8.8966,21.9049,-3.1410,1787414858.335
green,8.8820,21.9040,-3.1410,1787414858.435
green,8.8673,21.9032,-3.1410,1787414858.535
green,8.8526,21.9025,-3.1410,1787414858.635
green,8.8378,21.9017,-3.1410,1787414858.735
green,8.8229,21.9009,-3.1410,1787414858.835
green,8.8081,21.9002,-3.1410,1787414858.935
green,8.7932,21.8994,-3.1410,1787414859.035
green,8.7783,21.8987,-3.1410,1787414859.135
green,8.7634,21.8980,-3.1410,1787414859.235
green,8.7490,21.8973,-3.1410,1787414859.336
green,8.7346,21.8966,-3.1410,1787414859.435
green,8.7200,21.8959,-3.1410,1787414859.535
green,8.7054,21.8952,-3.1410,1787414859.635
green,8.6907,21.8945,-3.1410,1787414859.736
green,8.6759,21.8938,-3.1410,1787414859.835
green,8.6611,21.8930,-3.1410,1787414859.936
green,8.6463,21.8923,-3.1410,1787414860.035
green,8.6314,21.8916,-3.1410,1787414860.136
green,8.6165,21.8909,-3.1410,1787414860.235
green,8.6016,21.8902,-3.1410,1787414860.337
green,8.5867,21.8895,-3.1410,1787414860.435
green,8.5718,21.8888,-3.1410,1787414860.536
green,8.5568,21.8881,-3.1410,1787414860.635
green,8.5419,21.8874,-3.1410,1787414860.735
green,8.5269,21.8867,-3.1410,1787414860.834
green,8.5120,21.8859,-3.1410,1787414860.935
green,8.4970,21.8852,-3.1410,1787414861.035
green,8.4827,21.8845,-3.1410,1787414861.137
green,8.4682,21.8839,-3.1410,1787414861.235
green,8.4536,21.8832,-3.1410,1787414861.335
green,8.4389,21.8825,-3.1410,1787414861.435
green,8.4242,21.8818,-3.1410,1787414861.535
bin,7.6044,21.8854,-3.1410,1787414861.583
green,8.4094,21.8811,-3.1410,1787414861.635
bin,7.6035,21.8864,-3.1410,1787414861.683
green,8.3946,21.8804,-3.1410,1787414861.736
bin,7.6011,21.8894,-3.1410,1787414861.783
green,8.3798,21.8797,-3.1410,1787414861.835
bin,7.5961,21.8916,-3.1410,1787414861.883
green,8.3665,21.8790,-3.1399,1787414861.935
bin,7.5919,21.8936,-3.1391,1787414861.983
green,8.3560,21.8785,-3.1370,1787414862.035
bin,7.5879,21.8951,-3.1356,1787414862.083
green,8.3475,21.8781,-3.1327,1787414862.136
bin,7.5840,21.8971,-3.1308,1787414862.183
green,8.3407,21.8778,-3.1273,1787414862.235
bin,7.5795,21.8987,-3.1249,1787414862.283
green,8.3353,21.8775,-3.1209,1787414862.336
bin,7.5751,21.8999,-3.1182,1787414862.383
green,8.3310,21.8773,-3.1142,1787414862.435
bin,7.5708,21.9010,-3.1109,1787414862.483
green,8.3275,21.8772,-3.1069,1787414862.538
bin,7.5663,21.9026,-3.1030,1787414862.583
green,8.3247,21.8790,-3.0990,1787414862.635
bin,7.5616,21.9039,-3.0951,1787414862.683
green,8.3223,21.8808,-3.0907,1787414862.735
bin,7.5572,21.9045,-3.0868,1787414862.783
green,8.3205,21.8830,-3.0821,1787414862.835
bin,7.5527,21.9049,-3.0781,1787414862.883
green,8.3190,21.8848,-3.0732,1787414862.935
bin,7.5482,21.9055,-3.0692,1787414862.983
green,8.3177,21.8871,-3.0641,1787414863.035
bin,7.5432,21.9061,-3.0601,1787414863.084
green,8.3167,21.8893,-3.0548,1787414863.136
bin,7.5385,21.9064,-3.0508,1787414863.183
green,8.3158,21.8919,-3.0453,1787414863.235
bin,7.5343,21.9076,-3.0413,1787414863.284
green,8.3151,21.8944,-3.0358,1787414863.335
bin,7.5302,21.9086,-3.0318,1787414863.383
green,8.3146,21.8968,-3.0272,1787414863.435
bin,7.5268,21.9094,-3.0240,1787414863.483
green,8.3135,21.8992,-3.0203,1787414863.535
bin,7.5234,21.9111,-3.0178,1787414863.583
green,8.3116,21.9026,-3.0148,1787414863.635
bin,7.5201,21.9149,-3.0128,1787414863.684
green,8.3090,21.9066,-3.0104,1787414863.735
bin,7.5167,21.9201,-3.0088,1787414863.783
green,8.3059,21.9115,-3.0069,1787414863.835
bin,7.5129,21.9252,-3.0056,1787414863.883
green,8.3023,21.9168,-3.0041,1787414863.936
bin,7.5093,21.9310,-3.0031,1787414863.983
green,8.2983,21.9224,-3.0019,1787414864.036
bin,7.5059,21.9373,-3.0010,1787414864.084
green,8.2941,21.9283,-3.0001,1787414864.135
bin,7.5024,21.9445,-2.9994,1787414864.183
green,8.2899,21.9345,-2.9986,1787414864.235
bin,7.4985,21.9512,-2.9981,1787414864.285
green,8.2854,21.9404,-2.9975,1787414864.335
bin,7.4948,21.9584,-2.9971,1787414864.383
green,8.2808,21.9469,-2.9966,1787414864.435
bin,7.4912,21.9669,-2.9962,1787414864.483
green,8.2760,21.9535,-2.9958,1787414864.535
bin,7.4880,21.9753,-2.9955,1787414864.583
green,8.2711,21.9600,-2.9952,1787414864.635
bin,7.4843,21.9829,-2.9950,1787414864.684
green,8.2662,21.9667,-2.9948,1787414864.735
bin,7.4807,21.9914,-2.9946,1787414864.783
green,8.2611,21.9737,-2.9944,1787414864.835
bin,7.4772,22.0005,-2.9942,1787414864.884
green,8.2560,21.9803,-2.9941,1787414864.935
bin,7.4738,22.0100,-2.9940,1787414864.983
green,8.2508,21.9873,-2.9938,1787414865.035
bin,7.4701,22.0186,-2.9938,1787414865.085
green,8.2458,21.9941,-2.9936,1787414865.136
bin,7.4663,22.0285,-2.9936,1787414865.183
green,8.2408,22.0009,-2.9935,1787414865.236
bin,7.4628,22.0387,-2.9934,1787414865.283
green,8.2357,22.0076,-2.9934,1787414865.335
bin,7.4590,22.0478,-2.9933,1787414865.383
green,8.2305,22.0148,-2.9933,1787414865.435
bin,7.4552,22.0570,-2.9932,1787414865.483
green,8.2253,22.0219,-2.9932,1787414865.535
bin,7.4517,22.0666,-2.9932,1787414865.583
green,8.2201,22.0289,-2.9931,1787414865.635
bin,7.4482,22.0763,-2.9931,1787414865.684
green,8.2148,22.0358,-2.9931,1787414865.735
bin,7.4443,22.0850,-2.9931,1787414865.783
green,8.2096,22.0432,-2.9930,1787414865.835
bin,7.4408,22.0940,-2.9930,1787414865.884
green,8.2043,22.0500,-2.9930,1787414865.935
bin,7.4376,22.1027,-2.9930,1787414865.984
green,8.1990,22.0572,-2.9930,1787414866.035
bin,7.4345,22.1118,-2.9930,1787414866.083
green,8.1937,22.0643,-2.9930,1787414866.135
bin,7.4310,22.1201,-2.9930,1787414866.183
green,8.1884,22.0713,-2.9929,1787414866.235
bin,7.4275,22.1282,-2.9929,1787414866.283
green,8.1831,22.0783,-2.9929,1787414866.335
bin,7.4239,22.1361,-2.9929,1787414866.383
green,8.1780,22.0850,-2.9929,1787414866.435
bin,7.4202,22.1448,-2.9929,1787414866.483
green,8.1728,22.0922,-2.9929,1787414866.535
bin,7.4167,22.1547,-2.9929,1787414866.583
green,8.1676,22.0992,-2.9929,1787414866.636
bin,7.4128,22.1635,-2.9929,1787414866.684
green,8.1624,22.1062,-2.9929,1787414866.735
bin,7.4092,22.1733,-2.9929,1787414866.783
green,8.1571,22.1136,-2.9929,1787414866.835
bin,7.4057,22.1839,-2.9929,1787414866.883
green,8.1518,22.1204,-2.9929,1787414866.935
bin,7.4018,22.1934,-2.9929,1787414866.983
green,8.1465,22.1276,-2.9929,1787414867.036
bin,7.3981,22.2029,-2.9929,1787414867.083
green,8.1413,22.1347,-2.9929,1787414867.135
bin,7.3946,22.2142,-2.9929,1787414867.183
green,8.1359,22.1418,-2.9929,1787414867.236
bin,7.3912,22.2262,-2.9929,1787414867.283
green,8.1306,22.1488,-2.9929,1787414867.335
bin,7.3874,22.2367,-2.9929,1787414867.383
green,8.1255,22.1555,-2.9929,1787414867.435
bin,7.3838,22.2459,-2.9929,1787414867.483
green,8.1204,22.1627,-2.9929,1787414867.535
bin,7.3802,22.2555,-2.9929,1787414867.583
green,8.1152,22.1693,-2.9929,1787414867.635
bin,7.3769,22.2616,-2.9929,1787414867.683
green,8.1100,22.1764,-2.9929,1787414867.735
bin,7.3732,22.2674,-2.9929,1787414867.783
green,8.1047,22.1835,-2.9929,1787414867.835
bin,7.3698,22.2743,-2.9929,1787414867.883
green,8.0995,22.1904,-2.9929,1787414867.935
bin,7.3665,22.2822,-2.9929,1787414867.983
green,8.0942,22.1973,-2.9929,1787414868.035
bin,7.3630,22.2914,-2.9929,1787414868.083
green,8.0889,22.2046,-2.9929,1787414868.135
bin,7.3592,22.2997,-2.9929,1787414868.184
green,8.0836,22.2118,-2.9929,1787414868.236
bin,7.3554,22.3081,-2.9929,1787414868.283
green,8.0783,22.2189,-2.9929,1787414868.335
bin,7.3518,22.3167,-2.9929,1787414868.383
green,8.0729,22.2259,-2.9929,1787414868.435
bin,7.3487,22.3241,-2.9929,1787414868.483
green,8.0676,22.2329,-2.9929,1787414868.535
bin,7.3452,22.3310,-2.9929,1787414868.585
green,8.0623,22.2398,-2.9929,1787414868.635
bin,7.3418,22.3373,-2.9929,1787414868.683
green,8.0572,22.2469,-2.9929,1787414868.735
bin,7.3388,22.3426,-2.9929,1787414868.783
green,8.0520,22.2540,-2.9929,1787414868.835
bin,7.3355,22.3481,-2.9929,1787414868.883
green,8.0468,22.2609,-2.9929,1787414868.935
bin,7.3319,22.3534,-2.9929,1787414868.983
green,8.0416,22.2679,-2.9929,1787414869.035
bin,7.3283,22.3603,-2.9929,1787414869.083
green,8.0363,22.2751,-2.9929,1787414869.135
bin,7.3248,22.3673,-2.9929,1787414869.185
green,8.0311,22.2819,-2.9929,1787414869.236
bin,7.3214,22.3757,-2.9929,1787414869.283
green,8.0258,22.2891,-2.9929,1787414869.335
bin,7.3177,22.3833,-2.9929,1787414869.384
green,8.0205,22.2962,-2.9929,1787414869.435
bin,7.3141,22.3942,-2.9929,1787414869.483
green,8.0152,22.3032,-2.9929,1787414869.535
bin,7.3105,22.4061,-2.9929,1787414869.583
green,8.0099,22.3102,-2.9929,1787414869.635
bin,7.3069,22.4210,-2.9929,1787414869.683
green,8.0048,22.3169,-2.9929,1787414869.735
bin,7.3030,22.4338,-2.9929,1787414869.784
green,7.9996,22.3241,-2.9929,1787414869.835
bin,7.2992,22.4475,-2.9929,1787414869.883
green,7.9944,22.3311,-2.9929,1787414869.935
bin,7.2954,22.4615,-2.9929,1787414869.984
green,7.9892,22.3381,-2.9929,1787414870.035
bin,7.2917,22.4745,-2.9929,1787414870.083
green,7.9839,22.3455,-2.9929,1787414870.135
bin,7.2877,22.4858,-2.9929,1787414870.183
green,7.9787,22.3523,-2.9929,1787414870.235
bin,7.2838,22.4964,-2.9929,1787414870.283
green,7.9734,22.3595,-2.9929,1787414870.335
bin,7.2806,22.5066,-2.9929,1787414870.383
green,7.9681,22.3666,-2.9929,1787414870.435
bin,7.2773,22.5163,-2.9929,1787414870.483
green,7.9628,22.3737,-2.9929,1787414870.535
bin,7.2737,22.5251,-2.9929,1787414870.583
green,7.9575,22.3807,-2.9929,1787414870.635
bin,7.2702,22.5338,-2.9929,1787414870.683
green,7.9521,22.3880,-2.9929,1787414870.735
bin,7.2666,22.5425,-2.9929,1787414870.783
green,7.9468,22.3952,-2.9929,1787414870.835
bin,7.2626,22.5504,-2.9929,1787414870.883
green,7.9415,22.4024,-2.9929,1787414870.935
bin,7.2589,22.5581,-2.9929,1787414870.983
green,7.9362,22.4094,-2.9929,1787414871.035
bin,7.2558,22.5657,-2.9929,1787414871.083
green,7.9310,22.4162,-2.9929,1787414871.135
bin,7.2528,22.5731,-2.9929,1787414871.183
green,7.9259,22.4230,-2.9929,1787414871.235
bin,7.2494,22.5800,-2.9929,1787414871.283
green,7.9207,22.4298,-2.9929,1787414871.336
bin,7.2461,22.5871,-2.9929,1787414871.385
green,7.9155,22.4370,-2.9929,1787414871.435
bin,7.2429,22.5942,-2.9929,1787414871.483
green,7.9102,22.4440,-2.9929,1787414871.536
bin,7.2396,22.6010,-2.9929,1787414871.584
green,7.9049,22.4511,-2.9929,1787414871.635
bin,7.2359,22.6075,-2.9929,1787414871.683
green,7.8996,22.4584,-2.9929,1787414871.735
bin,7.2324,22.6138,-2.9929,1787414871.783
green,7.8943,22.4657,-2.9929,1787414871.835
bin,7.2290,22.6202,-2.9929,1787414871.883
green,7.8890,22.4724,-2.9929,1787414871.946
bin,7.2258,22.6272,-2.9929,1787414871.983
green,7.8837,22.4796,-2.9929,1787414872.035
bin,7.2221,22.6338,-2.9929,1787414872.083
green,7.8784,22.4866,-2.9929,1787414872.136
bin,7.2187,22.6403,-2.9929,1787414872.183
green,7.8731,22.4936,-2.9929,1787414872.234
bin,7.2153,22.6468,-2.9929,1787414872.283
green,7.8678,22.5006,-2.9929,1787414872.337
bin,7.2121,22.6534,-2.9929,1787414872.383
green,7.8624,22.5079,-2.9929,1787414872.435
bin,7.2084,22.6596,-2.9929,1787414872.483
green,7.8573,22.5145,-2.9929,1787414872.537
bin,7.2048,22.6661,-2.9929,1787414872.583
green,7.8521,22.5216,-2.9929,1787414872.635
bin,7.2012,22.6731,-2.9929,1787414872.683
green,7.8469,22.5285,-2.9929,1787414872.737
bin,7.1977,22.6801,-2.9929,1787414872.783
green,7.8417,22.5355,-2.9929,1787414872.835
bin,7.1943,22.6870,-2.9929,1787414872.883
green,7.8363,22.5426,-2.9929,1787414872.947
bin,7.1906,22.6934,-2.9929,1787414872.983
green,7.8310,22.5498,-2.9929,1787414873.035
bin,7.1871,22.7002,-2.9929,1787414873.083
green,7.8258,22.5569,-2.9929,1787414873.135
bin,7.1834,22.7077,-2.9929,1787414873.184
green,7.8205,22.5640,-2.9929,1787414873.235
bin,7.1800,22.7149,-2.9929,1787414873.283
green,7.8152,22.5714,-2.9929,1787414873.336
bin,7.1761,22.7218,-2.9929,1787414873.384
green,7.8099,22.5786,-2.9929,1787414873.435
bin,7.1727,22.7284,-2.9929,1787414873.483
green,7.8046,22.5854,-2.9929,1787414873.536
bin,7.1700,22.7349,-2.9929,1787414873.583
green,7.7993,22.5926,-2.9929,1787414873.635
bin,7.1667,22.7412,-2.9929,1787414873.683
green,7.7940,22.5996,-2.9929,1787414873.737
bin,7.1635,22.7476,-2.9929,1787414873.783
green,7.7886,22.6067,-2.9929,1787414873.835
bin,7.1603,22.7544,-2.9929,1787414873.883
green,7.7833,22.6136,-2.9929,1787414873.962
bin,7.1569,22.7606,-2.9929,1787414873.987
green,7.7786,22.6200,-2.9929,1787414874.036
bin,7.1537,22.7669,-2.9929,1787414874.083
green,7.7738,22.6268,-2.9929,1787414874.135
bin,7.1506,22.7729,-2.9929,1787414874.184
green,7.7689,22.6332,-2.9929,1787414874.235
bin,7.1471,22.7787,-2.9929,1787414874.283
green,7.7638,22.6401,-2.9929,1787414874.335
bin,7.1441,22.7849,-2.9929,1787414874.384
green,7.7588,22.6469,-2.9929,1787414874.435
bin,7.1411,22.7913,-2.9929,1787414874.483
green,7.7536,22.6538,-2.9929,1787414874.535
bin,7.1376,22.7979,-2.9929,1787414874.584
green,7.7485,22.6606,-2.9929,1787414874.635
bin,7.1343,22.8047,-2.9929,1787414874.683
green,7.7432,22.6678,-2.9929,1787414874.735
bin,7.1305,22.8110,-2.9929,1787414874.783
green,7.7380,22.6749,-2.9929,1787414874.835
bin,7.1269,22.8172,-2.9929,1787414874.883
green,7.7328,22.6819,-2.9929,1787414874.935
bin,7.1184,22.8281,-2.9929,1787414875.665
green,7.7231,22.6929,-2.9929,1787414875.666
bin,7.1113,22.8370,-2.9929,1787414875.666
green,7.7151,22.7027,-2.9929,1787414875.666
bin,7.1059,22.8448,-2.9929,1787414875.667
green,7.7085,22.7107,-2.9929,1787414875.667
bin,7.1019,22.8519,-2.9929,1787414875.667
green,7.7030,22.7177,-2.9929,1787414875.668
bin,7.0988,22.8581,-2.9929,1787414875.668
green,7.6984,22.7243,-2.9929,1787414875.669
bin,7.0961,22.8633,-2.9929,1787414875.670
green,7.6944,22.7301,-2.9929,1787414875.670
bin,7.0943,22.8679,-2.9929,1787414875.671
green,7.6910,22.7354,-2.9929,1787414875.671
bin,7.0924,22.8730,-2.9929,1787414875.683
green,7.6871,22.7412,-2.9929,1787414875.736
bin,7.0906,22.8787,-2.9929,1787414875.783
green,7.6828,22.7471,-2.9929,1787414875.835
bin,7.0882,22.8842,-2.9929,1787414875.883
green,7.6783,22.7532,-2.9929,1787414875.936
bin,7.0855,22.8903,-2.9929,1787414875.983
green,7.6737,22.7599,-2.9929,1787414876.035
bin,7.0827,22.8965,-2.9929,1787414876.083
green,7.6689,22.7665,-2.9929,1787414876.136
bin,7.0802,22.9027,-2.9929,1787414876.183
green,7.6640,22.7732,-2.9929,1787414876.235
bin,7.0771,22.9085,-2.9929,1787414876.283
green,7.6590,22.7799,-2.9929,1787414876.336
bin,7.0745,22.9146,-2.9929,1787414876.383
green,7.6539,22.7870,-2.9929,1787414876.435
bin,7.0719,22.9210,-2.9929,1787414876.483
green,7.6488,22.7937,-2.9929,1787414876.535
bin,7.0692,22.9276,-2.9929,1787414876.583
green,7.6437,22.8007,-2.9929,1787414876.635
bin,7.0660,22.9338,-2.9929,1787414876.683
green,7.6384,22.8081,-2.9929,1787414876.735
bin,7.0628,22.9400,-2.9929,1787414876.783
green,7.6332,22.8150,-2.9929,1787414876.835
bin,7.0601,22.9464,-2.9929,1787414876.883
green,7.6280,22.8218,-2.9929,1787414876.935
bin,7.0574,22.9529,-2.9929,1787414876.983
green,7.6227,22.8290,-2.9929,1787414877.035
bin,7.0541,22.9591,-2.9929,1787414877.083
green,7.6176,22.8360,-2.9929,1787414877.135
bin,7.0522,22.9660,-2.9929,1787414877.183
green,7.6125,22.8429,-2.9929,1787414877.235
bin,7.0503,22.9729,-2.9929,1787414877.283
green,7.6073,22.8498,-2.9929,1787414877.336
bin,7.0480,22.9796,-2.9929,1787414877.383
green,7.6021,22.8570,-2.9929,1787414877.435
bin,7.0452,22.9859,-2.9929,1787414877.483
green,7.5969,22.8637,-2.9929,1787414877.535
bin,7.0436,22.9922,-2.9929,1787414877.583
green,7.5916,22.8709,-2.9929,1787414877.635
bin,7.0428,22.9987,-2.9929,1787414877.683
green,7.5864,22.8780,-2.9929,1787414877.736
bin,7.0437,23.0059,-2.9929,1787414877.783
green,7.5811,22.8850,-2.9929,1787414877.835
bin,7.0436,23.0124,-2.9929,1787414877.884
green,7.5758,22.8919,-2.9929,1787414877.936
bin,7.0430,23.0191,-2.9929,1787414877.983
green,7.5705,22.8992,-2.9929,1787414878.035
bin,7.0437,23.0256,-2.9929,1787414878.083
green,7.5652,22.9064,-2.9929,1787414878.136
bin,7.0435,23.0321,-2.9929,1787414878.183
green,7.5598,22.9135,-2.9929,1787414878.235
bin,7.0422,23.0383,-2.9929,1787414878.283
green,7.5545,22.9206,-2.9929,1787414878.336
bin,7.0418,23.0450,-2.9929,1787414878.383
green,7.5494,22.9278,-2.9929,1787414878.435
bin,7.0396,23.0520,-2.9929,1787414878.483
green,7.5442,22.9345,-2.9929,1787414878.535
bin,7.0387,23.0590,-2.9929,1787414878.583
green,7.5390,22.9416,-2.9929,1787414878.635
bin,7.0370,23.0655,-2.9929,1787414878.684
green,7.5338,22.9486,-2.9929,1787414878.735
bin,7.0362,23.0720,-2.9929,1787414878.783
green,7.5285,22.9556,-2.9929,1787414878.835
bin,7.0376,23.0788,-2.9929,1787414878.883
green,7.5233,22.9625,-2.9929,1787414878.935
bin,7.0413,23.0859,-2.9929,1787414878.983
green,7.5180,22.9698,-2.9929,1787414879.035
bin,7.0432,23.0926,-2.9929,1787414879.083
green,7.5127,22.9766,-2.9929,1787414879.135
bin,7.0444,23.0996,-2.9929,1787414879.183
green,7.5074,22.9838,-2.9929,1787414879.235
bin,7.0459,23.1066,-2.9929,1787414879.284
green,7.5021,22.9909,-2.9929,1787414879.335
bin,7.0472,23.1136,-2.9929,1787414879.383
green,7.4968,22.9979,-2.9929,1787414879.435
bin,7.0471,23.1201,-2.9929,1787414879.483
green,7.4915,23.0049,-2.9929,1787414879.537
bin,7.0475,23.1269,-2.9929,1787414879.583
green,7.4861,23.0122,-2.9929,1787414879.635
bin,7.0478,23.1341,-2.9929,1787414879.683
green,7.4808,23.0194,-2.9929,1787414879.735
bin,7.0490,23.1414,-2.9929,1787414879.783
green,7.4754,23.0266,-2.9929,1787414879.836
bin,7.0489,23.1481,-2.9929,1787414879.885
green,7.4703,23.0334,-2.9929,1787414879.935
bin,7.0492,23.1547,-2.9929,1787414879.983
green,7.4650,23.0404,-2.9929,1787414880.036
bin,7.0512,23.1613,-2.9929,1787414880.084
green,7.4598,23.0472,-2.9929,1787414880.135
bin,7.0527,23.1678,-2.9929,1787414880.183
green,7.4546,23.0544,-2.9929,1787414880.235
bin,7.0528,23.1740,-2.9929,1787414880.283
green,7.4494,23.0615,-2.9929,1787414880.335
bin,7.0540,23.1805,-2.9929,1787414880.383
green,7.4441,23.0685,-2.9929,1787414880.435
bin,7.0556,23.1876,-2.9929,1787414880.484
green,7.4388,23.0755,-2.9929,1787414880.535
bin,7.0559,23.1941,-2.9929,1787414880.583
green,7.4335,23.0828,-2.9929,1787414880.637
bin,7.0595,23.2008,-2.9929,1787414880.683
green,7.4282,23.0900,-2.9929,1787414880.735
bin,7.0626,23.2076,-2.9929,1787414880.783
green,7.4230,23.0967,-2.9929,1787414880.836
bin,7.0643,23.2146,-2.9929,1787414880.883
green,7.4176,23.1038,-2.9929,1787414880.935
bin,7.0646,23.2211,-2.9929,1787414880.983
green,7.4125,23.1107,-2.9929,1787414881.036
bin,7.0654,23.2283,-2.9929,1787414881.083
green,7.4074,23.1175,-2.9929,1787414881.135
bin,7.0666,23.2354,-2.9929,1787414881.183
green,7.4022,23.1243,-2.9929,1787414881.236
bin,7.0686,23.2421,-2.9929,1787414881.283
green,7.3970,23.1316,-2.9929,1787414881.335
bin,7.0691,23.2484,-2.9929,1787414881.383
green,7.3917,23.1387,-2.9929,1787414881.435
bin,7.0693,23.2551,-2.9929,1787414881.483
green,7.3865,23.1457,-2.9929,1787414881.535
bin,7.0699,23.2621,-2.9929,1787414881.583
green,7.3812,23.1527,-2.9929,1787414881.637
bin,7.0701,23.2694,-2.9929,1787414881.683
green,7.3759,23.1596,-2.9929,1787414881.735
bin,7.0692,23.2761,-2.9929,1787414881.783
green,7.3706,23.1665,-2.9929,1787414881.835
bin,7.0711,23.2831,-2.9929,1787414881.883
green,7.3653,23.1738,-2.9929,1787414881.935
bin,7.0722,23.2897,-2.9929,1787414881.983
green,7.3600,23.1810,-2.9929,1787414882.036
bin,7.0740,23.2966,-2.9929,1787414882.084
green,7.3548,23.1879,-2.9929,1787414882.136
bin,7.0745,23.3030,-2.9929,1787414882.183
green,7.3497,23.1947,-2.9929,1787414882.236
bin,7.0751,23.3098,-2.9929,1787414882.283
green,7.3445,23.2020,-2.9929,1787414882.335
bin,7.0751,23.3165,-2.9929,1787414882.383
green,7.3393,23.2087,-2.9929,1787414882.436
bin,7.0749,23.3232,-2.9929,1787414882.483
green,7.3340,23.2158,-2.9929,1787414882.535
bin,7.0737,23.3295,-2.9929,1787414882.583
green,7.3287,23.2229,-2.9929,1787414882.635
bin,7.0730,23.3359,-2.9929,1787414882.683
green,7.3236,23.2301,-2.9929,1787414882.735
bin,7.0726,23.3425,-2.9929,1787414882.784
green,7.3185,23.2368,-2.9929,1787414882.835
bin,7.0711,23.3488,-2.9929,1787414882.883
green,7.3134,23.2440,-2.9929,1787414882.935
bin,7.0715,23.3555,-2.9929,1787414882.984
green,7.3081,23.2510,-2.9929,1787414883.035
bin,7.0727,23.3623,-2.9929,1787414883.083
green,7.3029,23.2584,-2.9929,1787414883.135
bin,7.0733,23.3689,-2.9929,1787414883.183
green,7.2976,23.2653,-2.9929,1787414883.235
bin,7.0728,23.3752,-2.9929,1787414883.283
green,7.2924,23.2725,-2.9929,1787414883.335
bin,7.0728,23.3816,-2.9929,1787414883.383
green,7.2871,23.2796,-2.9929,1787414883.435
bin,7.0742,23.3882,-2.9929,1787414883.483
green,7.2820,23.2865,-2.9929,1787414883.535
bin,7.0729,23.3952,-2.9929,1787414883.583
green,7.2766,23.2936,-2.9929,1787414883.636
bin,7.0707,23.4018,-2.9929,1787414883.683
green,7.2715,23.3007,-2.9929,1787414883.736
bin,7.0679,23.4085,-2.9929,1787414883.784
green,7.2683,23.3079,-2.9929,1787414883.835
bin,7.0624,23.4149,-2.9929,1787414883.883
green,7.2651,23.3151,-2.9929,1787414883.936
bin,7.0558,23.4215,-2.9929,1787414883.984
green,7.2618,23.3221,-2.9929,1787414884.035
bin,7.0497,23.4275,-2.9929,1787414884.083
green,7.2586,23.3292,-2.9929,1787414884.138
bin,7.0444,23.4338,-2.9929,1787414884.183
green,7.2557,23.3366,-2.9929,1787414884.235
green,7.2527,23.3439,-2.9929,1787414884.335
green,7.2501,23.3511,-2.9929,1787414884.435
green,7.2469,23.3582,-2.9929,1787414884.535
green,7.2440,23.3657,-2.9929,1787414884.635
green,7.2415,23.3735,-2.9929,1787414884.735
green,7.2388,23.3807,-2.9929,1787414884.835
green,7.2360,23.3878,-2.9929,1787414884.935
green,7.2332,23.3951,-2.9929,1787414885.035
green,7.2304,23.4023,-2.9929,1787414885.136
green,7.2278,23.4094,-2.9929,1787414885.235
green,7.2251,23.4165,-2.9929,1787414885.337
green,7.2227,23.4240,-2.9929,1787414885.435
green,7.2201,23.4313,-2.9929,1787414885.535
green,7.2173,23.4385,-2.9929,1787414885.635
green,7.2144,23.4457,-2.9929,1787414885.735
green,7.2118,23.4532,-2.9929,1787414885.835
green,7.2091,23.4606,-2.9929,1787414885.936
green,7.2066,23.4679,-2.9929,1787414886.035
green,7.2036,23.4750,-2.9929,1787414886.135
green,7.2009,23.4826,-2.9929,1787414886.235
green,7.1980,23.4903,-2.9929,1787414886.335
green,7.1926,23.4957,-2.9929,1787414886.435
green,7.1864,23.5003,-2.9929,1787414886.535
green,7.1782,23.5030,-2.9929,1787414886.635
green,7.1697,23.5054,-2.9929,1787414886.737
green,7.1603,23.5070,-2.9929,1787414886.835
green,7.1513,23.5086,-2.9929,1787414886.935
green,7.1420,23.5098,-2.9929,1787414887.035
green,7.1333,23.5114,-2.9929,1787414887.135
green,7.1230,23.5128,-2.9929,1787414887.235
green,7.1144,23.5145,-2.9929,1787414887.335
green,7.1071,23.5165,-2.9929,1787414887.435
green,7.1008,23.5191,-2.9929,1787414887.535
green,7.0954,23.5218,-2.9929,1787414887.635
green,7.0906,23.5249,-2.9929,1787414887.735
green,7.0864,23.5288,-2.9929,1787414887.834
green,7.0826,23.5329,-2.9929,1787414887.935
green,7.0792,23.5372,-2.9929,1787414888.035
green,7.0762,23.5416,-2.9929,1787414888.138
green,7.0734,23.5462,-2.9929,1787414888.235
green,7.0708,23.5510,-2.9929,1787414888.335
green,7.0683,23.5561,-2.9929,1787414888.435
green,7.0660,23.5616,-2.9929,1787414888.536
green,7.0637,23.5674,-2.9929,1787414888.635
green,7.0616,23.5729,-2.9929,1787414888.737
green,7.0594,23.5791,-2.9929,1787414888.835
green,7.0573,23.5851,-2.9929,1787414888.935
green,7.0553,23.5912,-2.9929,1787414889.035
green,7.0534,23.5975,-2.9929,1787414889.135
green,7.0514,23.6038,-2.9929,1787414889.235
green,7.0495,23.6103,-2.9929,1787414889.335
green,7.0476,23.6170,-2.9929,1787414889.435
green,7.0458,23.6233,-2.9929,1787414889.535
green,7.0439,23.6302,-2.9929,1787414889.635
green,7.0421,23.6366,-2.9929,1787414889.735
green,7.0402,23.6435,-2.9929,1787414889.835
green,7.0384,23.6504,-2.9929,1787414889.935
green,7.0366,23.6572,-2.9929,1787414890.035
green,7.0347,23.6641,-2.9929,1787414890.135
green,7.0329,23.6709,-2.9929,1787414890.236
green,7.0312,23.6777,-2.9929,1787414890.334
green,7.0293,23.6849,-2.9929,1787414890.435
green,7.0275,23.6920,-2.9929,1787414890.535
green,7.0257,23.6987,-2.9929,1787414890.636
green,7.0239,23.7058,-2.9929,1787414890.735
green,7.0220,23.7132,-2.9929,1787414890.836
green,7.0203,23.7199,-2.9929,1787414890.935
green,7.0186,23.7266,-2.9929,1787414891.038
green,7.0168,23.7338,-2.9929,1787414891.135
green,7.0152,23.7403,-2.9929,1787414891.236
green,7.0138,23.7456,-2.9929,1787414891.335
green,7.0128,23.7498,-2.9929,1787414891.436
green,7.0119,23.7532,-2.9929,1787414891.535
green,7.0112,23.7559,-2.9929,1787414891.635
green,7.0107,23.7580,-2.9929,1787414891.735
green,7.0103,23.7598,-2.9929,1787414891.835
green,7.0099,23.7611,-2.9929,1787414891.935
green,7.0096,23.7623,-2.9929,1787414892.035
green,7.0094,23.7631,-2.9929,1787414892.135
green,7.0092,23.7638,-2.9929,1787414892.235
green,7.0091,23.7644,-2.9929,1787414892.335
green,7.0090,23.7649,-2.9929,1787414892.435
green,7.0089,23.7652,-2.9929,1787414892.535
green,7.0088,23.7655,-2.9929,1787414892.635
green,7.0087,23.7657,-2.9929,1787414892.735
green,7.0087,23.7659,-2.9929,1787414892.835
green,7.0087,23.7661,-2.9929,1787414892.935
green,7.0086,23.7662,-2.9929,1787414893.035
green,7.0086,23.7663,-2.9929,1787414893.135
green,7.0086,23.7664,-2.9929,1787414893.235
green,7.0086,23.7664,-2.9929,1787414893.335
green,7.0086,23.7665,-2.9929,1787414893.435
green,7.0085,23.7665,-2.9929,1787414893.536
green,7.0085,23.7665,-2.9929,1787414893.635
green,7.0085,23.7666,-2.9929,1787414893.736
green,7.0085,23.7666,-2.9929,1787414893.835
green,7.0085,23.7666,-2.9929,1787414893.936
green,7.0085,23.7666,-2.9929,1787414894.035
green,7.0085,23.7666,-2.9929,1787414894.136
green,7.0085,23.7666,-2.9929,1787414894.235
green,7.0085,23.7666,-2.9929,1787414894.336
green,7.0085,23.7667,-2.9929,1787414894.435
green,7.0085,23.7667,-2.9929,1787414894.535
green,7.0085,23.7667,-2.9929,1787414894.635
green,7.0085,23.7667,-2.9929,1787414894.736
green,7.0085,23.7667,-2.9929,1787414894.835
green,7.0085,23.7667,-2.9929,1787414894.935
green,7.0085,23.7667,-2.9929,1787414895.035
green,7.0085,23.7667,-2.9929,1787414895.135
green,7.0085,23.7667,-2.9929,1787414895.235
green,7.0085,23.7667,-2.9929,1787414895.338
green,7.0085,23.7667,-2.9929,1787414895.435
green,7.0085,23.7667,-2.9929,1787414895.535
green,7.0085,23.7667,-2.9929,1787414895.635
green,7.0085,23.7667,-2.9929,1787414895.735
green,7.0085,23.7667,-2.9929,1787414895.835
green,7.0085,23.7667,-2.9929,1787414895.936
green,7.0085,23.7667,-2.9929,1787414896.034
green,7.0085,23.7667,-2.9929,1787414896.135
green,7.0085,23.7667,-2.9929,1787414896.234
green,7.0085,23.7667,-2.9929,1787414896.335
green,7.0085,23.7667,-2.9929,1787414896.435
green,7.0085,23.7667,-2.9929,1787414896.535
green,7.0085,23.7667,-2.9929,1787414896.635
green,7.0085,23.7667,-2.9929,1787414896.736
green,7.0085,23.7667,-2.9929,1787414896.835
green,7.0085,23.7667,-2.9929,1787414896.936
green,7.0085,23.7667,-2.9929,1787414897.035
green,7.0085,23.7667,-2.9929,1787414897.135
green,7.0085,23.7667,-2.9929,1787414897.235
green,7.0085,23.7667,-2.9929,1787414897.335
green,7.0085,23.7667,-2.9929,1787414897.435
green,7.0085,23.7667,-2.9929,1787414897.535
green,7.0085,23.7667,-2.9929,1787414897.635
green,7.0085,23.7667,-2.9929,1787414897.736
green,7.0085,23.7667,-2.9929,1787414897.835
green,7.0085,23.7667,-2.9929,1787414897.935
green,7.0085,23.7667,-2.9929,1787414898.035
green,7.0085,23.7667,-2.9929,1787414898.135
green,7.0085,23.7667,-2.9929,1787414898.235
green,7.0085,23.7667,-2.9929,1787414898.335
green,7.0085,23.7667,-2.9929,1787414898.435
green,7.0085,23.7667,-2.9929,1787414898.535
green,7.0085,23.7667,-2.9929,1787414898.635
green,7.0085,23.7667,-2.9929,1787414898.735
green,7.0085,23.7667,-2.9929,1787414898.835
green,7.0085,23.7667,-2.9929,1787414898.935
green,7.0085,23.7667,-2.9929,1787414899.034
green,7.0085,23.7667,-2.9929,1787414899.136
green,7.0085,23.7667,-2.9929,1787414899.235
green,7.0085,23.7667,-2.9929,1787414899.336
green,7.0085,23.7667,-2.9929,1787414899.435
green,7.0085,23.7667,-2.9929,1787414899.535
green,7.0085,23.7667,-2.9929,1787414899.635
green,7.0085,23.7667,-2.9929,1787414899.735
green,7.0085,23.7667,-2.9929,1787414899.835
green,7.0085,23.7667,-2.9929,1787414899.935
green,7.0085,23.7667,-2.9929,1787414900.035
green,7.0085,23.7667,-2.9929,1787414900.135
green,7.0085,23.7667,-2.9929,1787414900.235
green,7.0085,23.7667,-2.9929,1787414900.335
green,7.0085,23.7667,-2.9929,1787414900.435
green,7.0085,23.7667,-2.9929,1787414900.535
green,7.0085,23.7667,-2.9929,1787414900.635
green,7.0085,23.7667,-2.9929,1787414900.735
green,7.0085,23.7667,-2.9929,1787414900.835
green,7.0085,23.7667,-2.9929,1787414900.936
green,7.0085,23.7667,-2.9929,1787414901.034
green,7.0085,23.7667,-2.9929,1787414901.135
green,7.0085,23.7667,-2.9929,1787414901.235
green,7.0085,23.7667,-2.9929,1787414901.336
green,7.0085,23.7667,-2.9929,1787414901.435
green,7.0085,23.7667,-2.9929,1787414901.535
green,7.0085,23.7667,-2.9929,1787414901.635
green,7.0085,23.7667,-2.9929,1787414901.735
green,7.0085,23.7667,-2.9929,1787414901.835
green,7.0085,23.7667,-2.9929,1787414901.936
green,7.0085,23.7667,-2.9929,1787414902.035
green,7.0085,23.7667,-2.9929,1787414902.136
green,7.0085,23.7667,-2.9929,1787414902.235
green,7.0085,23.7667,-2.9929,1787414902.335
green,7.0085,23.7667,-2.9929,1787414902.435
green,7.0085,23.7667,-2.9929,1787414902.536
green,7.0085,23.7667,-2.9929,1787414902.635
green,7.0085,23.7667,-2.9929,1787414902.736
green,7.0085,23.7667,-2.9929,1787414902.835
green,7.0085,23.7667,-2.9929,1787414902.935
green,7.0085,23.7667,-2.9929,1787414903.035
green,7.0085,23.7667,-2.9929,1787414903.135
green,7.0085,23.7667,-2.9929,1787414903.235
green,7.0085,23.7667,-2.9929,1787414903.335
green,7.0085,23.7667,-2.9929,1787414903.435
green,7.0085,23.7667,-2.9929,1787414903.535
green,7.0085,23.7667,-2.9929,1787414903.635
green,7.0085,23.7667,-2.9929,1787414903.735
green,7.0085,23.7667,-2.9929,1787414903.835
green,7.0085,23.7667,-2.9929,1787414903.936
green,7.0085,23.7667,-2.9929,1787414904.035
green,7.0085,23.7667,-2.9929,1787414904.135
green,7.0085,23.7667,-2.9929,1787414904.235
green,7.0085,23.7667,-2.9929,1787414904.337
green,7.0085,23.7667,-2.9929,1787414904.435
green,7.0085,23.7667,-2.9929,1787414904.536
green,7.0085,23.7667,-2.9929,1787414904.635
green,7.0085,23.7667,-2.9929,1787414904.735
green,7.0085,23.7667,-2.9929,1787414904.835
green,7.0085,23.7667,-2.9929,1787414904.935
green,7.0085,23.7667,-2.9929,1787414905.582
green,7.0085,23.7667,-2.9929,1787414905.582
green,7.0085,23.7667,-2.9929,1787414905.582
green,7.0085,23.7667,-2.9929,1787414905.583
green,7.0085,23.7667,-2.9929,1787414905.583
green,7.0085,23.7667,-2.9929,1787414905.583
green,7.0085,23.7667,-2.9929,1787414905.635
green,7.0085,23.7667,-2.9929,1787414905.736
green,7.0085,23.7667,-2.9929,1787414905.835
green,7.0085,23.7667,-2.9929,1787414905.935
green,7.0085,23.7667,-2.9929,1787414906.035
green,7.0085,23.7667,-2.9929,1787414906.135
green,7.0085,23.7667,-2.9929,1787414906.235
green,7.0085,23.7667,-2.9929,1787414906.335
green,7.0085,23.7667,-2.9929,1787414906.435
green,7.0085,23.7667,-2.9929,1787414906.536
green,7.0085,23.7667,-2.9929,1787414906.635
green,7.0085,23.7667,-2.9929,1787414906.735
green,7.0085,23.7667,-2.9929,1787414906.835
green,7.0085,23.7667,-2.9929,1787414906.936
green,7.0085,23.7667,-2.9929,1787414907.035
green,7.0085,23.7667,-2.9929,1787414907.136
green,7.0085,23.7667,-2.9929,1787414907.235
green,7.0085,23.7667,-2.9929,1787414907.335
green,7.0085,23.7667,-2.9929,1787414907.435
green,7.0085,23.7667,-2.9929,1787414907.535
green,7.0085,23.7667,-2.9929,1787414907.635
green,7.0085,23.7667,-2.9929,1787414907.736
green,7.0085,23.7667,-2.9929,1787414907.835
green,7.0085,23.7667,-2.9929,1787414907.935
green,7.0085,23.7667,-2.9929,1787414908.035
green,7.0085,23.7667,-2.9929,1787414908.135
green,7.0085,23.7667,-2.9929,1787414908.235
green,7.0085,23.7667,-2.9929,1787414908.337
green,7.0085,23.7667,-2.9929,1787414908.435
green,7.0085,23.7667,-2.9929,1787414908.535
green,7.0085,23.7667,-2.9929,1787414908.635
green,7.0085,23.7667,-2.9929,1787414908.736
green,7.0085,23.7667,-2.9929,1787414908.835
green,7.0085,23.7667,-2.9929,1787414908.935
green,7.0085,23.7667,-2.9929,1787414909.035
green,7.0085,23.7667,-2.9929,1787414909.135
green,7.0085,23.7667,-2.9929,1787414909.235
green,7.0085,23.7667,-2.9929,1787414909.335
green,7.0085,23.7667,-2.9929,1787414909.435
green,7.0085,23.7667,-2.9929,1787414909.535
green,7.0085,23.7667,-2.9929,1787414909.635
green,7.0085,23.7667,-2.9929,1787414909.735
green,7.0085,23.7667,-2.9929,1787414909.836
green,7.0085,23.7667,-2.9929,1787414909.935
green,7.0085,23.7667,-2.9929,1787414910.036
green,7.0085,23.7667,-2.9929,1787414910.135
green,7.0085,23.7667,-2.9929,1787414910.235
green,7.0085,23.7667,-2.9929,1787414910.335
green,7.0085,23.7667,-2.9929,1787414910.435
green,7.0085,23.7667,-2.9929,1787414910.535
green,7.0085,23.7667,-2.9929,1787414910.635
green,7.0085,23.7667,-2.9929,1787414910.735
green,7.0085,23.7667,-2.9929,1787414910.836
green,7.0085,23.7667,-2.9929,1787414910.934
green,7.0085,23.7667,-2.9929,1787414911.035
green,7.0085,23.7667,-2.9929,1787414911.135
green,7.0085,23.7667,-2.9929,1787414911.239
green,7.0085,23.7667,-2.9929,1787414911.335
green,7.0085,23.7667,-2.9929,1787414911.435
green,7.0085,23.7667,-2.9929,1787414911.536
green,7.0085,23.7667,-2.9929,1787414911.635
green,7.0085,23.7667,-2.9929,1787414911.735
green,7.0085,23.7667,-2.9929,1787414911.835
green,7.0085,23.7667,-2.9929,1787414911.935
green,7.0085,23.7667,-2.9929,1787414912.034
green,7.0085,23.7667,-2.9929,1787414912.135
green,7.0085,23.7667,-2.9929,1787414912.235
green,7.0085,23.7667,-2.9929,1787414912.335
green,7.0085,23.7667,-2.9929,1787414912.435
green,7.0085,23.7667,-2.9929,1787414912.537
green,7.0085,23.7667,-2.9929,1787414912.635
green,7.0085,23.7667,-2.9929,1787414912.735
green,7.0085,23.7667,-2.9929,1787414912.835
green,7.0085,23.7667,-2.9929,1787414912.935
green,7.0085,23.7667,-2.9929,1787414913.035
green,7.0085,23.7667,-2.9929,1787414913.135
green,7.0085,23.7667,-2.9929,1787414913.234
green,7.0085,23.7667,-2.9929,1787414913.335
green,7.0085,23.7667,-2.9929,1787414913.435
green,7.0085,23.7667,-2.9929,1787414913.538
green,7.0085,23.7667,-2.9929,1787414913.635
green,7.0085,23.7667,-2.9929,1787414913.736
green,7.0085,23.7667,-2.9929,1787414913.835
green,7.0085,23.7667,-2.9929,1787414913.935
green,7.0085,23.7667,-2.9929,1787414914.035
green,7.0085,23.7667,-2.9929,1787414914.135
green,7.0085,23.7667,-2.9929,1787414914.235
green,7.0085,23.7667,-2.9929,1787414914.335
green,7.0085,23.7667,-2.9929,1787414914.435
green,7.0085,23.7667,-2.9929,1787414914.536
green,7.0085,23.7667,-2.9929,1787414914.635
green,7.0085,23.7667,-2.9929,1787414914.736
green,7.0085,23.7667,-2.9929,1787414914.835
green,7.0085,23.7667,-2.9929,1787414914.935
green,7.0085,23.7667,-2.9929,1787414915.035
green,7.0085,23.7667,-2.9929,1787414915.135
green,7.0085,23.7667,-2.9929,1787414915.235
green,7.0085,23.7667,-2.9929,1787414915.335
green,7.0085,23.7667,-2.9929,1787414915.435
green,7.0085,23.7667,-2.9929,1787414915.535
green,7.0085,23.7667,-2.9929,1787414915.635
green,7.0085,23.7667,-2.9929,1787414915.736
green,7.0085,23.7667,-2.9929,1787414915.835
green,7.0085,23.7667,-2.9929,1787414915.935
green,7.0085,23.7667,-2.9929,1787414916.035
green,7.0085,23.7667,-2.9929,1787414916.135
green,7.0085,23.7667,-2.9929,1787414916.235
green,7.0085,23.7667,-2.9929,1787414916.335
green,7.0085,23.7667,-2.9929,1787414916.435
green,7.0085,23.7667,-2.9929,1787414916.536
green,7.0085,23.7667,-2.9929,1787414916.635
green,7.0085,23.7667,-2.9929,1787414916.735
green,7.0085,23.7667,-2.9929,1787414916.835
green,7.0085,23.7667,-2.9929,1787414916.936
green,7.0085,23.7667,-2.9929,1787414917.035
green,7.0085,23.7667,-2.9929,1787414917.137
green,7.0085,23.7667,-2.9929,1787414917.235
green,7.0085,23.7667,-2.9929,1787414917.335
green,7.0085,23.7667,-2.9929,1787414917.435
green,7.0085,23.7667,-2.9929,1787414917.536
green,7.0085,23.7667,-2.9929,1787414917.635
green,7.0085,23.7667,-2.9929,1787414917.735
green,7.0085,23.7667,-2.9929,1787414917.835
green,7.0085,23.7667,-2.9929,1787414917.936
green,7.0085,23.7667,-2.9929,1787414918.035
green,7.0085,23.7667,-2.9929,1787414918.135
green,7.0085,23.7667,-2.9929,1787414918.235
green,7.0085,23.7667,-2.9929,1787414918.337
green,7.0085,23.7667,-2.9929,1787414918.435
green,7.0085,23.7667,-2.9929,1787414918.536
green,7.0085,23.7667,-2.9929,1787414918.636
green,7.0085,23.7667,-2.9929,1787414918.736
green,7.0085,23.7667,-2.9929,1787414918.835
green,7.0085,23.7667,-2.9929,1787414918.935
green,7.0085,23.7667,-2.9929,1787414919.035
green,7.0085,23.7667,-2.9929,1787414919.135
green,7.0085,23.7667,-2.9929,1787414919.235
green,7.0085,23.7667,-2.9929,1787414919.335
green,7.0085,23.7667,-2.9929,1787414919.435
green,7.0085,23.7667,-2.9929,1787414919.535
green,7.0085,23.7667,-2.9929,1787414919.635
green,7.0085,23.7667,-2.9929,1787414919.735
green,7.0085,23.7667,-2.9929,1787414919.835
green,7.0085,23.7667,-2.9929,1787414919.936
green,7.0085,23.7667,-2.9929,1787414920.035
green,7.0085,23.7667,-2.9929,1787414920.135
green,7.0085,23.7667,-2.9929,1787414920.235
green,7.0085,23.7667,-2.9929,1787414920.335
green,7.0085,23.7667,-2.9929,1787414920.435
green,7.0085,23.7667,-2.9929,1787414920.536
green,7.0085,23.7667,-2.9929,1787414920.635
green,7.0085,23.7667,-2.9929,1787414920.737
green,7.0085,23.7667,-2.9929,1787414920.835
green,7.0085,23.7667,-2.9929,1787414920.935
green,7.0085,23.7667,-2.9929,1787414921.035
green,7.0085,23.7667,-2.9929,1787414921.136
green,7.0085,23.7667,-2.9929,1787414921.235
green,7.0085,23.7667,-2.9929,1787414921.335
green,7.0085,23.7667,-2.9929,1787414921.435
green,7.0085,23.7667,-2.9929,1787414921.536
green,7.0085,23.7667,-2.9929,1787414921.635
green,7.0085,23.7667,-2.9929,1787414921.736
green,7.0085,23.7667,-2.9929,1787414921.835
green,7.0085,23.7667,-2.9929,1787414921.935
green,7.0085,23.7667,-2.9929,1787414922.035
green,7.0085,23.7667,-2.9929,1787414922.135
green,7.0085,23.7667,-2.9929,1787414922.235
green,7.0085,23.7667,-2.9929,1787414922.335
green,7.0085,23.7667,-2.9929,1787414922.434
green,7.0085,23.7667,-2.9929,1787414922.535
green,7.0085,23.7667,-2.9929,1787414922.635
green,7.0085,23.7667,-2.9929,1787414922.736
green,7.0085,23.7667,-2.9929,1787414922.835
green,7.0085,23.7667,-2.9929,1787414922.935
green,7.0085,23.7667,-2.9929,1787414923.035
green,7.0085,23.7667,-2.9929,1787414923.135
green,7.0085,23.7667,-2.9929,1787414923.235
green,7.0085,23.7667,-2.9929,1787414923.335
green,7.0085,23.7667,-2.9929,1787414923.435
green,7.0085,23.7667,-2.9929,1787414923.537
green,7.0085,23.7667,-2.9929,1787414923.635
green,7.0085,23.7667,-2.9929,1787414923.736
green,7.0085,23.7667,-2.9929,1787414923.835
green,7.0085,23.7667,-2.9929,1787414923.948
green,7.0085,23.7667,-2.9929,1787414924.035
green,7.0085,23.7667,-2.9929,1787414924.135
green,7.0085,23.7667,-2.9929,1787414924.235
green,7.0085,23.7667,-2.9929,1787414924.337
green,7.0085,23.7667,-2.9929,1787414924.435
green,7.0085,23.7667,-2.9929,1787414924.535
green,7.0085,23.7667,-2.9929,1787414924.635
green,7.0085,23.7667,-2.9929,1787414924.736
green,7.0085,23.7667,-2.9929,1787414924.835
green,7.0085,23.7667,-2.9929,1787414924.935
green,7.0085,23.7667,-2.9929,1787414925.035
green,7.0085,23.7667,-2.9929,1787414925.134
green,7.0085,23.7667,-2.9929,1787414925.237
green,7.0085,23.7667,-2.9929,1787414925.335
green,7.0085,23.7667,-2.9929,1787414925.435
green,7.0085,23.7667,-2.9929,1787414925.535
green,7.0085,23.7667,-2.9929,1787414925.635
green,7.0085,23.7667,-2.9929,1787414925.735
green,7.0085,23.7667,-2.9929,1787414925.836
green,7.0085,23.7667,-2.9929,1787414925.935
green,7.0085,23.7667,-2.9929,1787414926.035
green,7.0085,23.7667,-2.9929,1787414926.135
green,7.0085,23.7667,-2.9929,1787414926.236
green,7.0085,23.7667,-2.9929,1787414926.335
green,7.0085,23.7667,-2.9929,1787414926.438
green,7.0085,23.7667,-2.9929,1787414926.535
green,7.0085,23.7667,-2.9929,1787414926.636
green,7.0085,23.7667,-2.9929,1787414926.735
green,7.0085,23.7667,-2.9929,1787414926.835
green,7.0085,23.7667,-2.9929,1787414926.935
green,7.0085,23.7667,-2.9929,1787414927.036
green,7.0085,23.7667,-2.9929,1787414927.135
green,7.0085,23.7667,-2.9929,1787414927.235
green,7.0085,23.7667,-2.9929,1787414927.335
green,7.0085,23.7667,-2.9929,1787414927.436
green,7.0085,23.7667,-2.9929,1787414927.535
green,7.0085,23.7667,-2.9929,1787414927.635
green,7.0085,23.7667,-2.9929,1787414927.735
green,7.0085,23.7667,-2.9929,1787414927.836
green,7.0085,23.7667,-2.9929,1787414927.935
green,7.0085,23.7667,-2.9929,1787414928.035
green,7.0085,23.7667,-2.9929,1787414928.135
green,7.0085,23.7667,-2.9929,1787414928.238
green,7.0085,23.7667,-2.9929,1787414928.335
green,7.0085,23.7667,-2.9929,1787414928.437
green,7.0085,23.7667,-2.9929,1787414928.535
green,7.0085,23.7667,-2.9929,1787414928.635
green,7.0085,23.7667,-2.9929,1787414928.735
green,7.0085,23.7667,-2.9929,1787414928.835
green,7.0085,23.7667,-2.9929,1787414928.935
green,7.0085,23.7667,-2.9929,1787414929.035
green,7.0085,23.7667,-2.9929,1787414929.135
green,7.0085,23.7667,-2.9929,1787414929.235
green,7.0085,23.7667,-2.9929,1787414929.335
green,7.0085,23.7667,-2.9929,1787414929.435
green,7.0085,23.7667,-2.9929,1787414929.535
green,7.0085,23.7667,-2.9929,1787414929.635
green,7.0085,23.7667,-2.9929,1787414929.735
green,7.0085,23.7667,-2.9929,1787414929.835
green,7.0085,23.7667,-2.9929,1787414929.935
green,7.0085,23.7667,-2.9929,1787414930.035
green,7.0085,23.7667,-2.9929,1787414930.135
green,7.0085,23.7667,-2.9929,1787414930.235
green,7.0085,23.7667,-2.9929,1787414930.335
green,7.0085,23.7667,-2.9929,1787414930.436
green,7.0085,23.7667,-2.9929,1787414930.535
green,7.0085,23.7667,-2.9929,1787414930.635
green,7.0085,23.7667,-2.9929,1787414930.735
green,7.0085,23.7667,-2.9929,1787414930.835
green,7.0085,23.7667,-2.9929,1787414930.935
green,7.0085,23.7667,-2.9929,1787414931.038
green,7.0085,23.7667,-2.9929,1787414931.135
green,7.0085,23.7667,-2.9929,1787414931.235
green,7.0085,23.7667,-2.9929,1787414931.335
green,7.0085,23.7667,-2.9929,1787414931.435
green,7.0085,23.7667,-2.9929,1787414931.535
green,7.0085,23.7667,-2.9929,1787414931.636
green,7.0085,23.7667,-2.9929,1787414931.735
green,7.0085,23.7667,-2.9929,1787414931.835
green,7.0085,23.7667,-2.9929,1787414931.935
green,7.0085,23.7667,-2.9929,1787414932.035
green,7.0085,23.7667,-2.9929,1787414932.135
green,7.0085,23.7667,-2.9929,1787414932.235
green,7.0085,23.7667,-2.9929,1787414932.335
green,7.0085,23.7667,-2.9929,1787414932.435
green,7.0085,23.7667,-2.9929,1787414932.535
green,7.0085,23.7667,-2.9929,1787414932.635
green,7.0085,23.7667,-2.9929,1787414932.735
green,7.0085,23.7667,-2.9929,1787414932.835
green,7.0085,23.7667,-2.9929,1787414932.935
green,7.0085,23.7667,-2.9929,1787414933.035
green,7.0085,23.7667,-2.9929,1787414933.137
green,7.0085,23.7667,-2.9929,1787414933.235
green,7.0085,23.7667,-2.9929,1787414933.335
green,7.0085,23.7667,-2.9929,1787414933.435
green,7.0085,23.7667,-2.9929,1787414933.535
green,7.0085,23.7667,-2.9929,1787414933.635
green,7.0085,23.7667,-2.9929,1787414933.735
green,7.0085,23.7667,-2.9929,1787414933.835
green,7.0085,23.7667,-2.9929,1787414933.946
green,7.0085,23.7667,-2.9929,1787414934.035
green,7.0085,23.7667,-2.9929,1787414934.135
green,7.0085,23.7667,-2.9929,1787414934.235
green,7.0085,23.7667,-2.9929,1787414934.335
green,7.0085,23.7667,-2.9929,1787414934.435
green,7.0085,23.7667,-2.9929,1787414934.535
green,7.0085,23.7667,-2.9929,1787414934.635
green,7.0085,23.7667,-2.9929,1787414934.736
green,7.0085,23.7667,-2.9929,1787414934.835
green,7.0085,23.7667,-2.9929,1787414934.935
green,7.0085,23.7667,-2.9929,1787414935.672
green,7.0085,23.7667,-2.9929,1787414935.673
green,7.0085,23.7667,-2.9929,1787414935.674
green,7.0085,23.7667,-2.9929,1787414935.674
green,7.0085,23.7667,-2.9929,1787414935.675
green,7.0085,23.7667,-2.9929,1787414935.676
green,7.0085,23.7667,-2.9929,1787414935.676
green,7.0085,23.7667,-2.9929,1787414935.738
green,7.0085,23.7667,-2.9929,1787414935.835
green,7.0085,23.7667,-2.9929,1787414935.936
green,7.0085,23.7667,-2.9929,1787414936.035
green,7.0085,23.7667,-2.9929,1787414936.137
green,7.0085,23.7667,-2.9929,1787414936.235
green,7.0085,23.7667,-2.9929,1787414936.335
green,7.0085,23.7667,-2.9929,1787414936.435
green,7.0085,23.7667,-2.9929,1787414936.538
green,7.0085,23.7667,-2.9929,1787414936.637
green,7.0085,23.7667,-2.9929,1787414936.735
green,7.0085,23.7667,-2.9929,1787414936.836
green,7.0085,23.7667,-2.9929,1787414936.935
green,7.0085,23.7667,-2.9929,1787414937.035
green,7.0085,23.7667,-2.9929,1787414937.135
green,7.0085,23.7667,-2.9929,1787414937.235
green,7.0085,23.7667,-2.9929,1787414937.335
green,7.0085,23.7667,-2.9929,1787414937.435
green,7.0085,23.7667,-2.9929,1787414937.535
green,7.0085,23.7667,-2.9929,1787414937.635
green,7.0085,23.7667,-2.9929,1787414937.735
green,7.0085,23.7667,-2.9929,1787414937.835
green,7.0085,23.7667,-2.9929,1787414937.935
green,7.0085,23.7667,-2.9929,1787414938.035
green,7.0085,23.7667,-2.9929,1787414938.135
green,7.0085,23.7667,-2.9929,1787414938.236
green,7.0085,23.7667,-2.9929,1787414938.335
green,7.0085,23.7667,-2.9929,1787414938.437
green,7.0085,23.7667,-2.9929,1787414938.535
green,7.0085,23.7667,-2.9929,1787414938.637
green,7.0085,23.7667,-2.9929,1787414938.735
green,7.0085,23.7667,-2.9929,1787414938.835
green,7.0085,23.7667,-2.9929,1787414938.935
green,7.0085,23.7667,-2.9929,1787414939.035
green,7.0085,23.7667,-2.9929,1787414939.135
green,7.0085,23.7667,-2.9929,1787414939.235
green,7.0085,23.7667,-2.9929,1787414939.335
green,7.0085,23.7667,-2.9929,1787414939.435
green,7.0085,23.7667,-2.9929,1787414939.535
green,7.0085,23.7667,-2.9929,1787414939.636
green,7.0085,23.7667,-2.9929,1787414939.735
green,7.0085,23.7667,-2.9929,1787414939.835
green,7.0085,23.7667,-2.9929,1787414939.935
green,7.0085,23.7667,-2.9929,1787414940.037
green,7.0085,23.7667,-2.9929,1787414940.135
green,7.0085,23.7667,-2.9929,1787414940.235
green,7.0085,23.7667,-2.9929,1787414940.335
green,7.0085,23.7667,-2.9929,1787414940.435
green,7.0085,23.7667,-2.9929,1787414940.535
green,7.0085,23.7667,-2.9929,1787414940.635
green,7.0085,23.7667,-2.9929,1787414940.735
green,7.0085,23.7667,-2.9929,1787414940.835
green,7.0085,23.7667,-2.9929,1787414940.935
green,7.0085,23.7667,-2.9929,1787414941.036
green,7.0085,23.7667,-2.9929,1787414941.135
green,7.0085,23.7667,-2.9929,1787414941.235
green,7.0085,23.7667,-2.9929,1787414941.335
green,7.0085,23.7667,-2.9929,1787414941.435
green,7.0085,23.7667,-2.9929,1787414941.535
green,7.0085,23.7667,-2.9929,1787414941.635
green,7.0085,23.7667,-2.9929,1787414941.735
green,7.0085,23.7667,-2.9929,1787414941.835
green,7.0085,23.7667,-2.9929,1787414941.935
green,7.0085,23.7667,-2.9929,1787414942.035
green,7.0085,23.7667,-2.9929,1787414942.135
green,7.0085,23.7667,-2.9929,1787414942.236
green,7.0085,23.7667,-2.9929,1787414942.335
green,7.0085,23.7667,-2.9929,1787414942.435
green,7.0085,23.7667,-2.9929,1787414942.534
green,7.0085,23.7667,-2.9929,1787414942.635
green,7.0085,23.7667,-2.9929,1787414942.735
green,7.0085,23.7667,-2.9929,1787414942.835
green,7.0085,23.7667,-2.9929,1787414942.936
green,7.0085,23.7667,-2.9929,1787414943.036
green,7.0085,23.7667,-2.9929,1787414943.135
green,7.0085,23.7667,-2.9929,1787414943.235
green,7.0085,23.7667,-2.9929,1787414943.338
green,7.0085,23.7667,-2.9929,1787414943.435
green,7.0085,23.7667,-2.9929,1787414943.535
green,7.0085,23.7667,-2.9929,1787414943.635
green,7.0085,23.7667,-2.9929,1787414943.736
green,7.0085,23.7667,-2.9929,1787414943.835
green,7.0085,23.7667,-2.9929,1787414943.935
green,7.0085,23.7667,-2.9929,1787414944.036
green,7.0085,23.7667,-2.9929,1787414944.135
green,7.0085,23.7667,-2.9929,1787414944.235
green,7.0085,23.7667,-2.9929,1787414944.335
green,7.0085,23.7667,-2.9929,1787414944.435
green,7.0085,23.7667,-2.9929,1787414944.535
green,7.0085,23.7667,-2.9929,1787414944.635
green,7.0085,23.7667,-2.9929,1787414944.736
green,7.0085,23.7667,-2.9929,1787414944.835
green,7.0085,23.7667,-2.9929,1787414944.935
green,7.0085,23.7667,-2.9929,1787414945.035
green,7.0085,23.7667,-2.9929,1787414945.135
green,7.0085,23.7667,-2.9929,1787414945.235
green,7.0085,23.7667,-2.9929,1787414945.335
green,7.0085,23.7667,-2.9929,1787414945.435
green,7.0085,23.7667,-2.9929,1787414945.536
green,7.0085,23.7667,-2.9929,1787414945.635
green,7.0085,23.7667,-2.9929,1787414945.735
green,7.0085,23.7667,-2.9929,1787414945.835
green,7.0085,23.7667,-2.9929,1787414945.935
green,7.0085,23.7667,-2.9929,1787414946.037
green,7.0085,23.7667,-2.9929,1787414946.135
green,7.0085,23.7667,-2.9929,1787414946.237
green,7.0085,23.7667,-2.9929,1787414946.335
green,7.0085,23.7667,-2.9929,1787414946.435
green,7.0085,23.7667,-2.9929,1787414946.535
green,7.0085,23.7667,-2.9929,1787414946.635
green,7.0085,23.7667,-2.9929,1787414946.735
green,7.0085,23.7667,-2.9929,1787414946.835
green,7.0085,23.7667,-2.9929,1787414946.935
green,7.0085,23.7667,-2.9929,1787414947.037
green,7.0085,23.7667,-2.9929,1787414947.135
green,7.0085,23.7667,-2.9929,1787414947.238
green,7.0085,23.7667,-2.9929,1787414947.335
green,7.0085,23.7667,-2.9929,1787414947.436
green,7.0085,23.7667,-2.9929,1787414947.535
green,7.0085,23.7667,-2.9929,1787414947.635
green,7.0085,23.7667,-2.9929,1787414947.734
green,7.0085,23.7667,-2.9929,1787414947.837
green,7.0085,23.7667,-2.9929,1787414947.935
green,7.0085,23.7667,-2.9929,1787414948.037
green,7.0085,23.7667,-2.9929,1787414948.135
green,7.0085,23.7667,-2.9929,1787414948.237
green,7.0085,23.7667,-2.9929,1787414948.335
green,7.0085,23.7667,-2.9929,1787414948.437
green,7.0085,23.7667,-2.9929,1787414948.535
green,7.0085,23.7667,-2.9929,1787414948.635
green,7.0085,23.7667,-2.9929,1787414948.735
green,7.0085,23.7667,-2.9929,1787414948.835
green,7.0085,23.7667,-2.9929,1787414948.935
green,7.0085,23.7667,-2.9929,1787414949.035
green,7.0085,23.7667,-2.9929,1787414949.135
green,7.0085,23.7667,-2.9929,1787414949.236
green,7.0085,23.7667,-2.9929,1787414949.335
green,7.0085,23.7667,-2.9929,1787414949.436
green,7.0085,23.7667,-2.9929,1787414949.535
green,7.0085,23.7667,-2.9929,1787414949.635
green,7.0085,23.7667,-2.9929,1787414949.735
green,7.0085,23.7667,-2.9929,1787414949.836
green,7.0085,23.7667,-2.9929,1787414949.935
green,7.0085,23.7667,-2.9929,1787414950.036
green,7.0085,23.7667,-2.9929,1787414950.135
green,7.0085,23.7667,-2.9929,1787414950.236
green,7.0085,23.7667,-2.9929,1787414950.335
green,7.0085,23.7667,-2.9929,1787414950.435
green,7.0085,23.7667,-2.9929,1787414950.535
green,7.0085,23.7667,-2.9929,1787414950.637
green,7.0085,23.7667,-2.9929,1787414950.735
green,7.0085,23.7667,-2.9929,1787414950.837
green,7.0085,23.7667,-2.9929,1787414950.935
green,7.0085,23.7667,-2.9929,1787414951.036
green,7.0085,23.7667,-2.9929,1787414951.135
green,7.0085,23.7667,-2.9929,1787414951.236
green,7.0085,23.7667,-2.9929,1787414951.335
green,7.0085,23.7667,-2.9929,1787414951.435
green,7.0085,23.7667,-2.9929,1787414951.535
green,7.0085,23.7667,-2.9929,1787414951.635
green,7.0085,23.7667,-2.9929,1787414951.735
green,7.0085,23.7667,-2.9929,1787414951.836
green,7.0085,23.7667,-2.9929,1787414951.935
green,7.0085,23.7667,-2.9929,1787414952.035
green,7.0085,23.7667,-2.9929,1787414952.136
green,7.0085,23.7667,-2.9929,1787414952.236
green,7.0085,23.7667,-2.9929,1787414952.335
green,7.0085,23.7667,-2.9929,1787414952.436
green,7.0085,23.7667,-2.9929,1787414952.535
green,7.0085,23.7667,-2.9929,1787414952.635
green,7.0085,23.7667,-2.9929,1787414952.735
green,7.0085,23.7667,-2.9929,1787414952.835
green,7.0085,23.7667,-2.9929,1787414952.935
green,7.0085,23.7667,-2.9929,1787414953.035
green,7.0085,23.7667,-2.9929,1787414953.135
green,7.0085,23.7667,-2.9929,1787414953.235
green,7.0085,23.7667,-2.9929,1787414953.335
green,7.0085,23.7667,-2.9929,1787414953.435
green,7.0085,23.7667,-2.9929,1787414953.535
green,7.0085,23.7667,-2.9929,1787414953.635
green,7.0085,23.7667,-2.9929,1787414953.737
green,7.0085,23.7667,-2.9929,1787414953.835
green,7.0085,23.7667,-2.9929,1787414953.935
green,7.0085,23.7667,-2.9929,1787414954.035
green,7.0085,23.7667,-2.9929,1787414954.137
green,7.0085,23.7667,-2.9929,1787414954.235
green,7.0085,23.7667,-2.9929,1787414954.335
green,7.0085,23.7667,-2.9929,1787414954.435
green,7.0085,23.7667,-2.9929,1787414954.535
green,7.0085,23.7667,-2.9929,1787414954.635
green,7.0085,23.7667,-2.9929,1787414954.735
green,7.0085,23.7667,-2.9929,1787414954.835
green,7.0085,23.7667,-2.9929,1787414954.936
green,7.0085,23.7667,-2.9929,1787414955.035
green,7.0085,23.7667,-2.9929,1787414955.135
green,7.0085,23.7667,-2.9929,1787414955.235
green,7.0085,23.7667,-2.9929,1787414955.335
green,7.0085,23.7667,-2.9929,1787414955.435
green,7.0085,23.7667,-2.9929,1787414955.536
green,7.0085,23.7667,-2.9929,1787414955.635
green,7.0085,23.7667,-2.9929,1787414955.736
green,7.0085,23.7667,-2.9929,1787414955.835
green,7.0085,23.7667,-2.9929,1787414955.935
green,7.0085,23.7667,-2.9929,1787414956.036
green,7.0085,23.7667,-2.9929,1787414956.135
green,7.0085,23.7667,-2.9929,1787414956.235
green,7.0085,23.7667,-2.9929,1787414956.335
green,7.0085,23.7667,-2.9929,1787414956.435
green,7.0085,23.7667,-2.9929,1787414956.535
green,7.0085,23.7667,-2.9929,1787414956.635
green,7.0085,23.7667,-2.9929,1787414956.735
green,7.0085,23.7667,-2.9929,1787414956.835
green,7.0085,23.7667,-2.9929,1787414956.935
green,7.0085,23.7667,-2.9929,1787414957.035
green,7.0085,23.7667,-2.9929,1787414957.135
green,7.0085,23.7667,-2.9929,1787414957.235
green,7.0085,23.7667,-2.9929,1787414957.335
green,7.0085,23.7667,-2.9929,1787414957.436
green,7.0085,23.7667,-2.9929,1787414957.535
green,7.0085,23.7667,-2.9929,1787414957.635
green,7.0085,23.7667,-2.9929,1787414957.735
green,7.0085,23.7667,-2.9929,1787414957.835
green,7.0085,23.7667,-2.9929,1787414957.935
green,7.0085,23.7667,-2.9929,1787414958.035
green,7.0085,23.7667,-2.9929,1787414958.135
green,7.0085,23.7667,-2.9929,1787414958.235
green,7.0085,23.7667,-2.9929,1787414958.335
green,7.0085,23.7667,-2.9929,1787414958.435
green,7.0085,23.7667,-2.9929,1787414958.535
green,7.0085,23.7667,-2.9929,1787414958.635
green,7.0085,23.7667,-2.9929,1787414958.735
green,7.0085,23.7667,-2.9929,1787414958.836
green,7.0085,23.7667,-2.9929,1787414958.935
green,7.0085,23.7667,-2.9929,1787414959.035
green,7.0085,23.7667,-2.9929,1787414959.135
green,7.0085,23.7667,-2.9929,1787414959.235
green,7.0085,23.7667,-2.9929,1787414959.335
green,7.0085,23.7667,-2.9929,1787414959.435
green,7.0085,23.7667,-2.9929,1787414959.535
green,7.0085,23.7667,-2.9929,1787414959.636
green,7.0085,23.7667,-2.9929,1787414959.735
green,7.0085,23.7667,-2.9929,1787414959.837
green,7.0085,23.7667,-2.9929,1787414959.935
green,7.0085,23.7667,-2.9929,1787414960.035
green,7.0085,23.7667,-2.9929,1787414960.135
green,7.0085,23.7667,-2.9929,1787414960.236
green,7.0085,23.7667,-2.9929,1787414960.335
green,7.0085,23.7667,-2.9929,1787414960.435
green,7.0085,23.7667,-2.9929,1787414960.535
green,7.0085,23.7667,-2.9929,1787414960.636
green,7.0085,23.7667,-2.9929,1787414960.735
green,7.0085,23.7667,-2.9929,1787414960.836
green,7.0085,23.7667,-2.9929,1787414960.935
green,7.0085,23.7667,-2.9929,1787414961.037
green,7.0085,23.7667,-2.9929,1787414961.135
green,7.0085,23.7667,-2.9929,1787414961.236
green,7.0085,23.7667,-2.9929,1787414961.335
green,7.0085,23.7667,-2.9929,1787414961.435
green,7.0085,23.7667,-2.9929,1787414961.535
green,7.0085,23.7667,-2.9929,1787414961.635
green,7.0085,23.7667,-2.9929,1787414961.735
green,7.0085,23.7667,-2.9929,1787414961.839
green,7.0085,23.7667,-2.9929,1787414961.935
green,7.0085,23.7667,-2.9929,1787414962.035
green,7.0085,23.7667,-2.9929,1787414962.135
green,7.0085,23.7667,-2.9929,1787414962.238
green,7.0085,23.7667,-2.9929,1787414962.335
green,7.0085,23.7667,-2.9929,1787414962.436
green,7.0085,23.7667,-2.9929,1787414962.535
green,7.0085,23.7667,-2.9929,1787414962.635
green,7.0085,23.7667,-2.9929,1787414962.735
green,7.0085,23.7667,-2.9929,1787414962.839
green,7.0085,23.7667,-2.9929,1787414962.935
green,7.0085,23.7667,-2.9929,1787414963.036
green,7.0085,23.7667,-2.9929,1787414963.135
green,7.0085,23.7667,-2.9929,1787414963.235
green,7.0085,23.7667,-2.9929,1787414963.335
green,7.0085,23.7667,-2.9929,1787414963.435
green,7.0085,23.7667,-2.9929,1787414963.535
green,7.0085,23.7667,-2.9929,1787414963.635
green,7.0085,23.7667,-2.9929,1787414963.735
green,7.0085,23.7667,-2.9929,1787414963.835
green,7.0085,23.7667,-2.9929,1787414963.935
green,7.0085,23.7667,-2.9929,1787414964.035
green,7.0085,23.7667,-2.9929,1787414964.135
green,7.0085,23.7667,-2.9929,1787414964.235
green,7.0085,23.7667,-2.9929,1787414964.335
green,7.0085,23.7667,-2.9929,1787414964.436
green,7.0085,23.7667,-2.9929,1787414964.535
green,7.0085,23.7667,-2.9929,1787414964.637
green,7.0085,23.7667,-2.9929,1787414964.735
green,7.0085,23.7667,-2.9929,1787414964.836
green,7.0085,23.7667,-2.9929,1787414964.935
green,7.0085,23.7667,-2.9929,1787414965.585
green,7.0085,23.7667,-2.9929,1787414965.586
green,7.0085,23.7667,-2.9929,1787414965.587
green,7.0085,23.7667,-2.9929,1787414965.589
green,7.0085,23.7667,-2.9929,1787414965.590
green,7.0085,23.7667,-2.9929,1787414965.591
green,7.0085,23.7667,-2.9929,1787414965.637
green,7.0085,23.7667,-2.9929,1787414965.736
green,7.0085,23.7667,-2.9929,1787414965.835
green,7.0085,23.7667,-2.9929,1787414965.936
green,7.0085,23.7667,-2.9929,1787414966.035
green,7.0085,23.7667,-2.9929,1787414966.135
green,7.0085,23.7667,-2.9929,1787414966.235
green,7.0085,23.7667,-2.9929,1787414966.336
green,7.0085,23.7667,-2.9929,1787414966.435
green,7.0085,23.7667,-2.9929,1787414966.535
green,7.0085,23.7667,-2.9929,1787414966.635
green,7.0085,23.7667,-2.9929,1787414966.735
green,7.0085,23.7667,-2.9929,1787414966.835
green,7.0085,23.7667,-2.9929,1787414966.935
green,7.0085,23.7667,-2.9929,1787414967.035
green,7.0085,23.7667,-2.9929,1787414967.135
green,7.0085,23.7667,-2.9929,1787414967.235
green,7.0085,23.7667,-2.9929,1787414967.335
green,7.0085,23.7667,-2.9929,1787414967.435
green,7.0085,23.7667,-2.9929,1787414967.536
green,7.0085,23.7667,-2.9929,1787414967.635
green,7.0085,23.7667,-2.9929,1787414967.735
green,7.0085,23.7667,-2.9929,1787414967.835
green,7.0085,23.7667,-2.9929,1787414967.936
green,7.0085,23.7667,-2.9929,1787414968.035
green,7.0085,23.7667,-2.9929,1787414968.135
green,7.0085,23.7667,-2.9929,1787414968.235
green,7.0085,23.7667,-2.9929,1787414968.336
green,7.0085,23.7667,-2.9929,1787414968.435
green,7.0085,23.7667,-2.9929,1787414968.535
green,7.0085,23.7667,-2.9929,1787414968.635
green,7.0085,23.7667,-2.9929,1787414968.735
green,7.0085,23.7667,-2.9929,1787414968.835
green,7.0085,23.7667,-2.9929,1787414968.935
green,7.0085,23.7667,-2.9929,1787414969.036
green,7.0085,23.7667,-2.9929,1787414969.136
green,7.0085,23.7667,-2.9929,1787414969.235
green,7.0085,23.7667,-2.9929,1787414969.336
green,7.0085,23.7667,-2.9929,1787414969.435
green,7.0085,23.7667,-2.9929,1787414969.536
green,7.0085,23.7667,-2.9929,1787414969.635
green,7.0085,23.7667,-2.9929,1787414969.735
green,7.0085,23.7667,-2.9929,1787414969.835
green,7.0085,23.7667,-2.9929,1787414969.936
green,7.0085,23.7667,-2.9929,1787414970.035
green,7.0085,23.7667,-2.9929,1787414970.135
green,7.0085,23.7667,-2.9929,1787414970.236
green,7.0085,23.7667,-2.9929,1787414970.336
green,7.0085,23.7667,-2.9929,1787414970.436
green,7.0085,23.7667,-2.9929,1787414970.535
green,7.0085,23.7667,-2.9929,1787414970.636
green,7.0085,23.7667,-2.9929,1787414970.735
green,7.0085,23.7667,-2.9929,1787414970.835
green,7.0085,23.7667,-2.9929,1787414970.935
green,7.0085,23.7667,-2.9929,1787414971.035
green,7.0085,23.7667,-2.9929,1787414971.136
green,7.0085,23.7667,-2.9929,1787414971.235
green,7.0085,23.7667,-2.9929,1787414971.335
green,7.0085,23.7667,-2.9929,1787414971.435
green,7.0085,23.7667,-2.9929,1787414971.536
green,7.0085,23.7667,-2.9929,1787414971.635
green,7.0085,23.7667,-2.9929,1787414971.737
green,7.0085,23.7667,-2.9929,1787414971.835
green,7.0085,23.7667,-2.9929,1787414971.935
green,7.0085,23.7667,-2.9929,1787414972.035
green,7.0085,23.7667,-2.9929,1787414972.135
green,7.0085,23.7667,-2.9929,1787414972.235
green,7.0085,23.7667,-2.9929,1787414972.335
green,7.0085,23.7667,-2.9929,1787414972.435
green,7.0085,23.7667,-2.9929,1787414972.535
green,7.0085,23.7667,-2.9929,1787414972.635
green,7.0085,23.7667,-2.9929,1787414972.735
green,7.0085,23.7667,-2.9929,1787414972.835
green,7.0085,23.7667,-2.9929,1787414972.935
green,7.0085,23.7667,-2.9929,1787414973.035
green,7.0085,23.7667,-2.9929,1787414973.135
green,7.0085,23.7667,-2.9929,1787414973.235
green,7.0085,23.7667,-2.9929,1787414973.335
green,7.0085,23.7667,-2.9929,1787414973.436
green,7.0085,23.7667,-2.9929,1787414973.535
green,7.0085,23.7667,-2.9929,1787414973.637
green,7.0085,23.7667,-2.9929,1787414973.735
green,7.0085,23.7667,-2.9929,1787414973.835
green,7.0085,23.7667,-2.9929,1787414973.935
green,7.0085,23.7667,-2.9929,1787414974.035
green,7.0085,23.7667,-2.9929,1787414974.135
green,7.0085,23.7667,-2.9929,1787414974.236
green,7.0085,23.7667,-2.9929,1787414974.335
green,7.0085,23.7667,-2.9929,1787414974.436
green,7.0085,23.7667,-2.9929,1787414974.535
green,7.0085,23.7667,-2.9929,1787414974.636
green,7.0085,23.7667,-2.9929,1787414974.735
green,7.0085,23.7667,-2.9929,1787414974.836
green,7.0085,23.7667,-2.9929,1787414974.935
green,7.0085,23.7667,-2.9929,1787414975.035
green,7.0085,23.7667,-2.9929,1787414975.135
green,7.0085,23.7667,-2.9929,1787414975.235
green,7.0085,23.7667,-2.9929,1787414975.335
green,7.0085,23.7667,-2.9929,1787414975.435
green,7.0085,23.7667,-2.9929,1787414975.535
green,7.0085,23.7667,-2.9929,1787414975.635
green,7.0085,23.7667,-2.9929,1787414975.735
green,7.0085,23.7667,-2.9929,1787414975.836
green,7.0085,23.7667,-2.9929,1787414975.936
green,7.0085,23.7667,-2.9929,1787414976.036
green,7.0085,23.7667,-2.9929,1787414976.135
green,7.0085,23.7667,-2.9929,1787414976.236
green,7.0085,23.7667,-2.9929,1787414976.335
green,7.0085,23.7667,-2.9929,1787414976.437
green,7.0085,23.7667,-2.9929,1787414976.535
green,7.0085,23.7667,-2.9929,1787414976.635
green,7.0085,23.7667,-2.9929,1787414976.735
green,7.0085,23.7667,-2.9929,1787414976.835
green,7.0085,23.7667,-2.9929,1787414976.935
green,7.0085,23.7667,-2.9929,1787414977.036
green,7.0085,23.7667,-2.9929,1787414977.135
green,7.0085,23.7667,-2.9929,1787414977.236
green,7.0085,23.7667,-2.9929,1787414977.335
green,7.0085,23.7667,-2.9929,1787414977.435
green,7.0085,23.7667,-2.9929,1787414977.535
green,7.0085,23.7667,-2.9929,1787414977.636
green,7.0085,23.7667,-2.9929,1787414977.735
green,7.0085,23.7667,-2.9929,1787414977.836
green,7.0085,23.7667,-2.9929,1787414977.935
green,7.0085,23.7667,-2.9929,1787414978.036
green,7.0085,23.7667,-2.9929,1787414978.135
green,7.0085,23.7667,-2.9929,1787414978.237
green,7.0085,23.7667,-2.9929,1787414978.335
green,7.0085,23.7667,-2.9929,1787414978.435
green,7.0085,23.7667,-2.9929,1787414978.535
green,7.0085,23.7667,-2.9929,1787414978.635
green,7.0085,23.7667,-2.9929,1787414978.735
green,7.0085,23.7667,-2.9929,1787414978.836
green,7.0085,23.7667,-2.9929,1787414978.935
green,7.0085,23.7667,-2.9929,1787414979.035
green,7.0085,23.7667,-2.9929,1787414979.135
green,7.0085,23.7667,-2.9929,1787414979.236
green,7.0085,23.7667,-2.9929,1787414979.335
green,7.0085,23.7667,-2.9929,1787414979.435
green,7.0085,23.7667,-2.9929,1787414979.535
green,7.0085,23.7667,-2.9929,1787414979.638
green,7.0085,23.7667,-2.9929,1787414979.735
green,7.0085,23.7667,-2.9929,1787414979.836
green,7.0085,23.7667,-2.9929,1787414979.935
green,7.0085,23.7667,-2.9929,1787414980.037
green,7.0085,23.7667,-2.9929,1787414980.135
green,7.0085,23.7667,-2.9929,1787414980.235
green,7.0085,23.7667,-2.9929,1787414980.335
green,7.0085,23.7667,-2.9929,1787414980.435
green,7.0085,23.7667,-2.9929,1787414980.535
green,7.0085,23.7667,-2.9929,1787414980.635
green,7.0085,23.7667,-2.9929,1787414980.735
green,7.0085,23.7667,-2.9929,1787414980.835
green,7.0085,23.7667,-2.9929,1787414980.935
green,7.0085,23.7667,-2.9929,1787414981.036
green,7.0085,23.7667,-2.9929,1787414981.135
green,7.0085,23.7667,-2.9929,1787414981.235
green,7.0085,23.7667,-2.9929,1787414981.335
green,7.0085,23.7667,-2.9929,1787414981.436
green,7.0085,23.7667,-2.9929,1787414981.535
green,7.0085,23.7667,-2.9929,1787414981.635
green,7.0085,23.7667,-2.9929,1787414981.735
green,7.0085,23.7667,-2.9929,1787414981.835
green,7.0085,23.7667,-2.9929,1787414981.935
green,7.0085,23.7667,-2.9929,1787414982.036
green,7.0085,23.7667,-2.9929,1787414982.135
green,7.0085,23.7667,-2.9929,1787414982.235
green,7.0085,23.7667,-2.9929,1787414982.335
green,7.0085,23.7667,-2.9929,1787414982.435
green,7.0085,23.7667,-2.9929,1787414982.535
green,7.0085,23.7667,-2.9929,1787414982.636
green,7.0085,23.7667,-2.9929,1787414982.735
green,7.0085,23.7667,-2.9929,1787414982.836
green,7.0085,23.7667,-2.9929,1787414982.935
green,7.0085,23.7667,-2.9929,1787414983.035
green,7.0085,23.7667,-2.9929,1787414983.135
green,7.0085,23.7667,-2.9929,1787414983.235
green,7.0085,23.7667,-2.9929,1787414983.335
green,7.0085,23.7667,-2.9929,1787414983.437
green,7.0085,23.7667,-2.9929,1787414983.536
green,7.0085,23.7667,-2.9929,1787414983.635
green,7.0085,23.7667,-2.9929,1787414983.735
green,7.0085,23.7667,-2.9929,1787414983.835
green,7.0085,23.7667,-2.9929,1787414983.935
green,7.0085,23.7667,-2.9929,1787414984.035
green,7.0085,23.7667,-2.9929,1787414984.135
green,7.0085,23.7667,-2.9929,1787414984.236
green,7.0085,23.7667,-2.9929,1787414984.335
green,7.0085,23.7667,-2.9929,1787414984.435
green,7.0085,23.7667,-2.9929,1787414984.535
green,7.0085,23.7667,-2.9929,1787414984.635
green,7.0085,23.7667,-2.9929,1787414984.735
green,7.0085,23.7667,-2.9929,1787414984.836
green,7.0085,23.7667,-2.9929,1787414984.935
green,7.0085,23.7667,-2.9929,1787414985.035
green,7.0085,23.7667,-2.9929,1787414985.135
green,7.0085,23.7667,-2.9929,1787414985.235
green,7.0085,23.7667,-2.9929,1787414985.335
green,7.0085,23.7667,-2.9929,1787414985.436
green,7.0085,23.7667,-2.9929,1787414985.535
green,7.0085,23.7667,-2.9929,1787414985.635
green,7.0085,23.7667,-2.9929,1787414985.735
green,7.0085,23.7667,-2.9929,1787414985.835
green,7.0085,23.7667,-2.9929,1787414985.935
green,7.0085,23.7667,-2.9929,1787414986.037
green,7.0085,23.7667,-2.9929,1787414986.135
green,7.0085,23.7667,-2.9929,1787414986.235
green,7.0085,23.7667,-2.9929,1787414986.335
green,7.0085,23.7667,-2.9929,1787414986.435
green,7.0085,23.7667,-2.9929,1787414986.536
green,7.0085,23.7667,-2.9929,1787414986.635
green,7.0085,23.7667,-2.9929,1787414986.736
green,7.0085,23.7667,-2.9929,1787414986.835
green,7.0085,23.7667,-2.9929,1787414986.946
green,7.0085,23.7667,-2.9929,1787414987.035
green,7.0085,23.7667,-2.9929,1787414987.135
green,7.0085,23.7667,-2.9929,1787414987.235
green,7.0085,23.7667,-2.9929,1787414987.335
green,7.0085,23.7667,-2.9929,1787414987.435
green,7.0085,23.7667,-2.9929,1787414987.536
green,7.0085,23.7667,-2.9929,1787414987.635
green,7.0085,23.7667,-2.9929,1787414987.735
green,7.0085,23.7667,-2.9929,1787414987.835
green,7.0085,23.7667,-2.9929,1787414987.946
green,7.0085,23.7667,-2.9929,1787414988.035
green,7.0085,23.7667,-2.9929,1787414988.136
green,7.0085,23.7667,-2.9929,1787414988.235
green,7.0085,23.7667,-2.9929,1787414988.339
green,7.0085,23.7667,-2.9929,1787414988.435
green,7.0085,23.7667,-2.9929,1787414988.536
green,7.0085,23.7667,-2.9929,1787414988.635
green,7.0085,23.7667,-2.9929,1787414988.736
green,7.0085,23.7667,-2.9929,1787414988.835
green,7.0085,23.7667,-2.9929,1787414988.935
green,7.0085,23.7667,-2.9929,1787414989.035
green,7.0085,23.7667,-2.9929,1787414989.135
green,7.0085,23.7667,-2.9929,1787414989.235
green,7.0085,23.7667,-2.9929,1787414989.335
green,7.0085,23.7667,-2.9929,1787414989.435
green,7.0085,23.7667,-2.9929,1787414989.536
green,7.0085,23.7667,-2.9929,1787414989.635
green,7.0085,23.7667,-2.9929,1787414989.739
green,7.0085,23.7667,-2.9929,1787414989.835
green,7.0085,23.7667,-2.9929,1787414989.935
green,7.0085,23.7667,-2.9929,1787414990.035
green,7.0085,23.7667,-2.9929,1787414990.135
green,7.0085,23.7667,-2.9929,1787414990.235
green,7.0085,23.7667,-2.9929,1787414990.335
green,7.0085,23.7667,-2.9929,1787414990.435
green,7.0085,23.7667,-2.9929,1787414990.535
green,7.0085,23.7667,-2.9929,1787414990.635
green,7.0085,23.7667,-2.9929,1787414990.735
green,7.0085,23.7667,-2.9929,1787414990.835
green,7.0085,23.7667,-2.9929,1787414990.935
green,7.0085,23.7667,-2.9929,1787414991.035
green,7.0085,23.7667,-2.9929,1787414991.135
green,7.0085,23.7667,-2.9929,1787414991.235
green,7.0085,23.7667,-2.9929,1787414991.335
green,7.0085,23.7667,-2.9929,1787414991.435
green,7.0085,23.7667,-2.9929,1787414991.536
green,7.0085,23.7667,-2.9929,1787414991.635
green,7.0085,23.7667,-2.9929,1787414991.735
green,7.0085,23.7667,-2.9929,1787414991.835
green,7.0085,23.7667,-2.9929,1787414991.935
green,7.0085,23.7667,-2.9929,1787414992.034
green,7.0085,23.7667,-2.9929,1787414992.136
green,7.0085,23.7667,-2.9929,1787414992.235
green,7.0085,23.7667,-2.9929,1787414992.336
green,7.0085,23.7667,-2.9929,1787414992.435
green,7.0085,23.7667,-2.9929,1787414992.535
green,7.0085,23.7667,-2.9929,1787414992.635
green,7.0085,23.7667,-2.9929,1787414992.736
green,7.0085,23.7667,-2.9929,1787414992.835
green,7.0085,23.7667,-2.9929,1787414992.935
green,7.0085,23.7667,-2.9929,1787414993.035
green,7.0085,23.7667,-2.9929,1787414993.137
green,7.0085,23.7667,-2.9929,1787414993.235
green,7.0085,23.7667,-2.9929,1787414993.336
green,7.0085,23.7667,-2.9929,1787414993.435
green,7.0085,23.7667,-2.9929,1787414993.535
green,7.0085,23.7667,-2.9929,1787414993.635
green,7.0085,23.7667,-2.9929,1787414993.735
green,7.0085,23.7667,-2.9929,1787414993.835
green,7.0085,23.7667,-2.9929,1787414993.936
green,7.0085,23.7667,-2.9929,1787414994.035
green,7.0085,23.7667,-2.9929,1787414994.135
green,7.0085,23.7667,-2.9929,1787414994.235
green,7.0085,23.7667,-2.9929,1787414994.336
green,7.0085,23.7667,-2.9929,1787414994.435
green,7.0085,23.7667,-2.9929,1787414994.535
green,7.0085,23.7667,-2.9929,1787414994.635
green,7.0085,23.7667,-2.9929,1787414994.735
green,7.0085,23.7667,-2.9929,1787414994.835
green,7.0085,23.7667,-2.9929,1787414994.935
green,7.0085,23.7667,-2.9929,1787414995.677
green,7.0085,23.7667,-2.9929,1787414995.678
green,7.0085,23.7667,-2.9929,1787414995.678
green,7.0085,23.7667,-2.9929,1787414995.679
green,7.0085,23.7667,-2.9929,1787414995.680
green,7.0085,23.7667,-2.9929,1787414995.680
green,7.0085,23.7667,-2.9929,1787414995.681
green,7.0085,23.7667,-2.9929,1787414995.736
green,7.0085,23.7667,-2.9929,1787414995.835
green,7.0085,23.7667,-2.9929,1787414995.935
green,7.0085,23.7667,-2.9929,1787414996.037
green,7.0085,23.7667,-2.9929,1787414996.135
green,7.0085,23.7667,-2.9929,1787414996.237
green,7.0085,23.7667,-2.9929,1787414996.335
green,7.0085,23.7667,-2.9929,1787414996.435
green,7.0085,23.7667,-2.9929,1787414996.535
green,7.0085,23.7667,-2.9929,1787414996.635
green,7.0085,23.7667,-2.9929,1787414996.735
green,7.0085,23.7667,-2.9929,1787414996.835
green,7.0085,23.7667,-2.9929,1787414996.935
green,7.0085,23.7667,-2.9929,1787414997.035
green,7.0085,23.7667,-2.9929,1787414997.135
green,7.0085,23.7667,-2.9929,1787414997.235
green,7.0085,23.7667,-2.9929,1787414997.336
green,7.0085,23.7667,-2.9929,1787414997.435
green,7.0085,23.7667,-2.9929,1787414997.535
green,7.0085,23.7667,-2.9929,1787414997.635
green,7.0085,23.7667,-2.9929,1787414997.735
green,7.0085,23.7667,-2.9929,1787414997.835
green,7.0085,23.7667,-2.9929,1787414997.936
green,7.0085,23.7667,-2.9929,1787414998.035
green,7.0085,23.7667,-2.9929,1787414998.136
green,7.0085,23.7667,-2.9929,1787414998.235
green,7.0085,23.7667,-2.9929,1787414998.335
green,7.0085,23.7667,-2.9929,1787414998.435
green,7.0085,23.7667,-2.9929,1787414998.535
green,7.0085,23.7667,-2.9929,1787414998.635
green,7.0085,23.7667,-2.9929,1787414998.736
green,7.0085,23.7667,-2.9929,1787414998.835
green,7.0085,23.7667,-2.9929,1787414998.935
green,7.0085,23.7667,-2.9929,1787414999.035
green,7.0085,23.7667,-2.9929,1787414999.135
green,7.0085,23.7667,-2.9929,1787414999.235
green,7.0085,23.7667,-2.9929,1787414999.335
green,7.0085,23.7667,-2.9929,1787414999.435
green,7.0085,23.7667,-2.9929,1787414999.536
green,7.0085,23.7667,-2.9929,1787414999.635
green,7.0085,23.7667,-2.9929,1787414999.735
green,7.0085,23.7667,-2.9929,1787414999.835
green,7.0085,23.7667,-2.9929,1787414999.935
green,7.0085,23.7667,-2.9929,1787415000.035
green,7.0085,23.7667,-2.9929,1787415000.135
green,7.0085,23.7667,-2.9929,1787415000.235
green,7.0085,23.7667,-2.9929,1787415000.335
green,7.0085,23.7667,-2.9929,1787415000.435
green,7.0085,23.7667,-2.9929,1787415000.535
green,7.0085,23.7667,-2.9929,1787415000.635
green,7.0085,23.7667,-2.9929,1787415000.735
green,7.0085,23.7667,-2.9929,1787415000.835
green,7.0085,23.7667,-2.9929,1787415000.936
green,7.0085,23.7667,-2.9929,1787415001.035
green,7.0085,23.7667,-2.9929,1787415001.136
green,7.0085,23.7667,-2.9929,1787415001.235
green,7.0085,23.7667,-2.9929,1787415001.336
green,7.0085,23.7667,-2.9929,1787415001.436
green,7.0085,23.7667,-2.9929,1787415001.535
green,7.0085,23.7667,-2.9929,1787415001.635
green,7.0085,23.7667,-2.9929,1787415001.735
green,7.0085,23.7667,-2.9929,1787415001.835
green,7.0085,23.7667,-2.9929,1787415001.935
green,7.0085,23.7667,-2.9929,1787415002.035
green,7.0085,23.7667,-2.9929,1787415002.137
green,7.0085,23.7667,-2.9929,1787415002.235
green,7.0085,23.7667,-2.9929,1787415002.335
green,7.0085,23.7667,-2.9929,1787415002.435
green,7.0085,23.7667,-2.9929,1787415002.535
green,7.0085,23.7667,-2.9929,1787415002.635
green,7.0085,23.7667,-2.9929,1787415002.735
green,7.0085,23.7667,-2.9929,1787415002.835
green,7.0085,23.7667,-2.9929,1787415002.935
green,7.0085,23.7667,-2.9929,1787415003.035
green,7.0085,23.7667,-2.9929,1787415003.135
green,7.0085,23.7667,-2.9929,1787415003.235
green,7.0085,23.7667,-2.9929,1787415003.335
green,7.0085,23.7667,-2.9929,1787415003.435
green,7.0085,23.7667,-2.9929,1787415003.535
green,7.0085,23.7667,-2.9929,1787415003.635
green,7.0085,23.7667,-2.9929,1787415003.735
green,7.0085,23.7667,-2.9929,1787415003.835
green,7.0085,23.7667,-2.9929,1787415003.936
green,7.0085,23.7667,-2.9929,1787415004.035
green,7.0085,23.7667,-2.9929,1787415004.136
green,7.0085,23.7667,-2.9929,1787415004.235
green,7.0085,23.7667,-2.9929,1787415004.336
green,7.0085,23.7667,-2.9929,1787415004.435
green,7.0085,23.7667,-2.9929,1787415004.536
green,7.0085,23.7667,-2.9929,1787415004.635
green,7.0085,23.7667,-2.9929,1787415004.735
green,7.0085,23.7667,-2.9929,1787415004.835
green,7.0085,23.7667,-2.9929,1787415004.935
green,7.0085,23.7667,-2.9929,1787415005.035
green,7.0085,23.7667,-2.9929,1787415005.135
green,7.0085,23.7667,-2.9929,1787415005.234
green,7.0085,23.7667,-2.9929,1787415005.335
green,7.0085,23.7667,-2.9929,1787415005.435
green,7.0085,23.7667,-2.9929,1787415005.535
green,7.0085,23.7667,-2.9929,1787415005.635
green,7.0085,23.7667,-2.9929,1787415005.735
green,7.0085,23.7667,-2.9929,1787415005.835
green,7.0085,23.7667,-2.9929,1787415005.935
green,7.0085,23.7667,-2.9929,1787415006.035
green,7.0085,23.7667,-2.9929,1787415006.136
green,7.0085,23.7667,-2.9929,1787415006.235
green,7.0085,23.7667,-2.9929,1787415006.335
green,7.0085,23.7667,-2.9929,1787415006.435
green,7.0085,23.7667,-2.9929,1787415006.536
green,7.0085,23.7667,-2.9929,1787415006.635
green,7.0085,23.7667,-2.9929,1787415006.735
green,7.0085,23.7667,-2.9929,1787415006.835
green,7.0085,23.7667,-2.9929,1787415006.935
green,7.0085,23.7667,-2.9929,1787415007.035
green,7.0085,23.7667,-2.9929,1787415007.135
green,7.0085,23.7667,-2.9929,1787415007.235
green,7.0085,23.7667,-2.9929,1787415007.335
green,7.0085,23.7667,-2.9929,1787415007.435
green,7.0085,23.7667,-2.9929,1787415007.535
green,7.0085,23.7667,-2.9929,1787415007.635
green,7.0085,23.7667,-2.9929,1787415007.735
green,7.0085,23.7667,-2.9929,1787415007.835
green,7.0085,23.7667,-2.9929,1787415007.935
green,7.0085,23.7667,-2.9929,1787415008.035
green,7.0085,23.7667,-2.9929,1787415008.135
green,7.0085,23.7667,-2.9929,1787415008.235
green,7.0085,23.7667,-2.9929,1787415008.335
green,7.0085,23.7667,-2.9929,1787415008.435
green,7.0085,23.7667,-2.9929,1787415008.535
green,7.0085,23.7667,-2.9929,1787415008.635
green,7.0085,23.7667,-2.9929,1787415008.735
green,7.0085,23.7667,-2.9929,1787415008.835
green,7.0085,23.7667,-2.9929,1787415008.935
green,7.0085,23.7667,-2.9929,1787415009.035
green,7.0085,23.7667,-2.9929,1787415009.135
green,7.0085,23.7667,-2.9929,1787415009.235
green,7.0085,23.7667,-2.9929,1787415009.335
green,7.0085,23.7667,-2.9929,1787415009.436
green,7.0085,23.7667,-2.9929,1787415009.535
green,7.0085,23.7667,-2.9929,1787415009.636
green,7.0085,23.7667,-2.9929,1787415009.735
green,7.0085,23.7667,-2.9929,1787415009.837
green,7.0085,23.7667,-2.9929,1787415009.935
green,7.0085,23.7667,-2.9929,1787415010.038
green,7.0085,23.7667,-2.9929,1787415010.135
green,7.0085,23.7667,-2.9929,1787415010.236
green,7.0085,23.7667,-2.9929,1787415010.335
green,7.0085,23.7667,-2.9929,1787415010.435
green,7.0085,23.7667,-2.9929,1787415010.535
green,7.0085,23.7667,-2.9929,1787415010.635
green,7.0085,23.7667,-2.9929,1787415010.735
green,7.0085,23.7667,-2.9929,1787415010.835
green,7.0085,23.7667,-2.9929,1787415010.935
green,7.0085,23.7667,-2.9929,1787415011.035
green,7.0085,23.7667,-2.9929,1787415011.135
green,7.0085,23.7667,-2.9929,1787415011.235
green,7.0085,23.7667,-2.9929,1787415011.335
green,7.0085,23.7667,-2.9929,1787415011.436
green,7.0085,23.7667,-2.9929,1787415011.535
green,7.0085,23.7667,-2.9929,1787415011.635
green,7.0085,23.7667,-2.9929,1787415011.735
green,7.0085,23.7667,-2.9929,1787415011.835
green,7.0085,23.7667,-2.9929,1787415011.935
green,7.0085,23.7667,-2.9929,1787415012.036
green,7.0085,23.7667,-2.9929,1787415012.135
green,7.0085,23.7667,-2.9929,1787415012.236
green,7.0085,23.7667,-2.9929,1787415012.335
green,7.0085,23.7667,-2.9929,1787415012.435
green,7.0085,23.7667,-2.9929,1787415012.535
green,7.0085,23.7667,-2.9929,1787415012.635
green,7.0085,23.7667,-2.9929,1787415012.735
green,7.0085,23.7667,-2.9929,1787415012.836
green,7.0085,23.7667,-2.9929,1787415012.935
green,7.0085,23.7667,-2.9929,1787415013.035
green,7.0085,23.7667,-2.9929,1787415013.135
green,7.0085,23.7667,-2.9929,1787415013.236
green,7.0085,23.7667,-2.9929,1787415013.335
green,7.0085,23.7667,-2.9929,1787415013.436
green,7.0085,23.7667,-2.9929,1787415013.535
green,7.0085,23.7667,-2.9929,1787415013.635
green,7.0085,23.7667,-2.9929,1787415013.735
green,7.0085,23.7667,-2.9929,1787415013.836
green,7.0085,23.7667,-2.9929,1787415013.935
green,7.0085,23.7667,-2.9929,1787415014.037
green,7.0085,23.7667,-2.9929,1787415014.135
green,7.0085,23.7667,-2.9929,1787415014.235
green,7.0085,23.7667,-2.9929,1787415014.335
green,7.0085,23.7667,-2.9929,1787415014.435
green,7.0085,23.7667,-2.9929,1787415014.537
green,7.0085,23.7667,-2.9929,1787415014.635
green,7.0085,23.7667,-2.9929,1787415014.735
green,7.0085,23.7667,-2.9929,1787415014.835
green,7.0085,23.7667,-2.9929,1787415014.935
green,7.0085,23.7667,-2.9929,1787415015.035
green,7.0085,23.7667,-2.9929,1787415015.135
green,7.0085,23.7667,-2.9929,1787415015.236
green,7.0085,23.7667,-2.9929,1787415015.335
green,7.0085,23.7667,-2.9929,1787415015.435
green,7.0085,23.7667,-2.9929,1787415015.535
green,7.0085,23.7667,-2.9929,1787415015.635
green,7.0085,23.7667,-2.9929,1787415015.735
green,7.0085,23.7667,-2.9929,1787415015.837
green,7.0085,23.7667,-2.9929,1787415015.935
green,7.0085,23.7667,-2.9929,1787415016.035
green,7.0085,23.7667,-2.9929,1787415016.136
green,7.0085,23.7667,-2.9929,1787415016.235
green,7.0085,23.7667,-2.9929,1787415016.335
green,7.0085,23.7667,-2.9929,1787415016.435
green,7.0085,23.7667,-2.9929,1787415016.535
green,7.0085,23.7667,-2.9929,1787415016.635
green,7.0085,23.7667,-2.9929,1787415016.735
green,7.0085,23.7667,-2.9929,1787415016.835
green,7.0085,23.7667,-2.9929,1787415016.935
green,7.0085,23.7667,-2.9929,1787415017.035
green,7.0085,23.7667,-2.9929,1787415017.135
green,7.0085,23.7667,-2.9929,1787415017.235
green,7.0085,23.7667,-2.9929,1787415017.335
green,7.0085,23.7667,-2.9929,1787415017.435
green,7.0085,23.7667,-2.9929,1787415017.536
green,7.0085,23.7667,-2.9929,1787415017.635
green,7.0085,23.7667,-2.9929,1787415017.735
green,7.0085,23.7667,-2.9929,1787415017.835
green,7.0085,23.7667,-2.9929,1787415017.936
green,7.0085,23.7667,-2.9929,1787415018.035
green,7.0085,23.7667,-2.9929,1787415018.135
green,7.0085,23.7667,-2.9929,1787415018.235
green,7.0085,23.7667,-2.9929,1787415018.336
green,7.0085,23.7667,-2.9929,1787415018.435
green,7.0085,23.7667,-2.9929,1787415018.537
green,7.0085,23.7667,-2.9929,1787415018.635
green,7.0085,23.7667,-2.9929,1787415018.735
green,7.0085,23.7667,-2.9929,1787415018.835
green,7.0085,23.7667,-2.9929,1787415018.935
green,7.0085,23.7667,-2.9929,1787415019.035
green,7.0085,23.7667,-2.9929,1787415019.135
green,7.0085,23.7667,-2.9929,1787415019.235
green,7.0085,23.7667,-2.9929,1787415019.336
green,7.0085,23.7667,-2.9929,1787415019.435
green,7.0085,23.7667,-2.9929,1787415019.537
green,7.0085,23.7667,-2.9929,1787415019.635
green,7.0085,23.7667,-2.9929,1787415019.735
green,7.0085,23.7667,-2.9929,1787415019.835
green,7.0085,23.7667,-2.9929,1787415019.935
green,7.0085,23.7667,-2.9929,1787415020.035
green,7.0085,23.7667,-2.9929,1787415020.135
green,7.0085,23.7667,-2.9929,1787415020.235
green,7.0085,23.7667,-2.9929,1787415020.335
green,7.0085,23.7667,-2.9929,1787415020.435
green,7.0085,23.7667,-2.9929,1787415020.536
green,7.0085,23.7667,-2.9929,1787415020.635
green,7.0085,23.7667,-2.9929,1787415020.736
green,7.0085,23.7667,-2.9929,1787415020.835
green,7.0085,23.7667,-2.9929,1787415020.935
green,7.0085,23.7667,-2.9929,1787415021.038
green,7.0085,23.7667,-2.9929,1787415021.135
green,7.0085,23.7667,-2.9929,1787415021.235
green,7.0085,23.7667,-2.9929,1787415021.335
green,7.0085,23.7667,-2.9929,1787415021.435
green,7.0085,23.7667,-2.9929,1787415021.535
green,7.0085,23.7667,-2.9929,1787415021.635
green,7.0085,23.7667,-2.9929,1787415021.735
green,7.0085,23.7667,-2.9929,1787415021.835
green,7.0085,23.7667,-2.9929,1787415021.935
green,7.0085,23.7667,-2.9929,1787415022.035
green,7.0085,23.7667,-2.9929,1787415022.135
green,7.0085,23.7667,-2.9929,1787415022.235
green,7.0085,23.7667,-2.9929,1787415022.335
green,7.0085,23.7667,-2.9929,1787415022.435
green,7.0085,23.7667,-2.9929,1787415022.535
green,7.0085,23.7667,-2.9929,1787415022.635
green,7.0085,23.7667,-2.9929,1787415022.735
green,7.0085,23.7667,-2.9929,1787415022.835
green,7.0085,23.7667,-2.9929,1787415022.935
green,7.0085,23.7667,-2.9929,1787415023.035
green,7.0085,23.7667,-2.9929,1787415023.135
green,7.0085,23.7667,-2.9929,1787415023.235
green,7.0085,23.7667,-2.9929,1787415023.335
green,7.0085,23.7667,-2.9929,1787415023.435
green,7.0085,23.7667,-2.9929,1787415023.535
green,7.0085,23.7667,-2.9929,1787415023.635
green,7.0085,23.7667,-2.9929,1787415023.735
green,7.0085,23.7667,-2.9929,1787415023.838
green,7.0085,23.7667,-2.9929,1787415023.935
green,7.0085,23.7667,-2.9929,1787415024.036
green,7.0085,23.7667,-2.9929,1787415024.135
green,7.0085,23.7667,-2.9929,1787415024.235
green,7.0085,23.7667,-2.9929,1787415024.335
green,7.0085,23.7667,-2.9929,1787415024.436
green,7.0085,23.7667,-2.9929,1787415024.535
green,7.0085,23.7667,-2.9929,1787415024.638
green,7.0085,23.7667,-2.9929,1787415024.735
green,7.0085,23.7667,-2.9929,1787415024.835
green,7.0085,23.7667,-2.9929,1787415024.935
green,7.0085,23.7667,-2.9929,1787415025.597
green,7.0085,23.7667,-2.9929,1787415025.598
green,7.0085,23.7667,-2.9929,1787415025.598
green,7.0085,23.7667,-2.9929,1787415025.599
green,7.0085,23.7667,-2.9929,1787415025.599
green,7.0085,23.7667,-2.9929,1787415025.599
green,7.0085,23.7667,-2.9929,1787415025.635
green,7.0085,23.7667,-2.9929,1787415025.735
green,7.0085,23.7667,-2.9929,1787415025.835
green,7.0085,23.7667,-2.9929,1787415025.935
green,7.0085,23.7667,-2.9929,1787415026.035
green,7.0085,23.7667,-2.9929,1787415026.135
green,7.0085,23.7667,-2.9929,1787415026.236
green,7.0085,23.7667,-2.9929,1787415026.335
green,7.0085,23.7667,-2.9929,1787415026.436
green,7.0085,23.7667,-2.9929,1787415026.535
green,7.0085,23.7667,-2.9929,1787415026.635
green,7.0085,23.7667,-2.9929,1787415026.735
green,7.0085,23.7667,-2.9929,1787415026.835
green,7.0085,23.7667,-2.9929,1787415026.935
green,7.0085,23.7667,-2.9929,1787415027.035
green,7.0085,23.7667,-2.9929,1787415027.135
green,7.0085,23.7667,-2.9929,1787415027.236
green,7.0085,23.7667,-2.9929,1787415027.335
green,7.0085,23.7667,-2.9929,1787415027.436
green,7.0085,23.7667,-2.9929,1787415027.535
green,7.0085,23.7667,-2.9929,1787415027.635
green,7.0085,23.7667,-2.9929,1787415027.735
green,7.0085,23.7667,-2.9929,1787415027.836
green,7.0085,23.7667,-2.9929,1787415027.935
green,7.0085,23.7667,-2.9929,1787415028.036
green,7.0085,23.7667,-2.9929,1787415028.135
green,7.0085,23.7667,-2.9929,1787415028.235
green,7.0085,23.7667,-2.9929,1787415028.335
green,7.0085,23.7667,-2.9929,1787415028.435
green,7.0085,23.7667,-2.9929,1787415028.536
green,7.0085,23.7667,-2.9929,1787415028.635
green,7.0085,23.7667,-2.9929,1787415028.735
green,7.0085,23.7667,-2.9929,1787415028.835
green,7.0085,23.7667,-2.9929,1787415028.935
green,7.0085,23.7667,-2.9929,1787415029.035
green,7.0085,23.7667,-2.9929,1787415029.135
green,7.0085,23.7667,-2.9929,1787415029.235
green,7.0085,23.7667,-2.9929,1787415029.335
green,7.0085,23.7667,-2.9929,1787415029.435
green,7.0085,23.7667,-2.9929,1787415029.535
green,7.0085,23.7667,-2.9929,1787415029.635
green,7.0085,23.7667,-2.9929,1787415029.735
green,7.0085,23.7667,-2.9929,1787415029.835
green,7.0085,23.7667,-2.9929,1787415029.935
green,7.0085,23.7667,-2.9929,1787415030.035
green,7.0085,23.7667,-2.9929,1787415030.135
green,7.0085,23.7667,-2.9929,1787415030.235
green,7.0085,23.7667,-2.9929,1787415030.336
green,7.0085,23.7667,-2.9929,1787415030.435
green,7.0085,23.7667,-2.9929,1787415030.535
green,7.0085,23.7667,-2.9929,1787415030.635
green,7.0085,23.7667,-2.9929,1787415030.737
green,7.0085,23.7667,-2.9929,1787415030.835
green,7.0085,23.7667,-2.9929,1787415030.946
green,7.0085,23.7667,-2.9929,1787415031.036
green,7.0085,23.7667,-2.9929,1787415031.135
green,7.0085,23.7667,-2.9929,1787415031.235
green,7.0085,23.7667,-2.9929,1787415031.336
green,7.0085,23.7667,-2.9929,1787415031.435
green,7.0085,23.7667,-2.9929,1787415031.536
green,7.0085,23.7667,-2.9929,1787415031.635
green,7.0085,23.7667,-2.9929,1787415031.736
green,7.0085,23.7667,-2.9929,1787415031.835
green,7.0085,23.7667,-2.9929,1787415031.935
green,7.0085,23.7667,-2.9929,1787415032.035
green,7.0085,23.7667,-2.9929,1787415032.135
green,7.0085,23.7667,-2.9929,1787415032.235
green,7.0085,23.7667,-2.9929,1787415032.338
green,7.0085,23.7667,-2.9929,1787415032.435
green,7.0085,23.7667,-2.9929,1787415032.536
green,7.0085,23.7667,-2.9929,1787415032.635
green,7.0085,23.7667,-2.9929,1787415032.735
green,7.0085,23.7667,-2.9929,1787415032.835
green,7.0085,23.7667,-2.9929,1787415032.935
green,7.0085,23.7667,-2.9929,1787415033.035
green,7.0085,23.7667,-2.9929,1787415033.136
green,7.0085,23.7667,-2.9929,1787415033.235
green,7.0085,23.7667,-2.9929,1787415033.335
green,7.0085,23.7667,-2.9929,1787415033.435
green,7.0085,23.7667,-2.9929,1787415033.535
green,7.0085,23.7667,-2.9929,1787415033.635
green,7.0085,23.7667,-2.9929,1787415033.735
green,7.0085,23.7667,-2.9929,1787415033.835
green,7.0085,23.7667,-2.9929,1787415033.935
green,7.0085,23.7667,-2.9929,1787415034.035
green,7.0085,23.7667,-2.9929,1787415034.137
green,7.0085,23.7667,-2.9929,1787415034.235
green,7.0085,23.7667,-2.9929,1787415034.338
green,7.0085,23.7667,-2.9929,1787415034.435
green,7.0085,23.7667,-2.9929,1787415034.535
green,7.0085,23.7667,-2.9929,1787415034.635
green,7.0085,23.7667,-2.9929,1787415034.736
green,7.0085,23.7667,-2.9929,1787415034.835
green,7.0085,23.7667,-2.9929,1787415034.935
green,7.0085,23.7667,-2.9929,1787415035.035
green,7.0085,23.7667,-2.9929,1787415035.135
green,7.0085,23.7667,-2.9929,1787415035.235
green,7.0085,23.7667,-2.9929,1787415035.335
green,7.0085,23.7667,-2.9929,1787415035.435
green,7.0085,23.7667,-2.9929,1787415035.535
green,7.0085,23.7667,-2.9929,1787415035.635
green,7.0085,23.7667,-2.9929,1787415035.735
green,7.0085,23.7667,-2.9929,1787415035.837
green,7.0085,23.7667,-2.9929,1787415035.935
green,7.0085,23.7667,-2.9929,1787415036.036
green,7.0085,23.7667,-2.9929,1787415036.135
green,7.0085,23.7667,-2.9929,1787415036.235
green,7.0085,23.7667,-2.9929,1787415036.335
green,7.0085,23.7667,-2.9929,1787415036.436
green,7.0085,23.7667,-2.9929,1787415036.535
green,7.0085,23.7667,-2.9929,1787415036.635
green,7.0085,23.7667,-2.9929,1787415036.735
green,7.0085,23.7667,-2.9929,1787415036.836
green,7.0085,23.7667,-2.9929,1787415036.935
green,7.0085,23.7667,-2.9929,1787415037.035
green,7.0085,23.7667,-2.9929,1787415037.135
green,7.0085,23.7667,-2.9929,1787415037.236
green,7.0085,23.7667,-2.9929,1787415037.335
green,7.0085,23.7667,-2.9929,1787415037.435
green,7.0085,23.7667,-2.9929,1787415037.535
green,7.0085,23.7667,-2.9929,1787415037.635
green,7.0085,23.7667,-2.9929,1787415037.734
green,7.0085,23.7667,-2.9929,1787415037.835
green,7.0085,23.7667,-2.9929,1787415037.935
green,7.0085,23.7667,-2.9929,1787415038.035
green,7.0085,23.7667,-2.9929,1787415038.135
green,7.0085,23.7667,-2.9929,1787415038.235
green,7.0085,23.7667,-2.9929,1787415038.335
green,7.0085,23.7667,-2.9929,1787415038.435
green,7.0085,23.7667,-2.9929,1787415038.535
green,7.0085,23.7667,-2.9929,1787415038.635
green,7.0085,23.7667,-2.9929,1787415038.735
green,7.0085,23.7667,-2.9929,1787415038.835
green,7.0085,23.7667,-2.9929,1787415038.935
green,7.0085,23.7667,-2.9929,1787415039.038
green,7.0085,23.7667,-2.9929,1787415039.135
green,7.0085,23.7667,-2.9929,1787415039.235
green,7.0085,23.7667,-2.9929,1787415039.335
green,7.0085,23.7667,-2.9929,1787415039.435
green,7.0085,23.7667,-2.9929,1787415039.535
green,7.0085,23.7667,-2.9929,1787415039.635
green,7.0085,23.7667,-2.9929,1787415039.735
green,7.0085,23.7667,-2.9929,1787415039.835
green,7.0085,23.7667,-2.9929,1787415039.935
green,7.0085,23.7667,-2.9929,1787415040.036
green,7.0085,23.7667,-2.9929,1787415040.135
green,7.0085,23.7667,-2.9929,1787415040.235
green,7.0085,23.7667,-2.9929,1787415040.335
green,7.0085,23.7667,-2.9929,1787415040.435
green,7.0085,23.7667,-2.9929,1787415040.534
green,7.0085,23.7667,-2.9929,1787415040.635
green,7.0085,23.7667,-2.9929,1787415040.735
green,7.0085,23.7667,-2.9929,1787415040.836
green,7.0085,23.7667,-2.9929,1787415040.935
green,7.0085,23.7667,-2.9929,1787415041.035
green,7.0085,23.7667,-2.9929,1787415041.135
green,7.0085,23.7667,-2.9929,1787415041.236
green,7.0085,23.7667,-2.9929,1787415041.335
green,7.0085,23.7667,-2.9929,1787415041.435
green,7.0085,23.7667,-2.9929,1787415041.535
green,7.0085,23.7667,-2.9929,1787415041.636
green,7.0085,23.7667,-2.9929,1787415041.736
green,7.0085,23.7667,-2.9929,1787415041.836
green,7.0085,23.7667,-2.9929,1787415041.935
green,7.0085,23.7667,-2.9929,1787415042.035
green,7.0085,23.7667,-2.9929,1787415042.135
green,7.0085,23.7667,-2.9929,1787415042.235
green,7.0085,23.7667,-2.9929,1787415042.335
green,7.0085,23.7667,-2.9929,1787415042.436
green,7.0085,23.7667,-2.9929,1787415042.535
green,7.0085,23.7667,-2.9929,1787415042.635
green,7.0085,23.7667,-2.9929,1787415042.735
green,7.0085,23.7667,-2.9929,1787415042.836
green,7.0085,23.7667,-2.9929,1787415042.935
green,7.0085,23.7667,-2.9929,1787415043.035
green,7.0085,23.7667,-2.9929,1787415043.135
green,7.0085,23.7667,-2.9929,1787415043.235
green,7.0085,23.7667,-2.9929,1787415043.335
green,7.0085,23.7667,-2.9929,1787415043.435
green,7.0085,23.7667,-2.9929,1787415043.535
green,7.0085,23.7667,-2.9929,1787415043.635
green,7.0085,23.7667,-2.9929,1787415043.735
green,7.0085,23.7667,-2.9929,1787415043.835
green,7.0085,23.7667,-2.9929,1787415043.935
green,7.0085,23.7667,-2.9929,1787415044.035
green,7.0085,23.7667,-2.9929,1787415044.136
green,7.0085,23.7667,-2.9929,1787415044.235
green,7.0085,23.7667,-2.9929,1787415044.335
green,7.0085,23.7667,-2.9929,1787415044.435
green,7.0085,23.7667,-2.9929,1787415044.537
green,7.0085,23.7667,-2.9929,1787415044.635
green,7.0085,23.7667,-2.9929,1787415044.735
green,7.0085,23.7667,-2.9929,1787415044.835
green,7.0085,23.7667,-2.9929,1787415044.936
green,7.0085,23.7667,-2.9929,1787415045.035
green,7.0085,23.7667,-2.9929,1787415045.136
green,7.0085,23.7667,-2.9929,1787415045.235
green,7.0085,23.7667,-2.9929,1787415045.336
green,7.0085,23.7667,-2.9929,1787415045.435
green,7.0085,23.7667,-2.9929,1787415045.535
green,7.0085,23.7667,-2.9929,1787415045.635
green,7.0085,23.7667,-2.9929,1787415045.735
green,7.0085,23.7667,-2.9929,1787415045.835
green,7.0085,23.7667,-2.9929,1787415045.936
green,7.0085,23.7667,-2.9929,1787415046.035
green,7.0085,23.7667,-2.9929,1787415046.136
green,7.0085,23.7667,-2.9929,1787415046.235
green,7.0085,23.7667,-2.9929,1787415046.336
green,7.0085,23.7667,-2.9929,1787415046.435
green,7.0085,23.7667,-2.9929,1787415046.535
green,7.0085,23.7667,-2.9929,1787415046.635
green,7.0085,23.7667,-2.9929,1787415046.735
green,7.0085,23.7667,-2.9929,1787415046.835
green,7.0085,23.7667,-2.9929,1787415046.937
green,7.0085,23.7667,-2.9929,1787415047.035
green,7.0085,23.7667,-2.9929,1787415047.135
green,7.0085,23.7667,-2.9929,1787415047.235
green,7.0085,23.7667,-2.9929,1787415047.335
green,7.0085,23.7667,-2.9929,1787415047.435
green,7.0085,23.7667,-2.9929,1787415047.535
green,7.0085,23.7667,-2.9929,1787415047.635
green,7.0085,23.7667,-2.9929,1787415047.735
green,7.0085,23.7667,-2.9929,1787415047.835
green,7.0085,23.7667,-2.9929,1787415047.935
green,7.0085,23.7667,-2.9929,1787415048.035
green,7.0085,23.7667,-2.9929,1787415048.136
green,7.0085,23.7667,-2.9929,1787415048.235
green,7.0085,23.7667,-2.9929,1787415048.335
green,7.0085,23.7667,-2.9929,1787415048.435
green,7.0085,23.7667,-2.9929,1787415048.535
green,7.0085,23.7667,-2.9929,1787415048.635
green,7.0085,23.7667,-2.9929,1787415048.735
green,7.0085,23.7667,-2.9929,1787415048.835
green,7.0085,23.7667,-2.9929,1787415048.935
green,7.0085,23.7667,-2.9929,1787415049.035
green,7.0085,23.7667,-2.9929,1787415049.135
green,7.0085,23.7667,-2.9929,1787415049.235
green,7.0085,23.7667,-2.9929,1787415049.335
green,7.0085,23.7667,-2.9929,1787415049.435
green,7.0085,23.7667,-2.9929,1787415049.535
green,7.0085,23.7667,-2.9929,1787415049.637
green,7.0085,23.7667,-2.9929,1787415049.735
green,7.0085,23.7667,-2.9929,1787415049.839
green,7.0085,23.7667,-2.9929,1787415049.935
green,7.0085,23.7667,-2.9929,1787415050.035
green,7.0085,23.7667,-2.9929,1787415050.135
green,7.0085,23.7667,-2.9929,1787415050.236
green,7.0085,23.7667,-2.9929,1787415050.335
green,7.0085,23.7667,-2.9929,1787415050.437
green,7.0085,23.7667,-2.9929,1787415050.535
green,7.0085,23.7667,-2.9929,1787415050.637
green,7.0085,23.7667,-2.9929,1787415050.735
green,7.0085,23.7667,-2.9929,1787415050.836
green,7.0085,23.7667,-2.9929,1787415050.935
green,7.0085,23.7667,-2.9929,1787415051.037
green,7.0085,23.7667,-2.9929,1787415051.135
green,7.0085,23.7667,-2.9929,1787415051.236
green,7.0085,23.7667,-2.9929,1787415051.334
green,7.0085,23.7667,-2.9929,1787415051.436
green,7.0085,23.7667,-2.9929,1787415051.535
green,7.0085,23.7667,-2.9929,1787415051.636
green,7.0085,23.7667,-2.9929,1787415051.735
green,7.0085,23.7667,-2.9929,1787415051.838
green,7.0085,23.7667,-2.9929,1787415051.935
green,7.0085,23.7667,-2.9929,1787415052.035
green,7.0085,23.7667,-2.9929,1787415052.135
green,7.0085,23.7667,-2.9929,1787415052.235
green,7.0085,23.7667,-2.9929,1787415052.335
green,7.0085,23.7667,-2.9929,1787415052.435
green,7.0085,23.7667,-2.9929,1787415052.535
green,7.0085,23.7667,-2.9929,1787415052.635
green,7.0085,23.7667,-2.9929,1787415052.735
green,7.0085,23.7667,-2.9929,1787415052.835
green,7.0085,23.7667,-2.9929,1787415052.935
green,7.0085,23.7667,-2.9929,1787415053.037
green,7.0085,23.7667,-2.9929,1787415053.135
green,7.0085,23.7667,-2.9929,1787415053.237
green,7.0085,23.7667,-2.9929,1787415053.335
green,7.0085,23.7667,-2.9929,1787415053.435
green,7.0085,23.7667,-2.9929,1787415053.535
green,7.0085,23.7667,-2.9929,1787415053.635
green,7.0085,23.7667,-2.9929,1787415053.735
green,7.0085,23.7667,-2.9929,1787415053.837
green,7.0085,23.7667,-2.9929,1787415053.935
green,7.0085,23.7667,-2.9929,1787415054.035
green,7.0085,23.7667,-2.9929,1787415054.135
green,7.0085,23.7667,-2.9929,1787415054.235
green,7.0085,23.7667,-2.9929,1787415054.335
green,7.0085,23.7667,-2.9929,1787415054.435
green,7.0085,23.7667,-2.9929,1787415054.535
green,7.0085,23.7667,-2.9929,1787415054.637
green,7.0085,23.7667,-2.9929,1787415054.735
green,7.0085,23.7667,-2.9929,1787415054.835
green,7.0085,23.7667,-2.9929,1787415054.935
green,7.0085,23.7667,-2.9929,1787415055.562
green,7.0085,23.7667,-2.9929,1787415055.562
green,7.0085,23.7667,-2.9929,1787415055.563
green,7.0085,23.7667,-2.9929,1787415055.563
green,7.0085,23.7667,-2.9929,1787415055.563
green,7.0085,23.7667,-2.9929,1787415055.564
green,7.0085,23.7667,-2.9929,1787415055.635
green,7.0085,23.7667,-2.9929,1787415055.736
green,7.0085,23.7667,-2.9929,1787415055.835
green,7.0085,23.7667,-2.9929,1787415055.936
green,7.0085,23.7667,-2.9929,1787415056.037
green,7.0085,23.7667,-2.9929,1787415056.135
green,7.0085,23.7667,-2.9929,1787415056.235
green,7.0085,23.7667,-2.9929,1787415056.335
green,7.0085,23.7667,-2.9929,1787415056.435
green,7.0085,23.7667,-2.9929,1787415056.535
green,7.0085,23.7667,-2.9929,1787415056.635
green,7.0085,23.7667,-2.9929,1787415056.735
green,7.0085,23.7667,-2.9929,1787415056.835
green,7.0085,23.7667,-2.9929,1787415056.935
green,7.0085,23.7667,-2.9929,1787415057.035
green,7.0085,23.7667,-2.9929,1787415057.135
green,7.0085,23.7667,-2.9929,1787415057.235
green,7.0085,23.7667,-2.9929,1787415057.335
green,7.0085,23.7667,-2.9929,1787415057.435
green,7.0085,23.7667,-2.9929,1787415057.535
green,7.0085,23.7667,-2.9929,1787415057.635
green,7.0085,23.7667,-2.9929,1787415057.735
green,7.0085,23.7667,-2.9929,1787415057.836
green,7.0085,23.7667,-2.9929,1787415057.935
green,7.0085,23.7667,-2.9929,1787415058.036
green,7.0085,23.7667,-2.9929,1787415058.135
green,7.0085,23.7667,-2.9929,1787415058.235
green,7.0085,23.7667,-2.9929,1787415058.335
green,7.0085,23.7667,-2.9929,1787415058.435
green,7.0085,23.7667,-2.9929,1787415058.535
green,7.0085,23.7667,-2.9929,1787415058.635
green,7.0085,23.7667,-2.9929,1787415058.735
green,7.0085,23.7667,-2.9929,1787415058.837
green,7.0085,23.7667,-2.9929,1787415058.935
green,7.0085,23.7667,-2.9929,1787415059.036
green,7.0085,23.7667,-2.9929,1787415059.135
green,7.0085,23.7667,-2.9929,1787415059.238
green,7.0085,23.7667,-2.9929,1787415059.335
green,7.0085,23.7667,-2.9929,1787415059.435
green,7.0085,23.7667,-2.9929,1787415059.535
green,7.0085,23.7667,-2.9929,1787415059.635
green,7.0085,23.7667,-2.9929,1787415059.735
green,7.0085,23.7667,-2.9929,1787415059.836
green,7.0085,23.7667,-2.9929,1787415059.935
green,7.0085,23.7667,-2.9929,1787415060.037
green,7.0085,23.7667,-2.9929,1787415060.135
green,7.0085,23.7667,-2.9929,1787415060.235
green,7.0085,23.7667,-2.9929,1787415060.335
green,7.0085,23.7667,-2.9929,1787415060.437
green,7.0085,23.7667,-2.9929,1787415060.535
green,7.0085,23.7667,-2.9929,1787415060.637
green,7.0085,23.7667,-2.9929,1787415060.735
green,7.0085,23.7667,-2.9929,1787415060.837
green,7.0085,23.7667,-2.9929,1787415060.935
green,7.0085,23.7667,-2.9929,1787415061.036
green,7.0085,23.7667,-2.9929,1787415061.135
green,7.0085,23.7667,-2.9929,1787415061.235
green,7.0085,23.7667,-2.9929,1787415061.335
green,7.0085,23.7667,-2.9929,1787415061.435
green,7.0085,23.7667,-2.9929,1787415061.535
green,7.0085,23.7667,-2.9929,1787415061.635
green,7.0085,23.7667,-2.9929,1787415061.735
green,7.0085,23.7667,-2.9929,1787415061.836
green,7.0085,23.7667,-2.9929,1787415061.935
green,7.0085,23.7667,-2.9929,1787415062.036
green,7.0085,23.7667,-2.9929,1787415062.135
green,7.0085,23.7667,-2.9929,1787415062.237
green,7.0085,23.7667,-2.9929,1787415062.335
green,7.0085,23.7667,-2.9929,1787415062.435
green,7.0085,23.7667,-2.9929,1787415062.536
green,7.0085,23.7667,-2.9929,1787415062.635
green,7.0085,23.7667,-2.9929,1787415062.735
green,7.0085,23.7667,-2.9929,1787415062.835
green,7.0085,23.7667,-2.9929,1787415062.935
green,7.0085,23.7667,-2.9929,1787415063.035
green,7.0085,23.7667,-2.9929,1787415063.135
green,7.0085,23.7667,-2.9929,1787415063.236
green,7.0085,23.7667,-2.9929,1787415063.335
green,7.0085,23.7667,-2.9929,1787415063.436
green,7.0085,23.7667,-2.9929,1787415063.535
green,7.0085,23.7667,-2.9929,1787415063.635
green,7.0085,23.7667,-2.9929,1787415063.735
green,7.0085,23.7667,-2.9929,1787415063.835
green,7.0085,23.7667,-2.9929,1787415063.935
green,7.0085,23.7667,-2.9929,1787415064.036
green,7.0085,23.7667,-2.9929,1787415064.135
green,7.0085,23.7667,-2.9929,1787415064.236
green,7.0085,23.7667,-2.9929,1787415064.335
green,7.0085,23.7667,-2.9929,1787415064.436
green,7.0085,23.7667,-2.9929,1787415064.535
green,7.0085,23.7667,-2.9929,1787415064.635
green,7.0085,23.7667,-2.9929,1787415064.735
green,7.0085,23.7667,-2.9929,1787415064.836
green,7.0085,23.7667,-2.9929,1787415064.935
green,7.0085,23.7667,-2.9929,1787415065.036
green,7.0085,23.7667,-2.9929,1787415065.135
green,7.0085,23.7667,-2.9929,1787415065.235
green,7.0085,23.7667,-2.9929,1787415065.335
green,7.0085,23.7667,-2.9929,1787415065.436
green,7.0085,23.7667,-2.9929,1787415065.535
green,7.0085,23.7667,-2.9929,1787415065.636
green,7.0085,23.7667,-2.9929,1787415065.735
green,7.0085,23.7667,-2.9929,1787415065.835
green,7.0085,23.7667,-2.9929,1787415065.935
green,7.0085,23.7667,-2.9929,1787415066.036
green,7.0085,23.7667,-2.9929,1787415066.135
green,7.0085,23.7667,-2.9929,1787415066.236
green,7.0085,23.7667,-2.9929,1787415066.335
green,7.0085,23.7667,-2.9929,1787415066.435
green,7.0085,23.7667,-2.9929,1787415066.535
green,7.0085,23.7667,-2.9929,1787415066.636
green,7.0085,23.7667,-2.9929,1787415066.735
green,7.0085,23.7667,-2.9929,1787415066.836
green,7.0085,23.7667,-2.9929,1787415066.935
green,7.0085,23.7667,-2.9929,1787415067.035
green,7.0085,23.7667,-2.9929,1787415067.135
green,7.0085,23.7667,-2.9929,1787415067.235
green,7.0085,23.7667,-2.9929,1787415067.335
green,7.0085,23.7667,-2.9929,1787415067.435
green,7.0085,23.7667,-2.9929,1787415067.535
green,7.0085,23.7667,-2.9929,1787415067.635
green,7.0085,23.7667,-2.9929,1787415067.735
green,7.0085,23.7667,-2.9929,1787415067.835
green,7.0085,23.7667,-2.9929,1787415067.935
green,7.0085,23.7667,-2.9929,1787415068.035
green,7.0085,23.7667,-2.9929,1787415068.136
green,7.0085,23.7667,-2.9929,1787415068.235
green,7.0085,23.7667,-2.9929,1787415068.336
green,7.0085,23.7667,-2.9929,1787415068.435
green,7.0085,23.7667,-2.9929,1787415068.536
green,7.0085,23.7667,-2.9929,1787415068.635
green,7.0085,23.7667,-2.9929,1787415068.736
green,7.0085,23.7667,-2.9929,1787415068.835
green,7.0085,23.7667,-2.9929,1787415068.935
green,7.0085,23.7667,-2.9929,1787415069.035
green,7.0085,23.7667,-2.9929,1787415069.136
green,7.0085,23.7667,-2.9929,1787415069.235
green,7.0085,23.7667,-2.9929,1787415069.336
green,7.0085,23.7667,-2.9929,1787415069.435
green,7.0085,23.7667,-2.9929,1787415069.536
green,7.0085,23.7667,-2.9929,1787415069.635
green,7.0085,23.7667,-2.9929,1787415069.736
green,7.0085,23.7667,-2.9929,1787415069.835
green,7.0085,23.7667,-2.9929,1787415069.936
green,7.0085,23.7667,-2.9929,1787415070.035
green,7.0085,23.7667,-2.9929,1787415070.138
green,7.0085,23.7667,-2.9929,1787415070.235
green,7.0085,23.7667,-2.9929,1787415070.335
green,7.0085,23.7667,-2.9929,1787415070.435
green,7.0085,23.7667,-2.9929,1787415070.536
green,7.0085,23.7667,-2.9929,1787415070.637
green,7.0085,23.7667,-2.9929,1787415070.735
green,7.0085,23.7667,-2.9929,1787415070.835
green,7.0085,23.7667,-2.9929,1787415070.935
green,7.0085,23.7667,-2.9929,1787415071.035
green,7.0085,23.7667,-2.9929,1787415071.135
green,7.0085,23.7667,-2.9929,1787415071.235
green,7.0085,23.7667,-2.9929,1787415071.335
green,7.0085,23.7667,-2.9929,1787415071.435
green,7.0085,23.7667,-2.9929,1787415071.535
green,7.0085,23.7667,-2.9929,1787415071.635
green,7.0085,23.7667,-2.9929,1787415071.735
green,7.0085,23.7667,-2.9929,1787415071.835
green,7.0085,23.7667,-2.9929,1787415071.935
green,7.0085,23.7667,-2.9929,1787415072.035
green,7.0085,23.7667,-2.9929,1787415072.135
green,7.0085,23.7667,-2.9929,1787415072.236
green,7.0085,23.7667,-2.9929,1787415072.335
green,7.0085,23.7667,-2.9929,1787415072.436
green,7.0085,23.7667,-2.9929,1787415072.535
green,7.0085,23.7667,-2.9929,1787415072.635
green,7.0085,23.7667,-2.9929,1787415072.735
green,7.0085,23.7667,-2.9929,1787415072.835
green,7.0085,23.7667,-2.9929,1787415072.935
green,7.0085,23.7667,-2.9929,1787415073.035
green,7.0085,23.7667,-2.9929,1787415073.135
green,7.0085,23.7667,-2.9929,1787415073.235
green,7.0085,23.7667,-2.9929,1787415073.335
green,7.0085,23.7667,-2.9929,1787415073.435
green,7.0085,23.7667,-2.9929,1787415073.535
green,7.0085,23.7667,-2.9929,1787415073.635
green,7.0085,23.7667,-2.9929,1787415073.735
green,7.0085,23.7667,-2.9929,1787415073.836
green,7.0085,23.7667,-2.9929,1787415073.935
green,7.0085,23.7667,-2.9929,1787415074.035
green,7.0085,23.7667,-2.9929,1787415074.135
green,7.0085,23.7667,-2.9929,1787415074.235
green,7.0085,23.7667,-2.9929,1787415074.335
green,7.0085,23.7667,-2.9929,1787415074.435
green,7.0085,23.7667,-2.9929,1787415074.535
green,7.0085,23.7667,-2.9929,1787415074.635
green,7.0085,23.7667,-2.9929,1787415074.735
green,7.0085,23.7667,-2.9929,1787415074.837
green,7.0085,23.7667,-2.9929,1787415074.935
green,7.0085,23.7667,-2.9929,1787415075.036
green,7.0085,23.7667,-2.9929,1787415075.135
green,7.0085,23.7667,-2.9929,1787415075.235
green,7.0085,23.7667,-2.9929,1787415075.335
green,7.0085,23.7667,-2.9929,1787415075.435
green,7.0085,23.7667,-2.9929,1787415075.535
green,7.0085,23.7667,-2.9929,1787415075.635
green,7.0085,23.7667,-2.9929,1787415075.735
green,7.0085,23.7667,-2.9929,1787415075.837
green,7.0085,23.7667,-2.9929,1787415075.935
green,7.0085,23.7667,-2.9929,1787415076.035
green,7.0085,23.7667,-2.9929,1787415076.135
green,7.0085,23.7667,-2.9929,1787415076.238
green,7.0085,23.7667,-2.9929,1787415076.335
green,7.0085,23.7667,-2.9929,1787415076.435
green,7.0085,23.7667,-2.9929,1787415076.535
green,7.0085,23.7667,-2.9929,1787415076.635
green,7.0085,23.7667,-2.9929,1787415076.735
green,7.0085,23.7667,-2.9929,1787415076.835
green,7.0085,23.7667,-2.9929,1787415076.935
green,7.0085,23.7667,-2.9929,1787415077.035
green,7.0085,23.7667,-2.9929,1787415077.135
green,7.0085,23.7667,-2.9929,1787415077.235
green,7.0085,23.7667,-2.9929,1787415077.335
green,7.0085,23.7667,-2.9929,1787415077.435
green,7.0085,23.7667,-2.9929,1787415077.535
green,7.0085,23.7667,-2.9929,1787415077.635
green,7.0085,23.7667,-2.9929,1787415077.736
green,7.0085,23.7667,-2.9929,1787415077.835
green,7.0085,23.7667,-2.9929,1787415077.935
green,7.0085,23.7667,-2.9929,1787415078.035
green,7.0085,23.7667,-2.9929,1787415078.135
green,7.0085,23.7667,-2.9929,1787415078.235
green,7.0085,23.7667,-2.9929,1787415078.335
green,7.0085,23.7667,-2.9929,1787415078.435
green,7.0085,23.7667,-2.9929,1787415078.535
green,7.0085,23.7667,-2.9929,1787415078.636
green,7.0085,23.7667,-2.9929,1787415078.735
green,7.0085,23.7667,-2.9929,1787415078.835
green,7.0085,23.7667,-2.9929,1787415078.936
green,7.0085,23.7667,-2.9929,1787415079.035
green,7.0085,23.7667,-2.9929,1787415079.135
green,7.0085,23.7667,-2.9929,1787415079.235
green,7.0085,23.7667,-2.9929,1787415079.335
green,7.0085,23.7667,-2.9929,1787415079.435
green,7.0085,23.7667,-2.9929,1787415079.535
green,7.0085,23.7667,-2.9929,1787415079.635
green,7.0085,23.7667,-2.9929,1787415079.735
green,7.0085,23.7667,-2.9929,1787415079.835
green,7.0085,23.7667,-2.9929,1787415079.946
green,7.0085,23.7667,-2.9929,1787415080.035
green,7.0085,23.7667,-2.9929,1787415080.135
green,7.0085,23.7667,-2.9929,1787415080.235
green,7.0085,23.7667,-2.9929,1787415080.335
green,7.0085,23.7667,-2.9929,1787415080.435
green,7.0085,23.7667,-2.9929,1787415080.537
green,7.0085,23.7667,-2.9929,1787415080.635
green,7.0085,23.7667,-2.9929,1787415080.735
green,7.0085,23.7667,-2.9929,1787415080.835
green,7.0085,23.7667,-2.9929,1787415080.936
green,7.0085,23.7667,-2.9929,1787415081.035
green,7.0085,23.7667,-2.9929,1787415081.136
green,7.0085,23.7667,-2.9929,1787415081.235
green,7.0085,23.7667,-2.9929,1787415081.336
green,7.0085,23.7667,-2.9929,1787415081.435
green,7.0085,23.7667,-2.9929,1787415081.537
green,7.0085,23.7667,-2.9929,1787415081.635
green,7.0085,23.7667,-2.9929,1787415081.735
green,7.0085,23.7667,-2.9929,1787415081.835
green,7.0085,23.7667,-2.9929,1787415081.935
green,7.0085,23.7667,-2.9929,1787415082.035
green,7.0085,23.7667,-2.9929,1787415082.135
green,7.0085,23.7667,-2.9929,1787415082.235
green,7.0085,23.7667,-2.9929,1787415082.336
green,7.0085,23.7667,-2.9929,1787415082.435
green,7.0085,23.7667,-2.9929,1787415082.536
green,7.0085,23.7667,-2.9929,1787415082.635
green,7.0085,23.7667,-2.9929,1787415082.736
green,7.0085,23.7667,-2.9929,1787415082.835
green,7.0085,23.7667,-2.9929,1787415082.936
green,7.0085,23.7667,-2.9929,1787415083.035
green,7.0085,23.7667,-2.9929,1787415083.139
green,7.0085,23.7667,-2.9929,1787415083.235
green,7.0085,23.7667,-2.9929,1787415083.336
green,7.0085,23.7667,-2.9929,1787415083.435
green,7.0085,23.7667,-2.9929,1787415083.536
green,7.0085,23.7667,-2.9929,1787415083.635
green,7.0085,23.7667,-2.9929,1787415083.735
green,7.0085,23.7667,-2.9929,1787415083.835
green,7.0085,23.7667,-2.9929,1787415083.935
green,7.0085,23.7667,-2.9929,1787415084.036
green,7.0085,23.7667,-2.9929,1787415084.135
green,7.0085,23.7667,-2.9929,1787415084.235
green,7.0085,23.7667,-2.9929,1787415084.335
green,7.0085,23.7667,-2.9929,1787415084.435
green,7.0085,23.7667,-2.9929,1787415084.535
green,7.0085,23.7667,-2.9929,1787415084.635
green,7.0085,23.7667,-2.9929,1787415084.735
green,7.0085,23.7667,-2.9929,1787415084.835
green,7.0085,23.7667,-2.9929,1787415084.935
green,7.0085,23.7667,-2.9929,1787415085.598
green,7.0085,23.7667,-2.9929,1787415085.598
green,7.0085,23.7667,-2.9929,1787415085.599
green,7.0085,23.7667,-2.9929,1787415085.599
green,7.0085,23.7667,-2.9929,1787415085.599
green,7.0085,23.7667,-2.9929,1787415085.600
green,7.0085,23.7667,-2.9929,1787415085.636
green,7.0085,23.7667,-2.9929,1787415085.735
green,7.0085,23.7667,-2.9929,1787415085.838
green,7.0085,23.7667,-2.9929,1787415085.935
green,7.0085,23.7667,-2.9929,1787415086.035
green,7.0085,23.7667,-2.9929,1787415086.135
green,7.0085,23.7667,-2.9929,1787415086.236
green,7.0085,23.7667,-2.9929,1787415086.335
green,7.0085,23.7667,-2.9929,1787415086.435
green,7.0085,23.7667,-2.9929,1787415086.535
green,7.0085,23.7667,-2.9929,1787415086.635
green,7.0085,23.7667,-2.9929,1787415086.735
green,7.0085,23.7667,-2.9929,1787415086.835
green,7.0085,23.7667,-2.9929,1787415086.935
green,7.0085,23.7667,-2.9929,1787415087.037
green,7.0085,23.7667,-2.9929,1787415087.135
green,7.0085,23.7667,-2.9929,1787415087.235
green,7.0085,23.7667,-2.9929,1787415087.335
green,7.0085,23.7667,-2.9929,1787415087.435
green,7.0085,23.7667,-2.9929,1787415087.535
green,7.0085,23.7667,-2.9929,1787415087.635
green,7.0085,23.7667,-2.9929,1787415087.735
green,7.0085,23.7667,-2.9929,1787415087.836
green,7.0085,23.7667,-2.9929,1787415087.934
green,7.0085,23.7667,-2.9929,1787415088.035
green,7.0085,23.7667,-2.9929,1787415088.135
green,7.0085,23.7667,-2.9929,1787415088.235
green,7.0085,23.7667,-2.9929,1787415088.335
green,7.0085,23.7667,-2.9929,1787415088.435
green,7.0085,23.7667,-2.9929,1787415088.535
green,7.0085,23.7667,-2.9929,1787415088.635
green,7.0085,23.7667,-2.9929,1787415088.735
green,7.0085,23.7667,-2.9929,1787415088.835
green,7.0085,23.7667,-2.9929,1787415088.935
green,7.0085,23.7667,-2.9929,1787415089.035
green,7.0085,23.7667,-2.9929,1787415089.135
green,7.0085,23.7667,-2.9929,1787415089.235
green,7.0085,23.7667,-2.9929,1787415089.335
green,7.0085,23.7667,-2.9929,1787415089.435
green,7.0085,23.7667,-2.9929,1787415089.535
green,7.0085,23.7667,-2.9929,1787415089.635
green,7.0085,23.7667,-2.9929,1787415089.735
green,7.0085,23.7667,-2.9929,1787415089.837
green,7.0085,23.7667,-2.9929,1787415089.935
green,7.0085,23.7667,-2.9929,1787415090.035
green,7.0085,23.7667,-2.9929,1787415090.135
green,7.0085,23.7667,-2.9929,1787415090.235
green,7.0085,23.7667,-2.9929,1787415090.335
green,7.0085,23.7667,-2.9929,1787415090.435
green,7.0085,23.7667,-2.9929,1787415090.535
green,7.0085,23.7667,-2.9929,1787415090.635
green,7.0085,23.7667,-2.9929,1787415090.735
green,7.0085,23.7667,-2.9929,1787415090.835
green,7.0085,23.7667,-2.9929,1787415090.935
green,7.0085,23.7667,-2.9929,1787415091.035
green,7.0085,23.7667,-2.9929,1787415091.135
green,7.0085,23.7667,-2.9929,1787415091.235
green,7.0085,23.7667,-2.9929,1787415091.335
green,7.0085,23.7667,-2.9929,1787415091.435
green,7.0085,23.7667,-2.9929,1787415091.535
green,7.0085,23.7667,-2.9929,1787415091.635
green,7.0085,23.7667,-2.9929,1787415091.735
green,7.0085,23.7667,-2.9929,1787415091.835
green,7.0085,23.7667,-2.9929,1787415091.936
green,7.0085,23.7667,-2.9929,1787415092.035
green,7.0085,23.7667,-2.9929,1787415092.136
green,7.0085,23.7667,-2.9929,1787415092.235
green,7.0085,23.7667,-2.9929,1787415092.335
green,7.0085,23.7667,-2.9929,1787415092.435
green,7.0085,23.7667,-2.9929,1787415092.535
green,7.0085,23.7667,-2.9929,1787415092.635
green,7.0085,23.7667,-2.9929,1787415092.735
green,7.0085,23.7667,-2.9929,1787415092.835
green,7.0085,23.7667,-2.9929,1787415092.935
green,7.0085,23.7667,-2.9929,1787415093.035
green,7.0085,23.7667,-2.9929,1787415093.135
green,7.0085,23.7667,-2.9929,1787415093.235
green,7.0085,23.7667,-2.9929,1787415093.335
green,7.0085,23.7667,-2.9929,1787415093.435
green,7.0085,23.7667,-2.9929,1787415093.535
green,7.0085,23.7667,-2.9929,1787415093.635
green,7.0085,23.7667,-2.9929,1787415093.735
green,7.0085,23.7667,-2.9929,1787415093.835
green,7.0085,23.7667,-2.9929,1787415093.935
green,7.0085,23.7667,-2.9929,1787415094.035
green,7.0085,23.7667,-2.9929,1787415094.135
green,7.0085,23.7667,-2.9929,1787415094.235
green,7.0085,23.7667,-2.9929,1787415094.335
green,7.0085,23.7667,-2.9929,1787415094.435
green,7.0085,23.7667,-2.9929,1787415094.535
green,7.0085,23.7667,-2.9929,1787415094.635
green,7.0085,23.7667,-2.9929,1787415094.735
green,7.0085,23.7667,-2.9929,1787415094.835
green,7.0085,23.7667,-2.9929,1787415094.935
green,7.0085,23.7667,-2.9929,1787415095.035
green,7.0085,23.7667,-2.9929,1787415095.135
green,7.0085,23.7667,-2.9929,1787415095.236
green,7.0085,23.7667,-2.9929,1787415095.335
green,7.0085,23.7667,-2.9929,1787415095.435
green,7.0085,23.7667,-2.9929,1787415095.535
green,7.0085,23.7667,-2.9929,1787415095.635
green,7.0085,23.7667,-2.9929,1787415095.735
green,7.0085,23.7667,-2.9929,1787415095.835
green,7.0085,23.7667,-2.9929,1787415095.935
green,7.0085,23.7667,-2.9929,1787415096.035
green,7.0085,23.7667,-2.9929,1787415096.135
green,7.0085,23.7667,-2.9929,1787415096.236
green,7.0085,23.7667,-2.9929,1787415096.335
green,7.0085,23.7667,-2.9929,1787415096.435
green,7.0085,23.7667,-2.9929,1787415096.535
green,7.0085,23.7667,-2.9929,1787415096.636
green,7.0085,23.7667,-2.9929,1787415096.735
green,7.0085,23.7667,-2.9929,1787415096.835
green,7.0085,23.7667,-2.9929,1787415096.935
green,7.0085,23.7667,-2.9929,1787415097.035
green,7.0085,23.7667,-2.9929,1787415097.135
green,7.0085,23.7667,-2.9929,1787415097.235
green,7.0085,23.7667,-2.9929,1787415097.335
green,7.0085,23.7667,-2.9929,1787415097.435
green,7.0085,23.7667,-2.9929,1787415097.534
green,7.0085,23.7667,-2.9929,1787415097.636
green,7.0085,23.7667,-2.9929,1787415097.735
green,7.0085,23.7667,-2.9929,1787415097.836
green,7.0085,23.7667,-2.9929,1787415097.935
green,7.0085,23.7667,-2.9929,1787415098.035
green,7.0085,23.7667,-2.9929,1787415098.135
green,7.0085,23.7667,-2.9929,1787415098.236
green,7.0085,23.7667,-2.9929,1787415098.335
green,7.0085,23.7667,-2.9929,1787415098.435
green,7.0085,23.7667,-2.9929,1787415098.535
green,7.0085,23.7667,-2.9929,1787415098.635
green,7.0085,23.7667,-2.9929,1787415098.735
green,7.0085,23.7667,-2.9929,1787415098.835
green,7.0085,23.7667,-2.9929,1787415098.935
green,7.0085,23.7667,-2.9929,1787415099.035
green,7.0085,23.7667,-2.9929,1787415099.135
green,7.0085,23.7667,-2.9929,1787415099.235
green,7.0085,23.7667,-2.9929,1787415099.335
green,7.0085,23.7667,-2.9929,1787415099.435
green,7.0085,23.7667,-2.9929,1787415099.535
green,7.0085,23.7667,-2.9929,1787415099.635
green,7.0085,23.7667,-2.9929,1787415099.735
green,7.0085,23.7667,-2.9929,1787415099.835
green,7.0085,23.7667,-2.9929,1787415099.935
green,7.0085,23.7667,-2.9929,1787415100.035
green,7.0085,23.7667,-2.9929,1787415100.135
green,7.0085,23.7667,-2.9929,1787415100.235
green,7.0085,23.7667,-2.9929,1787415100.335
green,7.0085,23.7667,-2.9929,1787415100.435
green,7.0085,23.7667,-2.9929,1787415100.536
green,7.0085,23.7667,-2.9929,1787415100.635
green,7.0085,23.7667,-2.9929,1787415100.735
green,7.0085,23.7667,-2.9929,1787415100.835
green,7.0085,23.7667,-2.9929,1787415100.935
green,7.0085,23.7667,-2.9929,1787415101.035
green,7.0085,23.7667,-2.9929,1787415101.135
green,7.0085,23.7667,-2.9929,1787415101.235
green,7.0085,23.7667,-2.9929,1787415101.337
green,7.0085,23.7667,-2.9929,1787415101.435
green,7.0085,23.7667,-2.9929,1787415101.535
green,7.0085,23.7667,-2.9929,1787415101.635
green,7.0085,23.7667,-2.9929,1787415101.735
green,7.0085,23.7667,-2.9929,1787415101.835
green,7.0085,23.7667,-2.9929,1787415101.935
green,7.0085,23.7667,-2.9929,1787415102.035
green,7.0085,23.7667,-2.9929,1787415102.135
green,7.0085,23.7667,-2.9929,1787415102.235
green,7.0085,23.7667,-2.9929,1787415102.335
green,7.0085,23.7667,-2.9929,1787415102.435
green,7.0085,23.7667,-2.9929,1787415102.537
green,7.0085,23.7667,-2.9929,1787415102.635
green,7.0085,23.7667,-2.9929,1787415102.736
green,7.0085,23.7667,-2.9929,1787415102.835
green,7.0085,23.7667,-2.9929,1787415102.935
green,7.0085,23.7667,-2.9929,1787415103.035
green,7.0085,23.7667,-2.9929,1787415103.135
green,7.0085,23.7667,-2.9929,1787415103.235
green,7.0085,23.7667,-2.9929,1787415103.336
green,7.0085,23.7667,-2.9929,1787415103.435
green,7.0085,23.7667,-2.9929,1787415103.535
green,7.0085,23.7667,-2.9929,1787415103.635
green,7.0085,23.7667,-2.9929,1787415103.736
green,7.0085,23.7667,-2.9929,1787415103.835
green,7.0085,23.7667,-2.9929,1787415103.935
green,7.0085,23.7667,-2.9929,1787415104.035
green,7.0085,23.7667,-2.9929,1787415104.136
green,7.0085,23.7667,-2.9929,1787415104.235
green,7.0085,23.7667,-2.9929,1787415104.335
green,7.0085,23.7667,-2.9929,1787415104.435
green,7.0085,23.7667,-2.9929,1787415104.535
green,7.0085,23.7667,-2.9929,1787415104.635
green,7.0085,23.7667,-2.9929,1787415104.735
green,7.0085,23.7667,-2.9929,1787415104.835
green,7.0085,23.7667,-2.9929,1787415104.935
green,7.0085,23.7667,-2.9929,1787415105.035
green,7.0085,23.7667,-2.9929,1787415105.135
green,7.0085,23.7667,-2.9929,1787415105.235
green,7.0085,23.7667,-2.9929,1787415105.337
green,7.0085,23.7667,-2.9929,1787415105.435
green,7.0085,23.7667,-2.9929,1787415105.536
green,7.0085,23.7667,-2.9929,1787415105.635
green,7.0085,23.7667,-2.9929,1787415105.735
green,7.0085,23.7667,-2.9929,1787415105.835
green,7.0085,23.7667,-2.9929,1787415105.946
green,7.0085,23.7667,-2.9929,1787415106.035
green,7.0085,23.7667,-2.9929,1787415106.135
green,7.0085,23.7667,-2.9929,1787415106.235
green,7.0085,23.7667,-2.9929,1787415106.335
green,7.0085,23.7667,-2.9929,1787415106.436
green,7.0085,23.7667,-2.9929,1787415106.535
green,7.0085,23.7667,-2.9929,1787415106.635
green,7.0085,23.7667,-2.9929,1787415106.735
green,7.0085,23.7667,-2.9929,1787415106.835
green,7.0085,23.7667,-2.9929,1787415106.934
green,7.0085,23.7667,-2.9929,1787415107.035
green,7.0085,23.7667,-2.9929,1787415107.135
green,7.0085,23.7667,-2.9929,1787415107.236
green,7.0085,23.7667,-2.9929,1787415107.335
green,7.0085,23.7667,-2.9929,1787415107.436
green,7.0085,23.7667,-2.9929,1787415107.535
green,7.0085,23.7667,-2.9929,1787415107.637
green,7.0085,23.7667,-2.9929,1787415107.735
green,7.0085,23.7667,-2.9929,1787415107.837
green,7.0085,23.7667,-2.9929,1787415107.935
green,7.0085,23.7667,-2.9929,1787415108.037
green,7.0085,23.7667,-2.9929,1787415108.135
green,7.0085,23.7667,-2.9929,1787415108.235
green,7.0085,23.7667,-2.9929,1787415108.335
green,7.0085,23.7667,-2.9929,1787415108.435
green,7.0085,23.7667,-2.9929,1787415108.535
green,7.0085,23.7667,-2.9929,1787415108.637
green,7.0085,23.7667,-2.9929,1787415108.735
green,7.0085,23.7667,-2.9929,1787415108.835
green,7.0085,23.7667,-2.9929,1787415108.935
green,7.0085,23.7667,-2.9929,1787415109.037
green,7.0085,23.7667,-2.9929,1787415109.135
green,7.0085,23.7667,-2.9929,1787415109.236
green,7.0085,23.7667,-2.9929,1787415109.335
green,7.0085,23.7667,-2.9929,1787415109.437
green,7.0085,23.7667,-2.9929,1787415109.535
green,7.0085,23.7667,-2.9929,1787415109.636
green,7.0085,23.7667,-2.9929,1787415109.735
green,7.0085,23.7667,-2.9929,1787415109.835
green,7.0085,23.7667,-2.9929,1787415109.935
green,7.0085,23.7667,-2.9929,1787415110.037
green,7.0085,23.7667,-2.9929,1787415110.136
green,7.0085,23.7667,-2.9929,1787415110.235
green,7.0085,23.7667,-2.9929,1787415110.335
green,7.0085,23.7667,-2.9929,1787415110.437
green,7.0085,23.7667,-2.9929,1787415110.535
green,7.0085,23.7667,-2.9929,1787415110.635
green,7.0085,23.7667,-2.9929,1787415110.737
green,7.0085,23.7667,-2.9929,1787415110.835
green,7.0085,23.7667,-2.9929,1787415110.935
green,7.0085,23.7667,-2.9929,1787415111.035
green,7.0085,23.7667,-2.9929,1787415111.135
green,7.0085,23.7667,-2.9929,1787415111.235
green,7.0085,23.7667,-2.9929,1787415111.337
green,7.0085,23.7667,-2.9929,1787415111.435
green,7.0085,23.7667,-2.9929,1787415111.536
green,7.0085,23.7667,-2.9929,1787415111.635
green,7.0085,23.7667,-2.9929,1787415111.735
green,7.0085,23.7667,-2.9929,1787415111.835
green,7.0085,23.7667,-2.9929,1787415111.935
green,7.0085,23.7667,-2.9929,1787415112.035
green,7.0085,23.7667,-2.9929,1787415112.135
green,7.0085,23.7667,-2.9929,1787415112.235
green,7.0085,23.7667,-2.9929,1787415112.335
green,7.0085,23.7667,-2.9929,1787415112.435
green,7.0085,23.7667,-2.9929,1787415112.537
green,7.0085,23.7667,-2.9929,1787415112.636
green,7.0085,23.7667,-2.9929,1787415112.735
green,7.0085,23.7667,-2.9929,1787415112.835
green,7.0085,23.7667,-2.9929,1787415112.935
green,7.0085,23.7667,-2.9929,1787415113.035
green,7.0085,23.7667,-2.9929,1787415113.135
green,7.0085,23.7667,-2.9929,1787415113.235
green,7.0085,23.7667,-2.9929,1787415113.335
green,7.0085,23.7667,-2.9929,1787415113.435
green,7.0085,23.7667,-2.9929,1787415113.535
green,7.0085,23.7667,-2.9929,1787415113.635
green,7.0085,23.7667,-2.9929,1787415113.735
green,7.0085,23.7667,-2.9929,1787415113.835
green,7.0085,23.7667,-2.9929,1787415113.935
green,7.0085,23.7667,-2.9929,1787415114.035
green,7.0085,23.7667,-2.9929,1787415114.135
green,7.0085,23.7667,-2.9929,1787415114.235
green,7.0085,23.7667,-2.9929,1787415114.335
green,7.0085,23.7667,-2.9929,1787415114.436
green,7.0085,23.7667,-2.9929,1787415114.535
green,7.0085,23.7667,-2.9929,1787415114.636
green,7.0085,23.7667,-2.9929,1787415114.735
green,7.0085,23.7667,-2.9929,1787415114.836
green,7.0085,23.7667,-2.9929,1787415114.935
green,7.0085,23.7667,-2.9929,1787415115.609
green,7.0085,23.7667,-2.9929,1787415115.609
green,7.0085,23.7667,-2.9929,1787415115.610
green,7.0085,23.7667,-2.9929,1787415115.610
green,7.0085,23.7667,-2.9929,1787415115.610
green,7.0085,23.7667,-2.9929,1787415115.610
green,7.0085,23.7667,-2.9929,1787415115.635
green,7.0085,23.7667,-2.9929,1787415115.735
green,7.0085,23.7667,-2.9929,1787415115.835
green,7.0085,23.7667,-2.9929,1787415115.935
green,7.0085,23.7667,-2.9929,1787415116.035
green,7.0085,23.7667,-2.9929,1787415116.135
green,7.0085,23.7667,-2.9929,1787415116.235
green,7.0085,23.7667,-2.9929,1787415116.335
green,7.0085,23.7667,-2.9929,1787415116.435
green,7.0085,23.7667,-2.9929,1787415116.536
green,7.0085,23.7667,-2.9929,1787415116.635
green,7.0085,23.7667,-2.9929,1787415116.735
green,7.0085,23.7667,-2.9929,1787415116.835
green,7.0085,23.7667,-2.9929,1787415116.935
green,7.0085,23.7667,-2.9929,1787415117.035
green,7.0085,23.7667,-2.9929,1787415117.135
green,7.0085,23.7667,-2.9929,1787415117.235
green,7.0085,23.7667,-2.9929,1787415117.335
green,7.0085,23.7667,-2.9929,1787415117.435
green,7.0085,23.7667,-2.9929,1787415117.535
green,7.0085,23.7667,-2.9929,1787415117.635
green,7.0085,23.7667,-2.9929,1787415117.735
green,7.0085,23.7667,-2.9929,1787415117.835
green,7.0085,23.7667,-2.9929,1787415117.935
green,7.0085,23.7667,-2.9929,1787415118.035
green,7.0085,23.7667,-2.9929,1787415118.135
green,7.0085,23.7667,-2.9929,1787415118.235
green,7.0085,23.7667,-2.9929,1787415118.335
green,7.0085,23.7667,-2.9929,1787415118.435
green,7.0085,23.7667,-2.9929,1787415118.535
green,7.0085,23.7667,-2.9929,1787415118.635
green,7.0085,23.7667,-2.9929,1787415118.735
green,7.0085,23.7667,-2.9929,1787415118.835
green,7.0085,23.7667,-2.9929,1787415118.935
green,7.0085,23.7667,-2.9929,1787415119.035
green,7.0085,23.7667,-2.9929,1787415119.135
green,7.0085,23.7667,-2.9929,1787415119.235
green,7.0085,23.7667,-2.9929,1787415119.335
green,7.0085,23.7667,-2.9929,1787415119.435
green,7.0085,23.7667,-2.9929,1787415119.535
green,7.0085,23.7667,-2.9929,1787415119.635
green,7.0085,23.7667,-2.9929,1787415119.735
green,7.0085,23.7667,-2.9929,1787415119.835
green,7.0085,23.7667,-2.9929,1787415119.935
green,7.0085,23.7667,-2.9929,1787415120.035
green,7.0085,23.7667,-2.9929,1787415120.135
green,7.0085,23.7667,-2.9929,1787415120.235
green,7.0085,23.7667,-2.9929,1787415120.335
green,7.0085,23.7667,-2.9929,1787415120.435
green,7.0085,23.7667,-2.9929,1787415120.535
green,7.0085,23.7667,-2.9929,1787415120.635
green,7.0085,23.7667,-2.9929,1787415120.735
green,7.0085,23.7667,-2.9929,1787415120.835
green,7.0085,23.7667,-2.9929,1787415120.935
green,7.0085,23.7667,-2.9929,1787415121.035
green,7.0085,23.7667,-2.9929,1787415121.135
green,7.0085,23.7667,-2.9929,1787415121.235
green,7.0085,23.7667,-2.9929,1787415121.335
green,7.0085,23.7667,-2.9929,1787415121.435
green,7.0085,23.7667,-2.9929,1787415121.535
green,7.0085,23.7667,-2.9929,1787415121.635
green,7.0085,23.7667,-2.9929,1787415121.735
green,7.0085,23.7667,-2.9929,1787415121.835
green,7.0085,23.7667,-2.9929,1787415121.935
green,7.0085,23.7667,-2.9929,1787415122.035
green,7.0085,23.7667,-2.9929,1787415122.135
green,7.0085,23.7667,-2.9929,1787415122.235
green,7.0085,23.7667,-2.9929,1787415122.335
green,7.0085,23.7667,-2.9929,1787415122.435
green,7.0085,23.7667,-2.9929,1787415122.536
green,7.0085,23.7667,-2.9929,1787415122.635
green,7.0085,23.7667,-2.9929,1787415122.735
green,7.0085,23.7667,-2.9929,1787415122.835
green,7.0085,23.7667,-2.9929,1787415122.935
green,7.0085,23.7667,-2.9929,1787415123.035
green,7.0085,23.7667,-2.9929,1787415123.135
green,7.0085,23.7667,-2.9929,1787415123.235
green,7.0085,23.7667,-2.9929,1787415123.335
green,7.0085,23.7667,-2.9929,1787415123.435
green,7.0085,23.7667,-2.9929,1787415123.535
green,7.0085,23.7667,-2.9929,1787415123.635
green,7.0085,23.7667,-2.9929,1787415123.735
green,7.0085,23.7667,-2.9929,1787415123.835
green,7.0085,23.7667,-2.9929,1787415123.935
green,7.0085,23.7667,-2.9929,1787415124.035
green,7.0085,23.7667,-2.9929,1787415124.135
green,7.0085,23.7667,-2.9929,1787415124.235
green,7.0085,23.7667,-2.9929,1787415124.335
green,7.0085,23.7667,-2.9929,1787415124.435
green,7.0085,23.7667,-2.9929,1787415124.535
green,7.0085,23.7667,-2.9929,1787415124.635
green,7.0085,23.7667,-2.9929,1787415124.735
green,7.0085,23.7667,-2.9929,1787415124.835
green,7.0085,23.7667,-2.9929,1787415124.935
green,7.0085,23.7667,-2.9929,1787415125.035
green,7.0085,23.7667,-2.9929,1787415125.135
green,7.0085,23.7667,-2.9929,1787415125.235
green,7.0085,23.7667,-2.9929,1787415125.335
green,7.0085,23.7667,-2.9929,1787415125.435
green,7.0085,23.7667,-2.9929,1787415125.535
green,7.0085,23.7667,-2.9929,1787415125.635
green,7.0085,23.7667,-2.9929,1787415125.735
green,7.0085,23.7667,-2.9929,1787415125.835
green,7.0085,23.7667,-2.9929,1787415125.935
green,7.0085,23.7667,-2.9929,1787415126.035
green,7.0085,23.7667,-2.9929,1787415126.135
green,7.0085,23.7667,-2.9929,1787415126.235
green,7.0085,23.7667,-2.9929,1787415126.335
green,7.0085,23.7667,-2.9929,1787415126.435
green,7.0085,23.7667,-2.9929,1787415126.535
green,7.0085,23.7667,-2.9929,1787415126.635
green,7.0085,23.7667,-2.9929,1787415126.735
green,7.0085,23.7667,-2.9929,1787415126.835
green,7.0085,23.7667,-2.9929,1787415126.935
green,7.0085,23.7667,-2.9929,1787415127.035
green,7.0085,23.7667,-2.9929,1787415127.135
green,7.0085,23.7667,-2.9929,1787415127.235
green,7.0085,23.7667,-2.9929,1787415127.335
green,7.0085,23.7667,-2.9929,1787415127.435
green,7.0085,23.7667,-2.9929,1787415127.535
