wall_time,sim_time_sec,mission_state,odom_x,odom_y,odom_yaw_deg,odom_vel_x,odom_vel_yaw,dist_from_start,gate_2d_detected,gate_2d_px_x,gate_2d_px_y,gate_2d_w_px,gate_2d_h_px,gate_2d_conf,gate_3d_x,gate_3d_y,gate_3d_z,gate_3d_age_sec,nav_gate_odom_x,nav_gate_odom_y,nav_approach_yaw_deg,nav_distance_m,nav_bearing_err_deg,nav_commit_ticks,nav_align_ticks,nav_yolo_fresh,nav_yolo_age_sec,nav_source,cmd_linear_x,cmd_angular_z
2026-08-12T18:27:02.989017,1.01,UNKNOWN,-5.0000,-4.0000,154.70,0.0000,0.0000,0.0000,0,0.0,0.0,0.0,0.0,0.000,,,,,,,,,,,,,,,,
2026-08-12T18:27:03.989019,2.01,UNKNOWN,-5.0000,-4.0000,154.70,0.0000,0.0000,0.0000,0,0.0,0.0,0.0,0.0,0.000,,,,,,,,,,,,,,,,
2026-08-12T18:27:04.989187,3.01,UNKNOWN,-5.0000,-4.0000,154.70,0.0000,0.0000,0.0000,0,0.0,0.0,0.0,0.0,0.000,,,,,,,,,,,,,,,,
2026-08-12T18:27:05.989160,4.01,UNKNOWN,-5.0000,-4.0000,154.70,0.0000,0.0000,0.0000,0,0.0,0.0,0.0,0.0,0.000,,,,,,,,,,,,,,,,
2026-08-12T18:27:06.988971,5.01,UNKNOWN,-5.0000,-4.0000,154.70,0.0000,0.0000,0.0000,0,0.0,0.0,0.0,0.0,0.000,,,,,,,,,,,,,,,,
2026-08-12T18:27:07.989218,6.01,UNKNOWN,-5.0000,-4.0000,155.46,0.0000,0.0472,0.0000,0,0.0,0.0,0.0,0.0,0.000,,,,,,,,,,,,,,,,
2026-08-12T18:27:08.989353,7.01,UNKNOWN,-5.0000,-4.0000,158.10,0.0000,0.0451,0.0000,0,0.0,0.0,0.0,0.0,0.000,,,,,,,,,,,,,,,,
2026-08-12T18:27:08.999763,7.02,SEARCH,-5.0000,-4.0000,158.10,0.0000,0.0451,0.0000,0,0.0,0.0,0.0,0.0,0.000,,,,,,,,,,,,,,,,
2026-08-12T18:27:09.989131,8.01,SEARCH,-5.0000,-4.0000,160.58,0.0000,0.0434,0.0000,0,0.0,0.0,0.0,0.0,0.000,,,,,nan,nan,nan,0.0000,0.00,0,0,0,-1.00,0,0.000,0.1500
2026-08-12T18:27:10.989057,9.01,SEARCH,-5.0000,-4.0000,163.02,0.0000,0.0419,0.0000,0,0.0,0.0,0.0,0.0,0.000,,,,,nan,nan,nan,0.0000,0.00,0,0,0,-1.00,0,0.000,0.1500
2026-08-12T18:27:11.989034,10.01,SEARCH,-5.0000,-4.0000,165.38,0.0000,0.0406,0.0000,0,0.0,0.0,0.0,0.0,0.000,,,,,nan,nan,nan,0.0000,0.00,0,0,0,-1.00,0,0.000,0.1500
2026-08-12T18:27:12.988989,11.01,SEARCH,-5.0000,-4.0000,167.68,0.0000,0.0395,0.0000,0,0.0,0.0,0.0,0.0,0.000,,,,,nan,nan,nan,0.0000,0.00,0,0,0,-1.00,0,0.000,0.1500
2026-08-12T18:27:13.988960,12.01,SEARCH,-5.0000,-4.0000,169.92,0.0000,0.0387,0.0000,0,0.0,0.0,0.0,0.0,0.000,,,,,nan,nan,nan,0.0000,0.00,0,0,0,-1.00,0,0.000,0.1500
2026-08-12T18:27:14.988983,13.01,SEARCH,-5.0000,-4.0000,172.07,0.0000,0.0380,0.0000,0,0.0,0.0,0.0,0.0,0.000,,,,,nan,nan,nan,0.0000,0.00,0,0,0,-1.00,0,0.000,0.1500
2026-08-12T18:27:15.988967,14.01,SEARCH,-5.0000,-4.0000,174.23,0.0000,0.0375,0.0000,0,0.0,0.0,0.0,0.0,0.000,,,,,nan,nan,nan,0.0000,0.00,0,0,0,-1.00,0,0.000,0.1500
2026-08-12T18:27:16.989002,15.01,SEARCH,-5.0000,-4.0000,176.37,0.0000,0.0372,0.0000,0,0.0,0.0,0.0,0.0,0.000,,,,,nan,nan,nan,0.0000,0.00,0,0,0,-1.00,0,0.000,0.1500
2026-08-12T18:27:17.989000,16.01,SEARCH,-5.0000,-4.0000,178.49,0.0000,0.0370,0.0000,0,0.0,0.0,0.0,0.0,0.000,,,,,nan,nan,nan,0.0000,0.00,0,0,0,-1.00,0,0.000,0.1500
2026-08-12T18:27:18.989085,17.01,SEARCH,-5.0000,-4.0000,-179.43,-0.0000,0.0369,0.0000,0,0.0,0.0,0.0,0.0,0.000,,,,,nan,nan,nan,0.0000,0.00,0,0,0,-1.00,0,0.000,0.1500
2026-08-12T18:27:19.989002,18.01,SEARCH,-5.0000,-4.0000,-177.31,-0.0000,0.0371,0.0000,0,0.0,0.0,0.0,0.0,0.000,,,,,nan,nan,nan,0.0000,0.00,0,0,0,-1.00,0,0.000,0.1500
2026-08-12T18:27:20.988960,19.01,SEARCH,-5.0000,-4.0000,-175.18,-0.0000,0.0373,0.0000,0,0.0,0.0,0.0,0.0,0.000,,,,,nan,nan,nan,0.0000,0.00,0,0,0,-1.00,0,0.000,0.1500
2026-08-12T18:27:21.989044,20.01,SEARCH,-5.0000,-4.0000,-173.03,-0.0000,0.0378,0.0000,0,0.0,0.0,0.0,0.0,0.000,,,,,nan,nan,nan,0.0000,0.00,0,0,0,-1.00,0,0.000,0.1500
2026-08-12T18:27:22.989272,21.01,SEARCH,-5.0000,-4.0000,-170.85,-0.0000,0.0384,0.0000,0,0.0,0.0,0.0,0.0,0.000,,,,,nan,nan,nan,0.0000,0.00,0,0,0,-1.00,0,0.000,0.1500
2026-08-12T18:27:23.989082,22.01,SEARCH,-5.0000,-4.0000,-168.63,-0.0000,0.0391,0.0000,0,0.0,0.0,0.0,0.0,0.000,,,,,nan,nan,nan,0.0000,0.00,0,0,0,-1.00,0,0.000,0.1500
2026-08-12T18:27:24.989290,23.01,SEARCH,-5.0000,-4.0000,-166.36,-0.0000,0.0401,0.0000,0,0.0,0.0,0.0,0.0,0.000,,,,,nan,nan,nan,0.0000,0.00,0,0,0,-1.00,0,0.000,0.1500
2026-08-12T18:27:25.989051,24.01,SEARCH,-5.0000,-4.0000,-164.08,-0.0000,0.0413,0.0000,0,0.0,0.0,0.0,0.0,0.000,,,,,nan,nan,nan,0.0000,0.00,0,0,0,-1.00,0,0.000,0.1500
2026-08-12T18:27:26.989044,25.01,SEARCH,-5.0000,-4.0000,-161.68,-0.0000,0.0427,0.0000,0,0.0,0.0,0.0,0.0,0.000,,,,,nan,nan,nan,0.0000,0.00,0,0,0,-1.00,0,0.000,0.1500
2026-08-12T18:27:27.988997,26.01,SEARCH,-5.0000,-4.0000,-159.19,-0.0000,0.0443,0.0000,0,0.0,0.0,0.0,0.0,0.000,,,,,nan,nan,nan,0.0000,0.00,0,0,0,-1.00,0,0.000,0.1500
2026-08-12T18:27:28.989167,27.01,SEARCH,-5.0000,-4.0000,-156.59,-0.0000,0.0462,0.0000,0,0.0,0.0,0.0,0.0,0.000,,,,,nan,nan,nan,0.0000,0.00,0,0,0,-1.00,0,0.000,0.1500
2026-08-12T18:27:29.989052,28.01,SEARCH,-5.0000,-4.0000,-153.88,-0.0000,0.0485,0.0000,0,0.0,0.0,0.0,0.0,0.000,,,,,nan,nan,nan,0.0000,0.00,0,0,0,-1.00,0,0.000,0.1500
2026-08-12T18:27:30.988926,29.01,SEARCH,-5.0000,-4.0000,-151.03,-0.0000,0.0511,0.0000,0,0.0,0.0,0.0,0.0,0.000,,,,,nan,nan,nan,0.0000,0.00,0,0,0,-1.00,0,0.000,0.1500
2026-08-12T18:27:31.989017,30.01,SEARCH,-5.0000,-4.0000,-148.09,-0.0000,0.0540,0.0000,0,0.0,0.0,0.0,0.0,0.000,,,,,nan,nan,nan,0.0000,0.00,0,0,0,-1.00,0,0.000,0.1500
2026-08-12T18:27:32.988981,31.01,SEARCH,-5.0000,-4.0000,-144.92,0.0000,0.0555,0.0000,0,0.0,0.0,0.0,0.0,0.000,,,,,nan,nan,nan,0.0000,0.00,0,0,0,-1.00,0,0.000,0.1500
2026-08-12T18:27:33.989007,32.01,SEARCH,-5.0000,-4.0000,-141.76,0.0000,0.0547,0.0000,0,0.0,0.0,0.0,0.0,0.000,,,,,nan,nan,nan,0.0000,0.00,0,0,0,-1.00,0,0.000,0.1500
2026-08-12T18:27:34.989040,33.01,SEARCH,-5.0000,-4.0000,-138.64,0.0000,0.0542,0.0000,0,0.0,0.0,0.0,0.0,0.000,,,,,nan,nan,nan,0.0000,0.00,0,0,0,-1.00,0,0.000,0.1500
2026-08-12T18:27:35.988995,34.01,SEARCH,-5.0000,-4.0000,-135.54,0.0000,0.0541,0.0000,0,0.0,0.0,0.0,0.0,0.000,,,,,nan,nan,nan,0.0000,0.00,0,0,0,-1.00,0,0.000,0.1500
2026-08-12T18:27:36.989036,35.01,SEARCH,-5.0000,-4.0000,-132.44,-0.0000,0.0541,0.0000,0,0.0,0.0,0.0,0.0,0.000,,,,,nan,nan,nan,0.0000,0.00,0,0,0,-1.00,0,0.000,0.1500
2026-08-12T18:27:37.989136,36.01,SEARCH,-5.0000,-4.0000,-129.33,-0.0000,0.0545,0.0000,0,0.0,0.0,0.0,0.0,0.000,,,,,nan,nan,nan,0.0000,0.00,0,0,0,-1.00,0,0.000,0.1500
2026-08-12T18:27:38.989106,37.01,SEARCH,-5.0000,-4.0000,-126.25,-0.0000,0.0552,0.0000,0,0.0,0.0,0.0,0.0,0.000,,,,,nan,nan,nan,0.0000,0.00,0,0,0,-1.00,0,0.000,0.1500
2026-08-12T18:27:39.989079,38.01,SEARCH,-5.0000,-4.0000,-123.07,0.0000,0.0553,0.0000,0,0.0,0.0,0.0,0.0,0.000,,,,,nan,nan,nan,0.0000,0.00,0,0,0,-1.00,0,0.000,0.1500
2026-08-12T18:27:40.988994,39.01,SEARCH,-5.0000,-4.0000,-120.00,0.0000,-628.2664,0.0000,0,0.0,0.0,0.0,0.0,0.000,,,,,nan,nan,nan,0.0000,0.00,0,0,0,-1.00,0,0.000,0.1500
2026-08-12T18:27:41.988985,40.01,SEARCH,-5.0000,-4.0000,-117.09,0.0000,0.0493,0.0000,0,0.0,0.0,0.0,0.0,0.000,,,,,nan,nan,nan,0.0000,0.00,0,0,0,-1.00,0,0.000,0.1500
2026-08-12T18:27:42.988946,41.01,SEARCH,-5.0000,-4.0000,-114.34,0.0000,0.0470,0.0000,0,0.0,0.0,0.0,0.0,0.000,,,,,nan,nan,nan,0.0000,0.00,0,0,0,-1.00,0,0.000,0.1500
2026-08-12T18:27:43.988889,42.01,SEARCH,-5.0000,-4.0000,-111.70,0.0000,0.0450,0.0000,0,0.0,0.0,0.0,0.0,0.000,,,,,nan,nan,nan,0.0000,0.00,0,0,0,-1.00,0,0.000,0.1500
2026-08-12T18:27:44.989022,43.01,SEARCH,-5.0000,-4.0000,-109.23,0.0000,0.0432,0.0000,0,0.0,0.0,0.0,0.0,0.000,,,,,nan,nan,nan,0.0000,0.00,0,0,0,-1.00,0,0.000,0.1500
2026-08-12T18:27:45.989039,44.01,SEARCH,-5.0000,-4.0000,-106.80,0.0000,0.0418,0.0000,0,0.0,0.0,0.0,0.0,0.000,,,,,nan,nan,nan,0.0000,0.00,0,0,0,-1.00,0,0.000,0.1500
2026-08-12T18:27:46.989005,45.01,SEARCH,-5.0000,-4.0000,-104.44,0.0000,0.0405,0.0000,0,0.0,0.0,0.0,0.0,0.000,,,,,nan,nan,nan,0.0000,0.00,0,0,0,-1.00,0,0.000,0.1500
2026-08-12T18:27:47.989096,46.01,SEARCH,-5.0000,-4.0000,-102.15,0.0000,0.0395,0.0000,0,0.0,0.0,0.0,0.0,0.000,,,,,nan,nan,nan,0.0000,0.00,0,0,0,-1.00,0,0.000,0.1500
2026-08-12T18:27:48.989615,47.01,SEARCH,-5.0000,-4.0000,-99.96,0.0000,0.0386,0.0000,0,0.0,0.0,0.0,0.0,0.000,,,,,nan,nan,nan,0.0000,0.00,0,0,0,-1.00,0,0.000,0.1500
2026-08-12T18:27:49.989099,48.01,SEARCH,-5.0000,-4.0000,-97.77,0.0000,0.0380,0.0000,0,0.0,0.0,0.0,0.0,0.000,,,,,nan,nan,nan,0.0000,0.00,0,0,0,-1.00,0,0.000,0.1500
2026-08-12T18:27:50.989019,49.01,SEARCH,-5.0000,-4.0000,-95.61,0.0000,0.0375,0.0000,0,0.0,0.0,0.0,0.0,0.000,,,,,nan,nan,nan,0.0000,0.00,0,0,0,-1.00,0,0.000,0.1500
2026-08-12T18:27:51.988964,50.01,SEARCH,-5.0000,-4.0000,-93.47,0.0000,0.0371,0.0000,0,0.0,0.0,0.0,0.0,0.000,,,,,nan,nan,nan,0.0000,0.00,0,0,0,-1.00,0,0.000,0.1500
2026-08-12T18:27:52.989087,51.01,SEARCH,-5.0000,-4.0000,-91.35,0.0000,0.0370,0.0000,0,0.0,0.0,0.0,0.0,0.000,,,,,nan,nan,nan,0.0000,0.00,0,0,0,-1.00,0,0.000,0.1500
2026-08-12T18:27:53.989011,52.01,SEARCH,-5.0000,-4.0000,-89.23,-0.0000,0.0369,0.0000,0,0.0,0.0,0.0,0.0,0.000,,,,,nan,nan,nan,0.0000,0.00,0,0,0,-1.00,0,0.000,0.1500
2026-08-12T18:27:54.989076,53.01,SEARCH,-5.0000,-4.0000,-87.11,-0.0000,0.0371,0.0000,0,0.0,0.0,0.0,0.0,0.000,,,,,nan,nan,nan,0.0000,0.00,0,0,0,-1.00,0,0.000,0.1500
2026-08-12T18:27:55.989025,54.01,SEARCH,-5.0000,-4.0000,-85.15,-0.0000,0.0373,0.0000,0,0.0,0.0,0.0,0.0,0.000,,,,,nan,nan,nan,0.0000,0.00,0,0,0,-1.00,0,0.000,0.1500
2026-08-12T18:27:56.988883,55.01,SEARCH,-5.0000,-4.0000,-83.17,-0.0000,0.0377,0.0000,0,0.0,0.0,0.0,0.0,0.000,,,,,nan,nan,nan,0.0000,0.00,0,0,0,-1.00,0,0.000,0.1500
2026-08-12T18:27:57.989028,56.01,SEARCH,-5.0000,-4.0000,-81.26,-0.0000,0.0382,0.0000,0,0.0,0.0,0.0,0.0,0.000,,,,,nan,nan,nan,0.0000,0.00,0,0,0,-1.00,0,0.000,0.1500
2026-08-12T18:27:58.988893,57.01,SEARCH,-5.0000,-4.0000,-79.27,-0.0000,0.0389,0.0000,0,0.0,0.0,0.0,0.0,0.000,,,,,nan,nan,nan,0.0000,0.00,0,0,0,-1.00,0,0.000,0.1500
2026-08-12T18:27:59.989032,58.01,SEARCH,-5.0000,-4.0000,-77.24,-0.0000,0.0397,0.0000,0,0.0,0.0,0.0,0.0,0.000,,,,,nan,nan,nan,0.0000,0.00,0,0,0,-1.00,0,0.000,0.1500
2026-08-12T18:28:00.989101,59.01,SEARCH,-5.0000,-4.0000,-75.26,-0.0000,0.0406,0.0000,0,0.0,0.0,0.0,0.0,0.000,,,,,nan,nan,nan,0.0000,0.00,0,0,0,-1.00,0,0.000,0.1500
2026-08-12T18:28:01.989193,60.01,SEARCH,-5.0000,-4.0000,-73.24,-0.0000,0.0417,0.0000,0,0.0,0.0,0.0,0.0,0.000,,,,,nan,nan,nan,0.0000,0.00,0,0,0,-1.00,0,0.000,0.1500
2026-08-12T18:28:02.988955,61.01,SEARCH,-5.0000,-4.0000,-71.10,-0.0000,0.0430,0.0000,0,0.0,0.0,0.0,0.0,0.000,,,,,nan,nan,nan,0.0000,0.00,0,0,0,-1.00,0,0.000,0.1500
2026-08-12T18:28:03.989074,62.01,SEARCH,-5.0000,-4.0000,-68.89,-0.0000,0.0445,0.0000,0,0.0,0.0,0.0,0.0,0.000,,,,,nan,nan,nan,0.0000,0.00,0,0,0,-1.00,0,0.000,0.1500
2026-08-12T18:28:04.989087,63.01,SEARCH,-5.0000,-4.0000,-66.66,-0.0000,0.0462,0.0000,0,0.0,0.0,0.0,0.0,0.000,,,,,nan,nan,nan,0.0000,0.00,0,0,0,-1.00,0,0.000,0.1500
2026-08-12T18:28:05.989040,64.01,SEARCH,-5.0000,-4.0000,-64.28,-0.0000,0.0481,0.0000,0,0.0,0.0,0.0,0.0,0.000,,,,,nan,nan,nan,0.0000,0.00,0,0,0,-1.00,0,0.000,0.1500
2026-08-12T18:28:06.989059,65.01,SEARCH,-5.0000,-4.0000,-61.86,-0.0000,0.0503,0.0000,0,0.0,0.0,0.0,0.0,0.000,,,,,nan,nan,nan,0.0000,0.00,0,0,0,-1.00,0,0.000,0.1500
2026-08-12T18:28:07.988934,66.01,SEARCH,-5.0000,-4.0000,-59.26,-0.0000,0.0528,0.0000,0,0.0,0.0,0.0,0.0,0.000,,,,,nan,nan,nan,0.0000,0.00,0,0,0,-1.00,0,0.000,0.1500
2026-08-12T18:28:08.988993,67.01,SEARCH,-5.0000,-4.0000,-56.46,-0.0000,0.0557,0.0000,0,0.0,0.0,0.0,0.0,0.000,,,,,nan,nan,nan,0.0000,0.00,0,0,0,-1.00,0,0.000,0.1500
2026-08-12T18:28:09.988992,68.01,SEARCH,-5.0000,-4.0000,-53.66,0.0000,0.0552,0.0000,0,0.0,0.0,0.0,0.0,0.000,,,,,nan,nan,nan,0.0000,0.00,0,0,0,-1.00,0,0.000,0.1500
2026-08-12T18:28:10.989034,69.01,SEARCH,-5.0000,-4.0000,-50.96,0.0000,0.0546,0.0000,0,0.0,0.0,0.0,0.0,0.000,,,,,nan,nan,nan,0.0000,0.00,0,0,0,-1.00,0,0.000,0.1500
2026-08-12T18:28:11.988971,70.01,SEARCH,-5.0000,-4.0000,-48.28,0.0000,0.0542,0.0000,0,0.0,0.0,0.0,0.0,0.000,,,,,nan,nan,nan,0.0000,0.00,0,0,0,-1.00,0,0.000,0.1500
2026-08-12T18:28:12.989086,71.01,SEARCH,-5.0000,-4.0000,-45.55,0.0000,0.0541,0.0000,0,0.0,0.0,0.0,0.0,0.000,,,,,nan,nan,nan,0.0000,0.00,0,0,0,-1.00,0,0.000,0.1500
2026-08-12T18:28:13.989136,72.01,SEARCH,-5.0000,-4.0000,-42.83,-0.0000,0.0541,0.0000,0,0.0,0.0,0.0,0.0,0.000,,,,,nan,nan,nan,0.0000,0.00,0,0,0,-1.00,0,0.000,0.1500
2026-08-12T18:28:14.989904,73.01,SEARCH,-5.0000,-4.0000,-40.03,-0.0000,0.0544,0.0000,0,0.0,0.0,0.0,0.0,0.000,,,,,nan,nan,nan,0.0000,0.00,0,0,0,-1.00,0,0.000,0.1500
2026-08-12T18:28:15.989203,74.01,SEARCH,-5.0000,-4.0000,-37.34,-0.0000,0.0549,0.0000,0,0.0,0.0,0.0,0.0,0.000,,,,,nan,nan,nan,0.0000,0.00,0,0,0,-1.00,0,0.000,0.1500
2026-08-12T18:28:16.988982,75.01,SEARCH,-5.0000,-4.0000,-34.49,-0.0000,0.0557,0.0000,0,0.0,0.0,0.0,0.0,0.000,,,,,nan,nan,nan,0.0000,0.00,0,0,0,-1.00,0,0.000,0.1500
2026-08-12T18:28:17.989124,76.01,SEARCH,-5.0000,-4.0000,-31.71,0.0000,0.0538,0.0000,0,0.0,0.0,0.0,0.0,0.000,,,,,nan,nan,nan,0.0000,0.00,0,0,0,-1.00,0,0.000,0.1500
2026-08-12T18:28:18.989136,77.01,SEARCH,-5.0000,-4.0000,-29.12,0.0000,0.0512,0.0000,0,0.0,0.0,0.0,0.0,0.000,,,,,nan,nan,nan,0.0000,0.00,0,0,0,-1.00,0,0.000,0.1500
2026-08-12T18:28:19.988979,78.01,SEARCH,-5.0000,-4.0000,-26.60,0.0000,0.0489,0.0000,0,0.0,0.0,0.0,0.0,0.000,,,,,nan,nan,nan,0.0000,0.00,0,0,0,-1.00,0,0.000,0.1500
2026-08-12T18:28:20.988954,79.01,SEARCH,-5.0000,-4.0000,-24.24,0.0000,0.0469,0.0000,0,0.0,0.0,0.0,0.0,0.000,,,,,nan,nan,nan,0.0000,0.00,0,0,0,-1.00,0,0.000,0.1500
2026-08-12T18:28:21.989107,80.01,SEARCH,-5.0000,-4.0000,-21.92,0.0000,0.0451,0.0000,0,0.0,0.0,0.0,0.0,0.000,,,,,nan,nan,nan,0.0000,0.00,0,0,0,-1.00,0,0.000,0.1500
2026-08-12T18:28:22.989028,81.01,SEARCH,-5.0000,-4.0000,-19.69,0.0000,0.0435,0.0000,0,0.0,0.0,0.0,0.0,0.000,,,,,nan,nan,nan,0.0000,0.00,0,0,0,-1.00,0,0.000,0.1500
2026-08-12T18:28:23.989029,82.01,SEARCH,-5.0000,-4.0000,-17.53,0.0000,0.0422,0.0000,0,0.0,0.0,0.0,0.0,0.000,,,,,nan,nan,nan,0.0000,0.00,0,0,0,-1.00,0,0.000,0.1500
2026-08-12T18:28:24.989009,83.01,SEARCH,-5.0000,-4.0000,-15.48,0.0000,0.0410,0.0000,0,0.0,0.0,0.0,0.0,0.000,,,,,nan,nan,nan,0.0000,0.00,0,0,0,-1.00,0,0.000,0.1500
2026-08-12T18:28:25.990210,84.01,SEARCH,-5.0000,-4.0000,-13.39,0.0000,0.0400,0.0000,0,0.0,0.0,0.0,0.0,0.000,,,,,nan,nan,nan,0.0000,0.00,0,0,0,-1.00,0,0.000,0.1500
2026-08-12T18:28:26.989012,85.01,SEARCH,-5.0000,-4.0000,-11.40,0.0000,0.0392,0.0000,0,0.0,0.0,0.0,0.0,0.000,,,,,nan,nan,nan,0.0000,0.00,0,0,0,-1.00,0,0.000,0.1500
2026-08-12T18:28:27.989238,86.01,SEARCH,-5.0000,-4.0000,-9.40,0.0000,0.0384,0.0000,0,0.0,0.0,0.0,0.0,0.000,,,,,nan,nan,nan,0.0000,0.00,0,0,0,-1.00,0,0.000,0.1500
2026-08-12T18:28:28.988994,87.01,SEARCH,-5.0000,-4.0000,-7.47,0.0000,0.0379,0.0000,0,0.0,0.0,0.0,0.0,0.000,,,,,nan,nan,nan,0.0000,0.00,0,0,0,-1.00,0,0.000,0.1500
2026-08-12T18:28:29.989303,88.01,SEARCH,-5.0000,-4.0000,-5.57,0.0000,0.0375,0.0000,0,0.0,0.0,0.0,0.0,0.000,,,,,nan,nan,nan,0.0000,0.00,0,0,0,-1.00,0,0.000,0.1500
2026-08-12T18:28:30.989025,89.01,SEARCH,-5.0000,-4.0000,-3.69,0.0000,0.0372,0.0000,0,0.0,0.0,0.0,0.0,0.000,,,,,nan,nan,nan,0.0000,0.00,0,0,0,-1.00,0,0.000,0.1500
2026-08-12T18:28:31.501842,89.52,TRACK,-5.0000,-4.0000,-2.76,0.0000,0.0371,0.0000,1,70.3,182.7,140.6,136.3,0.119,8.4859,3.8353,0.8805,0.03,3.7315,-0.5182,nan,0.0000,0.00,0,0,1,0.01,0,0.000,0.1500
2026-08-12T18:28:31.988960,90.01,TRACK,-4.9397,-3.9999,2.98,0.1402,0.2322,0.0603,0,0.0,0.0,0.0,0.0,0.000,8.4859,3.8353,0.8805,0.42,3.3239,-0.5232,nan,8.4859,24.32,0,0,1,0.33,1,0.150,0.3000
2026-08-12T18:28:32.988944,91.01,TRACK,-4.8209,-3.9804,14.46,0.1405,0.2342,0.1802,1,224.4,185.4,179.2,126.8,0.548,9.4709,1.7715,0.9440,0.01,3.6715,-0.0206,nan,9.4709,12.36,0,0,1,0.08,1,0.150,0.3000
2026-08-12T18:28:33.989022,92.01,TRACK,-4.7045,-3.9434,21.58,0.1373,0.0811,0.3009,1,298.2,183.8,177.4,129.2,0.655,9.6431,0.4411,0.9688,0.04,3.6771,-0.2274,nan,9.4709,3.10,0,0,1,0.02,1,0.150,0.0811
2026-08-12T18:28:34.989027,93.01,TRACK,-4.5989,-3.9042,23.18,0.1371,0.0139,0.4124,1,315.8,182.1,182.7,132.6,0.706,10.1994,0.0943,1.0658,0.06,3.8140,-0.2880,nan,9.4709,0.53,0,0,1,0.04,1,0.150,0.0139
2026-08-12T18:28:35.989022,94.01,TRACK,-4.4838,-3.8595,23.43,0.1371,0.0026,0.5350,1,319.5,180.9,186.9,136.7,0.634,9.4709,0.0090,1.0125,0.01,3.9364,-0.2601,nan,9.4709,0.10,0,0,1,0.03,1,0.150,0.0026
2026-08-12T18:28:36.989061,95.01,TRACK,-4.3688,-3.8145,23.60,0.1371,0.0046,0.6579,1,319.7,179.7,184.8,138.8,0.527,9.4709,0.0042,1.0294,0.07,4.0321,-0.1843,nan,9.4709,0.17,0,0,1,0.06,1,0.150,0.0046
2026-08-12T18:28:37.989119,96.01,TRACK,-4.2565,-3.7702,23.63,0.1371,-0.0032,0.7782,1,320.4,178.5,192.2,140.9,0.603,9.4709,-0.0076,1.0539,0.01,4.1642,-0.1715,nan,9.4709,-0.12,0,0,1,0.04,1,0.150,-0.0032
2026-08-12T18:28:38.989116,97.01,TRACK,-4.1442,-3.7260,23.52,0.1371,-0.0061,0.8986,1,322.1,177.9,192.7,143.0,0.691,9.1443,-0.0369,1.0260,0.07,4.2892,-0.1566,nan,9.4709,-0.23,0,0,1,0.02,1,0.150,-0.0061
2026-08-12T18:28:39.988949,98.01,TRACK,-4.0369,-3.6840,23.54,0.1371,0.0000,1.0136,1,320.4,177.2,199.8,144.6,0.583,8.6946,0.0045,0.9860,0.04,4.0090,-0.2384,nan,9.0661,0.03,0,0,1,0.03,1,0.150,0.0009
2026-08-12T18:28:40.990240,99.01,TRACK,-3.9245,-3.6398,23.50,0.1371,-0.0064,1.1342,1,322.4,176.0,199.1,148.5,0.375,8.9893,-0.0391,1.0411,0.05,4.0620,-0.2642,nan,8.9893,-0.24,0,0,1,0.05,1,0.150,-0.0064
2026-08-12T18:28:41.989095,100.01,TRACK,-3.8146,-3.5969,23.48,0.1371,-0.0030,1.2520,1,321.3,175.2,202.9,149.3,0.562,8.9893,-0.0182,1.0539,0.08,4.1719,-0.2077,nan,8.9893,-0.12,0,0,1,0.05,1,0.150,-0.0030
2026-08-12T18:28:42.990234,101.01,TRACK,-3.7073,-3.5549,23.41,0.1371,0.0026,1.3672,1,319.7,174.9,202.5,150.2,0.619,8.6239,0.0179,1.0155,0.07,3.9346,-0.2966,nan,8.6239,0.10,0,0,1,0.05,1,0.150,0.0026
2026-08-12T18:28:43.989045,102.01,TRACK,-3.5948,-3.5112,23.37,0.1371,0.0000,1.4878,1,320.4,174.1,209.9,151.4,0.720,8.3523,-0.0066,0.9952,0.06,3.9253,-0.3257,nan,8.4859,0.00,0,0,1,0.05,1,0.150,0.0001
2026-08-12T18:28:44.989031,103.01,TRACK,-3.4848,-3.4683,23.53,0.1371,0.0052,1.6057,1,315.8,173.5,210.6,152.5,0.771,8.5543,0.0609,1.0304,0.03,4.1926,-0.1694,nan,8.6946,0.20,0,0,1,0.24,1,0.150,0.0052
2026-08-12T18:28:45.989037,104.01,TRACK,-3.3725,-3.4241,23.60,0.1371,0.0000,1.7264,1,318.7,173.2,215.0,155.1,0.212,8.4185,0.0198,1.0185,0.02,3.9557,-0.2819,nan,8.2870,0.04,0,0,1,0.03,1,0.150,0.0011
2026-08-12T18:28:46.989168,105.01,TRACK,-3.2603,-3.3797,23.72,0.1371,-0.0024,1.8470,1,321.6,171.2,215.5,160.1,0.838,8.2870,-0.0237,1.0319,0.03,4.0682,-0.2377,nan,8.2870,-0.09,0,0,1,0.02,1,0.150,-0.0024
2026-08-12T18:28:47.989125,106.01,TRACK,-3.1505,-3.3364,23.64,0.1371,-0.0041,1.9649,1,321.8,169.5,222.3,164.1,0.866,8.2870,-0.0268,1.0572,0.05,4.1858,-0.2126,nan,8.2870,-0.16,0,0,1,0.03,1,0.150,-0.0041
2026-08-12T18:28:48.989035,107.01,TRACK,-3.0382,-3.2921,23.69,0.1371,0.0052,2.0856,1,318.3,168.9,218.0,163.2,0.701,8.0359,0.0279,1.0382,0.07,4.0449,-0.2228,nan,8.0359,0.20,0,0,1,0.05,1,0.150,0.0052
2026-08-12T18:28:49.989011,108.01,TRACK,-2.9312,-3.2495,23.76,0.1371,-0.0034,2.2007,1,322.1,167.4,221.3,168.9,0.833,8.0359,-0.0308,1.0554,0.05,4.1642,-0.2080,nan,8.0359,-0.13,0,0,1,0.06,1,0.150,-0.0034
2026-08-12T18:28:50.989001,109.01,TRACK,-2.8138,-3.2031,23.77,0.1371,0.0083,2.3269,1,318.9,168.6,228.3,163.9,0.289,7.9755,0.0161,1.0314,0.04,3.7906,-0.3195,nan,7.5230,0.32,0,0,1,0.03,1,0.150,0.0083
2026-08-12T18:28:51.988992,110.01,TRACK,-2.7017,-3.1584,23.78,0.1371,-0.0030,2.4475,1,321.2,166.1,232.3,168.8,0.762,7.5767,-0.0218,1.0149,0.08,4.0186,-0.2758,nan,7.6312,-0.11,0,0,1,0.05,1,0.150,-0.0030
2026-08-12T18:28:52.989022,111.01,TRACK,-2.5895,-3.1140,23.72,0.1371,0.0000,2.5682,1,318.9,165.0,233.1,170.2,0.867,7.7995,0.0137,1.0554,0.04,4.1348,-0.2271,nan,7.6312,-0.02,0,0,1,0.03,1,0.150,-0.0005
2026-08-12T18:28:53.989100,112.01,TRACK,-2.4722,-3.0673,23.85,0.1371,0.0021,2.6944,1,319.6,162.7,236.2,175.3,0.890,7.6865,0.0098,1.0519,0.01,4.0933,-0.2198,nan,7.4700,0.08,0,0,1,0.00,1,0.150,0.0021
2026-08-12T18:28:54.989019,113.01,TRACK,-2.3627,-3.0236,23.83,0.1371,0.0000,2.8123,1,319.7,162.1,242.5,178.2,0.416,7.3662,-0.0024,1.0345,0.03,3.9329,-0.3143,nan,7.1671,-0.05,0,0,1,0.01,1,0.150,-0.0013
2026-08-12T18:28:55.989035,114.01,TRACK,-2.2506,-2.9787,23.99,0.1371,0.0000,2.9329,1,319.3,160.2,246.4,181.4,0.832,7.1190,0.0062,1.0276,0.05,4.1241,-0.2055,nan,7.2653,0.01,0,0,1,0.03,1,0.150,0.0002
2026-08-12T18:28:56.989003,115.01,TRACK,-2.1388,-2.9335,24.18,0.1370,0.0000,3.0536,1,320.0,158.0,254.1,186.0,0.685,6.9785,-0.0167,1.0294,0.08,4.0919,-0.2092,nan,7.1190,-0.07,0,0,1,0.06,1,0.150,-0.0019
2026-08-12T18:28:57.989086,116.01,TRACK,-2.0269,-2.8882,24.01,0.1371,0.0000,3.1742,1,320.3,156.2,254.2,189.6,0.364,6.8435,-0.0039,1.0381,0.02,4.2551,-0.1480,nan,7.1671,0.04,0,0,1,0.01,1,0.150,0.0011
2026-08-12T18:28:58.988883,117.01,TRACK,-1.9149,-2.8431,23.97,0.1371,-0.0024,3.2948,0,0.0,0.0,0.0,0.0,0.000,7.0716,-0.0044,1.0947,0.04,4.2858,-0.1622,nan,7.0716,-0.09,0,0,1,0.04,1,0.150,-0.0024
2026-08-12T18:28:59.989056,118.01,TRACK,-1.8030,-2.7981,23.98,0.1371,-0.0020,3.4155,1,321.2,149.9,260.2,200.9,0.125,6.6713,-0.0139,1.0877,0.04,4.1781,-0.2115,nan,6.8435,-0.08,0,0,1,0.13,1,0.150,-0.0020
2026-08-12T18:29:00.989013,119.01,TRACK,-1.6986,-2.7562,24.00,0.1371,0.0024,3.5279,0,0.0,0.0,0.0,0.0,0.000,6.6296,0.0107,1.0355,0.32,4.0724,-0.2438,nan,6.6296,0.09,0,0,1,0.23,1,0.150,0.0024
2026-08-12T18:29:01.989040,120.01,TRACK,-1.5866,-2.7111,23.93,0.1371,0.0000,3.6486,1,320.2,144.3,274.6,212.5,0.113,6.4679,-0.0008,1.1179,0.07,4.0989,-0.2529,nan,6.5076,-0.01,0,0,1,0.03,1,0.150,-0.0002
2026-08-12T18:29:02.989584,121.01,TRACK,-1.4772,-2.6671,24.12,0.1370,0.0074,3.7665,1,317.5,149.1,281.5,202.9,0.457,6.4287,0.0297,1.0580,0.06,4.1150,-0.1999,nan,6.4287,0.28,0,0,1,0.05,1,0.150,0.0074
2026-08-12T18:29:03.989041,122.01,TRACK,-1.3680,-2.6227,24.14,0.1370,0.0000,3.8844,0,0.0,0.0,0.0,0.0,0.000,6.1314,-0.0060,0.9831,0.69,4.0640,-0.2525,nan,6.1314,-0.06,0,0,1,0.60,1,0.150,-0.0015
2026-08-12T18:29:04.988881,123.01,TRACK,-1.2561,-2.5775,24.00,0.1371,-0.0057,4.0051,1,321.2,139.1,289.9,224.3,0.118,6.2031,-0.0137,1.1330,0.00,4.2088,-0.2006,nan,6.2396,-0.22,0,0,1,0.07,1,0.150,-0.0057
2026-08-12T18:29:05.988992,124.01,TRACK,-1.1466,-2.5335,23.96,0.1371,0.0000,4.1230,0,0.0,0.0,0.0,0.0,0.000,6.2031,-0.0008,1.1422,0.79,4.2088,-0.2006,nan,6.2031,-0.01,0,0,1,0.70,1,0.150,-0.0002
2026-08-12T18:29:06.989021,125.01,TRACK,-1.0372,-2.4893,23.14,0.1391,-0.2598,4.2410,0,0.0,0.0,0.0,0.0,0.000,4.7354,-1.9414,0.9748,0.02,4.2088,-0.2006,nan,4.7354,-22.29,1,0,1,0.02,1,0.150,-0.3000
2026-08-12T18:29:07.401014,125.42,ALIGN,-0.9968,-2.4734,18.76,0.0000,0.0000,4.2844,0,0.0,0.0,0.0,0.0,0.000,4.7354,-1.9414,0.9748,0.43,4.2088,-0.2006,23.59,4.7354,-22.29,0,0,1,0.33,1,0.000,0.0000
2026-08-12T18:29:07.989120,126.01,ALIGN,-0.9968,-2.4734,21.10,0.0000,0.0000,4.2844,0,0.0,0.0,0.0,0.0,0.000,4.7354,-1.9414,0.9748,1.02,4.2088,-0.2006,23.59,5.6801,2.48,0,3,1,0.93,0,0.000,0.0000
2026-08-12T18:29:08.502166,126.52,CROSS,-0.9968,-2.4734,21.10,0.0000,0.0000,4.2844,0,0.0,0.0,0.0,0.0,0.000,4.7354,-1.9414,0.9748,1.53,4.2088,-0.2006,23.59,5.6801,2.48,0,8,1,1.43,0,0.000,0.0000
2026-08-12T18:29:08.989027,127.01,CROSS,-0.9225,-2.4473,21.10,0.1873,0.0000,4.3631,0,0.0,0.0,0.0,0.0,0.000,5.6422,0.3430,1.1421,0.17,4.2088,-0.2006,23.59,8.1164,0.00,0,0,1,0.08,0,0.200,0.0000
2026-08-12T18:29:09.989055,128.01,CROSS,-0.7670,-2.3926,21.10,0.1873,0.0000,4.5279,0,0.0,0.0,0.0,0.0,0.000,5.6422,0.3430,1.1421,1.17,4.2088,-0.2006,23.59,7.9515,0.00,0,0,1,1.08,0,0.200,0.0000
2026-08-12T18:29:10.989022,129.01,CROSS,-0.6114,-2.3378,21.10,0.1873,0.0000,4.6928,1,536.7,126.2,206.7,252.4,0.105,5.6422,0.3430,1.1421,2.17,4.2088,-0.2006,23.59,7.7866,0.00,0,0,0,2.08,0,0.200,0.0000
2026-08-12T18:29:11.989496,130.01,CROSS,-0.4559,-2.2831,21.10,0.1873,0.0000,4.8577,0,0.0,0.0,0.0,0.0,0.000,4.1926,-1.6379,0.8638,0.81,4.2088,-0.2006,23.59,7.6254,0.00,0,0,1,0.72,0,0.200,0.0000
2026-08-12T18:29:12.989092,131.01,CROSS,-0.3003,-2.2284,21.10,0.1873,0.0000,5.0225,1,543.4,125.9,193.3,251.8,0.253,4.0179,-1.6245,0.8300,0.06,4.2088,-0.2006,23.59,7.4568,0.00,0,0,1,0.13,0,0.200,0.0000
2026-08-12T18:29:13.989060,132.01,CROSS,-0.1447,-2.1736,21.10,0.1873,0.0000,5.1874,1,544.2,125.2,191.7,250.5,0.268,3.7219,-1.5102,0.7732,0.01,4.2088,-0.2006,23.59,7.2919,0.00,0,0,1,0.37,0,0.200,0.0000
2026-08-12T18:29:14.989046,133.01,CROSS,0.0108,-2.1189,21.10,0.1873,0.0000,5.3523,1,545.8,125.7,188.4,251.3,0.377,3.5836,-1.4695,0.7445,0.04,4.2088,-0.2006,23.59,7.1270,0.00,0,0,1,0.25,0,0.200,0.0000
2026-08-12T18:29:15.989082,134.01,CROSS,0.1628,-2.0654,21.10,0.1873,0.0000,5.5134,0,0.0,0.0,0.0,0.0,0.000,3.5836,-1.4744,0.7409,0.12,4.2088,-0.2006,23.59,6.9658,0.00,0,0,1,0.03,0,0.200,0.0000
2026-08-12T18:29:16.988983,135.01,CROSS,0.3184,-2.0107,21.10,0.1873,0.0000,5.6783,1,549.8,126.3,180.5,252.6,0.447,3.3568,-1.3957,0.6917,0.05,4.2088,-0.2006,23.59,6.8046,0.00,0,0,1,0.02,0,0.200,0.0000
2026-08-12T18:29:17.989060,136.01,CROSS,0.4740,-1.9559,21.10,0.1873,0.0000,5.8432,0,0.0,0.0,0.0,0.0,0.000,3.3568,-1.3957,0.6917,1.05,4.2088,-0.2006,23.59,6.6360,0.00,0,0,1,0.96,0,0.200,0.0000
2026-08-12T18:29:18.989030,137.01,CROSS,0.6225,-1.9037,21.10,0.1873,0.0000,6.0006,1,558.2,129.7,162.8,259.3,0.371,3.3568,-1.3957,0.6917,2.05,4.2088,-0.2006,23.59,6.4786,0.00,0,0,0,1.96,0,0.200,0.0000
2026-08-12T18:29:19.988936,138.01,CROSS,0.7780,-1.8489,21.10,0.1873,0.0000,6.1654,0,0.0,0.0,0.0,0.0,0.000,3.0135,-1.2994,0.6018,0.98,4.2088,-0.2006,23.59,6.3137,0.00,0,0,1,0.89,0,0.200,0.0000
2026-08-12T18:29:20.989233,139.01,CROSS,0.9336,-1.7942,21.10,0.1873,0.0000,6.3303,0,0.0,0.0,0.0,0.0,0.000,3.0135,-1.2994,0.6018,1.98,4.2088,-0.2006,23.59,6.1450,0.00,0,0,0,1.89,0,0.200,0.0000
2026-08-12T18:29:21.989010,140.01,CROSS,1.0891,-1.7395,21.10,0.1873,0.0000,6.4952,0,0.0,0.0,0.0,0.0,0.000,3.0135,-1.2994,0.6018,2.98,4.2088,-0.2006,23.59,5.9876,0.00,0,0,0,2.89,0,0.200,0.0000
2026-08-12T18:29:22.989055,141.01,CROSS,1.2412,-1.6860,21.10,0.1873,0.0000,6.6563,0,0.0,0.0,0.0,0.0,0.000,3.0135,-1.2994,0.6018,3.98,4.2088,-0.2006,23.59,5.8227,0.00,0,0,0,3.89,0,0.200,0.0000
2026-08-12T18:29:23.989031,142.01,CROSS,1.3967,-1.6312,21.10,0.1873,0.0000,6.8212,0,0.0,0.0,0.0,0.0,0.000,3.0135,-1.2994,0.6018,4.98,4.2088,-0.2006,23.59,5.6540,0.00,0,0,0,4.89,0,0.200,0.0000
2026-08-12T18:29:24.988909,143.01,CROSS,1.5594,-1.5740,21.10,0.1873,0.0000,6.9936,0,0.0,0.0,0.0,0.0,0.000,3.0135,-1.2994,0.6018,5.98,4.2088,-0.2006,23.59,5.4891,0.00,0,0,0,5.89,0,0.200,0.0000
2026-08-12T18:29:25.988959,144.01,CROSS,1.7149,-1.5193,21.10,0.1873,0.0000,7.1585,0,0.0,0.0,0.0,0.0,0.000,3.0135,-1.2994,0.6018,6.98,4.2088,-0.2006,23.59,5.3205,0.00,0,0,0,6.89,0,0.200,0.0000
2026-08-12T18:29:26.989269,145.01,CROSS,1.8705,-1.4645,21.10,0.1873,0.0000,7.3234,0,0.0,0.0,0.0,0.0,0.000,3.0135,-1.2994,0.6018,7.98,4.2088,-0.2006,23.59,5.1555,0.00,0,0,0,7.89,0,0.200,0.0000
2026-08-12T18:29:27.988971,146.01,CROSS,2.0260,-1.4098,21.10,0.1873,0.0000,7.4883,0,0.0,0.0,0.0,0.0,0.000,3.0135,-1.2994,0.6018,8.98,4.2088,-0.2006,23.59,4.9906,0.00,0,0,0,8.89,0,0.200,0.0000
2026-08-12T18:29:28.989049,147.01,CROSS,2.1781,-1.3563,21.10,0.1873,0.0000,7.6494,0,0.0,0.0,0.0,0.0,0.000,3.0135,-1.2994,0.6018,9.98,4.2088,-0.2006,23.59,4.8295,0.00,0,0,0,9.89,0,0.200,0.0000
2026-08-12T18:29:29.989067,148.01,CROSS,2.3266,-1.3041,21.10,0.1873,0.0000,7.8068,0,0.0,0.0,0.0,0.0,0.000,3.0135,-1.2994,0.6018,10.98,4.2088,-0.2006,23.59,4.6721,0.00,0,0,0,10.89,0,0.200,0.0000
2026-08-12T18:29:30.988990,149.01,CROSS,2.4821,-1.2493,21.10,0.1873,0.0000,7.9717,0,0.0,0.0,0.0,0.0,0.000,3.0135,-1.2994,0.6018,11.98,4.2088,-0.2006,23.59,4.5072,0.00,0,0,0,11.89,0,0.200,0.0000
2026-08-12T18:29:31.989048,150.01,CROSS,2.6377,-1.1946,21.10,0.1873,0.0000,8.1366,0,0.0,0.0,0.0,0.0,0.000,3.0135,-1.2994,0.6018,12.98,4.2088,-0.2006,23.59,4.3422,0.00,0,0,0,12.89,0,0.200,0.0000
2026-08-12T18:29:32.988992,151.01,CROSS,2.7932,-1.1398,21.10,0.1873,0.0000,8.3015,0,0.0,0.0,0.0,0.0,0.000,3.0135,-1.2994,0.6018,13.98,4.2088,-0.2006,23.59,4.1736,0.00,0,0,0,13.89,0,0.200,0.0000
2026-08-12T18:29:33.989252,152.01,CROSS,2.9488,-1.0851,21.10,0.1873,0.0000,8.4664,0,0.0,0.0,0.0,0.0,0.000,3.0135,-1.2994,0.6018,14.98,4.2088,-0.2006,23.59,4.0124,0.00,0,0,0,14.89,0,0.200,0.0000
2026-08-12T18:29:34.988933,153.01,CROSS,3.1079,-1.0291,21.10,0.1873,0.0000,8.6350,0,0.0,0.0,0.0,0.0,0.000,3.0135,-1.2994,0.6018,15.98,4.2088,-0.2006,23.59,3.8475,0.00,0,0,0,15.89,0,0.200,0.0000
2026-08-12T18:29:35.989051,154.01,CROSS,3.2564,-0.9769,21.10,0.1873,0.0000,8.7924,0,0.0,0.0,0.0,0.0,0.000,3.0135,-1.2994,0.6018,16.98,4.2088,-0.2006,23.59,3.6826,0.00,0,0,0,16.89,0,0.200,0.0000
2026-08-12T18:29:36.989065,155.01,CROSS,3.4084,-0.9234,21.10,0.1873,0.0000,8.9536,0,0.0,0.0,0.0,0.0,0.000,3.0135,-1.2994,0.6018,17.98,4.2088,-0.2006,23.59,3.5214,0.00,0,0,0,17.89,0,0.200,0.0000
2026-08-12T18:29:37.989022,156.01,CROSS,3.5675,-0.8674,21.10,0.1873,0.0000,9.1222,0,0.0,0.0,0.0,0.0,0.000,3.0135,-1.2994,0.6018,18.98,4.2088,-0.2006,23.59,3.3565,0.00,0,0,0,18.89,0,0.200,0.0000
2026-08-12T18:29:38.989044,157.01,CROSS,3.7195,-0.8139,21.10,0.1873,0.0000,9.2834,0,0.0,0.0,0.0,0.0,0.000,3.0135,-1.2994,0.6018,19.98,4.2088,-0.2006,23.59,3.1954,0.00,0,0,0,19.89,0,0.200,0.0000
2026-08-12T18:29:39.988981,158.01,CROSS,3.8751,-0.7592,21.10,0.1873,0.0000,9.4483,0,0.0,0.0,0.0,0.0,0.000,3.0135,-1.2994,0.6018,20.98,4.2088,-0.2006,23.59,3.0305,0.00,0,0,0,20.89,0,0.200,0.0000
2026-08-12T18:29:40.989203,159.01,CROSS,4.0236,-0.7069,21.10,0.1873,0.0000,9.6057,0,0.0,0.0,0.0,0.0,0.000,3.0135,-1.2994,0.6018,21.98,4.2088,-0.2006,23.59,2.8731,0.00,0,0,0,21.89,0,0.200,0.0000
2026-08-12T18:29:41.989024,160.01,CROSS,4.1721,-0.6547,21.10,0.1873,0.0000,9.7631,0,0.0,0.0,0.0,0.0,0.000,3.0135,-1.2994,0.6018,22.98,4.2088,-0.2006,23.59,2.7156,0.00,0,0,0,22.89,0,0.200,0.0000
2026-08-12T18:29:42.989067,161.01,CROSS,4.3276,-0.5999,21.10,0.1873,0.0000,9.9280,0,0.0,0.0,0.0,0.0,0.000,3.0135,-1.2994,0.6018,23.98,4.2088,-0.2006,23.59,2.5507,0.00,0,0,0,23.89,0,0.200,0.0000
2026-08-12T18:29:43.989106,162.01,CROSS,4.4832,-0.5452,21.10,0.1873,0.0000,10.0929,0,0.0,0.0,0.0,0.0,0.000,3.0135,-1.2994,0.6018,24.98,4.2088,-0.2006,23.59,2.3858,0.00,0,0,0,24.89,0,0.200,0.0000
2026-08-12T18:29:44.989064,163.01,CROSS,4.6387,-0.4905,21.10,0.1873,0.0000,10.2578,0,0.0,0.0,0.0,0.0,0.000,3.0135,-1.2994,0.6018,25.98,4.2088,-0.2006,23.59,2.2209,0.00,0,0,0,25.89,0,0.200,0.0000
2026-08-12T18:29:45.989046,164.01,CROSS,4.7943,-0.4357,21.10,0.1873,0.0000,10.4227,0,0.0,0.0,0.0,0.0,0.000,3.0135,-1.2994,0.6018,26.98,4.2088,-0.2006,23.59,2.0560,0.00,0,0,0,26.89,0,0.200,0.0000
2026-08-12T18:29:46.989026,165.01,CROSS,4.9499,-0.3810,21.10,0.1873,0.0000,10.5876,0,0.0,0.0,0.0,0.0,0.000,3.0135,-1.2994,0.6018,27.98,4.2088,-0.2006,23.59,1.8911,0.00,0,0,0,27.89,0,0.200,0.0000
2026-08-12T18:29:47.989270,166.01,CROSS,5.1054,-0.3263,21.10,0.1873,0.0000,10.7525,0,0.0,0.0,0.0,0.0,0.000,3.0135,-1.2994,0.6018,28.98,4.2088,-0.2006,23.59,1.7224,0.00,0,0,0,28.89,0,0.200,0.0000
2026-08-12T18:29:48.989034,167.01,CROSS,5.2681,-0.2690,21.10,0.1873,0.0000,10.9249,0,0.0,0.0,0.0,0.0,0.000,3.0135,-1.2994,0.6018,29.98,4.2088,-0.2006,23.59,1.5538,0.00,0,0,0,29.89,0,0.200,0.0000
2026-08-12T18:29:49.988948,168.01,CROSS,5.4201,-0.2155,21.10,0.1873,0.0000,11.0860,0,0.0,0.0,0.0,0.0,0.000,3.0135,-1.2994,0.6018,30.98,4.2088,-0.2006,23.59,1.3926,0.00,0,0,0,30.89,0,0.200,0.0000
2026-08-12T18:29:50.988937,169.01,CROSS,5.5721,-0.1620,21.10,0.1873,0.0000,11.2472,0,0.0,0.0,0.0,0.0,0.000,3.0135,-1.2994,0.6018,31.98,4.2088,-0.2006,23.59,1.2315,0.00,0,0,0,31.89,0,0.200,0.0000
2026-08-12T18:29:51.989166,170.01,CROSS,5.7312,-0.1061,21.10,0.1873,0.0000,11.4158,0,0.0,0.0,0.0,0.0,0.000,3.0135,-1.2994,0.6018,32.98,4.2088,-0.2006,23.59,1.0628,0.00,0,0,0,32.89,0,0.200,0.0000
2026-08-12T18:29:52.988890,171.01,CROSS,5.8868,-0.0513,21.10,0.1873,0.0000,11.5807,0,0.0,0.0,0.0,0.0,0.000,3.0135,-1.2994,0.6018,33.98,4.2088,-0.2006,23.59,0.8979,0.00,0,0,0,33.89,0,0.200,0.0000
2026-08-12T18:29:53.988939,172.01,CROSS,6.0459,0.0047,21.10,0.1873,0.0000,11.7494,0,0.0,0.0,0.0,0.0,0.000,3.0135,-1.2994,0.6018,34.98,4.2088,-0.2006,23.59,0.7292,0.00,0,0,0,34.89,0,0.200,0.0000
2026-08-12T18:29:54.989056,173.01,CROSS,6.2014,0.0594,21.10,0.1873,0.0000,11.9143,0,0.0,0.0,0.0,0.0,0.000,3.0135,-1.2994,0.6018,35.98,4.2088,-0.2006,23.59,0.5606,0.00,0,0,0,35.89,0,0.200,0.0000
2026-08-12T18:29:55.989033,174.01,CROSS,6.3605,0.1154,21.10,0.1873,0.0000,12.0829,0,0.0,0.0,0.0,0.0,0.000,3.0135,-1.2994,0.6018,36.98,4.2088,-0.2006,23.59,0.3957,0.00,0,0,0,36.89,0,0.200,0.0000
2026-08-12T18:29:56.989075,175.01,CROSS,6.5196,0.1714,21.10,0.1873,0.0000,12.2516,0,0.0,0.0,0.0,0.0,0.000,3.0135,-1.2994,0.6018,37.98,4.2088,-0.2006,23.59,0.2270,0.00,0,0,0,37.89,0,0.200,0.0000
2026-08-12T18:29:57.989076,176.01,CROSS,6.6716,0.2249,21.10,0.1873,0.0000,12.4128,0,0.0,0.0,0.0,0.0,0.000,3.0135,-1.2994,0.6018,38.98,4.2088,-0.2006,23.59,0.0658,0.00,0,0,0,38.89,0,0.200,0.0000
2026-08-12T18:29:58.401995,176.42,STOP,6.7263,0.2441,21.10,0.0000,0.0000,12.4707,0,0.0,0.0,0.0,0.0,0.000,3.0135,-1.2994,0.6018,39.39,4.2088,-0.2006,23.59,0.0000,0.00,0,0,0,39.29,0,0.000,0.0000
2026-08-12T18:29:58.988968,177.01,STOP,6.7263,0.2441,21.10,0.0000,0.0000,12.4707,0,0.0,0.0,0.0,0.0,0.000,3.0135,-1.2994,0.6018,39.98,4.2088,-0.2006,23.59,0.0000,0.00,0,0,0,39.89,0,0.000,0.0000
2026-08-12T18:29:59.989105,178.01,STOP,6.7263,0.2441,21.10,0.0000,0.0000,12.4707,0,0.0,0.0,0.0,0.0,0.000,3.0135,-1.2994,0.6018,40.98,4.2088,-0.2006,23.59,0.0000,0.00,0,0,0,40.89,0,0.000,0.0000
2026-08-12T18:30:00.401060,178.42,RETURN_ALIGN,6.7263,0.2441,21.10,0.0000,0.0000,12.4707,0,0.0,0.0,0.0,0.0,0.000,3.0135,-1.2994,0.6018,41.39,4.2088,-0.2006,23.59,0.0000,0.00,0,0,0,41.29,0,0.000,0.0000
2026-08-12T18:30:00.989027,179.01,RETURN_ALIGN,6.7263,0.2441,15.60,0.0000,-0.1911,12.4707,0,0.0,0.0,0.0,0.0,0.000,3.0135,-1.2994,0.6018,41.98,4.2088,-0.2006,23.59,2.5564,-172.90,0,0,0,41.89,0,0.000,-0.3000
2026-08-12T18:30:01.989187,180.01,RETURN_ALIGN,6.7263,0.2441,5.86,0.0000,-0.1875,12.4707,0,0.0,0.0,0.0,0.0,0.000,3.0135,-1.2994,0.6018,42.98,4.2088,-0.2006,23.59,2.5564,-163.13,0,0,0,42.89,0,0.000,-0.3000
2026-08-12T18:30:02.988975,181.01,RETURN_ALIGN,6.7263,0.2441,-3.57,-0.0000,-0.1871,12.4707,0,0.0,0.0,0.0,0.0,0.000,3.0135,-1.2994,0.6018,43.98,4.2088,-0.2006,23.59,2.5564,-153.70,0,0,0,43.89,0,0.000,-0.3000
2026-08-12T18:30:03.988864,182.01,RETURN_ALIGN,6.7263,0.2441,-13.06,-0.0000,-0.1898,12.4707,0,0.0,0.0,0.0,0.0,0.000,3.0135,-1.2994,0.6018,44.98,4.2088,-0.2006,23.59,2.5564,-144.44,0,0,0,44.89,0,0.000,-0.3000
2026-08-12T18:30:04.989015,183.01,RETURN_ALIGN,6.7263,0.2441,-22.54,-0.0000,-0.1955,12.4707,0,0.0,0.0,0.0,0.0,0.000,3.0135,-1.2994,0.6018,45.98,4.2088,-0.2006,23.59,2.5564,-134.77,0,0,0,45.89,0,0.000,-0.3000
2026-08-12T18:30:05.989028,184.01,RETURN_ALIGN,6.7263,0.2441,-32.38,-0.0000,-0.2044,12.4707,0,0.0,0.0,0.0,0.0,0.000,3.0135,-1.2994,0.6018,46.98,4.2088,-0.2006,23.59,2.5564,-124.97,0,0,0,46.89,0,0.000,-0.3000
2026-08-12T18:30:06.989055,185.01,RETURN_ALIGN,6.7263,0.2441,-42.94,0.0000,-0.2041,12.4707,0,0.0,0.0,0.0,0.0,0.000,3.0135,-1.2994,0.6018,47.98,4.2088,-0.2006,23.59,2.5564,-114.17,0,0,0,47.89,0,0.000,-0.3000
2026-08-12T18:30:07.989231,186.01,RETURN_ALIGN,6.7263,0.2441,-52.77,-0.0000,-0.2049,12.4707,0,0.0,0.0,0.0,0.0,0.000,3.0135,-1.2994,0.6018,48.98,4.2088,-0.2006,23.59,2.5564,-104.58,0,0,0,48.89,0,0.000,-0.3000
2026-08-12T18:30:08.988978,187.01,RETURN_ALIGN,6.7263,0.2441,-63.03,0.0000,-0.1992,12.4707,0,0.0,0.0,0.0,0.0,0.000,3.0135,-1.2994,0.6018,49.98,4.2088,-0.2006,23.59,2.5564,-94.30,0,0,0,49.89,0,0.000,-0.3000
2026-08-12T18:30:09.989060,188.01,RETURN_ALIGN,6.7263,0.2441,-73.09,0.0000,-0.1918,12.4707,0,0.0,0.0,0.0,0.0,0.000,3.0135,-1.2994,0.6018,50.98,4.2088,-0.2006,23.59,2.5564,-84.20,0,0,0,50.89,0,0.000,-0.3000
2026-08-12T18:30:10.989042,189.01,RETURN_ALIGN,6.7263,0.2441,-82.65,0.0000,-0.1878,12.4707,0,0.0,0.0,0.0,0.0,0.000,3.0135,-1.2994,0.6018,51.98,4.2088,-0.2006,23.59,2.5564,-74.63,0,0,0,51.89,0,0.000,-0.3000
2026-08-12T18:30:11.989044,190.01,RETURN_ALIGN,6.7263,0.2441,-92.08,-0.0000,-0.1870,12.4707,0,0.0,0.0,0.0,0.0,0.000,3.0135,-1.2994,0.6018,52.98,4.2088,-0.2006,23.59,2.5564,-65.19,0,0,0,52.89,0,0.000,-0.3000
2026-08-12T18:30:12.989007,191.01,RETURN_ALIGN,6.7263,0.2441,-101.55,-0.0000,-0.1892,12.4707,0,0.0,0.0,0.0,0.0,0.000,3.0135,-1.2994,0.6018,53.98,4.2088,-0.2006,23.59,2.5564,-55.73,0,0,0,53.89,0,0.000,-0.3000
2026-08-12T18:30:13.989090,192.01,RETURN_ALIGN,6.7263,0.2441,-110.99,-0.0000,-0.1943,12.4707,0,0.0,0.0,0.0,0.0,0.000,3.0135,-1.2994,0.6018,54.98,4.2088,-0.2006,23.59,2.5564,-46.09,0,0,0,54.89,0,0.000,-0.3000
2026-08-12T18:30:14.988965,193.01,RETURN_ALIGN,6.7263,0.2441,-121.46,-0.0000,-0.2034,12.4707,0,0.0,0.0,0.0,0.0,0.000,3.0135,-1.2994,0.6018,55.98,4.2088,-0.2006,23.59,2.5564,-36.12,0,0,0,55.89,0,0.000,-0.3000
2026-08-12T18:30:15.988990,194.01,RETURN_ALIGN,6.7263,0.2441,-131.32,0.0000,-0.2042,12.4707,0,0.0,0.0,0.0,0.0,0.000,2.7623,-1.3040,0.5291,0.20,4.2088,-0.2006,23.59,2.5564,-25.80,0,0,1,0.11,0,0.000,-0.3000
2026-08-12T18:30:16.988992,195.01,RETURN_ALIGN,6.7263,0.2441,-142.08,-0.0000,-0.2047,12.4707,0,0.0,0.0,0.0,0.0,0.000,2.8211,-1.1344,0.5709,0.46,4.2088,-0.2006,23.59,2.5564,-15.27,0,0,1,0.37,0,0.000,-0.3000
2026-08-12T18:30:17.988997,196.01,RETURN_ALIGN,6.7263,0.2441,-152.36,0.0000,-0.1998,12.4707,0,0.0,0.0,0.0,0.0,0.000,2.8211,-1.1344,0.5709,1.46,4.2088,-0.2006,23.59,2.5564,-4.97,0,0,1,1.37,0,0.000,-0.3000
2026-08-12T18:30:18.988898,197.01,RETURN_ALIGN,6.7263,0.2441,-154.05,0.0000,0.0000,12.4707,0,0.0,0.0,0.0,0.0,0.000,2.8211,-1.1344,0.5709,2.46,4.2088,-0.2006,23.59,2.5564,-2.37,0,0,0,2.37,0,0.000,0.0000
2026-08-12T18:30:19.002255,197.02,RETURN_TRACK,6.7263,0.2441,-154.05,0.0000,0.0000,12.4707,0,0.0,0.0,0.0,0.0,0.000,2.8211,-1.1344,0.5709,2.48,4.2088,-0.2006,23.59,2.5564,-2.37,0,0,0,2.37,0,0.000,0.0000
2026-08-12T18:30:19.502134,197.52,RETURN_ALIGN2,6.6788,0.2237,-159.50,0.0000,0.0000,12.4191,0,0.0,0.0,0.0,0.0,0.000,2.8211,-1.1344,0.5709,2.98,4.2088,-0.2006,23.59,2.5078,-10.91,0,0,0,2.87,2,0.000,0.0000
2026-08-12T18:30:19.989030,198.01,RETURN_ALIGN2,6.6788,0.2237,-163.90,0.0000,-0.1914,12.4191,0,0.0,0.0,0.0,0.0,0.000,2.8211,-1.1344,0.5709,3.46,4.2088,-0.2006,23.59,2.5061,-7.23,0,0,0,3.37,0,0.000,-0.3000
2026-08-12T18:30:20.989166,199.01,RETURN_ALIGN2,6.6788,0.2237,-167.66,0.0000,0.0000,12.4191,0,0.0,0.0,0.0,0.0,0.000,2.8211,-1.1344,0.5709,4.46,4.2088,-0.2006,23.59,2.5061,-2.58,0,6,0,4.37,0,0.000,0.0000
2026-08-12T18:30:21.203220,199.22,RETURN_CROSS,6.6788,0.2237,-167.66,0.0000,0.0000,12.4191,0,0.0,0.0,0.0,0.0,0.000,2.8211,-1.1344,0.5709,4.68,4.2088,-0.2006,23.59,2.5061,-2.58,0,8,0,4.57,0,0.000,0.0000
2026-08-12T18:30:21.988980,200.01,RETURN_CROSS,6.5504,0.2009,-167.66,0.1883,0.0000,12.2906,0,0.0,0.0,0.0,0.0,0.000,2.8211,-1.1344,0.5709,5.46,4.2088,-0.2006,23.59,4.8908,0.00,0,0,0,5.37,0,0.200,0.0000
2026-08-12T18:30:22.989088,201.01,RETURN_CROSS,6.3833,0.1713,-167.66,0.1883,0.0000,12.1235,0,0.0,0.0,0.0,0.0,0.000,2.8211,-1.1344,0.5709,6.46,4.2088,-0.2006,23.59,4.7212,0.00,0,0,0,6.37,0,0.200,0.0000
2026-08-12T18:30:23.989047,202.01,RETURN_CROSS,6.2238,0.1430,-167.66,0.1883,0.0000,11.9640,0,0.0,0.0,0.0,0.0,0.000,2.8211,-1.1344,0.5709,7.46,4.2088,-0.2006,23.59,4.5591,0.00,0,0,0,7.37,0,0.200,0.0000
2026-08-12T18:30:24.989128,203.01,RETURN_CROSS,6.0530,0.1127,-167.66,0.1883,0.0000,11.7934,0,0.0,0.0,0.0,0.0,0.000,2.8211,-1.1344,0.5709,8.46,4.2088,-0.2006,23.59,4.3857,0.00,0,0,0,8.37,0,0.200,0.0000
2026-08-12T18:30:25.989221,204.01,RETURN_CROSS,5.8935,0.0844,-167.66,0.1883,0.0000,11.6340,0,0.0,0.0,0.0,0.0,0.000,2.8211,-1.1344,0.5709,9.46,4.2088,-0.2006,23.59,4.2236,0.00,0,0,0,9.37,0,0.200,0.0000
2026-08-12T18:30:26.989022,205.01,RETURN_CROSS,5.7264,0.0548,-167.66,0.1883,0.0000,11.4672,0,0.0,0.0,0.0,0.0,0.000,2.8211,-1.1344,0.5709,10.46,4.2088,-0.2006,23.59,4.0540,0.00,0,0,0,10.37,0,0.200,0.0000
2026-08-12T18:30:27.988844,206.01,RETURN_CROSS,5.5631,0.0258,-167.66,0.1883,0.0000,11.3043,0,0.0,0.0,0.0,0.0,0.000,2.8211,-1.1344,0.5709,11.46,4.2088,-0.2006,23.59,3.8882,0.00,0,0,0,11.37,0,0.200,0.0000
2026-08-12T18:30:28.989116,207.01,RETURN_CROSS,5.4036,-0.0025,-167.66,0.1883,0.0000,11.1451,0,0.0,0.0,0.0,0.0,0.000,2.8211,-1.1344,0.5709,12.46,4.2088,-0.2006,23.59,3.7261,0.00,0,0,0,12.37,0,0.200,0.0000
2026-08-12T18:30:29.994195,208.01,RETURN_CROSS,5.2440,-0.0309,-167.66,0.1883,0.0000,10.9860,0,0.0,0.0,0.0,0.0,0.000,2.8211,-1.1344,0.5709,13.47,4.2088,-0.2006,23.59,3.5602,0.00,0,0,0,13.37,0,0.200,0.0000
2026-08-12T18:30:30.988968,209.01,RETURN_CROSS,5.0770,-0.0605,-167.66,0.1883,0.0000,10.8197,0,0.0,0.0,0.0,0.0,0.000,2.8211,-1.1344,0.5709,14.46,4.2088,-0.2006,23.59,3.3944,0.00,0,0,0,14.37,0,0.200,0.0000
2026-08-12T18:30:31.989208,210.01,RETURN_CROSS,4.9137,-0.0895,-167.66,0.1883,0.0000,10.6571,0,0.0,0.0,0.0,0.0,0.000,2.8211,-1.1344,0.5709,15.46,4.2088,-0.2006,23.59,3.2285,0.00,0,0,0,15.37,0,0.200,0.0000
2026-08-12T18:30:32.989013,211.01,RETURN_CROSS,4.7466,-0.1191,-167.66,0.1883,0.0000,10.4909,0,0.0,0.0,0.0,0.0,0.000,2.8211,-1.1344,0.5709,16.46,4.2088,-0.2006,23.59,3.0589,0.00,0,0,0,16.37,0,0.200,0.0000
2026-08-12T18:30:33.989053,212.01,RETURN_CROSS,4.5834,-0.1481,-167.66,0.1883,0.0000,10.3285,0,0.0,0.0,0.0,0.0,0.000,2.8211,-1.1344,0.5709,17.46,4.2088,-0.2006,23.59,2.8931,0.00,0,0,0,17.37,0,0.200,0.0000
2026-08-12T18:30:34.989046,213.01,RETURN_CROSS,4.4201,-0.1770,-167.66,0.1883,0.0000,10.1662,0,0.0,0.0,0.0,0.0,0.000,2.8211,-1.1344,0.5709,18.46,4.2088,-0.2006,23.59,2.7272,0.00,0,0,0,18.37,0,0.200,0.0000
2026-08-12T18:30:35.988990,214.01,RETURN_CROSS,4.2568,-0.2060,-167.66,0.1883,0.0000,10.0041,0,0.0,0.0,0.0,0.0,0.000,2.8211,-1.1344,0.5709,19.46,4.2088,-0.2006,23.59,2.5614,0.00,0,0,0,19.37,0,0.200,0.0000
2026-08-12T18:30:36.988992,215.01,RETURN_CROSS,4.0972,-0.2343,-167.66,0.1883,0.0000,9.8457,0,0.0,0.0,0.0,0.0,0.000,2.8211,-1.1344,0.5709,20.46,4.2088,-0.2006,23.59,2.3993,0.00,0,0,0,20.37,0,0.200,0.0000
2026-08-12T18:30:37.989221,216.01,RETURN_CROSS,3.9339,-0.2633,-167.66,0.1883,0.0000,9.6838,0,0.0,0.0,0.0,0.0,0.000,2.8211,-1.1344,0.5709,21.46,4.2088,-0.2006,23.59,2.2334,0.00,0,0,0,21.37,0,0.200,0.0000
2026-08-12T18:30:38.988902,217.01,RETURN_CROSS,3.7706,-0.2923,-167.66,0.1883,0.0000,9.5221,0,0.0,0.0,0.0,0.0,0.000,2.8211,-1.1344,0.5709,22.46,4.2088,-0.2006,23.59,2.0676,0.00,0,0,0,22.37,0,0.200,0.0000
2026-08-12T18:30:39.989029,218.01,RETURN_CROSS,3.6073,-0.3213,-167.66,0.1883,0.0000,9.3605,0,0.0,0.0,0.0,0.0,0.000,2.8211,-1.1344,0.5709,23.46,4.2088,-0.2006,23.59,1.9017,0.00,0,0,0,23.37,0,0.200,0.0000
2026-08-12T18:30:40.989022,219.01,RETURN_CROSS,3.4477,-0.3496,-167.66,0.1883,0.0000,9.2027,0,0.0,0.0,0.0,0.0,0.000,2.8211,-1.1344,0.5709,24.46,4.2088,-0.2006,23.59,1.7397,0.00,0,0,0,24.37,0,0.200,0.0000
2026-08-12T18:30:41.989973,220.01,RETURN_CROSS,3.2844,-0.3785,-167.66,0.1883,0.0000,9.0413,0,0.0,0.0,0.0,0.0,0.000,2.8211,-1.1344,0.5709,25.46,4.2088,-0.2006,23.59,1.5738,0.00,0,0,0,25.37,0,0.200,0.0000
2026-08-12T18:30:42.989056,221.01,RETURN_CROSS,3.1248,-0.4069,-167.66,0.1883,0.0000,8.8839,0,0.0,0.0,0.0,0.0,0.000,2.8211,-1.1344,0.5709,26.46,4.2088,-0.2006,23.59,1.4117,0.00,0,0,0,26.37,0,0.200,0.0000
2026-08-12T18:30:43.989091,222.01,RETURN_CROSS,2.9541,-0.4372,-167.66,0.1883,0.0000,8.7156,0,0.0,0.0,0.0,0.0,0.000,2.8211,-1.1344,0.5709,27.46,4.2088,-0.2006,23.59,1.2383,0.00,0,0,0,27.37,0,0.200,0.0000
2026-08-12T18:30:44.989125,223.01,RETURN_CROSS,2.7834,-0.4674,-167.66,0.1883,0.0000,8.5475,0,0.0,0.0,0.0,0.0,0.000,2.8211,-1.1344,0.5709,28.46,4.2088,-0.2006,23.59,1.0650,0.00,0,0,0,28.37,0,0.200,0.0000
2026-08-12T18:30:45.989024,224.01,RETURN_CROSS,2.6201,-0.4964,-167.66,0.1883,0.0000,8.3869,0,0.0,0.0,0.0,0.0,0.000,2.8211,-1.1344,0.5709,29.46,4.2088,-0.2006,23.59,0.8953,0.00,0,0,0,29.37,0,0.200,0.0000
2026-08-12T18:30:46.988881,225.01,RETURN_CROSS,2.4568,-0.5254,-167.66,0.1883,0.0000,8.2265,0,0.0,0.0,0.0,0.0,0.000,2.8211,-1.1344,0.5709,30.46,4.2088,-0.2006,23.59,0.7333,0.00,0,0,0,30.37,0,0.200,0.0000
2026-08-12T18:30:47.989045,226.01,RETURN_CROSS,2.2897,-0.5550,-167.66,0.1883,0.0000,8.0628,0,0.0,0.0,0.0,0.0,0.000,2.8211,-1.1344,0.5709,31.46,4.2088,-0.2006,23.59,0.5636,0.00,0,0,0,31.38,0,0.200,0.0000
2026-08-12T18:30:48.989046,227.01,RETURN_CROSS,2.1302,-0.5833,-167.66,0.1883,0.0000,7.9065,0,0.0,0.0,0.0,0.0,0.000,2.8211,-1.1344,0.5709,32.46,4.2088,-0.2006,23.59,0.4016,0.00,0,0,0,32.37,0,0.200,0.0000
2026-08-12T18:30:49.989051,228.01,RETURN_CROSS,1.9669,-0.6123,-167.66,0.1883,0.0000,7.7468,0,0.0,0.0,0.0,0.0,0.000,2.8211,-1.1344,0.5709,33.46,4.2088,-0.2006,23.59,0.2357,0.00,0,0,0,33.37,0,0.200,0.0000
2026-08-12T18:30:50.988953,229.01,RETURN_CROSS,1.7999,-0.6420,-167.66,0.1883,0.0000,7.5838,0,0.0,0.0,0.0,0.0,0.000,2.8211,-1.1344,0.5709,34.46,4.2088,-0.2006,23.59,0.0661,0.00,0,0,0,34.37,0,0.200,0.0000
2026-08-12T18:30:51.403302,229.42,DONE,1.7470,-0.6513,-167.66,0.0000,0.0000,7.5323,0,0.0,0.0,0.0,0.0,0.000,2.8211,-1.1344,0.5709,34.88,4.2088,-0.2006,23.59,0.0000,0.00,0,0,0,34.77,0,0.000,0.0000
2026-08-12T18:30:51.989080,230.01,DONE,1.7470,-0.6513,-167.66,0.0000,0.0000,7.5323,0,0.0,0.0,0.0,0.0,0.000,2.8211,-1.1344,0.5709,35.46,4.2088,-0.2006,23.59,0.0000,0.00,0,0,0,35.37,0,0.000,0.0000
2026-08-12T18:30:52.988988,231.01,DONE,1.7470,-0.6513,-167.66,0.0000,0.0000,7.5323,0,0.0,0.0,0.0,0.0,0.000,2.8211,-1.1344,0.5709,36.46,4.2088,-0.2006,23.59,0.0000,0.00,0,0,0,36.37,0,0.000,0.0000
2026-08-12T18:30:53.989003,232.01,DONE,1.7470,-0.6513,-167.66,0.0000,0.0000,7.5323,0,0.0,0.0,0.0,0.0,0.000,2.8211,-1.1344,0.5709,37.46,4.2088,-0.2006,23.59,0.0000,0.00,0,0,0,37.37,0,0.000,0.0000
2026-08-12T18:30:54.989091,233.01,DONE,1.7470,-0.6513,-167.66,0.0000,0.0000,7.5323,0,0.0,0.0,0.0,0.0,0.000,2.8211,-1.1344,0.5709,38.46,4.2088,-0.2006,23.59,0.0000,0.00,0,0,0,38.37,0,0.000,0.0000
2026-08-12T18:30:55.989134,234.01,DONE,1.7470,-0.6513,-167.66,0.0000,0.0000,7.5323,0,0.0,0.0,0.0,0.0,0.000,2.8211,-1.1344,0.5709,39.46,4.2088,-0.2006,23.59,0.0000,0.00,0,0,0,39.37,0,0.000,0.0000
2026-08-12T18:30:56.989119,235.01,DONE,1.7470,-0.6513,-167.66,0.0000,0.0000,7.5323,0,0.0,0.0,0.0,0.0,0.000,2.8211,-1.1344,0.5709,40.46,4.2088,-0.2006,23.59,0.0000,0.00,0,0,0,40.37,0,0.000,0.0000
2026-08-12T18:30:57.989027,236.01,DONE,1.7470,-0.6513,-167.66,0.0000,0.0000,7.5323,0,0.0,0.0,0.0,0.0,0.000,2.8211,-1.1344,0.5709,41.46,4.2088,-0.2006,23.59,0.0000,0.00,0,0,0,41.37,0,0.000,0.0000
2026-08-12T18:30:58.989048,237.01,DONE,1.7470,-0.6513,-167.66,0.0000,0.0000,7.5323,0,0.0,0.0,0.0,0.0,0.000,2.8211,-1.1344,0.5709,42.46,4.2088,-0.2006,23.59,0.0000,0.00,0,0,0,42.37,0,0.000,0.0000
2026-08-12T18:30:59.988993,238.01,DONE,1.7470,-0.6513,-167.66,0.0000,0.0000,7.5323,0,0.0,0.0,0.0,0.0,0.000,2.8211,-1.1344,0.5709,43.46,4.2088,-0.2006,23.59,0.0000,0.00,0,0,0,43.37,0,0.000,0.0000
2026-08-12T18:31:00.988881,239.01,DONE,1.7470,-0.6513,-167.66,0.0000,0.0000,7.5323,0,0.0,0.0,0.0,0.0,0.000,2.8211,-1.1344,0.5709,44.46,4.2088,-0.2006,23.59,0.0000,0.00,0,0,0,44.37,0,0.000,0.0000
2026-08-12T18:31:01.989125,240.01,DONE,1.7470,-0.6513,-167.66,0.0000,0.0000,7.5323,0,0.0,0.0,0.0,0.0,0.000,2.8211,-1.1344,0.5709,45.46,4.2088,-0.2006,23.59,0.0000,0.00,0,0,0,45.37,0,0.000,0.0000
2026-08-12T18:31:02.988960,241.01,DONE,1.7470,-0.6513,-167.66,0.0000,0.0000,7.5323,0,0.0,0.0,0.0,0.0,0.000,2.8211,-1.1344,0.5709,46.46,4.2088,-0.2006,23.59,0.0000,0.00,0,0,0,46.37,0,0.000,0.0000
2026-08-12T18:31:03.989087,242.01,DONE,1.7470,-0.6513,-167.66,0.0000,0.0000,7.5323,0,0.0,0.0,0.0,0.0,0.000,2.8211,-1.1344,0.5709,47.46,4.2088,-0.2006,23.59,0.0000,0.00,0,0,0,47.37,0,0.000,0.0000
2026-08-12T18:31:04.989127,243.01,DONE,1.7470,-0.6513,-167.66,0.0000,0.0000,7.5323,0,0.0,0.0,0.0,0.0,0.000,2.8211,-1.1344,0.5709,48.46,4.2088,-0.2006,23.59,0.0000,0.00,0,0,0,48.37,0,0.000,0.0000
2026-08-12T18:31:05.988992,244.01,DONE,1.7470,-0.6513,-167.66,0.0000,0.0000,7.5323,0,0.0,0.0,0.0,0.0,0.000,2.8211,-1.1344,0.5709,49.46,4.2088,-0.2006,23.59,0.0000,0.00,0,0,0,49.37,0,0.000,0.0000
2026-08-12T18:31:06.989013,245.01,DONE,1.7470,-0.6513,-167.66,0.0000,0.0000,7.5323,0,0.0,0.0,0.0,0.0,0.000,2.8211,-1.1344,0.5709,50.46,4.2088,-0.2006,23.59,0.0000,0.00,0,0,0,50.37,0,0.000,0.0000
2026-08-12T18:31:07.989033,246.01,DONE,1.7470,-0.6513,-167.66,0.0000,0.0000,7.5323,0,0.0,0.0,0.0,0.0,0.000,2.8211,-1.1344,0.5709,51.46,4.2088,-0.2006,23.59,0.0000,0.00,0,0,0,51.37,0,0.000,0.0000
2026-08-12T18:31:08.989731,247.01,DONE,1.7470,-0.6513,-167.66,0.0000,0.0000,7.5323,0,0.0,0.0,0.0,0.0,0.000,2.8211,-1.1344,0.5709,52.46,4.2088,-0.2006,23.59,0.0000,0.00,0,0,0,52.37,0,0.000,0.0000
2026-08-12T18:31:09.989042,248.01,DONE,1.7470,-0.6513,-167.66,0.0000,0.0000,7.5323,0,0.0,0.0,0.0,0.0,0.000,2.8211,-1.1344,0.5709,53.46,4.2088,-0.2006,23.59,0.0000,0.00,0,0,0,53.37,0,0.000,0.0000
2026-08-12T18:31:10.988990,249.01,DONE,1.7470,-0.6513,-167.66,0.0000,0.0000,7.5323,0,0.0,0.0,0.0,0.0,0.000,2.8211,-1.1344,0.5709,54.46,4.2088,-0.2006,23.59,0.0000,0.00,0,0,0,54.37,0,0.000,0.0000
2026-08-12T18:31:11.989022,250.01,DONE,1.7470,-0.6513,-167.66,0.0000,0.0000,7.5323,0,0.0,0.0,0.0,0.0,0.000,2.8211,-1.1344,0.5709,55.46,4.2088,-0.2006,23.59,0.0000,0.00,0,0,0,55.37,0,0.000,0.0000
2026-08-12T18:31:12.988971,251.01,DONE,1.7470,-0.6513,-167.66,0.0000,0.0000,7.5323,0,0.0,0.0,0.0,0.0,0.000,2.8211,-1.1344,0.5709,56.46,4.2088,-0.2006,23.59,0.0000,0.00,0,0,0,56.37,0,0.000,0.0000
2026-08-12T18:31:13.989015,252.01,DONE,1.7470,-0.6513,-167.66,0.0000,0.0000,7.5323,0,0.0,0.0,0.0,0.0,0.000,2.8211,-1.1344,0.5709,57.46,4.2088,-0.2006,23.59,0.0000,0.00,0,0,0,57.37,0,0.000,0.0000
2026-08-12T18:31:14.988958,253.01,DONE,1.7470,-0.6513,-167.66,0.0000,0.0000,7.5323,0,0.0,0.0,0.0,0.0,0.000,2.8211,-1.1344,0.5709,58.46,4.2088,-0.2006,23.59,0.0000,0.00,0,0,0,58.37,0,0.000,0.0000
2026-08-12T18:31:15.989077,254.01,DONE,1.7470,-0.6513,-167.66,0.0000,0.0000,7.5323,0,0.0,0.0,0.0,0.0,0.000,2.8211,-1.1344,0.5709,59.46,4.2088,-0.2006,23.59,0.0000,0.00,0,0,0,59.37,0,0.000,0.0000
2026-08-12T18:31:16.989594,255.01,DONE,1.7470,-0.6513,-167.66,0.0000,0.0000,7.5323,0,0.0,0.0,0.0,0.0,0.000,2.8211,-1.1344,0.5709,60.46,4.2088,-0.2006,23.59,0.0000,0.00,0,0,0,60.37,0,0.000,0.0000
2026-08-12T18:31:17.989040,256.01,DONE,1.7470,-0.6513,-167.66,0.0000,0.0000,7.5323,0,0.0,0.0,0.0,0.0,0.000,2.8211,-1.1344,0.5709,61.46,4.2088,-0.2006,23.59,0.0000,0.00,0,0,0,61.37,0,0.000,0.0000
2026-08-12T18:31:18.989121,257.01,DONE,1.7470,-0.6513,-167.66,0.0000,0.0000,7.5323,0,0.0,0.0,0.0,0.0,0.000,2.8211,-1.1344,0.5709,62.46,4.2088,-0.2006,23.59,0.0000,0.00,0,0,0,62.37,0,0.000,0.0000
2026-08-12T18:31:19.989016,258.01,DONE,1.7470,-0.6513,-167.66,0.0000,0.0000,7.5323,0,0.0,0.0,0.0,0.0,0.000,2.8211,-1.1344,0.5709,63.46,4.2088,-0.2006,23.59,0.0000,0.00,0,0,0,63.37,0,0.000,0.0000
2026-08-12T18:31:20.988987,259.01,DONE,1.7470,-0.6513,-167.66,0.0000,0.0000,7.5323,0,0.0,0.0,0.0,0.0,0.000,2.8211,-1.1344,0.5709,64.46,4.2088,-0.2006,23.59,0.0000,0.00,0,0,0,64.37,0,0.000,0.0000
2026-08-12T18:31:21.989018,260.01,DONE,1.7470,-0.6513,-167.66,0.0000,0.0000,7.5323,0,0.0,0.0,0.0,0.0,0.000,2.8211,-1.1344,0.5709,65.46,4.2088,-0.2006,23.59,0.0000,0.00,0,0,0,65.37,0,0.000,0.0000
2026-08-12T18:31:22.988948,261.01,DONE,1.7470,-0.6513,-167.66,0.0000,0.0000,7.5323,0,0.0,0.0,0.0,0.0,0.000,2.8211,-1.1344,0.5709,66.46,4.2088,-0.2006,23.59,0.0000,0.00,0,0,0,66.37,0,0.000,0.0000
2026-08-12T18:31:23.989031,262.01,DONE,1.7470,-0.6513,-167.66,0.0000,0.0000,7.5323,0,0.0,0.0,0.0,0.0,0.000,2.8211,-1.1344,0.5709,67.46,4.2088,-0.2006,23.59,0.0000,0.00,0,0,0,67.37,0,0.000,0.0000
2026-08-12T18:31:24.988989,263.01,DONE,1.7470,-0.6513,-167.66,0.0000,0.0000,7.5323,0,0.0,0.0,0.0,0.0,0.000,2.8211,-1.1344,0.5709,68.46,4.2088,-0.2006,23.59,0.0000,0.00,0,0,0,68.37,0,0.000,0.0000
2026-08-12T18:31:25.988858,264.01,DONE,1.7470,-0.6513,-167.66,0.0000,0.0000,7.5323,0,0.0,0.0,0.0,0.0,0.000,2.8211,-1.1344,0.5709,69.46,4.2088,-0.2006,23.59,0.0000,0.00,0,0,0,69.37,0,0.000,0.0000
2026-08-12T18:31:26.989211,265.01,DONE,1.7470,-0.6513,-167.66,0.0000,0.0000,7.5323,0,0.0,0.0,0.0,0.0,0.000,2.8211,-1.1344,0.5709,70.46,4.2088,-0.2006,23.59,0.0000,0.00,0,0,0,70.37,0,0.000,0.0000
2026-08-12T18:31:27.990243,266.01,DONE,1.7470,-0.6513,-167.66,0.0000,0.0000,7.5323,0,0.0,0.0,0.0,0.0,0.000,2.8211,-1.1344,0.5709,71.46,4.2088,-0.2006,23.59,0.0000,0.00,0,0,0,71.37,0,0.000,0.0000
2026-08-12T18:31:28.989332,267.01,DONE,1.7470,-0.6513,-167.66,0.0000,0.0000,7.5323,0,0.0,0.0,0.0,0.0,0.000,2.8211,-1.1344,0.5709,72.46,4.2088,-0.2006,23.59,0.0000,0.00,0,0,0,72.37,0,0.000,0.0000
2026-08-12T18:31:29.989204,268.01,DONE,1.7470,-0.6513,-167.66,0.0000,0.0000,7.5323,0,0.0,0.0,0.0,0.0,0.000,2.8211,-1.1344,0.5709,73.46,4.2088,-0.2006,23.59,0.0000,0.00,0,0,0,73.37,0,0.000,0.0000
2026-08-12T18:31:30.989363,269.01,DONE,1.7470,-0.6513,-167.66,0.0000,0.0000,7.5323,0,0.0,0.0,0.0,0.0,0.000,2.8211,-1.1344,0.5709,74.46,4.2088,-0.2006,23.59,0.0000,0.00,0,0,0,74.37,0,0.000,0.0000
2026-08-12T18:31:31.989089,270.01,DONE,1.7470,-0.6513,-167.66,0.0000,0.0000,7.5323,0,0.0,0.0,0.0,0.0,0.000,2.8211,-1.1344,0.5709,75.46,4.2088,-0.2006,23.59,0.0000,0.00,0,0,0,75.37,0,0.000,0.0000
2026-08-12T18:31:32.989213,271.01,DONE,1.7470,-0.6513,-167.66,0.0000,0.0000,7.5323,0,0.0,0.0,0.0,0.0,0.000,2.8211,-1.1344,0.5709,76.46,4.2088,-0.2006,23.59,0.0000,0.00,0,0,0,76.37,0,0.000,0.0000
2026-08-12T18:31:33.989015,272.01,DONE,1.7470,-0.6513,-167.66,0.0000,0.0000,7.5323,0,0.0,0.0,0.0,0.0,0.000,2.8211,-1.1344,0.5709,77.46,4.2088,-0.2006,23.59,0.0000,0.00,0,0,0,77.37,0,0.000,0.0000
2026-08-12T18:31:34.989216,273.01,DONE,1.7470,-0.6513,-167.66,0.0000,0.0000,7.5323,0,0.0,0.0,0.0,0.0,0.000,2.8211,-1.1344,0.5709,78.46,4.2088,-0.2006,23.59,0.0000,0.00,0,0,0,78.37,0,0.000,0.0000
2026-08-12T18:31:35.989235,274.01,DONE,1.7470,-0.6513,-167.66,0.0000,0.0000,7.5323,0,0.0,0.0,0.0,0.0,0.000,2.8211,-1.1344,0.5709,79.46,4.2088,-0.2006,23.59,0.0000,0.00,0,0,0,79.37,0,0.000,0.0000
2026-08-12T18:31:36.989341,275.01,DONE,1.7470,-0.6513,-167.66,0.0000,0.0000,7.5323,0,0.0,0.0,0.0,0.0,0.000,2.8211,-1.1344,0.5709,80.46,4.2088,-0.2006,23.59,0.0000,0.00,0,0,0,80.37,0,0.000,0.0000
2026-08-12T18:31:37.989222,276.01,DONE,1.7470,-0.6513,-167.66,0.0000,0.0000,7.5323,0,0.0,0.0,0.0,0.0,0.000,2.8211,-1.1344,0.5709,81.46,4.2088,-0.2006,23.59,0.0000,0.00,0,0,0,81.37,0,0.000,0.0000
2026-08-12T18:31:38.989272,277.01,DONE,1.7470,-0.6513,-167.66,0.0000,0.0000,7.5323,0,0.0,0.0,0.0,0.0,0.000,2.8211,-1.1344,0.5709,82.46,4.2088,-0.2006,23.59,0.0000,0.00,0,0,0,82.37,0,0.000,0.0000
2026-08-12T18:31:39.989090,278.01,DONE,1.7470,-0.6513,-167.66,0.0000,0.0000,7.5323,0,0.0,0.0,0.0,0.0,0.000,2.8211,-1.1344,0.5709,83.46,4.2088,-0.2006,23.59,0.0000,0.00,0,0,0,83.37,0,0.000,0.0000
2026-08-12T18:31:40.989204,279.01,DONE,1.7470,-0.6513,-167.66,0.0000,0.0000,7.5323,0,0.0,0.0,0.0,0.0,0.000,2.8211,-1.1344,0.5709,84.46,4.2088,-0.2006,23.59,0.0000,0.00,0,0,0,84.37,0,0.000,0.0000
2026-08-12T18:31:41.989269,280.01,DONE,1.7470,-0.6513,-167.66,0.0000,0.0000,7.5323,0,0.0,0.0,0.0,0.0,0.000,2.8211,-1.1344,0.5709,85.46,4.2088,-0.2006,23.59,0.0000,0.00,0,0,0,85.37,0,0.000,0.0000
2026-08-12T18:31:42.989184,281.01,DONE,1.7470,-0.6513,-167.66,0.0000,0.0000,7.5323,0,0.0,0.0,0.0,0.0,0.000,2.8211,-1.1344,0.5709,86.46,4.2088,-0.2006,23.59,0.0000,0.00,0,0,0,86.37,0,0.000,0.0000
2026-08-12T18:31:43.989798,282.01,DONE,1.7470,-0.6513,-167.66,0.0000,0.0000,7.5323,0,0.0,0.0,0.0,0.0,0.000,2.8211,-1.1344,0.5709,87.46,4.2088,-0.2006,23.59,0.0000,0.00,0,0,0,87.37,0,0.000,0.0000
2026-08-12T18:31:44.989145,283.01,DONE,1.7470,-0.6513,-167.66,0.0000,0.0000,7.5323,0,0.0,0.0,0.0,0.0,0.000,2.8211,-1.1344,0.5709,88.46,4.2088,-0.2006,23.59,0.0000,0.00,0,0,0,88.37,0,0.000,0.0000
2026-08-12T18:31:45.989215,284.01,DONE,1.7470,-0.6513,-167.66,0.0000,0.0000,7.5323,0,0.0,0.0,0.0,0.0,0.000,2.8211,-1.1344,0.5709,89.46,4.2088,-0.2006,23.59,0.0000,0.00,0,0,0,89.37,0,0.000,0.0000
2026-08-12T18:31:46.989125,285.01,DONE,1.7470,-0.6513,-167.66,0.0000,0.0000,7.5323,0,0.0,0.0,0.0,0.0,0.000,2.8211,-1.1344,0.5709,90.46,4.2088,-0.2006,23.59,0.0000,0.00,0,0,0,90.37,0,0.000,0.0000
2026-08-12T18:31:47.989223,286.01,DONE,1.7470,-0.6513,-167.66,0.0000,0.0000,7.5323,0,0.0,0.0,0.0,0.0,0.000,2.8211,-1.1344,0.5709,91.46,4.2088,-0.2006,23.59,0.0000,0.00,0,0,0,91.37,0,0.000,0.0000
2026-08-12T18:31:48.989337,287.01,DONE,1.7470,-0.6513,-167.66,0.0000,0.0000,7.5323,0,0.0,0.0,0.0,0.0,0.000,2.8211,-1.1344,0.5709,92.46,4.2088,-0.2006,23.59,0.0000,0.00,0,0,0,92.37,0,0.000,0.0000
2026-08-12T18:31:49.989242,288.01,DONE,1.7470,-0.6513,-167.66,0.0000,0.0000,7.5323,0,0.0,0.0,0.0,0.0,0.000,2.8211,-1.1344,0.5709,93.46,4.2088,-0.2006,23.59,0.0000,0.00,0,0,0,93.37,0,0.000,0.0000
2026-08-12T18:31:50.989162,289.01,DONE,1.7470,-0.6513,-167.66,0.0000,0.0000,7.5323,0,0.0,0.0,0.0,0.0,0.000,2.8211,-1.1344,0.5709,94.46,4.2088,-0.2006,23.59,0.0000,0.00,0,0,0,94.37,0,0.000,0.0000
2026-08-12T18:31:51.989147,290.01,DONE,1.7470,-0.6513,-167.66,0.0000,0.0000,7.5323,0,0.0,0.0,0.0,0.0,0.000,2.8211,-1.1344,0.5709,95.46,4.2088,-0.2006,23.59,0.0000,0.00,0,0,0,95.37,0,0.000,0.0000
2026-08-12T18:31:52.989270,291.01,DONE,1.7470,-0.6513,-167.66,0.0000,0.0000,7.5323,0,0.0,0.0,0.0,0.0,0.000,2.8211,-1.1344,0.5709,96.46,4.2088,-0.2006,23.59,0.0000,0.00,0,0,0,96.37,0,0.000,0.0000
2026-08-12T18:31:53.989056,292.01,DONE,1.7470,-0.6513,-167.66,0.0000,0.0000,7.5323,0,0.0,0.0,0.0,0.0,0.000,2.8211,-1.1344,0.5709,97.46,4.2088,-0.2006,23.59,0.0000,0.00,0,0,0,97.37,0,0.000,0.0000
2026-08-12T18:31:54.989084,293.01,DONE,1.7470,-0.6513,-167.66,0.0000,0.0000,7.5323,0,0.0,0.0,0.0,0.0,0.000,2.8211,-1.1344,0.5709,98.46,4.2088,-0.2006,23.59,0.0000,0.00,0,0,0,98.37,0,0.000,0.0000
2026-08-12T18:31:55.989280,294.01,DONE,1.7470,-0.6513,-167.66,0.0000,0.0000,7.5323,0,0.0,0.0,0.0,0.0,0.000,2.8211,-1.1344,0.5709,99.46,4.2088,-0.2006,23.59,0.0000,0.00,0,0,0,99.37,0,0.000,0.0000
2026-08-12T18:31:56.989239,295.01,DONE,1.7470,-0.6513,-167.66,0.0000,0.0000,7.5323,0,0.0,0.0,0.0,0.0,0.000,2.8211,-1.1344,0.5709,100.46,4.2088,-0.2006,23.59,0.0000,0.00,0,0,0,100.37,0,0.000,0.0000
2026-08-12T18:31:57.989112,296.01,DONE,1.7470,-0.6513,-167.66,0.0000,0.0000,7.5323,0,0.0,0.0,0.0,0.0,0.000,2.8211,-1.1344,0.5709,101.46,4.2088,-0.2006,23.59,0.0000,0.00,0,0,0,101.37,0,0.000,0.0000
2026-08-12T18:31:58.988959,297.01,DONE,1.7470,-0.6513,-167.66,0.0000,0.0000,7.5323,0,0.0,0.0,0.0,0.0,0.000,2.8211,-1.1344,0.5709,102.46,4.2088,-0.2006,23.59,0.0000,0.00,0,0,0,102.37,0,0.000,0.0000
2026-08-12T18:31:59.989040,298.01,DONE,1.7470,-0.6513,-167.66,0.0000,0.0000,7.5323,0,0.0,0.0,0.0,0.0,0.000,2.8211,-1.1344,0.5709,103.46,4.2088,-0.2006,23.59,0.0000,0.00,0,0,0,103.37,0,0.000,0.0000
2026-08-12T18:32:00.989049,299.01,DONE,1.7470,-0.6513,-167.66,0.0000,0.0000,7.5323,0,0.0,0.0,0.0,0.0,0.000,2.8211,-1.1344,0.5709,104.46,4.2088,-0.2006,23.59,0.0000,0.00,0,0,0,104.37,0,0.000,0.0000
2026-08-12T18:32:01.989023,300.01,DONE,1.7470,-0.6513,-167.66,0.0000,0.0000,7.5323,0,0.0,0.0,0.0,0.0,0.000,2.8211,-1.1344,0.5709,105.46,4.2088,-0.2006,23.59,0.0000,0.00,0,0,0,105.37,0,0.000,0.0000
2026-08-12T18:32:02.989049,301.01,DONE,1.7470,-0.6513,-167.66,0.0000,0.0000,7.5323,0,0.0,0.0,0.0,0.0,0.000,2.8211,-1.1344,0.5709,106.46,4.2088,-0.2006,23.59,0.0000,0.00,0,0,0,106.37,0,0.000,0.0000
2026-08-12T18:32:03.989037,302.01,DONE,1.7470,-0.6513,-167.66,0.0000,0.0000,7.5323,0,0.0,0.0,0.0,0.0,0.000,2.8211,-1.1344,0.5709,107.46,4.2088,-0.2006,23.59,0.0000,0.00,0,0,0,107.37,0,0.000,0.0000
2026-08-12T18:32:04.989058,303.01,DONE,1.7470,-0.6513,-167.66,0.0000,0.0000,7.5323,0,0.0,0.0,0.0,0.0,0.000,2.8211,-1.1344,0.5709,108.46,4.2088,-0.2006,23.59,0.0000,0.00,0,0,0,108.37,0,0.000,0.0000
2026-08-12T18:32:05.988988,304.01,DONE,1.7470,-0.6513,-167.66,0.0000,0.0000,7.5323,0,0.0,0.0,0.0,0.0,0.000,2.8211,-1.1344,0.5709,109.46,4.2088,-0.2006,23.59,0.0000,0.00,0,0,0,109.37,0,0.000,0.0000
2026-08-12T18:32:06.989120,305.01,DONE,1.7470,-0.6513,-167.66,0.0000,0.0000,7.5323,0,0.0,0.0,0.0,0.0,0.000,2.8211,-1.1344,0.5709,110.46,4.2088,-0.2006,23.59,0.0000,0.00,0,0,0,110.37,0,0.000,0.0000
2026-08-12T18:32:07.988927,306.01,DONE,1.7470,-0.6513,-167.66,0.0000,0.0000,7.5323,0,0.0,0.0,0.0,0.0,0.000,2.8211,-1.1344,0.5709,111.46,4.2088,-0.2006,23.59,0.0000,0.00,0,0,0,111.37,0,0.000,0.0000
2026-08-12T18:32:08.989182,307.01,DONE,1.7470,-0.6513,-167.66,0.0000,0.0000,7.5323,0,0.0,0.0,0.0,0.0,0.000,2.8211,-1.1344,0.5709,112.46,4.2088,-0.2006,23.59,0.0000,0.00,0,0,0,112.37,0,0.000,0.0000
2026-08-12T18:32:09.989060,308.01,DONE,1.7470,-0.6513,-167.66,0.0000,0.0000,7.5323,0,0.0,0.0,0.0,0.0,0.000,2.8211,-1.1344,0.5709,113.46,4.2088,-0.2006,23.59,0.0000,0.00,0,0,0,113.37,0,0.000,0.0000
2026-08-12T18:32:10.989025,309.01,DONE,1.7470,-0.6513,-167.66,0.0000,0.0000,7.5323,0,0.0,0.0,0.0,0.0,0.000,2.8211,-1.1344,0.5709,114.46,4.2088,-0.2006,23.59,0.0000,0.00,0,0,0,114.37,0,0.000,0.0000
2026-08-12T18:32:11.989067,310.01,DONE,1.7470,-0.6513,-167.66,0.0000,0.0000,7.5323,0,0.0,0.0,0.0,0.0,0.000,2.8211,-1.1344,0.5709,115.46,4.2088,-0.2006,23.59,0.0000,0.00,0,0,0,115.37,0,0.000,0.0000
2026-08-12T18:32:12.989036,311.01,DONE,1.7470,-0.6513,-167.66,0.0000,0.0000,7.5323,0,0.0,0.0,0.0,0.0,0.000,2.8211,-1.1344,0.5709,116.46,4.2088,-0.2006,23.59,0.0000,0.00,0,0,0,116.37,0,0.000,0.0000
2026-08-12T18:32:13.989075,312.01,DONE,1.7470,-0.6513,-167.66,0.0000,0.0000,7.5323,0,0.0,0.0,0.0,0.0,0.000,2.8211,-1.1344,0.5709,117.46,4.2088,-0.2006,23.59,0.0000,0.00,0,0,0,117.37,0,0.000,0.0000
2026-08-12T18:32:14.989041,313.01,DONE,1.7470,-0.6513,-167.66,0.0000,0.0000,7.5323,0,0.0,0.0,0.0,0.0,0.000,2.8211,-1.1344,0.5709,118.46,4.2088,-0.2006,23.59,0.0000,0.00,0,0,0,118.37,0,0.000,0.0000
2026-08-12T18:32:15.989006,314.01,DONE,1.7470,-0.6513,-167.66,0.0000,0.0000,7.5323,0,0.0,0.0,0.0,0.0,0.000,2.8211,-1.1344,0.5709,119.46,4.2088,-0.2006,23.59,0.0000,0.00,0,0,0,119.37,0,0.000,0.0000
2026-08-12T18:32:16.989370,315.01,DONE,1.7470,-0.6513,-167.66,0.0000,0.0000,7.5323,0,0.0,0.0,0.0,0.0,0.000,2.8211,-1.1344,0.5709,120.46,4.2088,-0.2006,23.59,0.0000,0.00,0,0,0,120.37,0,0.000,0.0000
2026-08-12T18:32:17.989086,316.01,DONE,1.7470,-0.6513,-167.66,0.0000,0.0000,7.5323,0,0.0,0.0,0.0,0.0,0.000,2.8211,-1.1344,0.5709,121.46,4.2088,-0.2006,23.59,0.0000,0.00,0,0,0,121.37,0,0.000,0.0000
2026-08-12T18:32:18.988998,317.01,DONE,1.7470,-0.6513,-167.66,0.0000,0.0000,7.5323,0,0.0,0.0,0.0,0.0,0.000,2.8211,-1.1344,0.5709,122.46,4.2088,-0.2006,23.59,0.0000,0.00,0,0,0,122.37,0,0.000,0.0000
2026-08-12T18:32:19.989057,318.01,DONE,1.7470,-0.6513,-167.66,0.0000,0.0000,7.5323,0,0.0,0.0,0.0,0.0,0.000,2.8211,-1.1344,0.5709,123.46,4.2088,-0.2006,23.59,0.0000,0.00,0,0,0,123.37,0,0.000,0.0000
2026-08-12T18:32:20.989091,319.01,DONE,1.7470,-0.6513,-167.66,0.0000,0.0000,7.5323,0,0.0,0.0,0.0,0.0,0.000,2.8211,-1.1344,0.5709,124.46,4.2088,-0.2006,23.59,0.0000,0.00,0,0,0,124.37,0,0.000,0.0000
2026-08-12T18:32:21.989074,320.01,DONE,1.7470,-0.6513,-167.66,0.0000,0.0000,7.5323,0,0.0,0.0,0.0,0.0,0.000,2.8211,-1.1344,0.5709,125.46,4.2088,-0.2006,23.59,0.0000,0.00,0,0,0,125.37,0,0.000,0.0000
2026-08-12T18:32:22.989180,321.01,DONE,1.7470,-0.6513,-167.66,0.0000,0.0000,7.5323,0,0.0,0.0,0.0,0.0,0.000,2.8211,-1.1344,0.5709,126.46,4.2088,-0.2006,23.59,0.0000,0.00,0,0,0,126.37,0,0.000,0.0000
2026-08-12T18:32:23.989274,322.01,DONE,1.7470,-0.6513,-167.66,0.0000,0.0000,7.5323,0,0.0,0.0,0.0,0.0,0.000,2.8211,-1.1344,0.5709,127.46,4.2088,-0.2006,23.59,0.0000,0.00,0,0,0,127.37,0,0.000,0.0000
2026-08-12T18:32:24.988884,323.01,DONE,1.7470,-0.6513,-167.66,0.0000,0.0000,7.5323,0,0.0,0.0,0.0,0.0,0.000,2.8211,-1.1344,0.5709,128.46,4.2088,-0.2006,23.59,0.0000,0.00,0,0,0,128.37,0,0.000,0.0000
2026-08-12T18:32:25.989014,324.01,DONE,1.7470,-0.6513,-167.66,0.0000,0.0000,7.5323,0,0.0,0.0,0.0,0.0,0.000,2.8211,-1.1344,0.5709,129.46,4.2088,-0.2006,23.59,0.0000,0.00,0,0,0,129.37,0,0.000,0.0000
2026-08-12T18:32:26.989083,325.01,DONE,1.7470,-0.6513,-167.66,0.0000,0.0000,7.5323,0,0.0,0.0,0.0,0.0,0.000,2.8211,-1.1344,0.5709,130.46,4.2088,-0.2006,23.59,0.0000,0.00,0,0,0,130.37,0,0.000,0.0000
2026-08-12T18:32:27.989019,326.01,DONE,1.7470,-0.6513,-167.66,0.0000,0.0000,7.5323,0,0.0,0.0,0.0,0.0,0.000,2.8211,-1.1344,0.5709,131.46,4.2088,-0.2006,23.59,0.0000,0.00,0,0,0,131.37,0,0.000,0.0000
2026-08-12T18:32:28.989050,327.01,DONE,1.7470,-0.6513,-167.66,0.0000,0.0000,7.5323,0,0.0,0.0,0.0,0.0,0.000,2.8211,-1.1344,0.5709,132.46,4.2088,-0.2006,23.59,0.0000,0.00,0,0,0,132.37,0,0.000,0.0000
2026-08-12T18:32:29.988993,328.01,DONE,1.7470,-0.6513,-167.66,0.0000,0.0000,7.5323,0,0.0,0.0,0.0,0.0,0.000,2.8211,-1.1344,0.5709,133.46,4.2088,-0.2006,23.59,0.0000,0.00,0,0,0,133.37,0,0.000,0.0000
2026-08-12T18:32:30.989066,329.01,DONE,1.7470,-0.6513,-167.66,0.0000,0.0000,7.5323,0,0.0,0.0,0.0,0.0,0.000,2.8211,-1.1344,0.5709,134.46,4.2088,-0.2006,23.59,0.0000,0.00,0,0,0,134.37,0,0.000,0.0000
2026-08-12T18:32:31.988980,330.01,DONE,1.7470,-0.6513,-167.66,0.0000,0.0000,7.5323,0,0.0,0.0,0.0,0.0,0.000,2.8211,-1.1344,0.5709,135.46,4.2088,-0.2006,23.59,0.0000,0.00,0,0,0,135.37,0,0.000,0.0000
2026-08-12T18:32:32.988978,331.01,DONE,1.7470,-0.6513,-167.66,0.0000,0.0000,7.5323,0,0.0,0.0,0.0,0.0,0.000,2.8211,-1.1344,0.5709,136.46,4.2088,-0.2006,23.59,0.0000,0.00,0,0,0,136.37,0,0.000,0.0000
2026-08-12T18:32:33.988954,332.01,DONE,1.7470,-0.6513,-167.66,0.0000,0.0000,7.5323,0,0.0,0.0,0.0,0.0,0.000,2.8211,-1.1344,0.5709,137.46,4.2088,-0.2006,23.59,0.0000,0.00,0,0,0,137.37,0,0.000,0.0000
2026-08-12T18:32:34.989004,333.01,DONE,1.7470,-0.6513,-167.66,0.0000,0.0000,7.5323,0,0.0,0.0,0.0,0.0,0.000,2.8211,-1.1344,0.5709,138.46,4.2088,-0.2006,23.59,0.0000,0.00,0,0,0,138.37,0,0.000,0.0000
2026-08-12T18:32:35.989002,334.01,DONE,1.7470,-0.6513,-167.66,0.0000,0.0000,7.5323,0,0.0,0.0,0.0,0.0,0.000,2.8211,-1.1344,0.5709,139.46,4.2088,-0.2006,23.59,0.0000,0.00,0,0,0,139.37,0,0.000,0.0000
2026-08-12T18:32:36.988963,335.01,DONE,1.7470,-0.6513,-167.66,0.0000,0.0000,7.5323,0,0.0,0.0,0.0,0.0,0.000,2.8211,-1.1344,0.5709,140.46,4.2088,-0.2006,23.59,0.0000,0.00,0,0,0,140.37,0,0.000,0.0000
2026-08-12T18:32:37.989002,336.01,DONE,1.7470,-0.6513,-167.66,0.0000,0.0000,7.5323,0,0.0,0.0,0.0,0.0,0.000,2.8211,-1.1344,0.5709,141.46,4.2088,-0.2006,23.59,0.0000,0.00,0,0,0,141.37,0,0.000,0.0000
2026-08-12T18:32:38.989319,337.01,DONE,1.7470,-0.6513,-167.66,0.0000,0.0000,7.5323,0,0.0,0.0,0.0,0.0,0.000,2.8211,-1.1344,0.5709,142.46,4.2088,-0.2006,23.59,0.0000,0.00,0,0,0,142.37,0,0.000,0.0000
2026-08-12T18:32:39.989149,338.01,DONE,1.7470,-0.6513,-167.66,0.0000,0.0000,7.5323,0,0.0,0.0,0.0,0.0,0.000,2.8211,-1.1344,0.5709,143.46,4.2088,-0.2006,23.59,0.0000,0.00,0,0,0,143.37,0,0.000,0.0000
2026-08-12T18:32:40.989068,339.01,DONE,1.7470,-0.6513,-167.66,0.0000,0.0000,7.5323,0,0.0,0.0,0.0,0.0,0.000,2.8211,-1.1344,0.5709,144.46,4.2088,-0.2006,23.59,0.0000,0.00,0,0,0,144.37,0,0.000,0.0000
2026-08-12T18:32:41.989156,340.01,DONE,1.7470,-0.6513,-167.66,0.0000,0.0000,7.5323,0,0.0,0.0,0.0,0.0,0.000,2.8211,-1.1344,0.5709,145.46,4.2088,-0.2006,23.59,0.0000,0.00,0,0,0,145.37,0,0.000,0.0000
2026-08-12T18:32:42.988986,341.01,DONE,1.7470,-0.6513,-167.66,0.0000,0.0000,7.5323,0,0.0,0.0,0.0,0.0,0.000,2.8211,-1.1344,0.5709,146.46,4.2088,-0.2006,23.59,0.0000,0.00,0,0,0,146.37,0,0.000,0.0000
2026-08-12T18:32:43.989068,342.01,DONE,1.7470,-0.6513,-167.66,0.0000,0.0000,7.5323,0,0.0,0.0,0.0,0.0,0.000,2.8211,-1.1344,0.5709,147.46,4.2088,-0.2006,23.59,0.0000,0.00,0,0,0,147.37,0,0.000,0.0000
2026-08-12T18:32:44.989064,343.01,DONE,1.7470,-0.6513,-167.66,0.0000,0.0000,7.5323,0,0.0,0.0,0.0,0.0,0.000,2.8211,-1.1344,0.5709,148.46,4.2088,-0.2006,23.59,0.0000,0.00,0,0,0,148.37,0,0.000,0.0000
2026-08-12T18:32:45.988971,344.01,DONE,1.7470,-0.6513,-167.66,0.0000,0.0000,7.5323,0,0.0,0.0,0.0,0.0,0.000,2.8211,-1.1344,0.5709,149.46,4.2088,-0.2006,23.59,0.0000,0.00,0,0,0,149.37,0,0.000,0.0000
2026-08-12T18:32:46.988998,345.01,DONE,1.7470,-0.6513,-167.66,0.0000,0.0000,7.5323,0,0.0,0.0,0.0,0.0,0.000,2.8211,-1.1344,0.5709,150.46,4.2088,-0.2006,23.59,0.0000,0.00,0,0,0,150.37,0,0.000,0.0000
2026-08-12T18:32:47.989024,346.01,DONE,1.7470,-0.6513,-167.66,0.0000,0.0000,7.5323,0,0.0,0.0,0.0,0.0,0.000,2.8211,-1.1344,0.5709,151.46,4.2088,-0.2006,23.59,0.0000,0.00,0,0,0,151.37,0,0.000,0.0000
2026-08-12T18:32:48.988970,347.01,DONE,1.7470,-0.6513,-167.66,0.0000,0.0000,7.5323,0,0.0,0.0,0.0,0.0,0.000,2.8211,-1.1344,0.5709,152.46,4.2088,-0.2006,23.59,0.0000,0.00,0,0,0,152.37,0,0.000,0.0000
2026-08-12T18:32:49.988890,348.01,DONE,1.7470,-0.6513,-167.66,0.0000,0.0000,7.5323,0,0.0,0.0,0.0,0.0,0.000,2.8211,-1.1344,0.5709,153.46,4.2088,-0.2006,23.59,0.0000,0.00,0,0,0,153.37,0,0.000,0.0000
2026-08-12T18:32:50.989594,349.01,DONE,1.7470,-0.6513,-167.66,0.0000,0.0000,7.5323,0,0.0,0.0,0.0,0.0,0.000,2.8211,-1.1344,0.5709,154.46,4.2088,-0.2006,23.59,0.0000,0.00,0,0,0,154.37,0,0.000,0.0000
2026-08-12T18:32:51.989172,350.01,DONE,1.7470,-0.6513,-167.66,0.0000,0.0000,7.5323,0,0.0,0.0,0.0,0.0,0.000,2.8211,-1.1344,0.5709,155.46,4.2088,-0.2006,23.59,0.0000,0.00,0,0,0,155.37,0,0.000,0.0000
2026-08-12T18:32:52.989094,351.01,DONE,1.7470,-0.6513,-167.66,0.0000,0.0000,7.5323,0,0.0,0.0,0.0,0.0,0.000,2.8211,-1.1344,0.5709,156.46,4.2088,-0.2006,23.59,0.0000,0.00,0,0,0,156.37,0,0.000,0.0000
2026-08-12T18:32:53.988994,352.01,DONE,1.7470,-0.6513,-167.66,0.0000,0.0000,7.5323,0,0.0,0.0,0.0,0.0,0.000,2.8211,-1.1344,0.5709,157.46,4.2088,-0.2006,23.59,0.0000,0.00,0,0,0,157.37,0,0.000,0.0000
2026-08-12T18:32:54.988901,353.01,DONE,1.7470,-0.6513,-167.66,0.0000,0.0000,7.5323,0,0.0,0.0,0.0,0.0,0.000,2.8211,-1.1344,0.5709,158.46,4.2088,-0.2006,23.59,0.0000,0.00,0,0,0,158.37,0,0.000,0.0000
2026-08-12T18:32:55.989067,354.01,DONE,1.7470,-0.6513,-167.66,0.0000,0.0000,7.5323,0,0.0,0.0,0.0,0.0,0.000,2.8211,-1.1344,0.5709,159.46,4.2088,-0.2006,23.59,0.0000,0.00,0,0,0,159.37,0,0.000,0.0000
2026-08-12T18:32:56.989068,355.01,DONE,1.7470,-0.6513,-167.66,0.0000,0.0000,7.5323,0,0.0,0.0,0.0,0.0,0.000,2.8211,-1.1344,0.5709,160.46,4.2088,-0.2006,23.59,0.0000,0.00,0,0,0,160.37,0,0.000,0.0000
2026-08-12T18:32:57.989002,356.01,DONE,1.7470,-0.6513,-167.66,0.0000,0.0000,7.5323,0,0.0,0.0,0.0,0.0,0.000,2.8211,-1.1344,0.5709,161.46,4.2088,-0.2006,23.59,0.0000,0.00,0,0,0,161.37,0,0.000,0.0000
2026-08-12T18:32:58.989047,357.01,DONE,1.7470,-0.6513,-167.66,0.0000,0.0000,7.5323,0,0.0,0.0,0.0,0.0,0.000,2.8211,-1.1344,0.5709,162.46,4.2088,-0.2006,23.59,0.0000,0.00,0,0,0,162.37,0,0.000,0.0000
2026-08-12T18:32:59.989072,358.01,DONE,1.7470,-0.6513,-167.66,0.0000,0.0000,7.5323,0,0.0,0.0,0.0,0.0,0.000,2.8211,-1.1344,0.5709,163.46,4.2088,-0.2006,23.59,0.0000,0.00,0,0,0,163.37,0,0.000,0.0000
2026-08-12T18:33:00.989111,359.01,DONE,1.7470,-0.6513,-167.66,0.0000,0.0000,7.5323,0,0.0,0.0,0.0,0.0,0.000,2.8211,-1.1344,0.5709,164.46,4.2088,-0.2006,23.59,0.0000,0.00,0,0,0,164.37,0,0.000,0.0000
2026-08-12T18:33:01.989044,360.01,DONE,1.7470,-0.6513,-167.66,0.0000,0.0000,7.5323,0,0.0,0.0,0.0,0.0,0.000,2.8211,-1.1344,0.5709,165.46,4.2088,-0.2006,23.59,0.0000,0.00,0,0,0,165.37,0,0.000,0.0000
2026-08-12T18:33:02.989162,361.01,DONE,1.7470,-0.6513,-167.66,0.0000,0.0000,7.5323,0,0.0,0.0,0.0,0.0,0.000,2.8211,-1.1344,0.5709,166.46,4.2088,-0.2006,23.59,0.0000,0.00,0,0,0,166.37,0,0.000,0.0000
2026-08-12T18:33:03.989043,362.01,DONE,1.7470,-0.6513,-167.66,0.0000,0.0000,7.5323,0,0.0,0.0,0.0,0.0,0.000,2.8211,-1.1344,0.5709,167.46,4.2088,-0.2006,23.59,0.0000,0.00,0,0,0,167.37,0,0.000,0.0000
2026-08-12T18:33:04.988974,363.01,DONE,1.7470,-0.6513,-167.66,0.0000,0.0000,7.5323,0,0.0,0.0,0.0,0.0,0.000,2.8211,-1.1344,0.5709,168.46,4.2088,-0.2006,23.59,0.0000,0.00,0,0,0,168.37,0,0.000,0.0000
2026-08-12T18:33:05.989026,364.01,DONE,1.7470,-0.6513,-167.66,0.0000,0.0000,7.5323,0,0.0,0.0,0.0,0.0,0.000,2.8211,-1.1344,0.5709,169.46,4.2088,-0.2006,23.59,0.0000,0.00,0,0,0,169.37,0,0.000,0.0000
2026-08-12T18:33:06.989140,365.01,DONE,1.7470,-0.6513,-167.66,0.0000,0.0000,7.5323,0,0.0,0.0,0.0,0.0,0.000,2.8211,-1.1344,0.5709,170.46,4.2088,-0.2006,23.59,0.0000,0.00,0,0,0,170.37,0,0.000,0.0000
2026-08-12T18:33:07.989183,366.01,DONE,1.7470,-0.6513,-167.66,0.0000,0.0000,7.5323,0,0.0,0.0,0.0,0.0,0.000,2.8211,-1.1344,0.5709,171.46,4.2088,-0.2006,23.59,0.0000,0.00,0,0,0,171.37,0,0.000,0.0000
2026-08-12T18:33:08.989136,367.01,DONE,1.7470,-0.6513,-167.66,0.0000,0.0000,7.5323,0,0.0,0.0,0.0,0.0,0.000,2.8211,-1.1344,0.5709,172.46,4.2088,-0.2006,23.59,0.0000,0.00,0,0,0,172.37,0,0.000,0.0000
2026-08-12T18:33:09.989460,368.01,DONE,1.7470,-0.6513,-167.66,0.0000,0.0000,7.5323,0,0.0,0.0,0.0,0.0,0.000,2.8211,-1.1344,0.5709,173.46,4.2088,-0.2006,23.59,0.0000,0.00,0,0,0,173.37,0,0.000,0.0000
2026-08-12T18:33:10.989107,369.01,DONE,1.7470,-0.6513,-167.66,0.0000,0.0000,7.5323,0,0.0,0.0,0.0,0.0,0.000,2.8211,-1.1344,0.5709,174.46,4.2088,-0.2006,23.59,0.0000,0.00,0,0,0,174.37,0,0.000,0.0000
2026-08-12T18:33:11.989042,370.01,DONE,1.7470,-0.6513,-167.66,0.0000,0.0000,7.5323,0,0.0,0.0,0.0,0.0,0.000,2.8211,-1.1344,0.5709,175.46,4.2088,-0.2006,23.59,0.0000,0.00,0,0,0,175.37,0,0.000,0.0000
2026-08-12T18:33:12.988875,371.01,DONE,1.7470,-0.6513,-167.66,0.0000,0.0000,7.5323,0,0.0,0.0,0.0,0.0,0.000,2.8211,-1.1344,0.5709,176.46,4.2088,-0.2006,23.59,0.0000,0.00,0,0,0,176.37,0,0.000,0.0000
2026-08-12T18:33:13.989010,372.01,DONE,1.7470,-0.6513,-167.66,0.0000,0.0000,7.5323,0,0.0,0.0,0.0,0.0,0.000,2.8211,-1.1344,0.5709,177.46,4.2088,-0.2006,23.59,0.0000,0.00,0,0,0,177.37,0,0.000,0.0000
2026-08-12T18:33:14.988981,373.01,DONE,1.7470,-0.6513,-167.66,0.0000,0.0000,7.5323,0,0.0,0.0,0.0,0.0,0.000,2.8211,-1.1344,0.5709,178.46,4.2088,-0.2006,23.59,0.0000,0.00,0,0,0,178.37,0,0.000,0.0000
2026-08-12T18:33:15.989026,374.01,DONE,1.7470,-0.6513,-167.66,0.0000,0.0000,7.5323,0,0.0,0.0,0.0,0.0,0.000,2.8211,-1.1344,0.5709,179.46,4.2088,-0.2006,23.59,0.0000,0.00,0,0,0,179.37,0,0.000,0.0000
2026-08-12T18:33:16.989010,375.01,DONE,1.7470,-0.6513,-167.66,0.0000,0.0000,7.5323,0,0.0,0.0,0.0,0.0,0.000,2.8211,-1.1344,0.5709,180.46,4.2088,-0.2006,23.59,0.0000,0.00,0,0,0,180.37,0,0.000,0.0000
2026-08-12T18:33:17.988980,376.01,DONE,1.7470,-0.6513,-167.66,0.0000,0.0000,7.5323,0,0.0,0.0,0.0,0.0,0.000,2.8211,-1.1344,0.5709,181.46,4.2088,-0.2006,23.59,0.0000,0.00,0,0,0,181.37,0,0.000,0.0000
2026-08-12T18:33:18.988964,377.01,DONE,1.7470,-0.6513,-167.66,0.0000,0.0000,7.5323,0,0.0,0.0,0.0,0.0,0.000,2.8211,-1.1344,0.5709,182.46,4.2088,-0.2006,23.59,0.0000,0.00,0,0,0,182.37,0,0.000,0.0000
2026-08-12T18:33:19.989052,378.01,DONE,1.7470,-0.6513,-167.66,0.0000,0.0000,7.5323,0,0.0,0.0,0.0,0.0,0.000,2.8211,-1.1344,0.5709,183.46,4.2088,-0.2006,23.59,0.0000,0.00,0,0,0,183.37,0,0.000,0.0000
2026-08-12T18:33:20.989248,379.01,DONE,1.7470,-0.6513,-167.66,0.0000,0.0000,7.5323,0,0.0,0.0,0.0,0.0,0.000,2.8211,-1.1344,0.5709,184.46,4.2088,-0.2006,23.59,0.0000,0.00,0,0,0,184.37,0,0.000,0.0000
2026-08-12T18:33:21.989136,380.01,DONE,1.7470,-0.6513,-167.66,0.0000,0.0000,7.5323,0,0.0,0.0,0.0,0.0,0.000,2.8211,-1.1344,0.5709,185.46,4.2088,-0.2006,23.59,0.0000,0.00,0,0,0,185.37,0,0.000,0.0000
2026-08-12T18:33:22.989647,381.01,DONE,1.7470,-0.6513,-167.66,0.0000,0.0000,7.5323,0,0.0,0.0,0.0,0.0,0.000,2.8211,-1.1344,0.5709,186.46,4.2088,-0.2006,23.59,0.0000,0.00,0,0,0,186.37,0,0.000,0.0000
2026-08-12T18:33:23.989276,382.01,DONE,1.7470,-0.6513,-167.66,0.0000,0.0000,7.5323,0,0.0,0.0,0.0,0.0,0.000,2.8211,-1.1344,0.5709,187.46,4.2088,-0.2006,23.59,0.0000,0.00,0,0,0,187.37,0,0.000,0.0000
2026-08-12T18:33:24.988950,383.01,DONE,1.7470,-0.6513,-167.66,0.0000,0.0000,7.5323,0,0.0,0.0,0.0,0.0,0.000,2.8211,-1.1344,0.5709,188.46,4.2088,-0.2006,23.59,0.0000,0.00,0,0,0,188.37,0,0.000,0.0000
2026-08-12T18:33:25.988973,384.01,DONE,1.7470,-0.6513,-167.66,0.0000,0.0000,7.5323,0,0.0,0.0,0.0,0.0,0.000,2.8211,-1.1344,0.5709,189.46,4.2088,-0.2006,23.59,0.0000,0.00,0,0,0,189.37,0,0.000,0.0000
2026-08-12T18:33:26.989022,385.01,DONE,1.7470,-0.6513,-167.66,0.0000,0.0000,7.5323,0,0.0,0.0,0.0,0.0,0.000,2.8211,-1.1344,0.5709,190.46,4.2088,-0.2006,23.59,0.0000,0.00,0,0,0,190.37,0,0.000,0.0000
2026-08-12T18:33:27.989022,386.01,DONE,1.7470,-0.6513,-167.66,0.0000,0.0000,7.5323,0,0.0,0.0,0.0,0.0,0.000,2.8211,-1.1344,0.5709,191.46,4.2088,-0.2006,23.59,0.0000,0.00,0,0,0,191.37,0,0.000,0.0000
2026-08-12T18:33:28.989036,387.01,DONE,1.7470,-0.6513,-167.66,0.0000,0.0000,7.5323,0,0.0,0.0,0.0,0.0,0.000,2.8211,-1.1344,0.5709,192.46,4.2088,-0.2006,23.59,0.0000,0.00,0,0,0,192.37,0,0.000,0.0000
2026-08-12T18:33:29.988993,388.01,DONE,1.7470,-0.6513,-167.66,0.0000,0.0000,7.5323,0,0.0,0.0,0.0,0.0,0.000,2.8211,-1.1344,0.5709,193.46,4.2088,-0.2006,23.59,0.0000,0.00,0,0,0,193.37,0,0.000,0.0000
2026-08-12T18:33:30.989138,389.01,DONE,1.7470,-0.6513,-167.66,0.0000,0.0000,7.5323,0,0.0,0.0,0.0,0.0,0.000,2.8211,-1.1344,0.5709,194.46,4.2088,-0.2006,23.59,0.0000,0.00,0,0,0,194.37,0,0.000,0.0000
2026-08-12T18:33:31.989118,390.01,DONE,1.7470,-0.6513,-167.66,0.0000,0.0000,7.5323,0,0.0,0.0,0.0,0.0,0.000,2.8211,-1.1344,0.5709,195.46,4.2088,-0.2006,23.59,0.0000,0.00,0,0,0,195.37,0,0.000,0.0000
2026-08-12T18:33:32.989173,391.01,DONE,1.7470,-0.6513,-167.66,0.0000,0.0000,7.5323,0,0.0,0.0,0.0,0.0,0.000,2.8211,-1.1344,0.5709,196.46,4.2088,-0.2006,23.59,0.0000,0.00,0,0,0,196.37,0,0.000,0.0000
2026-08-12T18:33:33.989001,392.01,DONE,1.7470,-0.6513,-167.66,0.0000,0.0000,7.5323,0,0.0,0.0,0.0,0.0,0.000,2.8211,-1.1344,0.5709,197.46,4.2088,-0.2006,23.59,0.0000,0.00,0,0,0,197.37,0,0.000,0.0000
2026-08-12T18:33:34.988878,393.01,DONE,1.7470,-0.6513,-167.66,0.0000,0.0000,7.5323,0,0.0,0.0,0.0,0.0,0.000,2.8211,-1.1344,0.5709,198.46,4.2088,-0.2006,23.59,0.0000,0.00,0,0,0,198.37,0,0.000,0.0000
2026-08-12T18:33:35.989033,394.01,DONE,1.7470,-0.6513,-167.66,0.0000,0.0000,7.5323,0,0.0,0.0,0.0,0.0,0.000,2.8211,-1.1344,0.5709,199.46,4.2088,-0.2006,23.59,0.0000,0.00,0,0,0,199.37,0,0.000,0.0000
2026-08-12T18:33:36.989053,395.01,DONE,1.7470,-0.6513,-167.66,0.0000,0.0000,7.5323,0,0.0,0.0,0.0,0.0,0.000,2.8211,-1.1344,0.5709,200.46,4.2088,-0.2006,23.59,0.0000,0.00,0,0,0,200.37,0,0.000,0.0000
2026-08-12T18:33:37.988983,396.01,DONE,1.7470,-0.6513,-167.66,0.0000,0.0000,7.5323,0,0.0,0.0,0.0,0.0,0.000,2.8211,-1.1344,0.5709,201.46,4.2088,-0.2006,23.59,0.0000,0.00,0,0,0,201.37,0,0.000,0.0000
2026-08-12T18:33:38.988978,397.01,DONE,1.7470,-0.6513,-167.66,0.0000,0.0000,7.5323,0,0.0,0.0,0.0,0.0,0.000,2.8211,-1.1344,0.5709,202.46,4.2088,-0.2006,23.59,0.0000,0.00,0,0,0,202.37,0,0.000,0.0000
2026-08-12T18:33:39.989086,398.01,DONE,1.7470,-0.6513,-167.66,0.0000,0.0000,7.5323,0,0.0,0.0,0.0,0.0,0.000,2.8211,-1.1344,0.5709,203.46,4.2088,-0.2006,23.59,0.0000,0.00,0,0,0,203.37,0,0.000,0.0000
2026-08-12T18:33:40.989298,399.01,DONE,1.7470,-0.6513,-167.66,0.0000,0.0000,7.5323,0,0.0,0.0,0.0,0.0,0.000,2.8211,-1.1344,0.5709,204.46,4.2088,-0.2006,23.59,0.0000,0.00,0,0,0,204.37,0,0.000,0.0000
2026-08-12T18:33:41.989017,400.01,DONE,1.7470,-0.6513,-167.66,0.0000,0.0000,7.5323,0,0.0,0.0,0.0,0.0,0.000,2.8211,-1.1344,0.5709,205.46,4.2088,-0.2006,23.59,0.0000,0.00,0,0,0,205.37,0,0.000,0.0000
2026-08-12T18:33:42.989068,401.01,DONE,1.7470,-0.6513,-167.66,0.0000,0.0000,7.5323,0,0.0,0.0,0.0,0.0,0.000,2.8211,-1.1344,0.5709,206.46,4.2088,-0.2006,23.59,0.0000,0.00,0,0,0,206.37,0,0.000,0.0000
2026-08-12T18:33:43.989047,402.01,DONE,1.7470,-0.6513,-167.66,0.0000,0.0000,7.5323,0,0.0,0.0,0.0,0.0,0.000,2.8211,-1.1344,0.5709,207.46,4.2088,-0.2006,23.59,0.0000,0.00,0,0,0,207.37,0,0.000,0.0000
2026-08-12T18:33:44.989022,403.01,DONE,1.7470,-0.6513,-167.66,0.0000,0.0000,7.5323,0,0.0,0.0,0.0,0.0,0.000,2.8211,-1.1344,0.5709,208.46,4.2088,-0.2006,23.59,0.0000,0.00,0,0,0,208.37,0,0.000,0.0000
2026-08-12T18:33:45.989012,404.01,DONE,1.7470,-0.6513,-167.66,0.0000,0.0000,7.5323,0,0.0,0.0,0.0,0.0,0.000,2.8211,-1.1344,0.5709,209.46,4.2088,-0.2006,23.59,0.0000,0.00,0,0,0,209.37,0,0.000,0.0000
2026-08-12T18:33:46.989076,405.01,DONE,1.7470,-0.6513,-167.66,0.0000,0.0000,7.5323,0,0.0,0.0,0.0,0.0,0.000,2.8211,-1.1344,0.5709,210.46,4.2088,-0.2006,23.59,0.0000,0.00,0,0,0,210.37,0,0.000,0.0000
2026-08-12T18:33:47.989089,406.01,DONE,1.7470,-0.6513,-167.66,0.0000,0.0000,7.5323,0,0.0,0.0,0.0,0.0,0.000,2.8211,-1.1344,0.5709,211.46,4.2088,-0.2006,23.59,0.0000,0.00,0,0,0,211.37,0,0.000,0.0000
2026-08-12T18:33:48.989390,407.01,DONE,1.7470,-0.6513,-167.66,0.0000,0.0000,7.5323,0,0.0,0.0,0.0,0.0,0.000,2.8211,-1.1344,0.5709,212.46,4.2088,-0.2006,23.59,0.0000,0.00,0,0,0,212.37,0,0.000,0.0000
2026-08-12T18:33:49.989047,408.01,DONE,1.7470,-0.6513,-167.66,0.0000,0.0000,7.5323,0,0.0,0.0,0.0,0.0,0.000,2.8211,-1.1344,0.5709,213.46,4.2088,-0.2006,23.59,0.0000,0.00,0,0,0,213.37,0,0.000,0.0000
2026-08-12T18:33:50.988886,409.01,DONE,1.7470,-0.6513,-167.66,0.0000,0.0000,7.5323,0,0.0,0.0,0.0,0.0,0.000,2.8211,-1.1344,0.5709,214.46,4.2088,-0.2006,23.59,0.0000,0.00,0,0,0,214.37,0,0.000,0.0000
2026-08-12T18:33:51.988993,410.01,DONE,1.7470,-0.6513,-167.66,0.0000,0.0000,7.5323,0,0.0,0.0,0.0,0.0,0.000,2.8211,-1.1344,0.5709,215.46,4.2088,-0.2006,23.59,0.0000,0.00,0,0,0,215.37,0,0.000,0.0000
2026-08-12T18:33:52.989004,411.01,DONE,1.7470,-0.6513,-167.66,0.0000,0.0000,7.5323,0,0.0,0.0,0.0,0.0,0.000,2.8211,-1.1344,0.5709,216.46,4.2088,-0.2006,23.59,0.0000,0.00,0,0,0,216.37,0,0.000,0.0000
2026-08-12T18:33:53.989109,412.01,DONE,1.7470,-0.6513,-167.66,0.0000,0.0000,7.5323,0,0.0,0.0,0.0,0.0,0.000,2.8211,-1.1344,0.5709,217.46,4.2088,-0.2006,23.59,0.0000,0.00,0,0,0,217.37,0,0.000,0.0000
2026-08-12T18:33:54.989006,413.01,DONE,1.7470,-0.6513,-167.66,0.0000,0.0000,7.5323,0,0.0,0.0,0.0,0.0,0.000,2.8211,-1.1344,0.5709,218.46,4.2088,-0.2006,23.59,0.0000,0.00,0,0,0,218.37,0,0.000,0.0000
2026-08-12T18:33:55.989001,414.01,DONE,1.7470,-0.6513,-167.66,0.0000,0.0000,7.5323,0,0.0,0.0,0.0,0.0,0.000,2.8211,-1.1344,0.5709,219.46,4.2088,-0.2006,23.59,0.0000,0.00,0,0,0,219.37,0,0.000,0.0000
2026-08-12T18:33:56.988998,415.01,DONE,1.7470,-0.6513,-167.66,0.0000,0.0000,7.5323,0,0.0,0.0,0.0,0.0,0.000,2.8211,-1.1344,0.5709,220.46,4.2088,-0.2006,23.59,0.0000,0.00,0,0,0,220.37,0,0.000,0.0000
2026-08-12T18:33:57.989058,416.01,DONE,1.7470,-0.6513,-167.66,0.0000,0.0000,7.5323,0,0.0,0.0,0.0,0.0,0.000,2.8211,-1.1344,0.5709,221.46,4.2088,-0.2006,23.59,0.0000,0.00,0,0,0,221.37,0,0.000,0.0000
2026-08-12T18:33:58.989034,417.01,DONE,1.7470,-0.6513,-167.66,0.0000,0.0000,7.5323,0,0.0,0.0,0.0,0.0,0.000,2.8211,-1.1344,0.5709,222.46,4.2088,-0.2006,23.59,0.0000,0.00,0,0,0,222.37,0,0.000,0.0000
2026-08-12T18:33:59.989045,418.01,DONE,1.7470,-0.6513,-167.66,0.0000,0.0000,7.5323,0,0.0,0.0,0.0,0.0,0.000,2.8211,-1.1344,0.5709,223.46,4.2088,-0.2006,23.59,0.0000,0.00,0,0,0,223.37,0,0.000,0.0000
2026-08-12T18:34:00.988960,419.01,DONE,1.7470,-0.6513,-167.66,0.0000,0.0000,7.5323,0,0.0,0.0,0.0,0.0,0.000,2.8211,-1.1344,0.5709,224.46,4.2088,-0.2006,23.59,0.0000,0.00,0,0,0,224.37,0,0.000,0.0000
2026-08-12T18:34:01.989041,420.01,DONE,1.7470,-0.6513,-167.66,0.0000,0.0000,7.5323,0,0.0,0.0,0.0,0.0,0.000,2.8211,-1.1344,0.5709,225.46,4.2088,-0.2006,23.59,0.0000,0.00,0,0,0,225.37,0,0.000,0.0000
2026-08-12T18:34:02.989085,421.01,DONE,1.7470,-0.6513,-167.66,0.0000,0.0000,7.5323,0,0.0,0.0,0.0,0.0,0.000,2.8211,-1.1344,0.5709,226.46,4.2088,-0.2006,23.59,0.0000,0.00,0,0,0,226.37,0,0.000,0.0000
2026-08-12T18:34:03.989113,422.01,DONE,1.7470,-0.6513,-167.66,0.0000,0.0000,7.5323,0,0.0,0.0,0.0,0.0,0.000,2.8211,-1.1344,0.5709,227.46,4.2088,-0.2006,23.59,0.0000,0.00,0,0,0,227.37,0,0.000,0.0000
2026-08-12T18:34:04.989013,423.01,DONE,1.7470,-0.6513,-167.66,0.0000,0.0000,7.5323,0,0.0,0.0,0.0,0.0,0.000,2.8211,-1.1344,0.5709,228.46,4.2088,-0.2006,23.59,0.0000,0.00,0,0,0,228.37,0,0.000,0.0000
2026-08-12T18:34:05.989463,424.01,DONE,1.7470,-0.6513,-167.66,0.0000,0.0000,7.5323,0,0.0,0.0,0.0,0.0,0.000,2.8211,-1.1344,0.5709,229.46,4.2088,-0.2006,23.59,0.0000,0.00,0,0,0,229.37,0,0.000,0.0000
2026-08-12T18:34:06.989063,425.01,DONE,1.7470,-0.6513,-167.66,0.0000,0.0000,7.5323,0,0.0,0.0,0.0,0.0,0.000,2.8211,-1.1344,0.5709,230.46,4.2088,-0.2006,23.59,0.0000,0.00,0,0,0,230.37,0,0.000,0.0000
2026-08-12T18:34:07.988997,426.01,DONE,1.7470,-0.6513,-167.66,0.0000,0.0000,7.5323,0,0.0,0.0,0.0,0.0,0.000,2.8211,-1.1344,0.5709,231.46,4.2088,-0.2006,23.59,0.0000,0.00,0,0,0,231.37,0,0.000,0.0000
2026-08-12T18:34:08.988985,427.01,DONE,1.7470,-0.6513,-167.66,0.0000,0.0000,7.5323,0,0.0,0.0,0.0,0.0,0.000,2.8211,-1.1344,0.5709,232.46,4.2088,-0.2006,23.59,0.0000,0.00,0,0,0,232.37,0,0.000,0.0000
2026-08-12T18:34:09.988947,428.01,DONE,1.7470,-0.6513,-167.66,0.0000,0.0000,7.5323,0,0.0,0.0,0.0,0.0,0.000,2.8211,-1.1344,0.5709,233.46,4.2088,-0.2006,23.59,0.0000,0.00,0,0,0,233.37,0,0.000,0.0000
2026-08-12T18:34:10.988884,429.01,DONE,1.7470,-0.6513,-167.66,0.0000,0.0000,7.5323,0,0.0,0.0,0.0,0.0,0.000,2.8211,-1.1344,0.5709,234.46,4.2088,-0.2006,23.59,0.0000,0.00,0,0,0,234.37,0,0.000,0.0000
2026-08-12T18:34:11.988888,430.01,DONE,1.7470,-0.6513,-167.66,0.0000,0.0000,7.5323,0,0.0,0.0,0.0,0.0,0.000,2.8211,-1.1344,0.5709,235.46,4.2088,-0.2006,23.59,0.0000,0.00,0,0,0,235.37,0,0.000,0.0000
2026-08-12T18:34:12.989035,431.01,DONE,1.7470,-0.6513,-167.66,0.0000,0.0000,7.5323,0,0.0,0.0,0.0,0.0,0.000,2.8211,-1.1344,0.5709,236.46,4.2088,-0.2006,23.59,0.0000,0.00,0,0,0,236.37,0,0.000,0.0000
2026-08-12T18:34:13.989123,432.01,DONE,1.7470,-0.6513,-167.66,0.0000,0.0000,7.5323,0,0.0,0.0,0.0,0.0,0.000,2.8211,-1.1344,0.5709,237.46,4.2088,-0.2006,23.59,0.0000,0.00,0,0,0,237.37,0,0.000,0.0000
2026-08-12T18:34:14.989013,433.01,DONE,1.7470,-0.6513,-167.66,0.0000,0.0000,7.5323,0,0.0,0.0,0.0,0.0,0.000,2.8211,-1.1344,0.5709,238.46,4.2088,-0.2006,23.59,0.0000,0.00,0,0,0,238.37,0,0.000,0.0000
2026-08-12T18:34:15.989018,434.01,DONE,1.7470,-0.6513,-167.66,0.0000,0.0000,7.5323,0,0.0,0.0,0.0,0.0,0.000,2.8211,-1.1344,0.5709,239.46,4.2088,-0.2006,23.59,0.0000,0.00,0,0,0,239.37,0,0.000,0.0000
2026-08-12T18:34:16.989044,435.01,DONE,1.7470,-0.6513,-167.66,0.0000,0.0000,7.5323,0,0.0,0.0,0.0,0.0,0.000,2.8211,-1.1344,0.5709,240.46,4.2088,-0.2006,23.59,0.0000,0.00,0,0,0,240.37,0,0.000,0.0000
2026-08-12T18:34:17.988933,436.01,DONE,1.7470,-0.6513,-167.66,0.0000,0.0000,7.5323,0,0.0,0.0,0.0,0.0,0.000,2.8211,-1.1344,0.5709,241.46,4.2088,-0.2006,23.59,0.0000,0.00,0,0,0,241.37,0,0.000,0.0000
2026-08-12T18:34:18.989024,437.01,DONE,1.7470,-0.6513,-167.66,0.0000,0.0000,7.5323,0,0.0,0.0,0.0,0.0,0.000,2.8211,-1.1344,0.5709,242.46,4.2088,-0.2006,23.59,0.0000,0.00,0,0,0,242.37,0,0.000,0.0000
2026-08-12T18:34:19.989043,438.01,DONE,1.7470,-0.6513,-167.66,0.0000,0.0000,7.5323,0,0.0,0.0,0.0,0.0,0.000,2.8211,-1.1344,0.5709,243.46,4.2088,-0.2006,23.59,0.0000,0.00,0,0,0,243.37,0,0.000,0.0000
2026-08-12T18:34:20.988998,439.01,DONE,1.7470,-0.6513,-167.66,0.0000,0.0000,7.5323,0,0.0,0.0,0.0,0.0,0.000,2.8211,-1.1344,0.5709,244.46,4.2088,-0.2006,23.59,0.0000,0.00,0,0,0,244.37,0,0.000,0.0000
2026-08-12T18:34:21.989077,440.01,DONE,1.7470,-0.6513,-167.66,0.0000,0.0000,7.5323,0,0.0,0.0,0.0,0.0,0.000,2.8211,-1.1344,0.5709,245.46,4.2088,-0.2006,23.59,0.0000,0.00,0,0,0,245.37,0,0.000,0.0000
2026-08-12T18:34:22.989096,441.01,DONE,1.7470,-0.6513,-167.66,0.0000,0.0000,7.5323,0,0.0,0.0,0.0,0.0,0.000,2.8211,-1.1344,0.5709,246.46,4.2088,-0.2006,23.59,0.0000,0.00,0,0,0,246.37,0,0.000,0.0000
2026-08-12T18:34:23.988974,442.01,DONE,1.7470,-0.6513,-167.66,0.0000,0.0000,7.5323,0,0.0,0.0,0.0,0.0,0.000,2.8211,-1.1344,0.5709,247.46,4.2088,-0.2006,23.59,0.0000,0.00,0,0,0,247.37,0,0.000,0.0000
2026-08-12T18:34:24.989096,443.01,DONE,1.7470,-0.6513,-167.66,0.0000,0.0000,7.5323,0,0.0,0.0,0.0,0.0,0.000,2.8211,-1.1344,0.5709,248.46,4.2088,-0.2006,23.59,0.0000,0.00,0,0,0,248.37,0,0.000,0.0000
2026-08-12T18:34:25.989039,444.01,DONE,1.7470,-0.6513,-167.66,0.0000,0.0000,7.5323,0,0.0,0.0,0.0,0.0,0.000,2.8211,-1.1344,0.5709,249.46,4.2088,-0.2006,23.59,0.0000,0.00,0,0,0,249.37,0,0.000,0.0000
2026-08-12T18:34:26.989026,445.01,DONE,1.7470,-0.6513,-167.66,0.0000,0.0000,7.5323,0,0.0,0.0,0.0,0.0,0.000,2.8211,-1.1344,0.5709,250.46,4.2088,-0.2006,23.59,0.0000,0.00,0,0,0,250.37,0,0.000,0.0000
2026-08-12T18:34:27.988924,446.01,DONE,1.7470,-0.6513,-167.66,0.0000,0.0000,7.5323,0,0.0,0.0,0.0,0.0,0.000,2.8211,-1.1344,0.5709,251.46,4.2088,-0.2006,23.59,0.0000,0.00,0,0,0,251.37,0,0.000,0.0000
2026-08-12T18:34:28.989072,447.01,DONE,1.7470,-0.6513,-167.66,0.0000,0.0000,7.5323,0,0.0,0.0,0.0,0.0,0.000,2.8211,-1.1344,0.5709,252.46,4.2088,-0.2006,23.59,0.0000,0.00,0,0,0,252.37,0,0.000,0.0000
2026-08-12T18:34:29.989041,448.01,DONE,1.7470,-0.6513,-167.66,0.0000,0.0000,7.5323,0,0.0,0.0,0.0,0.0,0.000,2.8211,-1.1344,0.5709,253.46,4.2088,-0.2006,23.59,0.0000,0.00,0,0,0,253.37,0,0.000,0.0000
2026-08-12T18:34:30.988943,449.01,DONE,1.7470,-0.6513,-167.66,0.0000,0.0000,7.5323,0,0.0,0.0,0.0,0.0,0.000,2.8211,-1.1344,0.5709,254.46,4.2088,-0.2006,23.59,0.0000,0.00,0,0,0,254.37,0,0.000,0.0000
2026-08-12T18:34:31.988999,450.01,DONE,1.7470,-0.6513,-167.66,0.0000,0.0000,7.5323,0,0.0,0.0,0.0,0.0,0.000,2.8211,-1.1344,0.5709,255.46,4.2088,-0.2006,23.59,0.0000,0.00,0,0,0,255.37,0,0.000,0.0000
2026-08-12T18:34:32.988949,451.01,DONE,1.7470,-0.6513,-167.66,0.0000,0.0000,7.5323,0,0.0,0.0,0.0,0.0,0.000,2.8211,-1.1344,0.5709,256.46,4.2088,-0.2006,23.59,0.0000,0.00,0,0,0,256.37,0,0.000,0.0000
2026-08-12T18:34:33.989125,452.01,DONE,1.7470,-0.6513,-167.66,0.0000,0.0000,7.5323,0,0.0,0.0,0.0,0.0,0.000,2.8211,-1.1344,0.5709,257.46,4.2088,-0.2006,23.59,0.0000,0.00,0,0,0,257.37,0,0.000,0.0000
2026-08-12T18:34:34.989104,453.01,DONE,1.7470,-0.6513,-167.66,0.0000,0.0000,7.5323,0,0.0,0.0,0.0,0.0,0.000,2.8211,-1.1344,0.5709,258.46,4.2088,-0.2006,23.59,0.0000,0.00,0,0,0,258.37,0,0.000,0.0000
2026-08-12T18:34:35.989028,454.01,DONE,1.7470,-0.6513,-167.66,0.0000,0.0000,7.5323,0,0.0,0.0,0.0,0.0,0.000,2.8211,-1.1344,0.5709,259.46,4.2088,-0.2006,23.59,0.0000,0.00,0,0,0,259.37,0,0.000,0.0000
2026-08-12T18:34:36.989046,455.01,DONE,1.7470,-0.6513,-167.66,0.0000,0.0000,7.5323,0,0.0,0.0,0.0,0.0,0.000,2.8211,-1.1344,0.5709,260.46,4.2088,-0.2006,23.59,0.0000,0.00,0,0,0,260.37,0,0.000,0.0000
2026-08-12T18:34:37.988894,456.01,DONE,1.7470,-0.6513,-167.66,0.0000,0.0000,7.5323,0,0.0,0.0,0.0,0.0,0.000,2.8211,-1.1344,0.5709,261.46,4.2088,-0.2006,23.59,0.0000,0.00,0,0,0,261.37,0,0.000,0.0000
2026-08-12T18:34:38.988969,457.01,DONE,1.7470,-0.6513,-167.66,0.0000,0.0000,7.5323,0,0.0,0.0,0.0,0.0,0.000,2.8211,-1.1344,0.5709,262.46,4.2088,-0.2006,23.59,0.0000,0.00,0,0,0,262.37,0,0.000,0.0000
2026-08-12T18:34:39.988987,458.01,DONE,1.7470,-0.6513,-167.66,0.0000,0.0000,7.5323,0,0.0,0.0,0.0,0.0,0.000,2.8211,-1.1344,0.5709,263.46,4.2088,-0.2006,23.59,0.0000,0.00,0,0,0,263.37,0,0.000,0.0000
2026-08-12T18:34:40.988999,459.01,DONE,1.7470,-0.6513,-167.66,0.0000,0.0000,7.5323,0,0.0,0.0,0.0,0.0,0.000,2.8211,-1.1344,0.5709,264.46,4.2088,-0.2006,23.59,0.0000,0.00,0,0,0,264.37,0,0.000,0.0000
2026-08-12T18:34:41.989012,460.01,DONE,1.7470,-0.6513,-167.66,0.0000,0.0000,7.5323,0,0.0,0.0,0.0,0.0,0.000,2.8211,-1.1344,0.5709,265.46,4.2088,-0.2006,23.59,0.0000,0.00,0,0,0,265.37,0,0.000,0.0000
2026-08-12T18:34:42.988949,461.01,DONE,1.7470,-0.6513,-167.66,0.0000,0.0000,7.5323,0,0.0,0.0,0.0,0.0,0.000,2.8211,-1.1344,0.5709,266.46,4.2088,-0.2006,23.59,0.0000,0.00,0,0,0,266.37,0,0.000,0.0000
2026-08-12T18:34:43.988988,462.01,DONE,1.7470,-0.6513,-167.66,0.0000,0.0000,7.5323,0,0.0,0.0,0.0,0.0,0.000,2.8211,-1.1344,0.5709,267.46,4.2088,-0.2006,23.59,0.0000,0.00,0,0,0,267.37,0,0.000,0.0000
2026-08-12T18:34:44.989028,463.01,DONE,1.7470,-0.6513,-167.66,0.0000,0.0000,7.5323,0,0.0,0.0,0.0,0.0,0.000,2.8211,-1.1344,0.5709,268.46,4.2088,-0.2006,23.59,0.0000,0.00,0,0,0,268.37,0,0.000,0.0000
2026-08-12T18:34:45.989023,464.01,DONE,1.7470,-0.6513,-167.66,0.0000,0.0000,7.5323,0,0.0,0.0,0.0,0.0,0.000,2.8211,-1.1344,0.5709,269.46,4.2088,-0.2006,23.59,0.0000,0.00,0,0,0,269.37,0,0.000,0.0000
2026-08-12T18:34:46.989176,465.01,DONE,1.7470,-0.6513,-167.66,0.0000,0.0000,7.5323,0,0.0,0.0,0.0,0.0,0.000,2.8211,-1.1344,0.5709,270.46,4.2088,-0.2006,23.59,0.0000,0.00,0,0,0,270.37,0,0.000,0.0000
2026-08-12T18:34:47.988924,466.01,DONE,1.7470,-0.6513,-167.66,0.0000,0.0000,7.5323,0,0.0,0.0,0.0,0.0,0.000,2.8211,-1.1344,0.5709,271.46,4.2088,-0.2006,23.59,0.0000,0.00,0,0,0,271.37,0,0.000,0.0000
2026-08-12T18:34:48.989041,467.01,DONE,1.7470,-0.6513,-167.66,0.0000,0.0000,7.5323,0,0.0,0.0,0.0,0.0,0.000,2.8211,-1.1344,0.5709,272.46,4.2088,-0.2006,23.59,0.0000,0.00,0,0,0,272.37,0,0.000,0.0000
2026-08-12T18:34:49.988942,468.01,DONE,1.7470,-0.6513,-167.66,0.0000,0.0000,7.5323,0,0.0,0.0,0.0,0.0,0.000,2.8211,-1.1344,0.5709,273.46,4.2088,-0.2006,23.59,0.0000,0.00,0,0,0,273.37,0,0.000,0.0000
2026-08-12T18:34:50.989019,469.01,DONE,1.7470,-0.6513,-167.66,0.0000,0.0000,7.5323,0,0.0,0.0,0.0,0.0,0.000,2.8211,-1.1344,0.5709,274.46,4.2088,-0.2006,23.59,0.0000,0.00,0,0,0,274.37,0,0.000,0.0000
2026-08-12T18:34:51.988912,470.01,DONE,1.7470,-0.6513,-167.66,0.0000,0.0000,7.5323,0,0.0,0.0,0.0,0.0,0.000,2.8211,-1.1344,0.5709,275.46,4.2088,-0.2006,23.59,0.0000,0.00,0,0,0,275.37,0,0.000,0.0000
2026-08-12T18:34:52.988939,471.01,DONE,1.7470,-0.6513,-167.66,0.0000,0.0000,7.5323,0,0.0,0.0,0.0,0.0,0.000,2.8211,-1.1344,0.5709,276.46,4.2088,-0.2006,23.59,0.0000,0.00,0,0,0,276.37,0,0.000,0.0000
2026-08-12T18:34:53.988950,472.01,DONE,1.7470,-0.6513,-167.66,0.0000,0.0000,7.5323,0,0.0,0.0,0.0,0.0,0.000,2.8211,-1.1344,0.5709,277.46,4.2088,-0.2006,23.59,0.0000,0.00,0,0,0,277.37,0,0.000,0.0000
2026-08-12T18:34:54.989156,473.01,DONE,1.7470,-0.6513,-167.66,0.0000,0.0000,7.5323,0,0.0,0.0,0.0,0.0,0.000,2.8211,-1.1344,0.5709,278.46,4.2088,-0.2006,23.59,0.0000,0.00,0,0,0,278.37,0,0.000,0.0000
2026-08-12T18:34:55.988982,474.01,DONE,1.7470,-0.6513,-167.66,0.0000,0.0000,7.5323,0,0.0,0.0,0.0,0.0,0.000,2.8211,-1.1344,0.5709,279.46,4.2088,-0.2006,23.59,0.0000,0.00,0,0,0,279.37,0,0.000,0.0000
2026-08-12T18:34:56.989021,475.01,DONE,1.7470,-0.6513,-167.66,0.0000,0.0000,7.5323,0,0.0,0.0,0.0,0.0,0.000,2.8211,-1.1344,0.5709,280.46,4.2088,-0.2006,23.59,0.0000,0.00,0,0,0,280.37,0,0.000,0.0000
2026-08-12T18:34:57.989004,476.01,DONE,1.7470,-0.6513,-167.66,0.0000,0.0000,7.5323,0,0.0,0.0,0.0,0.0,0.000,2.8211,-1.1344,0.5709,281.46,4.2088,-0.2006,23.59,0.0000,0.00,0,0,0,281.37,0,0.000,0.0000
2026-08-12T18:34:58.989027,477.01,DONE,1.7470,-0.6513,-167.66,0.0000,0.0000,7.5323,0,0.0,0.0,0.0,0.0,0.000,2.8211,-1.1344,0.5709,282.46,4.2088,-0.2006,23.59,0.0000,0.00,0,0,0,282.37,0,0.000,0.0000
2026-08-12T18:34:59.988949,478.01,DONE,1.7470,-0.6513,-167.66,0.0000,0.0000,7.5323,0,0.0,0.0,0.0,0.0,0.000,2.8211,-1.1344,0.5709,283.46,4.2088,-0.2006,23.59,0.0000,0.00,0,0,0,283.37,0,0.000,0.0000
2026-08-12T18:35:00.988940,479.01,DONE,1.7470,-0.6513,-167.66,0.0000,0.0000,7.5323,0,0.0,0.0,0.0,0.0,0.000,2.8211,-1.1344,0.5709,284.46,4.2088,-0.2006,23.59,0.0000,0.00,0,0,0,284.37,0,0.000,0.0000
2026-08-12T18:35:01.989043,480.01,DONE,1.7470,-0.6513,-167.66,0.0000,0.0000,7.5323,0,0.0,0.0,0.0,0.0,0.000,2.8211,-1.1344,0.5709,285.46,4.2088,-0.2006,23.59,0.0000,0.00,0,0,0,285.37,0,0.000,0.0000
2026-08-12T18:35:02.989205,481.01,DONE,1.7470,-0.6513,-167.66,0.0000,0.0000,7.5323,0,0.0,0.0,0.0,0.0,0.000,2.8211,-1.1344,0.5709,286.46,4.2088,-0.2006,23.59,0.0000,0.00,0,0,0,286.37,0,0.000,0.0000
2026-08-12T18:35:03.989002,482.01,DONE,1.7470,-0.6513,-167.66,0.0000,0.0000,7.5323,0,0.0,0.0,0.0,0.0,0.000,2.8211,-1.1344,0.5709,287.46,4.2088,-0.2006,23.59,0.0000,0.00,0,0,0,287.37,0,0.000,0.0000
2026-08-12T18:35:04.988970,483.01,DONE,1.7470,-0.6513,-167.66,0.0000,0.0000,7.5323,0,0.0,0.0,0.0,0.0,0.000,2.8211,-1.1344,0.5709,288.46,4.2088,-0.2006,23.59,0.0000,0.00,0,0,0,288.37,0,0.000,0.0000
2026-08-12T18:35:05.989012,484.01,DONE,1.7470,-0.6513,-167.66,0.0000,0.0000,7.5323,0,0.0,0.0,0.0,0.0,0.000,2.8211,-1.1344,0.5709,289.46,4.2088,-0.2006,23.59,0.0000,0.00,0,0,0,289.37,0,0.000,0.0000
2026-08-12T18:35:06.988995,485.01,DONE,1.7470,-0.6513,-167.66,0.0000,0.0000,7.5323,0,0.0,0.0,0.0,0.0,0.000,2.8211,-1.1344,0.5709,290.46,4.2088,-0.2006,23.59,0.0000,0.00,0,0,0,290.37,0,0.000,0.0000
2026-08-12T18:35:07.989068,486.01,DONE,1.7470,-0.6513,-167.66,0.0000,0.0000,7.5323,0,0.0,0.0,0.0,0.0,0.000,2.8211,-1.1344,0.5709,291.46,4.2088,-0.2006,23.59,0.0000,0.00,0,0,0,291.37,0,0.000,0.0000
2026-08-12T18:35:08.988970,487.01,DONE,1.7470,-0.6513,-167.66,0.0000,0.0000,7.5323,0,0.0,0.0,0.0,0.0,0.000,2.8211,-1.1344,0.5709,292.46,4.2088,-0.2006,23.59,0.0000,0.00,0,0,0,292.37,0,0.000,0.0000
2026-08-12T18:35:09.989136,488.01,DONE,1.7470,-0.6513,-167.66,0.0000,0.0000,7.5323,0,0.0,0.0,0.0,0.0,0.000,2.8211,-1.1344,0.5709,293.46,4.2088,-0.2006,23.59,0.0000,0.00,0,0,0,293.37,0,0.000,0.0000
2026-08-12T18:35:10.989168,489.01,DONE,1.7470,-0.6513,-167.66,0.0000,0.0000,7.5323,0,0.0,0.0,0.0,0.0,0.000,2.8211,-1.1344,0.5709,294.46,4.2088,-0.2006,23.59,0.0000,0.00,0,0,0,294.37,0,0.000,0.0000
2026-08-12T18:35:11.988922,490.01,DONE,1.7470,-0.6513,-167.66,0.0000,0.0000,7.5323,0,0.0,0.0,0.0,0.0,0.000,2.8211,-1.1344,0.5709,295.46,4.2088,-0.2006,23.59,0.0000,0.00,0,0,0,295.37,0,0.000,0.0000
2026-08-12T18:35:12.989074,491.01,DONE,1.7470,-0.6513,-167.66,0.0000,0.0000,7.5323,0,0.0,0.0,0.0,0.0,0.000,2.8211,-1.1344,0.5709,296.46,4.2088,-0.2006,23.59,0.0000,0.00,0,0,0,296.37,0,0.000,0.0000
2026-08-12T18:35:13.989168,492.01,DONE,1.7470,-0.6513,-167.66,0.0000,0.0000,7.5323,0,0.0,0.0,0.0,0.0,0.000,2.8211,-1.1344,0.5709,297.46,4.2088,-0.2006,23.59,0.0000,0.00,0,0,0,297.37,0,0.000,0.0000
2026-08-12T18:35:14.989025,493.01,DONE,1.7470,-0.6513,-167.66,0.0000,0.0000,7.5323,0,0.0,0.0,0.0,0.0,0.000,2.8211,-1.1344,0.5709,298.46,4.2088,-0.2006,23.59,0.0000,0.00,0,0,0,298.37,0,0.000,0.0000
2026-08-12T18:35:15.988953,494.01,DONE,1.7470,-0.6513,-167.66,0.0000,0.0000,7.5323,0,0.0,0.0,0.0,0.0,0.000,2.8211,-1.1344,0.5709,299.46,4.2088,-0.2006,23.59,0.0000,0.00,0,0,0,299.37,0,0.000,0.0000
2026-08-12T18:35:16.989030,495.01,DONE,1.7470,-0.6513,-167.66,0.0000,0.0000,7.5323,0,0.0,0.0,0.0,0.0,0.000,2.8211,-1.1344,0.5709,300.46,4.2088,-0.2006,23.59,0.0000,0.00,0,0,0,300.37,0,0.000,0.0000
2026-08-12T18:35:17.988890,496.01,DONE,1.7470,-0.6513,-167.66,0.0000,0.0000,7.5323,0,0.0,0.0,0.0,0.0,0.000,2.8211,-1.1344,0.5709,301.46,4.2088,-0.2006,23.59,0.0000,0.00,0,0,0,301.37,0,0.000,0.0000
2026-08-12T18:35:18.989317,497.01,DONE,1.7470,-0.6513,-167.66,0.0000,0.0000,7.5323,0,0.0,0.0,0.0,0.0,0.000,2.8211,-1.1344,0.5709,302.46,4.2088,-0.2006,23.59,0.0000,0.00,0,0,0,302.37,0,0.000,0.0000
2026-08-12T18:35:19.989161,498.01,DONE,1.7470,-0.6513,-167.66,0.0000,0.0000,7.5323,0,0.0,0.0,0.0,0.0,0.000,2.8211,-1.1344,0.5709,303.46,4.2088,-0.2006,23.59,0.0000,0.00,0,0,0,303.37,0,0.000,0.0000
2026-08-12T18:35:20.989168,499.01,DONE,1.7470,-0.6513,-167.66,0.0000,0.0000,7.5323,0,0.0,0.0,0.0,0.0,0.000,2.8211,-1.1344,0.5709,304.46,4.2088,-0.2006,23.59,0.0000,0.00,0,0,0,304.37,0,0.000,0.0000
2026-08-12T18:35:21.989109,500.01,DONE,1.7470,-0.6513,-167.66,0.0000,0.0000,7.5323,0,0.0,0.0,0.0,0.0,0.000,2.8211,-1.1344,0.5709,305.46,4.2088,-0.2006,23.59,0.0000,0.00,0,0,0,305.37,0,0.000,0.0000
2026-08-12T18:35:22.989032,501.01,DONE,1.7470,-0.6513,-167.66,0.0000,0.0000,7.5323,0,0.0,0.0,0.0,0.0,0.000,2.8211,-1.1344,0.5709,306.46,4.2088,-0.2006,23.59,0.0000,0.00,0,0,0,306.37,0,0.000,0.0000
2026-08-12T18:35:23.988964,502.01,DONE,1.7470,-0.6513,-167.66,0.0000,0.0000,7.5323,0,0.0,0.0,0.0,0.0,0.000,2.8211,-1.1344,0.5709,307.46,4.2088,-0.2006,23.59,0.0000,0.00,0,0,0,307.37,0,0.000,0.0000
2026-08-12T18:35:24.989056,503.01,DONE,1.7470,-0.6513,-167.66,0.0000,0.0000,7.5323,0,0.0,0.0,0.0,0.0,0.000,2.8211,-1.1344,0.5709,308.46,4.2088,-0.2006,23.59,0.0000,0.00,0,0,0,308.37,0,0.000,0.0000
2026-08-12T18:35:25.988864,504.01,DONE,1.7470,-0.6513,-167.66,0.0000,0.0000,7.5323,0,0.0,0.0,0.0,0.0,0.000,2.8211,-1.1344,0.5709,309.46,4.2088,-0.2006,23.59,0.0000,0.00,0,0,0,309.37,0,0.000,0.0000
2026-08-12T18:35:26.989038,505.01,DONE,1.7470,-0.6513,-167.66,0.0000,0.0000,7.5323,0,0.0,0.0,0.0,0.0,0.000,2.8211,-1.1344,0.5709,310.46,4.2088,-0.2006,23.59,0.0000,0.00,0,0,0,310.37,0,0.000,0.0000
2026-08-12T18:35:27.989031,506.01,DONE,1.7470,-0.6513,-167.66,0.0000,0.0000,7.5323,0,0.0,0.0,0.0,0.0,0.000,2.8211,-1.1344,0.5709,311.46,4.2088,-0.2006,23.59,0.0000,0.00,0,0,0,311.37,0,0.000,0.0000
2026-08-12T18:35:28.989143,507.01,DONE,1.7470,-0.6513,-167.66,0.0000,0.0000,7.5323,0,0.0,0.0,0.0,0.0,0.000,2.8211,-1.1344,0.5709,312.46,4.2088,-0.2006,23.59,0.0000,0.00,0,0,0,312.37,0,0.000,0.0000
2026-08-12T18:35:29.989272,508.01,DONE,1.7470,-0.6513,-167.66,0.0000,0.0000,7.5323,0,0.0,0.0,0.0,0.0,0.000,2.8211,-1.1344,0.5709,313.46,4.2088,-0.2006,23.59,0.0000,0.00,0,0,0,313.37,0,0.000,0.0000
2026-08-12T18:35:30.989015,509.01,DONE,1.7470,-0.6513,-167.66,0.0000,0.0000,7.5323,0,0.0,0.0,0.0,0.0,0.000,2.8211,-1.1344,0.5709,314.46,4.2088,-0.2006,23.59,0.0000,0.00,0,0,0,314.37,0,0.000,0.0000
2026-08-12T18:35:31.988969,510.01,DONE,1.7470,-0.6513,-167.66,0.0000,0.0000,7.5323,0,0.0,0.0,0.0,0.0,0.000,2.8211,-1.1344,0.5709,315.46,4.2088,-0.2006,23.59,0.0000,0.00,0,0,0,315.37,0,0.000,0.0000
2026-08-12T18:35:32.989094,511.01,DONE,1.7470,-0.6513,-167.66,0.0000,0.0000,7.5323,0,0.0,0.0,0.0,0.0,0.000,2.8211,-1.1344,0.5709,316.46,4.2088,-0.2006,23.59,0.0000,0.00,0,0,0,316.37,0,0.000,0.0000
2026-08-12T18:35:33.988864,512.01,DONE,1.7470,-0.6513,-167.66,0.0000,0.0000,7.5323,0,0.0,0.0,0.0,0.0,0.000,2.8211,-1.1344,0.5709,317.46,4.2088,-0.2006,23.59,0.0000,0.00,0,0,0,317.37,0,0.000,0.0000
2026-08-12T18:35:34.989023,513.01,DONE,1.7470,-0.6513,-167.66,0.0000,0.0000,7.5323,0,0.0,0.0,0.0,0.0,0.000,2.8211,-1.1344,0.5709,318.46,4.2088,-0.2006,23.59,0.0000,0.00,0,0,0,318.37,0,0.000,0.0000
2026-08-12T18:35:35.989045,514.01,DONE,1.7470,-0.6513,-167.66,0.0000,0.0000,7.5323,0,0.0,0.0,0.0,0.0,0.000,2.8211,-1.1344,0.5709,319.46,4.2088,-0.2006,23.59,0.0000,0.00,0,0,0,319.37,0,0.000,0.0000
2026-08-12T18:35:36.989017,515.01,DONE,1.7470,-0.6513,-167.66,0.0000,0.0000,7.5323,0,0.0,0.0,0.0,0.0,0.000,2.8211,-1.1344,0.5709,320.46,4.2088,-0.2006,23.59,0.0000,0.00,0,0,0,320.37,0,0.000,0.0000
2026-08-12T18:35:37.989126,516.01,DONE,1.7470,-0.6513,-167.66,0.0000,0.0000,7.5323,0,0.0,0.0,0.0,0.0,0.000,2.8211,-1.1344,0.5709,321.46,4.2088,-0.2006,23.59,0.0000,0.00,0,0,0,321.37,0,0.000,0.0000
2026-08-12T18:35:38.989032,517.01,DONE,1.7470,-0.6513,-167.66,0.0000,0.0000,7.5323,0,0.0,0.0,0.0,0.0,0.000,2.8211,-1.1344,0.5709,322.46,4.2088,-0.2006,23.59,0.0000,0.00,0,0,0,322.37,0,0.000,0.0000
2026-08-12T18:35:39.989036,518.01,DONE,1.7470,-0.6513,-167.66,0.0000,0.0000,7.5323,0,0.0,0.0,0.0,0.0,0.000,2.8211,-1.1344,0.5709,323.46,4.2088,-0.2006,23.59,0.0000,0.00,0,0,0,323.37,0,0.000,0.0000
2026-08-12T18:35:40.989004,519.01,DONE,1.7470,-0.6513,-167.66,0.0000,0.0000,7.5323,0,0.0,0.0,0.0,0.0,0.000,2.8211,-1.1344,0.5709,324.46,4.2088,-0.2006,23.59,0.0000,0.00,0,0,0,324.37,0,0.000,0.0000
2026-08-12T18:35:41.989050,520.01,DONE,1.7470,-0.6513,-167.66,0.0000,0.0000,7.5323,0,0.0,0.0,0.0,0.0,0.000,2.8211,-1.1344,0.5709,325.46,4.2088,-0.2006,23.59,0.0000,0.00,0,0,0,325.37,0,0.000,0.0000
2026-08-12T18:35:42.989022,521.01,DONE,1.7470,-0.6513,-167.66,0.0000,0.0000,7.5323,0,0.0,0.0,0.0,0.0,0.000,2.8211,-1.1344,0.5709,326.46,4.2088,-0.2006,23.59,0.0000,0.00,0,0,0,326.37,0,0.000,0.0000
2026-08-12T18:35:43.989078,522.01,DONE,1.7470,-0.6513,-167.66,0.0000,0.0000,7.5323,0,0.0,0.0,0.0,0.0,0.000,2.8211,-1.1344,0.5709,327.46,4.2088,-0.2006,23.59,0.0000,0.00,0,0,0,327.37,0,0.000,0.0000
2026-08-12T18:35:44.989035,523.01,DONE,1.7470,-0.6513,-167.66,0.0000,0.0000,7.5323,0,0.0,0.0,0.0,0.0,0.000,2.8211,-1.1344,0.5709,328.46,4.2088,-0.2006,23.59,0.0000,0.00,0,0,0,328.37,0,0.000,0.0000
2026-08-12T18:35:45.988984,524.01,DONE,1.7470,-0.6513,-167.66,0.0000,0.0000,7.5323,0,0.0,0.0,0.0,0.0,0.000,2.8211,-1.1344,0.5709,329.46,4.2088,-0.2006,23.59,0.0000,0.00,0,0,0,329.37,0,0.000,0.0000
2026-08-12T18:35:46.989015,525.01,DONE,1.7470,-0.6513,-167.66,0.0000,0.0000,7.5323,0,0.0,0.0,0.0,0.0,0.000,2.8211,-1.1344,0.5709,330.46,4.2088,-0.2006,23.59,0.0000,0.00,0,0,0,330.37,0,0.000,0.0000
2026-08-12T18:35:47.989094,526.01,DONE,1.7470,-0.6513,-167.66,0.0000,0.0000,7.5323,0,0.0,0.0,0.0,0.0,0.000,2.8211,-1.1344,0.5709,331.46,4.2088,-0.2006,23.59,0.0000,0.00,0,0,0,331.37,0,0.000,0.0000
2026-08-12T18:35:48.989200,527.01,DONE,1.7470,-0.6513,-167.66,0.0000,0.0000,7.5323,0,0.0,0.0,0.0,0.0,0.000,2.8211,-1.1344,0.5709,332.46,4.2088,-0.2006,23.59,0.0000,0.00,0,0,0,332.37,0,0.000,0.0000
2026-08-12T18:35:49.989563,528.01,DONE,1.7470,-0.6513,-167.66,0.0000,0.0000,7.5323,0,0.0,0.0,0.0,0.0,0.000,2.8211,-1.1344,0.5709,333.46,4.2088,-0.2006,23.59,0.0000,0.00,0,0,0,333.37,0,0.000,0.0000
2026-08-12T18:35:50.989293,529.01,DONE,1.7470,-0.6513,-167.66,0.0000,0.0000,7.5323,0,0.0,0.0,0.0,0.0,0.000,2.8211,-1.1344,0.5709,334.46,4.2088,-0.2006,23.59,0.0000,0.00,0,0,0,334.37,0,0.000,0.0000
2026-08-12T18:35:51.989017,530.01,DONE,1.7470,-0.6513,-167.66,0.0000,0.0000,7.5323,0,0.0,0.0,0.0,0.0,0.000,2.8211,-1.1344,0.5709,335.46,4.2088,-0.2006,23.59,0.0000,0.00,0,0,0,335.37,0,0.000,0.0000
2026-08-12T18:35:52.988997,531.01,DONE,1.7470,-0.6513,-167.66,0.0000,0.0000,7.5323,0,0.0,0.0,0.0,0.0,0.000,2.8211,-1.1344,0.5709,336.46,4.2088,-0.2006,23.59,0.0000,0.00,0,0,0,336.37,0,0.000,0.0000
2026-08-12T18:35:53.988983,532.01,DONE,1.7470,-0.6513,-167.66,0.0000,0.0000,7.5323,0,0.0,0.0,0.0,0.0,0.000,2.8211,-1.1344,0.5709,337.46,4.2088,-0.2006,23.59,0.0000,0.00,0,0,0,337.37,0,0.000,0.0000
2026-08-12T18:35:54.988984,533.01,DONE,1.7470,-0.6513,-167.66,0.0000,0.0000,7.5323,0,0.0,0.0,0.0,0.0,0.000,2.8211,-1.1344,0.5709,338.46,4.2088,-0.2006,23.59,0.0000,0.00,0,0,0,338.37,0,0.000,0.0000
2026-08-12T18:35:55.989052,534.01,DONE,1.7470,-0.6513,-167.66,0.0000,0.0000,7.5323,0,0.0,0.0,0.0,0.0,0.000,2.8211,-1.1344,0.5709,339.46,4.2088,-0.2006,23.59,0.0000,0.00,0,0,0,339.37,0,0.000,0.0000
2026-08-12T18:35:56.988995,535.01,DONE,1.7470,-0.6513,-167.66,0.0000,0.0000,7.5323,0,0.0,0.0,0.0,0.0,0.000,2.8211,-1.1344,0.5709,340.46,4.2088,-0.2006,23.59,0.0000,0.00,0,0,0,340.37,0,0.000,0.0000
2026-08-12T18:35:57.988993,536.01,DONE,1.7470,-0.6513,-167.66,0.0000,0.0000,7.5323,0,0.0,0.0,0.0,0.0,0.000,2.8211,-1.1344,0.5709,341.46,4.2088,-0.2006,23.59,0.0000,0.00,0,0,0,341.37,0,0.000,0.0000
2026-08-12T18:35:58.989158,537.01,DONE,1.7470,-0.6513,-167.66,0.0000,0.0000,7.5323,0,0.0,0.0,0.0,0.0,0.000,2.8211,-1.1344,0.5709,342.46,4.2088,-0.2006,23.59,0.0000,0.00,0,0,0,342.37,0,0.000,0.0000
2026-08-12T18:35:59.988945,538.01,DONE,1.7470,-0.6513,-167.66,0.0000,0.0000,7.5323,0,0.0,0.0,0.0,0.0,0.000,2.8211,-1.1344,0.5709,343.46,4.2088,-0.2006,23.59,0.0000,0.00,0,0,0,343.37,0,0.000,0.0000
2026-08-12T18:36:00.989170,539.01,DONE,1.7470,-0.6513,-167.66,0.0000,0.0000,7.5323,0,0.0,0.0,0.0,0.0,0.000,2.8211,-1.1344,0.5709,344.46,4.2088,-0.2006,23.59,0.0000,0.00,0,0,0,344.37,0,0.000,0.0000
2026-08-12T18:36:01.989000,540.01,DONE,1.7470,-0.6513,-167.66,0.0000,0.0000,7.5323,0,0.0,0.0,0.0,0.0,0.000,2.8211,-1.1344,0.5709,345.46,4.2088,-0.2006,23.59,0.0000,0.00,0,0,0,345.37,0,0.000,0.0000
2026-08-12T18:36:02.989164,541.01,DONE,1.7470,-0.6513,-167.66,0.0000,0.0000,7.5323,0,0.0,0.0,0.0,0.0,0.000,2.8211,-1.1344,0.5709,346.46,4.2088,-0.2006,23.59,0.0000,0.00,0,0,0,346.37,0,0.000,0.0000
2026-08-12T18:36:03.989031,542.01,DONE,1.7470,-0.6513,-167.66,0.0000,0.0000,7.5323,0,0.0,0.0,0.0,0.0,0.000,2.8211,-1.1344,0.5709,347.46,4.2088,-0.2006,23.59,0.0000,0.00,0,0,0,347.37,0,0.000,0.0000
2026-08-12T18:36:04.988979,543.01,DONE,1.7470,-0.6513,-167.66,0.0000,0.0000,7.5323,0,0.0,0.0,0.0,0.0,0.000,2.8211,-1.1344,0.5709,348.46,4.2088,-0.2006,23.59,0.0000,0.00,0,0,0,348.37,0,0.000,0.0000
2026-08-12T18:36:05.989053,544.01,DONE,1.7470,-0.6513,-167.66,0.0000,0.0000,7.5323,0,0.0,0.0,0.0,0.0,0.000,2.8211,-1.1344,0.5709,349.46,4.2088,-0.2006,23.59,0.0000,0.00,0,0,0,349.37,0,0.000,0.0000
2026-08-12T18:36:06.989048,545.01,DONE,1.7470,-0.6513,-167.66,0.0000,0.0000,7.5323,0,0.0,0.0,0.0,0.0,0.000,2.8211,-1.1344,0.5709,350.46,4.2088,-0.2006,23.59,0.0000,0.00,0,0,0,350.37,0,0.000,0.0000
2026-08-12T18:36:07.989096,546.01,DONE,1.7470,-0.6513,-167.66,0.0000,0.0000,7.5323,0,0.0,0.0,0.0,0.0,0.000,2.8211,-1.1344,0.5709,351.46,4.2088,-0.2006,23.59,0.0000,0.00,0,0,0,351.37,0,0.000,0.0000
2026-08-12T18:36:08.988976,547.01,DONE,1.7470,-0.6513,-167.66,0.0000,0.0000,7.5323,0,0.0,0.0,0.0,0.0,0.000,2.8211,-1.1344,0.5709,352.46,4.2088,-0.2006,23.59,0.0000,0.00,0,0,0,352.37,0,0.000,0.0000
2026-08-12T18:36:09.989057,548.01,DONE,1.7470,-0.6513,-167.66,0.0000,0.0000,7.5323,0,0.0,0.0,0.0,0.0,0.000,2.8211,-1.1344,0.5709,353.46,4.2088,-0.2006,23.59,0.0000,0.00,0,0,0,353.37,0,0.000,0.0000
2026-08-12T18:36:10.988880,549.01,DONE,1.7470,-0.6513,-167.66,0.0000,0.0000,7.5323,0,0.0,0.0,0.0,0.0,0.000,2.8211,-1.1344,0.5709,354.46,4.2088,-0.2006,23.59,0.0000,0.00,0,0,0,354.37,0,0.000,0.0000
2026-08-12T18:36:11.989096,550.01,DONE,1.7470,-0.6513,-167.66,0.0000,0.0000,7.5323,0,0.0,0.0,0.0,0.0,0.000,2.8211,-1.1344,0.5709,355.46,4.2088,-0.2006,23.59,0.0000,0.00,0,0,0,355.37,0,0.000,0.0000
2026-08-12T18:36:12.989039,551.01,DONE,1.7470,-0.6513,-167.66,0.0000,0.0000,7.5323,0,0.0,0.0,0.0,0.0,0.000,2.8211,-1.1344,0.5709,356.46,4.2088,-0.2006,23.59,0.0000,0.00,0,0,0,356.37,0,0.000,0.0000
2026-08-12T18:36:13.988991,552.01,DONE,1.7470,-0.6513,-167.66,0.0000,0.0000,7.5323,0,0.0,0.0,0.0,0.0,0.000,2.8211,-1.1344,0.5709,357.46,4.2088,-0.2006,23.59,0.0000,0.00,0,0,0,357.37,0,0.000,0.0000
2026-08-12T18:36:14.989050,553.01,DONE,1.7470,-0.6513,-167.66,0.0000,0.0000,7.5323,0,0.0,0.0,0.0,0.0,0.000,2.8211,-1.1344,0.5709,358.46,4.2088,-0.2006,23.59,0.0000,0.00,0,0,0,358.37,0,0.000,0.0000
2026-08-12T18:36:15.988954,554.01,DONE,1.7470,-0.6513,-167.66,0.0000,0.0000,7.5323,0,0.0,0.0,0.0,0.0,0.000,2.8211,-1.1344,0.5709,359.46,4.2088,-0.2006,23.59,0.0000,0.00,0,0,0,359.37,0,0.000,0.0000
2026-08-12T18:36:16.988982,555.01,DONE,1.7470,-0.6513,-167.66,0.0000,0.0000,7.5323,0,0.0,0.0,0.0,0.0,0.000,2.8211,-1.1344,0.5709,360.46,4.2088,-0.2006,23.59,0.0000,0.00,0,0,0,360.37,0,0.000,0.0000
2026-08-12T18:36:17.988983,556.01,DONE,1.7470,-0.6513,-167.66,0.0000,0.0000,7.5323,0,0.0,0.0,0.0,0.0,0.000,2.8211,-1.1344,0.5709,361.46,4.2088,-0.2006,23.59,0.0000,0.00,0,0,0,361.37,0,0.000,0.0000
2026-08-12T18:36:18.988991,557.01,DONE,1.7470,-0.6513,-167.66,0.0000,0.0000,7.5323,0,0.0,0.0,0.0,0.0,0.000,2.8211,-1.1344,0.5709,362.46,4.2088,-0.2006,23.59,0.0000,0.00,0,0,0,362.37,0,0.000,0.0000
2026-08-12T18:36:19.989111,558.01,DONE,1.7470,-0.6513,-167.66,0.0000,0.0000,7.5323,0,0.0,0.0,0.0,0.0,0.000,2.8211,-1.1344,0.5709,363.46,4.2088,-0.2006,23.59,0.0000,0.00,0,0,0,363.37,0,0.000,0.0000
2026-08-12T18:36:20.988996,559.01,DONE,1.7470,-0.6513,-167.66,0.0000,0.0000,7.5323,0,0.0,0.0,0.0,0.0,0.000,2.8211,-1.1344,0.5709,364.46,4.2088,-0.2006,23.59,0.0000,0.00,0,0,0,364.37,0,0.000,0.0000
2026-08-12T18:36:21.989059,560.01,DONE,1.7470,-0.6513,-167.66,0.0000,0.0000,7.5323,0,0.0,0.0,0.0,0.0,0.000,2.8211,-1.1344,0.5709,365.46,4.2088,-0.2006,23.59,0.0000,0.00,0,0,0,365.37,0,0.000,0.0000
2026-08-12T18:36:22.988952,561.01,DONE,1.7470,-0.6513,-167.66,0.0000,0.0000,7.5323,0,0.0,0.0,0.0,0.0,0.000,2.8211,-1.1344,0.5709,366.46,4.2088,-0.2006,23.59,0.0000,0.00,0,0,0,366.37,0,0.000,0.0000
2026-08-12T18:36:23.989013,562.01,DONE,1.7470,-0.6513,-167.66,0.0000,0.0000,7.5323,0,0.0,0.0,0.0,0.0,0.000,2.8211,-1.1344,0.5709,367.46,4.2088,-0.2006,23.59,0.0000,0.00,0,0,0,367.37,0,0.000,0.0000
2026-08-12T18:36:24.989136,563.01,DONE,1.7470,-0.6513,-167.66,0.0000,0.0000,7.5323,0,0.0,0.0,0.0,0.0,0.000,2.8211,-1.1344,0.5709,368.46,4.2088,-0.2006,23.59,0.0000,0.00,0,0,0,368.37,0,0.000,0.0000
2026-08-12T18:36:25.988999,564.01,DONE,1.7470,-0.6513,-167.66,0.0000,0.0000,7.5323,0,0.0,0.0,0.0,0.0,0.000,2.8211,-1.1344,0.5709,369.46,4.2088,-0.2006,23.59,0.0000,0.00,0,0,0,369.37,0,0.000,0.0000
2026-08-12T18:36:26.989064,565.01,DONE,1.7470,-0.6513,-167.66,0.0000,0.0000,7.5323,0,0.0,0.0,0.0,0.0,0.000,2.8211,-1.1344,0.5709,370.46,4.2088,-0.2006,23.59,0.0000,0.00,0,0,0,370.37,0,0.000,0.0000
2026-08-12T18:36:27.989041,566.01,DONE,1.7470,-0.6513,-167.66,0.0000,0.0000,7.5323,0,0.0,0.0,0.0,0.0,0.000,2.8211,-1.1344,0.5709,371.46,4.2088,-0.2006,23.59,0.0000,0.00,0,0,0,371.37,0,0.000,0.0000
2026-08-12T18:36:28.989244,567.01,DONE,1.7470,-0.6513,-167.66,0.0000,0.0000,7.5323,0,0.0,0.0,0.0,0.0,0.000,2.8211,-1.1344,0.5709,372.46,4.2088,-0.2006,23.59,0.0000,0.00,0,0,0,372.37,0,0.000,0.0000
2026-08-12T18:36:29.988978,568.01,DONE,1.7470,-0.6513,-167.66,0.0000,0.0000,7.5323,0,0.0,0.0,0.0,0.0,0.000,2.8211,-1.1344,0.5709,373.46,4.2088,-0.2006,23.59,0.0000,0.00,0,0,0,373.37,0,0.000,0.0000
2026-08-12T18:36:30.989200,569.01,DONE,1.7470,-0.6513,-167.66,0.0000,0.0000,7.5323,0,0.0,0.0,0.0,0.0,0.000,2.8211,-1.1344,0.5709,374.46,4.2088,-0.2006,23.59,0.0000,0.00,0,0,0,374.37,0,0.000,0.0000
2026-08-12T18:36:31.989092,570.01,DONE,1.7470,-0.6513,-167.66,0.0000,0.0000,7.5323,0,0.0,0.0,0.0,0.0,0.000,2.8211,-1.1344,0.5709,375.46,4.2088,-0.2006,23.59,0.0000,0.00,0,0,0,375.37,0,0.000,0.0000
2026-08-12T18:36:32.988954,571.01,DONE,1.7470,-0.6513,-167.66,0.0000,0.0000,7.5323,0,0.0,0.0,0.0,0.0,0.000,2.8211,-1.1344,0.5709,376.46,4.2088,-0.2006,23.59,0.0000,0.00,0,0,0,376.37,0,0.000,0.0000
2026-08-12T18:36:33.989036,572.01,DONE,1.7470,-0.6513,-167.66,0.0000,0.0000,7.5323,0,0.0,0.0,0.0,0.0,0.000,2.8211,-1.1344,0.5709,377.46,4.2088,-0.2006,23.59,0.0000,0.00,0,0,0,377.37,0,0.000,0.0000
2026-08-12T18:36:34.989017,573.01,DONE,1.7470,-0.6513,-167.66,0.0000,0.0000,7.5323,0,0.0,0.0,0.0,0.0,0.000,2.8211,-1.1344,0.5709,378.46,4.2088,-0.2006,23.59,0.0000,0.00,0,0,0,378.37,0,0.000,0.0000
2026-08-12T18:36:35.989011,574.01,DONE,1.7470,-0.6513,-167.66,0.0000,0.0000,7.5323,0,0.0,0.0,0.0,0.0,0.000,2.8211,-1.1344,0.5709,379.46,4.2088,-0.2006,23.59,0.0000,0.00,0,0,0,379.37,0,0.000,0.0000
2026-08-12T18:36:36.989058,575.01,DONE,1.7470,-0.6513,-167.66,0.0000,0.0000,7.5323,0,0.0,0.0,0.0,0.0,0.000,2.8211,-1.1344,0.5709,380.46,4.2088,-0.2006,23.59,0.0000,0.00,0,0,0,380.37,0,0.000,0.0000
2026-08-12T18:36:37.989022,576.01,DONE,1.7470,-0.6513,-167.66,0.0000,0.0000,7.5323,0,0.0,0.0,0.0,0.0,0.000,2.8211,-1.1344,0.5709,381.46,4.2088,-0.2006,23.59,0.0000,0.00,0,0,0,381.37,0,0.000,0.0000
2026-08-12T18:36:38.989082,577.01,DONE,1.7470,-0.6513,-167.66,0.0000,0.0000,7.5323,0,0.0,0.0,0.0,0.0,0.000,2.8211,-1.1344,0.5709,382.46,4.2088,-0.2006,23.59,0.0000,0.00,0,0,0,382.37,0,0.000,0.0000
2026-08-12T18:36:39.989050,578.01,DONE,1.7470,-0.6513,-167.66,0.0000,0.0000,7.5323,0,0.0,0.0,0.0,0.0,0.000,2.8211,-1.1344,0.5709,383.46,4.2088,-0.2006,23.59,0.0000,0.00,0,0,0,383.37,0,0.000,0.0000
2026-08-12T18:36:40.989069,579.01,DONE,1.7470,-0.6513,-167.66,0.0000,0.0000,7.5323,0,0.0,0.0,0.0,0.0,0.000,2.8211,-1.1344,0.5709,384.46,4.2088,-0.2006,23.59,0.0000,0.00,0,0,0,384.37,0,0.000,0.0000
2026-08-12T18:36:41.988977,580.01,DONE,1.7470,-0.6513,-167.66,0.0000,0.0000,7.5323,0,0.0,0.0,0.0,0.0,0.000,2.8211,-1.1344,0.5709,385.46,4.2088,-0.2006,23.59,0.0000,0.00,0,0,0,385.37,0,0.000,0.0000
2026-08-12T18:36:42.988969,581.01,DONE,1.7470,-0.6513,-167.66,0.0000,0.0000,7.5323,0,0.0,0.0,0.0,0.0,0.000,2.8211,-1.1344,0.5709,386.46,4.2088,-0.2006,23.59,0.0000,0.00,0,0,0,386.37,0,0.000,0.0000
2026-08-12T18:36:43.989215,582.01,DONE,1.7470,-0.6513,-167.66,0.0000,0.0000,7.5323,0,0.0,0.0,0.0,0.0,0.000,2.8211,-1.1344,0.5709,387.46,4.2088,-0.2006,23.59,0.0000,0.00,0,0,0,387.37,0,0.000,0.0000
2026-08-12T18:36:44.988982,583.01,DONE,1.7470,-0.6513,-167.66,0.0000,0.0000,7.5323,0,0.0,0.0,0.0,0.0,0.000,2.8211,-1.1344,0.5709,388.46,4.2088,-0.2006,23.59,0.0000,0.00,0,0,0,388.37,0,0.000,0.0000
2026-08-12T18:36:45.989055,584.01,DONE,1.7470,-0.6513,-167.66,0.0000,0.0000,7.5323,0,0.0,0.0,0.0,0.0,0.000,2.8211,-1.1344,0.5709,389.46,4.2088,-0.2006,23.59,0.0000,0.00,0,0,0,389.37,0,0.000,0.0000
2026-08-12T18:36:46.988894,585.01,DONE,1.7470,-0.6513,-167.66,0.0000,0.0000,7.5323,0,0.0,0.0,0.0,0.0,0.000,2.8211,-1.1344,0.5709,390.46,4.2088,-0.2006,23.59,0.0000,0.00,0,0,0,390.37,0,0.000,0.0000
2026-08-12T18:36:47.989019,586.01,DONE,1.7470,-0.6513,-167.66,0.0000,0.0000,7.5323,0,0.0,0.0,0.0,0.0,0.000,2.8211,-1.1344,0.5709,391.46,4.2088,-0.2006,23.59,0.0000,0.00,0,0,0,391.37,0,0.000,0.0000
2026-08-12T18:36:48.989831,587.01,DONE,1.7470,-0.6513,-167.66,0.0000,0.0000,7.5323,0,0.0,0.0,0.0,0.0,0.000,2.8211,-1.1344,0.5709,392.46,4.2088,-0.2006,23.59,0.0000,0.00,0,0,0,392.37,0,0.000,0.0000
2026-08-12T18:36:49.989140,588.01,DONE,1.7470,-0.6513,-167.66,0.0000,0.0000,7.5323,0,0.0,0.0,0.0,0.0,0.000,2.8211,-1.1344,0.5709,393.46,4.2088,-0.2006,23.59,0.0000,0.00,0,0,0,393.37,0,0.000,0.0000
2026-08-12T18:36:50.989075,589.01,DONE,1.7470,-0.6513,-167.66,0.0000,0.0000,7.5323,0,0.0,0.0,0.0,0.0,0.000,2.8211,-1.1344,0.5709,394.46,4.2088,-0.2006,23.59,0.0000,0.00,0,0,0,394.37,0,0.000,0.0000
2026-08-12T18:36:51.988994,590.01,DONE,1.7470,-0.6513,-167.66,0.0000,0.0000,7.5323,0,0.0,0.0,0.0,0.0,0.000,2.8211,-1.1344,0.5709,395.46,4.2088,-0.2006,23.59,0.0000,0.00,0,0,0,395.37,0,0.000,0.0000
2026-08-12T18:36:52.989091,591.01,DONE,1.7470,-0.6513,-167.66,0.0000,0.0000,7.5323,0,0.0,0.0,0.0,0.0,0.000,2.8211,-1.1344,0.5709,396.46,4.2088,-0.2006,23.59,0.0000,0.00,0,0,0,396.37,0,0.000,0.0000
2026-08-12T18:36:53.988874,592.01,DONE,1.7470,-0.6513,-167.66,0.0000,0.0000,7.5323,0,0.0,0.0,0.0,0.0,0.000,2.8211,-1.1344,0.5709,397.46,4.2088,-0.2006,23.59,0.0000,0.00,0,0,0,397.37,0,0.000,0.0000
2026-08-12T18:36:54.989057,593.01,DONE,1.7470,-0.6513,-167.66,0.0000,0.0000,7.5323,0,0.0,0.0,0.0,0.0,0.000,2.8211,-1.1344,0.5709,398.46,4.2088,-0.2006,23.59,0.0000,0.00,0,0,0,398.37,0,0.000,0.0000
2026-08-12T18:36:55.988999,594.01,DONE,1.7470,-0.6513,-167.66,0.0000,0.0000,7.5323,0,0.0,0.0,0.0,0.0,0.000,2.8211,-1.1344,0.5709,399.46,4.2088,-0.2006,23.59,0.0000,0.00,0,0,0,399.37,0,0.000,0.0000
2026-08-12T18:36:56.988988,595.01,DONE,1.7470,-0.6513,-167.66,0.0000,0.0000,7.5323,0,0.0,0.0,0.0,0.0,0.000,2.8211,-1.1344,0.5709,400.46,4.2088,-0.2006,23.59,0.0000,0.00,0,0,0,400.37,0,0.000,0.0000
2026-08-12T18:36:57.989010,596.01,DONE,1.7470,-0.6513,-167.66,0.0000,0.0000,7.5323,0,0.0,0.0,0.0,0.0,0.000,2.8211,-1.1344,0.5709,401.46,4.2088,-0.2006,23.59,0.0000,0.00,0,0,0,401.37,0,0.000,0.0000
2026-08-12T18:36:58.989012,597.01,DONE,1.7470,-0.6513,-167.66,0.0000,0.0000,7.5323,0,0.0,0.0,0.0,0.0,0.000,2.8211,-1.1344,0.5709,402.46,4.2088,-0.2006,23.59,0.0000,0.00,0,0,0,402.37,0,0.000,0.0000
2026-08-12T18:36:59.989110,598.01,DONE,1.7470,-0.6513,-167.66,0.0000,0.0000,7.5323,0,0.0,0.0,0.0,0.0,0.000,2.8211,-1.1344,0.5709,403.46,4.2088,-0.2006,23.59,0.0000,0.00,0,0,0,403.37,0,0.000,0.0000
2026-08-12T18:37:00.989060,599.01,DONE,1.7470,-0.6513,-167.66,0.0000,0.0000,7.5323,0,0.0,0.0,0.0,0.0,0.000,2.8211,-1.1344,0.5709,404.46,4.2088,-0.2006,23.59,0.0000,0.00,0,0,0,404.37,0,0.000,0.0000
2026-08-12T18:37:01.989065,600.01,DONE,1.7470,-0.6513,-167.66,0.0000,0.0000,7.5323,0,0.0,0.0,0.0,0.0,0.000,2.8211,-1.1344,0.5709,405.46,4.2088,-0.2006,23.59,0.0000,0.00,0,0,0,405.37,0,0.000,0.0000
2026-08-12T18:37:02.989193,601.01,DONE,1.7470,-0.6513,-167.66,0.0000,0.0000,7.5323,0,0.0,0.0,0.0,0.0,0.000,2.8211,-1.1344,0.5709,406.46,4.2088,-0.2006,23.59,0.0000,0.00,0,0,0,406.37,0,0.000,0.0000
2026-08-12T18:37:03.988991,602.01,DONE,1.7470,-0.6513,-167.66,0.0000,0.0000,7.5323,0,0.0,0.0,0.0,0.0,0.000,2.8211,-1.1344,0.5709,407.46,4.2088,-0.2006,23.59,0.0000,0.00,0,0,0,407.37,0,0.000,0.0000
2026-08-12T18:37:04.988928,603.01,DONE,1.7470,-0.6513,-167.66,0.0000,0.0000,7.5323,0,0.0,0.0,0.0,0.0,0.000,2.8211,-1.1344,0.5709,408.46,4.2088,-0.2006,23.59,0.0000,0.00,0,0,0,408.37,0,0.000,0.0000
2026-08-12T18:37:05.988970,604.01,DONE,1.7470,-0.6513,-167.66,0.0000,0.0000,7.5323,0,0.0,0.0,0.0,0.0,0.000,2.8211,-1.1344,0.5709,409.46,4.2088,-0.2006,23.59,0.0000,0.00,0,0,0,409.37,0,0.000,0.0000
2026-08-12T18:37:06.988990,605.01,DONE,1.7470,-0.6513,-167.66,0.0000,0.0000,7.5323,0,0.0,0.0,0.0,0.0,0.000,2.8211,-1.1344,0.5709,410.46,4.2088,-0.2006,23.59,0.0000,0.00,0,0,0,410.37,0,0.000,0.0000
2026-08-12T18:37:07.989098,606.01,DONE,1.7470,-0.6513,-167.66,0.0000,0.0000,7.5323,0,0.0,0.0,0.0,0.0,0.000,2.8211,-1.1344,0.5709,411.46,4.2088,-0.2006,23.59,0.0000,0.00,0,0,0,411.37,0,0.000,0.0000
2026-08-12T18:37:08.989057,607.01,DONE,1.7470,-0.6513,-167.66,0.0000,0.0000,7.5323,0,0.0,0.0,0.0,0.0,0.000,2.8211,-1.1344,0.5709,412.46,4.2088,-0.2006,23.59,0.0000,0.00,0,0,0,412.37,0,0.000,0.0000
2026-08-12T18:37:09.989343,608.01,DONE,1.7470,-0.6513,-167.66,0.0000,0.0000,7.5323,0,0.0,0.0,0.0,0.0,0.000,2.8211,-1.1344,0.5709,413.46,4.2088,-0.2006,23.59,0.0000,0.00,0,0,0,413.37,0,0.000,0.0000
2026-08-12T18:37:10.989429,609.01,DONE,1.7470,-0.6513,-167.66,0.0000,0.0000,7.5323,0,0.0,0.0,0.0,0.0,0.000,2.8211,-1.1344,0.5709,414.46,4.2088,-0.2006,23.59,0.0000,0.00,0,0,0,414.37,0,0.000,0.0000
2026-08-12T18:37:11.989055,610.01,DONE,1.7470,-0.6513,-167.66,0.0000,0.0000,7.5323,0,0.0,0.0,0.0,0.0,0.000,2.8211,-1.1344,0.5709,415.46,4.2088,-0.2006,23.59,0.0000,0.00,0,0,0,415.37,0,0.000,0.0000
2026-08-12T18:37:12.989155,611.01,DONE,1.7470,-0.6513,-167.66,0.0000,0.0000,7.5323,0,0.0,0.0,0.0,0.0,0.000,2.8211,-1.1344,0.5709,416.46,4.2088,-0.2006,23.59,0.0000,0.00,0,0,0,416.37,0,0.000,0.0000
2026-08-12T18:37:13.989096,612.01,DONE,1.7470,-0.6513,-167.66,0.0000,0.0000,7.5323,0,0.0,0.0,0.0,0.0,0.000,2.8211,-1.1344,0.5709,417.46,4.2088,-0.2006,23.59,0.0000,0.00,0,0,0,417.37,0,0.000,0.0000
2026-08-12T18:37:14.989020,613.01,DONE,1.7470,-0.6513,-167.66,0.0000,0.0000,7.5323,0,0.0,0.0,0.0,0.0,0.000,2.8211,-1.1344,0.5709,418.46,4.2088,-0.2006,23.59,0.0000,0.00,0,0,0,418.37,0,0.000,0.0000
2026-08-12T18:37:15.988884,614.01,DONE,1.7470,-0.6513,-167.66,0.0000,0.0000,7.5323,0,0.0,0.0,0.0,0.0,0.000,2.8211,-1.1344,0.5709,419.46,4.2088,-0.2006,23.59,0.0000,0.00,0,0,0,419.37,0,0.000,0.0000
2026-08-12T18:37:16.989021,615.01,DONE,1.7470,-0.6513,-167.66,0.0000,0.0000,7.5323,0,0.0,0.0,0.0,0.0,0.000,2.8211,-1.1344,0.5709,420.46,4.2088,-0.2006,23.59,0.0000,0.00,0,0,0,420.37,0,0.000,0.0000
2026-08-12T18:37:17.989032,616.01,DONE,1.7470,-0.6513,-167.66,0.0000,0.0000,7.5323,0,0.0,0.0,0.0,0.0,0.000,2.8211,-1.1344,0.5709,421.46,4.2088,-0.2006,23.59,0.0000,0.00,0,0,0,421.37,0,0.000,0.0000
2026-08-12T18:37:18.988981,617.01,DONE,1.7470,-0.6513,-167.66,0.0000,0.0000,7.5323,0,0.0,0.0,0.0,0.0,0.000,2.8211,-1.1344,0.5709,422.46,4.2088,-0.2006,23.59,0.0000,0.00,0,0,0,422.37,0,0.000,0.0000
2026-08-12T18:37:19.989046,618.01,DONE,1.7470,-0.6513,-167.66,0.0000,0.0000,7.5323,0,0.0,0.0,0.0,0.0,0.000,2.8211,-1.1344,0.5709,423.46,4.2088,-0.2006,23.59,0.0000,0.00,0,0,0,423.37,0,0.000,0.0000
2026-08-12T18:37:20.988995,619.01,DONE,1.7470,-0.6513,-167.66,0.0000,0.0000,7.5323,0,0.0,0.0,0.0,0.0,0.000,2.8211,-1.1344,0.5709,424.46,4.2088,-0.2006,23.59,0.0000,0.00,0,0,0,424.37,0,0.000,0.0000
2026-08-12T18:37:21.989021,620.01,DONE,1.7470,-0.6513,-167.66,0.0000,0.0000,7.5323,0,0.0,0.0,0.0,0.0,0.000,2.8211,-1.1344,0.5709,425.46,4.2088,-0.2006,23.59,0.0000,0.00,0,0,0,425.37,0,0.000,0.0000
2026-08-12T18:37:22.989277,621.01,DONE,1.7470,-0.6513,-167.66,0.0000,0.0000,7.5323,0,0.0,0.0,0.0,0.0,0.000,2.8211,-1.1344,0.5709,426.46,4.2088,-0.2006,23.59,0.0000,0.00,0,0,0,426.37,0,0.000,0.0000
2026-08-12T18:37:23.988990,622.01,DONE,1.7470,-0.6513,-167.66,0.0000,0.0000,7.5323,0,0.0,0.0,0.0,0.0,0.000,2.8211,-1.1344,0.5709,427.46,4.2088,-0.2006,23.59,0.0000,0.00,0,0,0,427.37,0,0.000,0.0000
2026-08-12T18:37:24.989055,623.01,DONE,1.7470,-0.6513,-167.66,0.0000,0.0000,7.5323,0,0.0,0.0,0.0,0.0,0.000,2.8211,-1.1344,0.5709,428.46,4.2088,-0.2006,23.59,0.0000,0.00,0,0,0,428.37,0,0.000,0.0000
2026-08-12T18:37:25.989028,624.01,DONE,1.7470,-0.6513,-167.66,0.0000,0.0000,7.5323,0,0.0,0.0,0.0,0.0,0.000,2.8211,-1.1344,0.5709,429.46,4.2088,-0.2006,23.59,0.0000,0.00,0,0,0,429.37,0,0.000,0.0000
2026-08-12T18:37:26.989097,625.01,DONE,1.7470,-0.6513,-167.66,0.0000,0.0000,7.5323,0,0.0,0.0,0.0,0.0,0.000,2.8211,-1.1344,0.5709,430.46,4.2088,-0.2006,23.59,0.0000,0.00,0,0,0,430.37,0,0.000,0.0000
2026-08-12T18:37:27.989003,626.01,DONE,1.7470,-0.6513,-167.66,0.0000,0.0000,7.5323,0,0.0,0.0,0.0,0.0,0.000,2.8211,-1.1344,0.5709,431.46,4.2088,-0.2006,23.59,0.0000,0.00,0,0,0,431.37,0,0.000,0.0000
2026-08-12T18:37:28.989021,627.01,DONE,1.7470,-0.6513,-167.66,0.0000,0.0000,7.5323,0,0.0,0.0,0.0,0.0,0.000,2.8211,-1.1344,0.5709,432.46,4.2088,-0.2006,23.59,0.0000,0.00,0,0,0,432.37,0,0.000,0.0000
2026-08-12T18:37:29.989124,628.01,DONE,1.7470,-0.6513,-167.66,0.0000,0.0000,7.5323,0,0.0,0.0,0.0,0.0,0.000,2.8211,-1.1344,0.5709,433.46,4.2088,-0.2006,23.59,0.0000,0.00,0,0,0,433.37,0,0.000,0.0000
2026-08-12T18:37:30.989001,629.01,DONE,1.7470,-0.6513,-167.66,0.0000,0.0000,7.5323,0,0.0,0.0,0.0,0.0,0.000,2.8211,-1.1344,0.5709,434.46,4.2088,-0.2006,23.59,0.0000,0.00,0,0,0,434.37,0,0.000,0.0000
2026-08-12T18:37:31.989047,630.01,DONE,1.7470,-0.6513,-167.66,0.0000,0.0000,7.5323,0,0.0,0.0,0.0,0.0,0.000,2.8211,-1.1344,0.5709,435.46,4.2088,-0.2006,23.59,0.0000,0.00,0,0,0,435.37,0,0.000,0.0000
2026-08-12T18:37:32.989075,631.01,DONE,1.7470,-0.6513,-167.66,0.0000,0.0000,7.5323,0,0.0,0.0,0.0,0.0,0.000,2.8211,-1.1344,0.5709,436.46,4.2088,-0.2006,23.59,0.0000,0.00,0,0,0,436.37,0,0.000,0.0000
2026-08-12T18:37:33.989024,632.01,DONE,1.7470,-0.6513,-167.66,0.0000,0.0000,7.5323,0,0.0,0.0,0.0,0.0,0.000,2.8211,-1.1344,0.5709,437.46,4.2088,-0.2006,23.59,0.0000,0.00,0,0,0,437.37,0,0.000,0.0000
2026-08-12T18:37:34.989029,633.01,DONE,1.7470,-0.6513,-167.66,0.0000,0.0000,7.5323,0,0.0,0.0,0.0,0.0,0.000,2.8211,-1.1344,0.5709,438.46,4.2088,-0.2006,23.59,0.0000,0.00,0,0,0,438.37,0,0.000,0.0000
2026-08-12T18:37:35.989099,634.01,DONE,1.7470,-0.6513,-167.66,0.0000,0.0000,7.5323,0,0.0,0.0,0.0,0.0,0.000,2.8211,-1.1344,0.5709,439.46,4.2088,-0.2006,23.59,0.0000,0.00,0,0,0,439.37,0,0.000,0.0000
2026-08-12T18:37:36.989063,635.01,DONE,1.7470,-0.6513,-167.66,0.0000,0.0000,7.5323,0,0.0,0.0,0.0,0.0,0.000,2.8211,-1.1344,0.5709,440.46,4.2088,-0.2006,23.59,0.0000,0.00,0,0,0,440.37,0,0.000,0.0000
2026-08-12T18:37:37.989065,636.01,DONE,1.7470,-0.6513,-167.66,0.0000,0.0000,7.5323,0,0.0,0.0,0.0,0.0,0.000,2.8211,-1.1344,0.5709,441.46,4.2088,-0.2006,23.59,0.0000,0.00,0,0,0,441.37,0,0.000,0.0000
2026-08-12T18:37:38.989157,637.01,DONE,1.7470,-0.6513,-167.66,0.0000,0.0000,7.5323,0,0.0,0.0,0.0,0.0,0.000,2.8211,-1.1344,0.5709,442.46,4.2088,-0.2006,23.59,0.0000,0.00,0,0,0,442.37,0,0.000,0.0000
2026-08-12T18:37:39.989023,638.01,DONE,1.7470,-0.6513,-167.66,0.0000,0.0000,7.5323,0,0.0,0.0,0.0,0.0,0.000,2.8211,-1.1344,0.5709,443.46,4.2088,-0.2006,23.59,0.0000,0.00,0,0,0,443.37,0,0.000,0.0000
2026-08-12T18:37:40.988983,639.01,DONE,1.7470,-0.6513,-167.66,0.0000,0.0000,7.5323,0,0.0,0.0,0.0,0.0,0.000,2.8211,-1.1344,0.5709,444.46,4.2088,-0.2006,23.59,0.0000,0.00,0,0,0,444.37,0,0.000,0.0000
2026-08-12T18:37:41.988902,640.01,DONE,1.7470,-0.6513,-167.66,0.0000,0.0000,7.5323,0,0.0,0.0,0.0,0.0,0.000,2.8211,-1.1344,0.5709,445.46,4.2088,-0.2006,23.59,0.0000,0.00,0,0,0,445.37,0,0.000,0.0000
2026-08-12T18:37:42.988968,641.01,DONE,1.7470,-0.6513,-167.66,0.0000,0.0000,7.5323,0,0.0,0.0,0.0,0.0,0.000,2.8211,-1.1344,0.5709,446.46,4.2088,-0.2006,23.59,0.0000,0.00,0,0,0,446.37,0,0.000,0.0000
2026-08-12T18:37:43.989002,642.01,DONE,1.7470,-0.6513,-167.66,0.0000,0.0000,7.5323,0,0.0,0.0,0.0,0.0,0.000,2.8211,-1.1344,0.5709,447.46,4.2088,-0.2006,23.59,0.0000,0.00,0,0,0,447.37,0,0.000,0.0000
2026-08-12T18:37:44.988960,643.01,DONE,1.7470,-0.6513,-167.66,0.0000,0.0000,7.5323,0,0.0,0.0,0.0,0.0,0.000,2.8211,-1.1344,0.5709,448.46,4.2088,-0.2006,23.59,0.0000,0.00,0,0,0,448.37,0,0.000,0.0000
2026-08-12T18:37:45.989005,644.01,DONE,1.7470,-0.6513,-167.66,0.0000,0.0000,7.5323,0,0.0,0.0,0.0,0.0,0.000,2.8211,-1.1344,0.5709,449.46,4.2088,-0.2006,23.59,0.0000,0.00,0,0,0,449.37,0,0.000,0.0000
2026-08-12T18:37:46.988996,645.01,DONE,1.7470,-0.6513,-167.66,0.0000,0.0000,7.5323,0,0.0,0.0,0.0,0.0,0.000,2.8211,-1.1344,0.5709,450.46,4.2088,-0.2006,23.59,0.0000,0.00,0,0,0,450.37,0,0.000,0.0000
2026-08-12T18:37:47.989056,646.01,DONE,1.7470,-0.6513,-167.66,0.0000,0.0000,7.5323,0,0.0,0.0,0.0,0.0,0.000,2.8211,-1.1344,0.5709,451.46,4.2088,-0.2006,23.59,0.0000,0.00,0,0,0,451.37,0,0.000,0.0000
2026-08-12T18:37:48.989172,647.01,DONE,1.7470,-0.6513,-167.66,0.0000,0.0000,7.5323,0,0.0,0.0,0.0,0.0,0.000,2.8211,-1.1344,0.5709,452.46,4.2088,-0.2006,23.59,0.0000,0.00,0,0,0,452.37,0,0.000,0.0000
2026-08-12T18:37:49.989037,648.01,DONE,1.7470,-0.6513,-167.66,0.0000,0.0000,7.5323,0,0.0,0.0,0.0,0.0,0.000,2.8211,-1.1344,0.5709,453.46,4.2088,-0.2006,23.59,0.0000,0.00,0,0,0,453.37,0,0.000,0.0000
2026-08-12T18:37:50.989099,649.01,DONE,1.7470,-0.6513,-167.66,0.0000,0.0000,7.5323,0,0.0,0.0,0.0,0.0,0.000,2.8211,-1.1344,0.5709,454.46,4.2088,-0.2006,23.59,0.0000,0.00,0,0,0,454.37,0,0.000,0.0000
2026-08-12T18:37:51.988966,650.01,DONE,1.7470,-0.6513,-167.66,0.0000,0.0000,7.5323,0,0.0,0.0,0.0,0.0,0.000,2.8211,-1.1344,0.5709,455.46,4.2088,-0.2006,23.59,0.0000,0.00,0,0,0,455.37,0,0.000,0.0000
2026-08-12T18:37:52.989129,651.01,DONE,1.7470,-0.6513,-167.66,0.0000,0.0000,7.5323,0,0.0,0.0,0.0,0.0,0.000,2.8211,-1.1344,0.5709,456.46,4.2088,-0.2006,23.59,0.0000,0.00,0,0,0,456.37,0,0.000,0.0000
2026-08-12T18:37:53.989098,652.01,DONE,1.7470,-0.6513,-167.66,0.0000,0.0000,7.5323,0,0.0,0.0,0.0,0.0,0.000,2.8211,-1.1344,0.5709,457.46,4.2088,-0.2006,23.59,0.0000,0.00,0,0,0,457.37,0,0.000,0.0000
2026-08-12T18:37:54.989024,653.01,DONE,1.7470,-0.6513,-167.66,0.0000,0.0000,7.5323,0,0.0,0.0,0.0,0.0,0.000,2.8211,-1.1344,0.5709,458.46,4.2088,-0.2006,23.59,0.0000,0.00,0,0,0,458.37,0,0.000,0.0000
2026-08-12T18:37:55.989149,654.01,DONE,1.7470,-0.6513,-167.66,0.0000,0.0000,7.5323,0,0.0,0.0,0.0,0.0,0.000,2.8211,-1.1344,0.5709,459.46,4.2088,-0.2006,23.59,0.0000,0.00,0,0,0,459.37,0,0.000,0.0000
2026-08-12T18:37:56.989004,655.01,DONE,1.7470,-0.6513,-167.66,0.0000,0.0000,7.5323,0,0.0,0.0,0.0,0.0,0.000,2.8211,-1.1344,0.5709,460.46,4.2088,-0.2006,23.59,0.0000,0.00,0,0,0,460.37,0,0.000,0.0000
2026-08-12T18:37:57.989027,656.01,DONE,1.7470,-0.6513,-167.66,0.0000,0.0000,7.5323,0,0.0,0.0,0.0,0.0,0.000,2.8211,-1.1344,0.5709,461.46,4.2088,-0.2006,23.59,0.0000,0.00,0,0,0,461.37,0,0.000,0.0000
2026-08-12T18:37:58.989002,657.01,DONE,1.7470,-0.6513,-167.66,0.0000,0.0000,7.5323,0,0.0,0.0,0.0,0.0,0.000,2.8211,-1.1344,0.5709,462.46,4.2088,-0.2006,23.59,0.0000,0.00,0,0,0,462.37,0,0.000,0.0000
2026-08-12T18:37:59.989065,658.01,DONE,1.7470,-0.6513,-167.66,0.0000,0.0000,7.5323,0,0.0,0.0,0.0,0.0,0.000,2.8211,-1.1344,0.5709,463.46,4.2088,-0.2006,23.59,0.0000,0.00,0,0,0,463.37,0,0.000,0.0000
2026-08-12T18:38:00.989032,659.01,DONE,1.7470,-0.6513,-167.66,0.0000,0.0000,7.5323,0,0.0,0.0,0.0,0.0,0.000,2.8211,-1.1344,0.5709,464.46,4.2088,-0.2006,23.59,0.0000,0.00,0,0,0,464.37,0,0.000,0.0000
2026-08-12T18:38:01.989102,660.01,DONE,1.7470,-0.6513,-167.66,0.0000,0.0000,7.5323,0,0.0,0.0,0.0,0.0,0.000,2.8211,-1.1344,0.5709,465.46,4.2088,-0.2006,23.59,0.0000,0.00,0,0,0,465.37,0,0.000,0.0000
2026-08-12T18:38:02.989095,661.01,DONE,1.7470,-0.6513,-167.66,0.0000,0.0000,7.5323,0,0.0,0.0,0.0,0.0,0.000,2.8211,-1.1344,0.5709,466.46,4.2088,-0.2006,23.59,0.0000,0.00,0,0,0,466.37,0,0.000,0.0000
2026-08-12T18:38:03.988994,662.01,DONE,1.7470,-0.6513,-167.66,0.0000,0.0000,7.5323,0,0.0,0.0,0.0,0.0,0.000,2.8211,-1.1344,0.5709,467.46,4.2088,-0.2006,23.59,0.0000,0.00,0,0,0,467.37,0,0.000,0.0000
2026-08-12T18:38:04.989002,663.01,DONE,1.7470,-0.6513,-167.66,0.0000,0.0000,7.5323,0,0.0,0.0,0.0,0.0,0.000,2.8211,-1.1344,0.5709,468.46,4.2088,-0.2006,23.59,0.0000,0.00,0,0,0,468.37,0,0.000,0.0000
2026-08-12T18:38:05.988999,664.01,DONE,1.7470,-0.6513,-167.66,0.0000,0.0000,7.5323,0,0.0,0.0,0.0,0.0,0.000,2.8211,-1.1344,0.5709,469.46,4.2088,-0.2006,23.59,0.0000,0.00,0,0,0,469.37,0,0.000,0.0000
2026-08-12T18:38:06.989008,665.01,DONE,1.7470,-0.6513,-167.66,0.0000,0.0000,7.5323,0,0.0,0.0,0.0,0.0,0.000,2.8211,-1.1344,0.5709,470.46,4.2088,-0.2006,23.59,0.0000,0.00,0,0,0,470.37,0,0.000,0.0000
2026-08-12T18:38:07.989017,666.01,DONE,1.7470,-0.6513,-167.66,0.0000,0.0000,7.5323,0,0.0,0.0,0.0,0.0,0.000,2.8211,-1.1344,0.5709,471.46,4.2088,-0.2006,23.59,0.0000,0.00,0,0,0,471.37,0,0.000,0.0000
2026-08-12T18:38:08.989176,667.01,DONE,1.7470,-0.6513,-167.66,0.0000,0.0000,7.5323,0,0.0,0.0,0.0,0.0,0.000,2.8211,-1.1344,0.5709,472.46,4.2088,-0.2006,23.59,0.0000,0.00,0,0,0,472.37,0,0.000,0.0000
2026-08-12T18:38:09.989294,668.01,DONE,1.7470,-0.6513,-167.66,0.0000,0.0000,7.5323,0,0.0,0.0,0.0,0.0,0.000,2.8211,-1.1344,0.5709,473.46,4.2088,-0.2006,23.59,0.0000,0.00,0,0,0,473.37,0,0.000,0.0000
2026-08-12T18:38:10.989183,669.01,DONE,1.7470,-0.6513,-167.66,0.0000,0.0000,7.5323,0,0.0,0.0,0.0,0.0,0.000,2.8211,-1.1344,0.5709,474.46,4.2088,-0.2006,23.59,0.0000,0.00,0,0,0,474.37,0,0.000,0.0000
2026-08-12T18:38:11.989146,670.01,DONE,1.7470,-0.6513,-167.66,0.0000,0.0000,7.5323,0,0.0,0.0,0.0,0.0,0.000,2.8211,-1.1344,0.5709,475.46,4.2088,-0.2006,23.59,0.0000,0.00,0,0,0,475.37,0,0.000,0.0000
2026-08-12T18:38:12.988882,671.01,DONE,1.7470,-0.6513,-167.66,0.0000,0.0000,7.5323,0,0.0,0.0,0.0,0.0,0.000,2.8211,-1.1344,0.5709,476.46,4.2088,-0.2006,23.59,0.0000,0.00,0,0,0,476.37,0,0.000,0.0000
2026-08-12T18:38:13.989009,672.01,DONE,1.7470,-0.6513,-167.66,0.0000,0.0000,7.5323,0,0.0,0.0,0.0,0.0,0.000,2.8211,-1.1344,0.5709,477.46,4.2088,-0.2006,23.59,0.0000,0.00,0,0,0,477.37,0,0.000,0.0000
2026-08-12T18:38:14.988965,673.01,DONE,1.7470,-0.6513,-167.66,0.0000,0.0000,7.5323,0,0.0,0.0,0.0,0.0,0.000,2.8211,-1.1344,0.5709,478.46,4.2088,-0.2006,23.59,0.0000,0.00,0,0,0,478.37,0,0.000,0.0000
2026-08-12T18:38:15.988910,674.01,DONE,1.7470,-0.6513,-167.66,0.0000,0.0000,7.5323,0,0.0,0.0,0.0,0.0,0.000,2.8211,-1.1344,0.5709,479.46,4.2088,-0.2006,23.59,0.0000,0.00,0,0,0,479.37,0,0.000,0.0000
2026-08-12T18:38:16.989041,675.01,DONE,1.7470,-0.6513,-167.66,0.0000,0.0000,7.5323,0,0.0,0.0,0.0,0.0,0.000,2.8211,-1.1344,0.5709,480.46,4.2088,-0.2006,23.59,0.0000,0.00,0,0,0,480.37,0,0.000,0.0000
2026-08-12T18:38:17.989098,676.01,DONE,1.7470,-0.6513,-167.66,0.0000,0.0000,7.5323,0,0.0,0.0,0.0,0.0,0.000,2.8211,-1.1344,0.5709,481.46,4.2088,-0.2006,23.59,0.0000,0.00,0,0,0,481.37,0,0.000,0.0000
2026-08-12T18:38:18.989160,677.01,DONE,1.7470,-0.6513,-167.66,0.0000,0.0000,7.5323,0,0.0,0.0,0.0,0.0,0.000,2.8211,-1.1344,0.5709,482.46,4.2088,-0.2006,23.59,0.0000,0.00,0,0,0,482.37,0,0.000,0.0000
2026-08-12T18:38:19.989098,678.01,DONE,1.7470,-0.6513,-167.66,0.0000,0.0000,7.5323,0,0.0,0.0,0.0,0.0,0.000,2.8211,-1.1344,0.5709,483.46,4.2088,-0.2006,23.59,0.0000,0.00,0,0,0,483.37,0,0.000,0.0000
2026-08-12T18:38:20.988982,679.01,DONE,1.7470,-0.6513,-167.66,0.0000,0.0000,7.5323,0,0.0,0.0,0.0,0.0,0.000,2.8211,-1.1344,0.5709,484.46,4.2088,-0.2006,23.59,0.0000,0.00,0,0,0,484.37,0,0.000,0.0000
2026-08-12T18:38:21.989002,680.01,DONE,1.7470,-0.6513,-167.66,0.0000,0.0000,7.5323,0,0.0,0.0,0.0,0.0,0.000,2.8211,-1.1344,0.5709,485.46,4.2088,-0.2006,23.59,0.0000,0.00,0,0,0,485.37,0,0.000,0.0000
2026-08-12T18:38:22.989021,681.01,DONE,1.7470,-0.6513,-167.66,0.0000,0.0000,7.5323,0,0.0,0.0,0.0,0.0,0.000,2.8211,-1.1344,0.5709,486.46,4.2088,-0.2006,23.59,0.0000,0.00,0,0,0,486.37,0,0.000,0.0000
2026-08-12T18:38:23.989324,682.01,DONE,1.7470,-0.6513,-167.66,0.0000,0.0000,7.5323,0,0.0,0.0,0.0,0.0,0.000,2.8211,-1.1344,0.5709,487.46,4.2088,-0.2006,23.59,0.0000,0.00,0,0,0,487.37,0,0.000,0.0000
2026-08-12T18:38:24.989060,683.01,DONE,1.7470,-0.6513,-167.66,0.0000,0.0000,7.5323,0,0.0,0.0,0.0,0.0,0.000,2.8211,-1.1344,0.5709,488.46,4.2088,-0.2006,23.59,0.0000,0.00,0,0,0,488.37,0,0.000,0.0000
2026-08-12T18:38:25.989013,684.01,DONE,1.7470,-0.6513,-167.66,0.0000,0.0000,7.5323,0,0.0,0.0,0.0,0.0,0.000,2.8211,-1.1344,0.5709,489.46,4.2088,-0.2006,23.59,0.0000,0.00,0,0,0,489.37,0,0.000,0.0000
2026-08-12T18:38:26.989033,685.01,DONE,1.7470,-0.6513,-167.66,0.0000,0.0000,7.5323,0,0.0,0.0,0.0,0.0,0.000,2.8211,-1.1344,0.5709,490.46,4.2088,-0.2006,23.59,0.0000,0.00,0,0,0,490.37,0,0.000,0.0000
2026-08-12T18:38:27.989111,686.01,DONE,1.7470,-0.6513,-167.66,0.0000,0.0000,7.5323,0,0.0,0.0,0.0,0.0,0.000,2.8211,-1.1344,0.5709,491.46,4.2088,-0.2006,23.59,0.0000,0.00,0,0,0,491.37,0,0.000,0.0000
2026-08-12T18:38:28.989023,687.01,DONE,1.7470,-0.6513,-167.66,0.0000,0.0000,7.5323,0,0.0,0.0,0.0,0.0,0.000,2.8211,-1.1344,0.5709,492.46,4.2088,-0.2006,23.59,0.0000,0.00,0,0,0,492.37,0,0.000,0.0000
2026-08-12T18:38:29.988903,688.01,DONE,1.7470,-0.6513,-167.66,0.0000,0.0000,7.5323,0,0.0,0.0,0.0,0.0,0.000,2.8211,-1.1344,0.5709,493.46,4.2088,-0.2006,23.59,0.0000,0.00,0,0,0,493.37,0,0.000,0.0000
2026-08-12T18:38:30.989086,689.01,DONE,1.7470,-0.6513,-167.66,0.0000,0.0000,7.5323,0,0.0,0.0,0.0,0.0,0.000,2.8211,-1.1344,0.5709,494.46,4.2088,-0.2006,23.59,0.0000,0.00,0,0,0,494.37,0,0.000,0.0000
2026-08-12T18:38:31.989031,690.01,DONE,1.7470,-0.6513,-167.66,0.0000,0.0000,7.5323,0,0.0,0.0,0.0,0.0,0.000,2.8211,-1.1344,0.5709,495.46,4.2088,-0.2006,23.59,0.0000,0.00,0,0,0,495.37,0,0.000,0.0000
2026-08-12T18:38:32.988980,691.01,DONE,1.7470,-0.6513,-167.66,0.0000,0.0000,7.5323,0,0.0,0.0,0.0,0.0,0.000,2.8211,-1.1344,0.5709,496.46,4.2088,-0.2006,23.59,0.0000,0.00,0,0,0,496.37,0,0.000,0.0000
2026-08-12T18:38:33.988966,692.01,DONE,1.7470,-0.6513,-167.66,0.0000,0.0000,7.5323,0,0.0,0.0,0.0,0.0,0.000,2.8211,-1.1344,0.5709,497.46,4.2088,-0.2006,23.59,0.0000,0.00,0,0,0,497.37,0,0.000,0.0000
2026-08-12T18:38:34.988945,693.01,DONE,1.7470,-0.6513,-167.66,0.0000,0.0000,7.5323,0,0.0,0.0,0.0,0.0,0.000,2.8211,-1.1344,0.5709,498.46,4.2088,-0.2006,23.59,0.0000,0.00,0,0,0,498.37,0,0.000,0.0000
2026-08-12T18:38:35.989003,694.01,DONE,1.7470,-0.6513,-167.66,0.0000,0.0000,7.5323,0,0.0,0.0,0.0,0.0,0.000,2.8211,-1.1344,0.5709,499.46,4.2088,-0.2006,23.59,0.0000,0.00,0,0,0,499.37,0,0.000,0.0000
2026-08-12T18:38:36.989092,695.01,DONE,1.7470,-0.6513,-167.66,0.0000,0.0000,7.5323,0,0.0,0.0,0.0,0.0,0.000,2.8211,-1.1344,0.5709,500.46,4.2088,-0.2006,23.59,0.0000,0.00,0,0,0,500.37,0,0.000,0.0000
2026-08-12T18:38:37.989066,696.01,DONE,1.7470,-0.6513,-167.66,0.0000,0.0000,7.5323,0,0.0,0.0,0.0,0.0,0.000,2.8211,-1.1344,0.5709,501.46,4.2088,-0.2006,23.59,0.0000,0.00,0,0,0,501.37,0,0.000,0.0000
2026-08-12T18:38:38.988982,697.01,DONE,1.7470,-0.6513,-167.66,0.0000,0.0000,7.5323,0,0.0,0.0,0.0,0.0,0.000,2.8211,-1.1344,0.5709,502.46,4.2088,-0.2006,23.59,0.0000,0.00,0,0,0,502.37,0,0.000,0.0000
2026-08-12T18:38:39.988933,698.01,DONE,1.7470,-0.6513,-167.66,0.0000,0.0000,7.5323,0,0.0,0.0,0.0,0.0,0.000,2.8211,-1.1344,0.5709,503.46,4.2088,-0.2006,23.59,0.0000,0.00,0,0,0,503.37,0,0.000,0.0000
2026-08-12T18:38:40.988975,699.01,DONE,1.7470,-0.6513,-167.66,0.0000,0.0000,7.5323,0,0.0,0.0,0.0,0.0,0.000,2.8211,-1.1344,0.5709,504.46,4.2088,-0.2006,23.59,0.0000,0.00,0,0,0,504.37,0,0.000,0.0000
2026-08-12T18:38:41.989014,700.01,DONE,1.7470,-0.6513,-167.66,0.0000,0.0000,7.5323,0,0.0,0.0,0.0,0.0,0.000,2.8211,-1.1344,0.5709,505.46,4.2088,-0.2006,23.59,0.0000,0.00,0,0,0,505.37,0,0.000,0.0000
2026-08-12T18:38:42.989013,701.01,DONE,1.7470,-0.6513,-167.66,0.0000,0.0000,7.5323,0,0.0,0.0,0.0,0.0,0.000,2.8211,-1.1344,0.5709,506.46,4.2088,-0.2006,23.59,0.0000,0.00,0,0,0,506.37,0,0.000,0.0000
2026-08-12T18:38:43.989061,702.01,DONE,1.7470,-0.6513,-167.66,0.0000,0.0000,7.5323,0,0.0,0.0,0.0,0.0,0.000,2.8211,-1.1344,0.5709,507.46,4.2088,-0.2006,23.59,0.0000,0.00,0,0,0,507.37,0,0.000,0.0000
2026-08-12T18:38:44.989018,703.01,DONE,1.7470,-0.6513,-167.66,0.0000,0.0000,7.5323,0,0.0,0.0,0.0,0.0,0.000,2.8211,-1.1344,0.5709,508.46,4.2088,-0.2006,23.59,0.0000,0.00,0,0,0,508.37,0,0.000,0.0000
2026-08-12T18:38:45.989034,704.01,DONE,1.7470,-0.6513,-167.66,0.0000,0.0000,7.5323,0,0.0,0.0,0.0,0.0,0.000,2.8211,-1.1344,0.5709,509.46,4.2088,-0.2006,23.59,0.0000,0.00,0,0,0,509.37,0,0.000,0.0000
2026-08-12T18:38:46.989508,705.01,DONE,1.7470,-0.6513,-167.66,0.0000,0.0000,7.5323,0,0.0,0.0,0.0,0.0,0.000,2.8211,-1.1344,0.5709,510.46,4.2088,-0.2006,23.59,0.0000,0.00,0,0,0,510.37,0,0.000,0.0000
2026-08-12T18:38:47.989055,706.01,DONE,1.7470,-0.6513,-167.66,0.0000,0.0000,7.5323,0,0.0,0.0,0.0,0.0,0.000,2.8211,-1.1344,0.5709,511.46,4.2088,-0.2006,23.59,0.0000,0.00,0,0,0,511.37,0,0.000,0.0000
2026-08-12T18:38:48.989001,707.01,DONE,1.7470,-0.6513,-167.66,0.0000,0.0000,7.5323,0,0.0,0.0,0.0,0.0,0.000,2.8211,-1.1344,0.5709,512.46,4.2088,-0.2006,23.59,0.0000,0.00,0,0,0,512.37,0,0.000,0.0000
2026-08-12T18:38:49.988986,708.01,DONE,1.7470,-0.6513,-167.66,0.0000,0.0000,7.5323,0,0.0,0.0,0.0,0.0,0.000,2.8211,-1.1344,0.5709,513.46,4.2088,-0.2006,23.59,0.0000,0.00,0,0,0,513.37,0,0.000,0.0000
2026-08-12T18:38:50.989087,709.01,DONE,1.7470,-0.6513,-167.66,0.0000,0.0000,7.5323,0,0.0,0.0,0.0,0.0,0.000,2.8211,-1.1344,0.5709,514.46,4.2088,-0.2006,23.59,0.0000,0.00,0,0,0,514.37,0,0.000,0.0000
2026-08-12T18:38:51.989014,710.01,DONE,1.7470,-0.6513,-167.66,0.0000,0.0000,7.5323,0,0.0,0.0,0.0,0.0,0.000,2.8211,-1.1344,0.5709,515.46,4.2088,-0.2006,23.59,0.0000,0.00,0,0,0,515.37,0,0.000,0.0000
2026-08-12T18:38:52.989031,711.01,DONE,1.7470,-0.6513,-167.66,0.0000,0.0000,7.5323,0,0.0,0.0,0.0,0.0,0.000,2.8211,-1.1344,0.5709,516.46,4.2088,-0.2006,23.59,0.0000,0.00,0,0,0,516.37,0,0.000,0.0000
2026-08-12T18:38:53.989072,712.01,DONE,1.7470,-0.6513,-167.66,0.0000,0.0000,7.5323,0,0.0,0.0,0.0,0.0,0.000,2.8211,-1.1344,0.5709,517.46,4.2088,-0.2006,23.59,0.0000,0.00,0,0,0,517.37,0,0.000,0.0000
2026-08-12T18:38:54.989097,713.01,DONE,1.7470,-0.6513,-167.66,0.0000,0.0000,7.5323,0,0.0,0.0,0.0,0.0,0.000,2.8211,-1.1344,0.5709,518.46,4.2088,-0.2006,23.59,0.0000,0.00,0,0,0,518.37,0,0.000,0.0000
2026-08-12T18:38:55.989058,714.01,DONE,1.7470,-0.6513,-167.66,0.0000,0.0000,7.5323,0,0.0,0.0,0.0,0.0,0.000,2.8211,-1.1344,0.5709,519.46,4.2088,-0.2006,23.59,0.0000,0.00,0,0,0,519.37,0,0.000,0.0000
2026-08-12T18:38:56.989038,715.01,DONE,1.7470,-0.6513,-167.66,0.0000,0.0000,7.5323,0,0.0,0.0,0.0,0.0,0.000,2.8211,-1.1344,0.5709,520.46,4.2088,-0.2006,23.59,0.0000,0.00,0,0,0,520.37,0,0.000,0.0000
2026-08-12T18:38:57.989259,716.01,DONE,1.7470,-0.6513,-167.66,0.0000,0.0000,7.5323,0,0.0,0.0,0.0,0.0,0.000,2.8211,-1.1344,0.5709,521.46,4.2088,-0.2006,23.59,0.0000,0.00,0,0,0,521.37,0,0.000,0.0000
2026-08-12T18:38:58.988943,717.01,DONE,1.7470,-0.6513,-167.66,0.0000,0.0000,7.5323,0,0.0,0.0,0.0,0.0,0.000,2.8211,-1.1344,0.5709,522.46,4.2088,-0.2006,23.59,0.0000,0.00,0,0,0,522.37,0,0.000,0.0000
2026-08-12T18:38:59.989095,718.01,DONE,1.7470,-0.6513,-167.66,0.0000,0.0000,7.5323,0,0.0,0.0,0.0,0.0,0.000,2.8211,-1.1344,0.5709,523.46,4.2088,-0.2006,23.59,0.0000,0.00,0,0,0,523.37,0,0.000,0.0000
2026-08-12T18:39:00.989132,719.01,DONE,1.7470,-0.6513,-167.66,0.0000,0.0000,7.5323,0,0.0,0.0,0.0,0.0,0.000,2.8211,-1.1344,0.5709,524.46,4.2088,-0.2006,23.59,0.0000,0.00,0,0,0,524.37,0,0.000,0.0000
2026-08-12T18:39:01.988945,720.01,DONE,1.7470,-0.6513,-167.66,0.0000,0.0000,7.5323,0,0.0,0.0,0.0,0.0,0.000,2.8211,-1.1344,0.5709,525.46,4.2088,-0.2006,23.59,0.0000,0.00,0,0,0,525.37,0,0.000,0.0000
2026-08-12T18:39:02.989014,721.01,DONE,1.7470,-0.6513,-167.66,0.0000,0.0000,7.5323,0,0.0,0.0,0.0,0.0,0.000,2.8211,-1.1344,0.5709,526.46,4.2088,-0.2006,23.59,0.0000,0.00,0,0,0,526.37,0,0.000,0.0000
2026-08-12T18:39:03.989037,722.01,DONE,1.7470,-0.6513,-167.66,0.0000,0.0000,7.5323,0,0.0,0.0,0.0,0.0,0.000,2.8211,-1.1344,0.5709,527.46,4.2088,-0.2006,23.59,0.0000,0.00,0,0,0,527.37,0,0.000,0.0000
2026-08-12T18:39:04.989051,723.01,DONE,1.7470,-0.6513,-167.66,0.0000,0.0000,7.5323,0,0.0,0.0,0.0,0.0,0.000,2.8211,-1.1344,0.5709,528.46,4.2088,-0.2006,23.59,0.0000,0.00,0,0,0,528.37,0,0.000,0.0000
2026-08-12T18:39:05.989068,724.01,DONE,1.7470,-0.6513,-167.66,0.0000,0.0000,7.5323,0,0.0,0.0,0.0,0.0,0.000,2.8211,-1.1344,0.5709,529.46,4.2088,-0.2006,23.59,0.0000,0.00,0,0,0,529.37,0,0.000,0.0000
2026-08-12T18:39:06.989092,725.01,DONE,1.7470,-0.6513,-167.66,0.0000,0.0000,7.5323,0,0.0,0.0,0.0,0.0,0.000,2.8211,-1.1344,0.5709,530.46,4.2088,-0.2006,23.59,0.0000,0.00,0,0,0,530.37,0,0.000,0.0000
2026-08-12T18:39:07.988986,726.01,DONE,1.7470,-0.6513,-167.66,0.0000,0.0000,7.5323,0,0.0,0.0,0.0,0.0,0.000,2.8211,-1.1344,0.5709,531.46,4.2088,-0.2006,23.59,0.0000,0.00,0,0,0,531.37,0,0.000,0.0000
2026-08-12T18:39:08.989024,727.01,DONE,1.7470,-0.6513,-167.66,0.0000,0.0000,7.5323,0,0.0,0.0,0.0,0.0,0.000,2.8211,-1.1344,0.5709,532.46,4.2088,-0.2006,23.59,0.0000,0.00,0,0,0,532.37,0,0.000,0.0000
2026-08-12T18:39:09.988971,728.01,DONE,1.7470,-0.6513,-167.66,0.0000,0.0000,7.5323,0,0.0,0.0,0.0,0.0,0.000,2.8211,-1.1344,0.5709,533.46,4.2088,-0.2006,23.59,0.0000,0.00,0,0,0,533.37,0,0.000,0.0000
2026-08-12T18:39:10.989036,729.01,DONE,1.7470,-0.6513,-167.66,0.0000,0.0000,7.5323,0,0.0,0.0,0.0,0.0,0.000,2.8211,-1.1344,0.5709,534.46,4.2088,-0.2006,23.59,0.0000,0.00,0,0,0,534.37,0,0.000,0.0000
2026-08-12T18:39:11.989026,730.01,DONE,1.7470,-0.6513,-167.66,0.0000,0.0000,7.5323,0,0.0,0.0,0.0,0.0,0.000,2.8211,-1.1344,0.5709,535.46,4.2088,-0.2006,23.59,0.0000,0.00,0,0,0,535.37,0,0.000,0.0000
2026-08-12T18:39:12.989013,731.01,DONE,1.7470,-0.6513,-167.66,0.0000,0.0000,7.5323,0,0.0,0.0,0.0,0.0,0.000,2.8211,-1.1344,0.5709,536.46,4.2088,-0.2006,23.59,0.0000,0.00,0,0,0,536.37,0,0.000,0.0000
2026-08-12T18:39:13.989192,732.01,DONE,1.7470,-0.6513,-167.66,0.0000,0.0000,7.5323,0,0.0,0.0,0.0,0.0,0.000,2.8211,-1.1344,0.5709,537.46,4.2088,-0.2006,23.59,0.0000,0.00,0,0,0,537.37,0,0.000,0.0000
2026-08-12T18:39:14.989002,733.01,DONE,1.7470,-0.6513,-167.66,0.0000,0.0000,7.5323,0,0.0,0.0,0.0,0.0,0.000,2.8211,-1.1344,0.5709,538.46,4.2088,-0.2006,23.59,0.0000,0.00,0,0,0,538.37,0,0.000,0.0000
2026-08-12T18:39:15.989041,734.01,DONE,1.7470,-0.6513,-167.66,0.0000,0.0000,7.5323,0,0.0,0.0,0.0,0.0,0.000,2.8211,-1.1344,0.5709,539.46,4.2088,-0.2006,23.59,0.0000,0.00,0,0,0,539.37,0,0.000,0.0000
2026-08-12T18:39:16.988995,735.01,DONE,1.7470,-0.6513,-167.66,0.0000,0.0000,7.5323,0,0.0,0.0,0.0,0.0,0.000,2.8211,-1.1344,0.5709,540.46,4.2088,-0.2006,23.59,0.0000,0.00,0,0,0,540.37,0,0.000,0.0000
2026-08-12T18:39:17.988926,736.01,DONE,1.7470,-0.6513,-167.66,0.0000,0.0000,7.5323,0,0.0,0.0,0.0,0.0,0.000,2.8211,-1.1344,0.5709,541.46,4.2088,-0.2006,23.59,0.0000,0.00,0,0,0,541.37,0,0.000,0.0000
2026-08-12T18:39:18.988975,737.01,DONE,1.7470,-0.6513,-167.66,0.0000,0.0000,7.5323,0,0.0,0.0,0.0,0.0,0.000,2.8211,-1.1344,0.5709,542.46,4.2088,-0.2006,23.59,0.0000,0.00,0,0,0,542.37,0,0.000,0.0000
2026-08-12T18:39:19.989002,738.01,DONE,1.7470,-0.6513,-167.66,0.0000,0.0000,7.5323,0,0.0,0.0,0.0,0.0,0.000,2.8211,-1.1344,0.5709,543.46,4.2088,-0.2006,23.59,0.0000,0.00,0,0,0,543.37,0,0.000,0.0000
2026-08-12T18:39:20.988994,739.01,DONE,1.7470,-0.6513,-167.66,0.0000,0.0000,7.5323,0,0.0,0.0,0.0,0.0,0.000,2.8211,-1.1344,0.5709,544.46,4.2088,-0.2006,23.59,0.0000,0.00,0,0,0,544.37,0,0.000,0.0000
2026-08-12T18:39:21.988999,740.01,DONE,1.7470,-0.6513,-167.66,0.0000,0.0000,7.5323,0,0.0,0.0,0.0,0.0,0.000,2.8211,-1.1344,0.5709,545.46,4.2088,-0.2006,23.59,0.0000,0.00,0,0,0,545.37,0,0.000,0.0000
2026-08-12T18:39:22.988977,741.01,DONE,1.7470,-0.6513,-167.66,0.0000,0.0000,7.5323,0,0.0,0.0,0.0,0.0,0.000,2.8211,-1.1344,0.5709,546.46,4.2088,-0.2006,23.59,0.0000,0.00,0,0,0,546.37,0,0.000,0.0000
2026-08-12T18:39:23.989114,742.01,DONE,1.7470,-0.6513,-167.66,0.0000,0.0000,7.5323,0,0.0,0.0,0.0,0.0,0.000,2.8211,-1.1344,0.5709,547.46,4.2088,-0.2006,23.59,0.0000,0.00,0,0,0,547.37,0,0.000,0.0000
2026-08-12T18:39:24.988973,743.01,DONE,1.7470,-0.6513,-167.66,0.0000,0.0000,7.5323,0,0.0,0.0,0.0,0.0,0.000,2.8211,-1.1344,0.5709,548.46,4.2088,-0.2006,23.59,0.0000,0.00,0,0,0,548.37,0,0.000,0.0000
2026-08-12T18:39:25.988940,744.01,DONE,1.7470,-0.6513,-167.66,0.0000,0.0000,7.5323,0,0.0,0.0,0.0,0.0,0.000,2.8211,-1.1344,0.5709,549.46,4.2088,-0.2006,23.59,0.0000,0.00,0,0,0,549.37,0,0.000,0.0000
2026-08-12T18:39:26.988943,745.01,DONE,1.7470,-0.6513,-167.66,0.0000,0.0000,7.5323,0,0.0,0.0,0.0,0.0,0.000,2.8211,-1.1344,0.5709,550.46,4.2088,-0.2006,23.59,0.0000,0.00,0,0,0,550.37,0,0.000,0.0000
2026-08-12T18:39:27.989062,746.01,DONE,1.7470,-0.6513,-167.66,0.0000,0.0000,7.5323,0,0.0,0.0,0.0,0.0,0.000,2.8211,-1.1344,0.5709,551.46,4.2088,-0.2006,23.59,0.0000,0.00,0,0,0,551.37,0,0.000,0.0000
2026-08-12T18:39:28.989123,747.01,DONE,1.7470,-0.6513,-167.66,0.0000,0.0000,7.5323,0,0.0,0.0,0.0,0.0,0.000,2.8211,-1.1344,0.5709,552.46,4.2088,-0.2006,23.59,0.0000,0.00,0,0,0,552.37,0,0.000,0.0000
2026-08-12T18:39:29.989035,748.01,DONE,1.7470,-0.6513,-167.66,0.0000,0.0000,7.5323,0,0.0,0.0,0.0,0.0,0.000,2.8211,-1.1344,0.5709,553.46,4.2088,-0.2006,23.59,0.0000,0.00,0,0,0,553.37,0,0.000,0.0000
2026-08-12T18:39:30.989162,749.01,DONE,1.7470,-0.6513,-167.66,0.0000,0.0000,7.5323,0,0.0,0.0,0.0,0.0,0.000,2.8211,-1.1344,0.5709,554.46,4.2088,-0.2006,23.59,0.0000,0.00,0,0,0,554.37,0,0.000,0.0000
2026-08-12T18:39:31.988969,750.01,DONE,1.7470,-0.6513,-167.66,0.0000,0.0000,7.5323,0,0.0,0.0,0.0,0.0,0.000,2.8211,-1.1344,0.5709,555.46,4.2088,-0.2006,23.59,0.0000,0.00,0,0,0,555.37,0,0.000,0.0000
2026-08-12T18:39:32.988928,751.01,DONE,1.7470,-0.6513,-167.66,0.0000,0.0000,7.5323,0,0.0,0.0,0.0,0.0,0.000,2.8211,-1.1344,0.5709,556.46,4.2088,-0.2006,23.59,0.0000,0.00,0,0,0,556.37,0,0.000,0.0000
2026-08-12T18:39:33.989035,752.01,DONE,1.7470,-0.6513,-167.66,0.0000,0.0000,7.5323,0,0.0,0.0,0.0,0.0,0.000,2.8211,-1.1344,0.5709,557.46,4.2088,-0.2006,23.59,0.0000,0.00,0,0,0,557.37,0,0.000,0.0000
2026-08-12T18:39:34.988995,753.01,DONE,1.7470,-0.6513,-167.66,0.0000,0.0000,7.5323,0,0.0,0.0,0.0,0.0,0.000,2.8211,-1.1344,0.5709,558.46,4.2088,-0.2006,23.59,0.0000,0.00,0,0,0,558.37,0,0.000,0.0000
2026-08-12T18:39:35.988968,754.01,DONE,1.7470,-0.6513,-167.66,0.0000,0.0000,7.5323,0,0.0,0.0,0.0,0.0,0.000,2.8211,-1.1344,0.5709,559.46,4.2088,-0.2006,23.59,0.0000,0.00,0,0,0,559.37,0,0.000,0.0000
2026-08-12T18:39:36.989001,755.01,DONE,1.7470,-0.6513,-167.66,0.0000,0.0000,7.5323,0,0.0,0.0,0.0,0.0,0.000,2.8211,-1.1344,0.5709,560.46,4.2088,-0.2006,23.59,0.0000,0.00,0,0,0,560.37,0,0.000,0.0000
2026-08-12T18:39:37.989058,756.01,DONE,1.7470,-0.6513,-167.66,0.0000,0.0000,7.5323,0,0.0,0.0,0.0,0.0,0.000,2.8211,-1.1344,0.5709,561.46,4.2088,-0.2006,23.59,0.0000,0.00,0,0,0,561.37,0,0.000,0.0000
2026-08-12T18:39:38.989054,757.01,DONE,1.7470,-0.6513,-167.66,0.0000,0.0000,7.5323,0,0.0,0.0,0.0,0.0,0.000,2.8211,-1.1344,0.5709,562.46,4.2088,-0.2006,23.59,0.0000,0.00,0,0,0,562.37,0,0.000,0.0000
2026-08-12T18:39:39.988846,758.01,DONE,1.7470,-0.6513,-167.66,0.0000,0.0000,7.5323,0,0.0,0.0,0.0,0.0,0.000,2.8211,-1.1344,0.5709,563.46,4.2088,-0.2006,23.59,0.0000,0.00,0,0,0,563.37,0,0.000,0.0000
2026-08-12T18:39:40.988992,759.01,DONE,1.7470,-0.6513,-167.66,0.0000,0.0000,7.5323,0,0.0,0.0,0.0,0.0,0.000,2.8211,-1.1344,0.5709,564.46,4.2088,-0.2006,23.59,0.0000,0.00,0,0,0,564.37,0,0.000,0.0000
2026-08-12T18:39:41.989011,760.01,DONE,1.7470,-0.6513,-167.66,0.0000,0.0000,7.5323,0,0.0,0.0,0.0,0.0,0.000,2.8211,-1.1344,0.5709,565.46,4.2088,-0.2006,23.59,0.0000,0.00,0,0,0,565.37,0,0.000,0.0000
2026-08-12T18:39:42.989087,761.01,DONE,1.7470,-0.6513,-167.66,0.0000,0.0000,7.5323,0,0.0,0.0,0.0,0.0,0.000,2.8211,-1.1344,0.5709,566.46,4.2088,-0.2006,23.59,0.0000,0.00,0,0,0,566.37,0,0.000,0.0000
2026-08-12T18:39:43.988995,762.01,DONE,1.7470,-0.6513,-167.66,0.0000,0.0000,7.5323,0,0.0,0.0,0.0,0.0,0.000,2.8211,-1.1344,0.5709,567.46,4.2088,-0.2006,23.59,0.0000,0.00,0,0,0,567.37,0,0.000,0.0000
2026-08-12T18:39:44.988906,763.01,DONE,1.7470,-0.6513,-167.66,0.0000,0.0000,7.5323,0,0.0,0.0,0.0,0.0,0.000,2.8211,-1.1344,0.5709,568.46,4.2088,-0.2006,23.59,0.0000,0.00,0,0,0,568.37,0,0.000,0.0000
2026-08-12T18:39:45.989057,764.01,DONE,1.7470,-0.6513,-167.66,0.0000,0.0000,7.5323,0,0.0,0.0,0.0,0.0,0.000,2.8211,-1.1344,0.5709,569.46,4.2088,-0.2006,23.59,0.0000,0.00,0,0,0,569.37,0,0.000,0.0000
2026-08-12T18:39:46.989041,765.01,DONE,1.7470,-0.6513,-167.66,0.0000,0.0000,7.5323,0,0.0,0.0,0.0,0.0,0.000,2.8211,-1.1344,0.5709,570.46,4.2088,-0.2006,23.59,0.0000,0.00,0,0,0,570.37,0,0.000,0.0000
2026-08-12T18:39:47.989004,766.01,DONE,1.7470,-0.6513,-167.66,0.0000,0.0000,7.5323,0,0.0,0.0,0.0,0.0,0.000,2.8211,-1.1344,0.5709,571.46,4.2088,-0.2006,23.59,0.0000,0.00,0,0,0,571.37,0,0.000,0.0000
2026-08-12T18:39:48.989001,767.01,DONE,1.7470,-0.6513,-167.66,0.0000,0.0000,7.5323,0,0.0,0.0,0.0,0.0,0.000,2.8211,-1.1344,0.5709,572.46,4.2088,-0.2006,23.59,0.0000,0.00,0,0,0,572.37,0,0.000,0.0000
2026-08-12T18:39:49.989153,768.01,DONE,1.7470,-0.6513,-167.66,0.0000,0.0000,7.5323,0,0.0,0.0,0.0,0.0,0.000,2.8211,-1.1344,0.5709,573.46,4.2088,-0.2006,23.59,0.0000,0.00,0,0,0,573.37,0,0.000,0.0000
2026-08-12T18:39:50.988951,769.01,DONE,1.7470,-0.6513,-167.66,0.0000,0.0000,7.5323,0,0.0,0.0,0.0,0.0,0.000,2.8211,-1.1344,0.5709,574.46,4.2088,-0.2006,23.59,0.0000,0.00,0,0,0,574.37,0,0.000,0.0000
2026-08-12T18:39:51.989138,770.01,DONE,1.7470,-0.6513,-167.66,0.0000,0.0000,7.5323,0,0.0,0.0,0.0,0.0,0.000,2.8211,-1.1344,0.5709,575.46,4.2088,-0.2006,23.59,0.0000,0.00,0,0,0,575.37,0,0.000,0.0000
2026-08-12T18:39:52.989111,771.01,DONE,1.7470,-0.6513,-167.66,0.0000,0.0000,7.5323,0,0.0,0.0,0.0,0.0,0.000,2.8211,-1.1344,0.5709,576.46,4.2088,-0.2006,23.59,0.0000,0.00,0,0,0,576.37,0,0.000,0.0000
2026-08-12T18:39:53.989355,772.01,DONE,1.7470,-0.6513,-167.66,0.0000,0.0000,7.5323,0,0.0,0.0,0.0,0.0,0.000,2.8211,-1.1344,0.5709,577.46,4.2088,-0.2006,23.59,0.0000,0.00,0,0,0,577.37,0,0.000,0.0000
2026-08-12T18:39:54.989034,773.01,DONE,1.7470,-0.6513,-167.66,0.0000,0.0000,7.5323,0,0.0,0.0,0.0,0.0,0.000,2.8211,-1.1344,0.5709,578.46,4.2088,-0.2006,23.59,0.0000,0.00,0,0,0,578.37,0,0.000,0.0000
2026-08-12T18:39:55.988905,774.01,DONE,1.7470,-0.6513,-167.66,0.0000,0.0000,7.5323,0,0.0,0.0,0.0,0.0,0.000,2.8211,-1.1344,0.5709,579.46,4.2088,-0.2006,23.59,0.0000,0.00,0,0,0,579.37,0,0.000,0.0000
2026-08-12T18:39:56.989057,775.01,DONE,1.7470,-0.6513,-167.66,0.0000,0.0000,7.5323,0,0.0,0.0,0.0,0.0,0.000,2.8211,-1.1344,0.5709,580.46,4.2088,-0.2006,23.59,0.0000,0.00,0,0,0,580.37,0,0.000,0.0000
2026-08-12T18:39:57.988946,776.01,DONE,1.7470,-0.6513,-167.66,0.0000,0.0000,7.5323,0,0.0,0.0,0.0,0.0,0.000,2.8211,-1.1344,0.5709,581.46,4.2088,-0.2006,23.59,0.0000,0.00,0,0,0,581.37,0,0.000,0.0000
2026-08-12T18:39:58.989096,777.01,DONE,1.7470,-0.6513,-167.66,0.0000,0.0000,7.5323,0,0.0,0.0,0.0,0.0,0.000,2.8211,-1.1344,0.5709,582.46,4.2088,-0.2006,23.59,0.0000,0.00,0,0,0,582.37,0,0.000,0.0000
2026-08-12T18:39:59.989066,778.01,DONE,1.7470,-0.6513,-167.66,0.0000,0.0000,7.5323,0,0.0,0.0,0.0,0.0,0.000,2.8211,-1.1344,0.5709,583.46,4.2088,-0.2006,23.59,0.0000,0.00,0,0,0,583.37,0,0.000,0.0000
2026-08-12T18:40:00.989017,779.01,DONE,1.7470,-0.6513,-167.66,0.0000,0.0000,7.5323,0,0.0,0.0,0.0,0.0,0.000,2.8211,-1.1344,0.5709,584.46,4.2088,-0.2006,23.59,0.0000,0.00,0,0,0,584.37,0,0.000,0.0000
2026-08-12T18:40:01.989185,780.01,DONE,1.7470,-0.6513,-167.66,0.0000,0.0000,7.5323,0,0.0,0.0,0.0,0.0,0.000,2.8211,-1.1344,0.5709,585.46,4.2088,-0.2006,23.59,0.0000,0.00,0,0,0,585.37,0,0.000,0.0000
2026-08-12T18:40:02.989038,781.01,DONE,1.7470,-0.6513,-167.66,0.0000,0.0000,7.5323,0,0.0,0.0,0.0,0.0,0.000,2.8211,-1.1344,0.5709,586.46,4.2088,-0.2006,23.59,0.0000,0.00,0,0,0,586.37,0,0.000,0.0000
2026-08-12T18:40:03.989048,782.01,DONE,1.7470,-0.6513,-167.66,0.0000,0.0000,7.5323,0,0.0,0.0,0.0,0.0,0.000,2.8211,-1.1344,0.5709,587.46,4.2088,-0.2006,23.59,0.0000,0.00,0,0,0,587.37,0,0.000,0.0000
2026-08-12T18:40:04.988995,783.01,DONE,1.7470,-0.6513,-167.66,0.0000,0.0000,7.5323,0,0.0,0.0,0.0,0.0,0.000,2.8211,-1.1344,0.5709,588.46,4.2088,-0.2006,23.59,0.0000,0.00,0,0,0,588.37,0,0.000,0.0000
2026-08-12T18:40:05.988978,784.01,DONE,1.7470,-0.6513,-167.66,0.0000,0.0000,7.5323,0,0.0,0.0,0.0,0.0,0.000,2.8211,-1.1344,0.5709,589.46,4.2088,-0.2006,23.59,0.0000,0.00,0,0,0,589.37,0,0.000,0.0000
2026-08-12T18:40:06.988979,785.01,DONE,1.7470,-0.6513,-167.66,0.0000,0.0000,7.5323,0,0.0,0.0,0.0,0.0,0.000,2.8211,-1.1344,0.5709,590.46,4.2088,-0.2006,23.59,0.0000,0.00,0,0,0,590.37,0,0.000,0.0000
2026-08-12T18:40:07.989032,786.01,DONE,1.7470,-0.6513,-167.66,0.0000,0.0000,7.5323,0,0.0,0.0,0.0,0.0,0.000,2.8211,-1.1344,0.5709,591.46,4.2088,-0.2006,23.59,0.0000,0.00,0,0,0,591.37,0,0.000,0.0000
2026-08-12T18:40:08.989161,787.01,DONE,1.7470,-0.6513,-167.66,0.0000,0.0000,7.5323,0,0.0,0.0,0.0,0.0,0.000,2.8211,-1.1344,0.5709,592.46,4.2088,-0.2006,23.59,0.0000,0.00,0,0,0,592.37,0,0.000,0.0000
2026-08-12T18:40:09.989079,788.01,DONE,1.7470,-0.6513,-167.66,0.0000,0.0000,7.5323,0,0.0,0.0,0.0,0.0,0.000,2.8211,-1.1344,0.5709,593.46,4.2088,-0.2006,23.59,0.0000,0.00,0,0,0,593.37,0,0.000,0.0000
2026-08-12T18:40:10.989021,789.01,DONE,1.7470,-0.6513,-167.66,0.0000,0.0000,7.5323,0,0.0,0.0,0.0,0.0,0.000,2.8211,-1.1344,0.5709,594.46,4.2088,-0.2006,23.59,0.0000,0.00,0,0,0,594.37,0,0.000,0.0000
2026-08-12T18:40:11.988926,790.01,DONE,1.7470,-0.6513,-167.66,0.0000,0.0000,7.5323,0,0.0,0.0,0.0,0.0,0.000,2.8211,-1.1344,0.5709,595.46,4.2088,-0.2006,23.59,0.0000,0.00,0,0,0,595.37,0,0.000,0.0000
2026-08-12T18:40:12.989008,791.01,DONE,1.7470,-0.6513,-167.66,0.0000,0.0000,7.5323,0,0.0,0.0,0.0,0.0,0.000,2.8211,-1.1344,0.5709,596.46,4.2088,-0.2006,23.59,0.0000,0.00,0,0,0,596.37,0,0.000,0.0000
2026-08-12T18:40:13.989017,792.01,DONE,1.7470,-0.6513,-167.66,0.0000,0.0000,7.5323,0,0.0,0.0,0.0,0.0,0.000,2.8211,-1.1344,0.5709,597.46,4.2088,-0.2006,23.59,0.0000,0.00,0,0,0,597.37,0,0.000,0.0000
2026-08-12T18:40:14.989037,793.01,DONE,1.7470,-0.6513,-167.66,0.0000,0.0000,7.5323,0,0.0,0.0,0.0,0.0,0.000,2.8211,-1.1344,0.5709,598.46,4.2088,-0.2006,23.59,0.0000,0.00,0,0,0,598.37,0,0.000,0.0000
2026-08-12T18:40:15.989236,794.01,DONE,1.7470,-0.6513,-167.66,0.0000,0.0000,7.5323,0,0.0,0.0,0.0,0.0,0.000,2.8211,-1.1344,0.5709,599.46,4.2088,-0.2006,23.59,0.0000,0.00,0,0,0,599.37,0,0.000,0.0000
2026-08-12T18:40:16.989039,795.01,DONE,1.7470,-0.6513,-167.66,0.0000,0.0000,7.5323,0,0.0,0.0,0.0,0.0,0.000,2.8211,-1.1344,0.5709,600.46,4.2088,-0.2006,23.59,0.0000,0.00,0,0,0,600.37,0,0.000,0.0000
2026-08-12T18:40:17.989037,796.01,DONE,1.7470,-0.6513,-167.66,0.0000,0.0000,7.5323,0,0.0,0.0,0.0,0.0,0.000,2.8211,-1.1344,0.5709,601.46,4.2088,-0.2006,23.59,0.0000,0.00,0,0,0,601.37,0,0.000,0.0000
2026-08-12T18:40:18.989379,797.01,DONE,1.7470,-0.6513,-167.66,0.0000,0.0000,7.5323,0,0.0,0.0,0.0,0.0,0.000,2.8211,-1.1344,0.5709,602.46,4.2088,-0.2006,23.59,0.0000,0.00,0,0,0,602.37,0,0.000,0.0000
2026-08-12T18:40:19.988949,798.01,DONE,1.7470,-0.6513,-167.66,0.0000,0.0000,7.5323,0,0.0,0.0,0.0,0.0,0.000,2.8211,-1.1344,0.5709,603.46,4.2088,-0.2006,23.59,0.0000,0.00,0,0,0,603.37,0,0.000,0.0000
2026-08-12T18:40:20.989024,799.01,DONE,1.7470,-0.6513,-167.66,0.0000,0.0000,7.5323,0,0.0,0.0,0.0,0.0,0.000,2.8211,-1.1344,0.5709,604.46,4.2088,-0.2006,23.59,0.0000,0.00,0,0,0,604.37,0,0.000,0.0000
2026-08-12T18:40:21.989318,800.01,DONE,1.7470,-0.6513,-167.66,0.0000,0.0000,7.5323,0,0.0,0.0,0.0,0.0,0.000,2.8211,-1.1344,0.5709,605.46,4.2088,-0.2006,23.59,0.0000,0.00,0,0,0,605.37,0,0.000,0.0000
2026-08-12T18:40:22.989386,801.01,DONE,1.7470,-0.6513,-167.66,0.0000,0.0000,7.5323,0,0.0,0.0,0.0,0.0,0.000,2.8211,-1.1344,0.5709,606.46,4.2088,-0.2006,23.59,0.0000,0.00,0,0,0,606.37,0,0.000,0.0000
2026-08-12T18:40:23.988939,802.01,DONE,1.7470,-0.6513,-167.66,0.0000,0.0000,7.5323,0,0.0,0.0,0.0,0.0,0.000,2.8211,-1.1344,0.5709,607.46,4.2088,-0.2006,23.59,0.0000,0.00,0,0,0,607.37,0,0.000,0.0000
2026-08-12T18:40:24.988996,803.01,DONE,1.7470,-0.6513,-167.66,0.0000,0.0000,7.5323,0,0.0,0.0,0.0,0.0,0.000,2.8211,-1.1344,0.5709,608.46,4.2088,-0.2006,23.59,0.0000,0.00,0,0,0,608.37,0,0.000,0.0000
2026-08-12T18:40:25.989059,804.01,DONE,1.7470,-0.6513,-167.66,0.0000,0.0000,7.5323,0,0.0,0.0,0.0,0.0,0.000,2.8211,-1.1344,0.5709,609.46,4.2088,-0.2006,23.59,0.0000,0.00,0,0,0,609.37,0,0.000,0.0000
2026-08-12T18:40:26.989051,805.01,DONE,1.7470,-0.6513,-167.66,0.0000,0.0000,7.5323,0,0.0,0.0,0.0,0.0,0.000,2.8211,-1.1344,0.5709,610.46,4.2088,-0.2006,23.59,0.0000,0.00,0,0,0,610.37,0,0.000,0.0000
2026-08-12T18:40:27.989047,806.01,DONE,1.7470,-0.6513,-167.66,0.0000,0.0000,7.5323,0,0.0,0.0,0.0,0.0,0.000,2.8211,-1.1344,0.5709,611.46,4.2088,-0.2006,23.59,0.0000,0.00,0,0,0,611.37,0,0.000,0.0000
2026-08-12T18:40:28.989072,807.01,DONE,1.7470,-0.6513,-167.66,0.0000,0.0000,7.5323,0,0.0,0.0,0.0,0.0,0.000,2.8211,-1.1344,0.5709,612.46,4.2088,-0.2006,23.59,0.0000,0.00,0,0,0,612.37,0,0.000,0.0000
2026-08-12T18:40:29.989121,808.01,DONE,1.7470,-0.6513,-167.66,0.0000,0.0000,7.5323,0,0.0,0.0,0.0,0.0,0.000,2.8211,-1.1344,0.5709,613.46,4.2088,-0.2006,23.59,0.0000,0.00,0,0,0,613.37,0,0.000,0.0000
2026-08-12T18:40:30.989148,809.01,DONE,1.7470,-0.6513,-167.66,0.0000,0.0000,7.5323,0,0.0,0.0,0.0,0.0,0.000,2.8211,-1.1344,0.5709,614.46,4.2088,-0.2006,23.59,0.0000,0.00,0,0,0,614.37,0,0.000,0.0000
2026-08-12T18:40:31.989015,810.01,DONE,1.7470,-0.6513,-167.66,0.0000,0.0000,7.5323,0,0.0,0.0,0.0,0.0,0.000,2.8211,-1.1344,0.5709,615.46,4.2088,-0.2006,23.59,0.0000,0.00,0,0,0,615.37,0,0.000,0.0000
2026-08-12T18:40:32.989361,811.01,DONE,1.7470,-0.6513,-167.66,0.0000,0.0000,7.5323,0,0.0,0.0,0.0,0.0,0.000,2.8211,-1.1344,0.5709,616.46,4.2088,-0.2006,23.59,0.0000,0.00,0,0,0,616.37,0,0.000,0.0000
2026-08-12T18:40:33.989069,812.01,DONE,1.7470,-0.6513,-167.66,0.0000,0.0000,7.5323,0,0.0,0.0,0.0,0.0,0.000,2.8211,-1.1344,0.5709,617.46,4.2088,-0.2006,23.59,0.0000,0.00,0,0,0,617.37,0,0.000,0.0000
2026-08-12T18:40:34.989049,813.01,DONE,1.7470,-0.6513,-167.66,0.0000,0.0000,7.5323,0,0.0,0.0,0.0,0.0,0.000,2.8211,-1.1344,0.5709,618.46,4.2088,-0.2006,23.59,0.0000,0.00,0,0,0,618.37,0,0.000,0.0000
2026-08-12T18:40:35.989034,814.01,DONE,1.7470,-0.6513,-167.66,0.0000,0.0000,7.5323,0,0.0,0.0,0.0,0.0,0.000,2.8211,-1.1344,0.5709,619.46,4.2088,-0.2006,23.59,0.0000,0.00,0,0,0,619.37,0,0.000,0.0000
2026-08-12T18:40:36.989026,815.01,DONE,1.7470,-0.6513,-167.66,0.0000,0.0000,7.5323,0,0.0,0.0,0.0,0.0,0.000,2.8211,-1.1344,0.5709,620.46,4.2088,-0.2006,23.59,0.0000,0.00,0,0,0,620.37,0,0.000,0.0000
2026-08-12T18:40:37.989239,816.01,DONE,1.7470,-0.6513,-167.66,0.0000,0.0000,7.5323,0,0.0,0.0,0.0,0.0,0.000,2.8211,-1.1344,0.5709,621.46,4.2088,-0.2006,23.59,0.0000,0.00,0,0,0,621.37,0,0.000,0.0000
2026-08-12T18:40:38.988898,817.01,DONE,1.7470,-0.6513,-167.66,0.0000,0.0000,7.5323,0,0.0,0.0,0.0,0.0,0.000,2.8211,-1.1344,0.5709,622.46,4.2088,-0.2006,23.59,0.0000,0.00,0,0,0,622.37,0,0.000,0.0000
2026-08-12T18:40:39.989552,818.01,DONE,1.7470,-0.6513,-167.66,0.0000,0.0000,7.5323,0,0.0,0.0,0.0,0.0,0.000,2.8211,-1.1344,0.5709,623.46,4.2088,-0.2006,23.59,0.0000,0.00,0,0,0,623.37,0,0.000,0.0000
2026-08-12T18:40:40.989075,819.01,DONE,1.7470,-0.6513,-167.66,0.0000,0.0000,7.5323,0,0.0,0.0,0.0,0.0,0.000,2.8211,-1.1344,0.5709,624.46,4.2088,-0.2006,23.59,0.0000,0.00,0,0,0,624.37,0,0.000,0.0000
2026-08-12T18:40:41.989004,820.01,DONE,1.7470,-0.6513,-167.66,0.0000,0.0000,7.5323,0,0.0,0.0,0.0,0.0,0.000,2.8211,-1.1344,0.5709,625.46,4.2088,-0.2006,23.59,0.0000,0.00,0,0,0,625.37,0,0.000,0.0000
2026-08-12T18:40:42.989042,821.01,DONE,1.7470,-0.6513,-167.66,0.0000,0.0000,7.5323,0,0.0,0.0,0.0,0.0,0.000,2.8211,-1.1344,0.5709,626.46,4.2088,-0.2006,23.59,0.0000,0.00,0,0,0,626.37,0,0.000,0.0000
2026-08-12T18:40:43.989061,822.01,DONE,1.7470,-0.6513,-167.66,0.0000,0.0000,7.5323,0,0.0,0.0,0.0,0.0,0.000,2.8211,-1.1344,0.5709,627.46,4.2088,-0.2006,23.59,0.0000,0.00,0,0,0,627.37,0,0.000,0.0000
2026-08-12T18:40:44.989086,823.01,DONE,1.7470,-0.6513,-167.66,0.0000,0.0000,7.5323,0,0.0,0.0,0.0,0.0,0.000,2.8211,-1.1344,0.5709,628.46,4.2088,-0.2006,23.59,0.0000,0.00,0,0,0,628.37,0,0.000,0.0000
2026-08-12T18:40:45.989161,824.01,DONE,1.7470,-0.6513,-167.66,0.0000,0.0000,7.5323,0,0.0,0.0,0.0,0.0,0.000,2.8211,-1.1344,0.5709,629.46,4.2088,-0.2006,23.59,0.0000,0.00,0,0,0,629.37,0,0.000,0.0000
2026-08-12T18:40:46.989058,825.01,DONE,1.7470,-0.6513,-167.66,0.0000,0.0000,7.5323,0,0.0,0.0,0.0,0.0,0.000,2.8211,-1.1344,0.5709,630.46,4.2088,-0.2006,23.59,0.0000,0.00,0,0,0,630.37,0,0.000,0.0000
2026-08-12T18:40:47.989183,826.01,DONE,1.7470,-0.6513,-167.66,0.0000,0.0000,7.5323,0,0.0,0.0,0.0,0.0,0.000,2.8211,-1.1344,0.5709,631.46,4.2088,-0.2006,23.59,0.0000,0.00,0,0,0,631.37,0,0.000,0.0000
2026-08-12T18:40:48.989064,827.01,DONE,1.7470,-0.6513,-167.66,0.0000,0.0000,7.5323,0,0.0,0.0,0.0,0.0,0.000,2.8211,-1.1344,0.5709,632.46,4.2088,-0.2006,23.59,0.0000,0.00,0,0,0,632.37,0,0.000,0.0000
2026-08-12T18:40:49.989121,828.01,DONE,1.7470,-0.6513,-167.66,0.0000,0.0000,7.5323,0,0.0,0.0,0.0,0.0,0.000,2.8211,-1.1344,0.5709,633.46,4.2088,-0.2006,23.59,0.0000,0.00,0,0,0,633.37,0,0.000,0.0000
2026-08-12T18:40:50.989060,829.01,DONE,1.7470,-0.6513,-167.66,0.0000,0.0000,7.5323,0,0.0,0.0,0.0,0.0,0.000,2.8211,-1.1344,0.5709,634.46,4.2088,-0.2006,23.59,0.0000,0.00,0,0,0,634.37,0,0.000,0.0000
2026-08-12T18:40:51.988909,830.01,DONE,1.7470,-0.6513,-167.66,0.0000,0.0000,7.5323,0,0.0,0.0,0.0,0.0,0.000,2.8211,-1.1344,0.5709,635.46,4.2088,-0.2006,23.59,0.0000,0.00,0,0,0,635.37,0,0.000,0.0000
2026-08-12T18:40:52.988996,831.01,DONE,1.7470,-0.6513,-167.66,0.0000,0.0000,7.5323,0,0.0,0.0,0.0,0.0,0.000,2.8211,-1.1344,0.5709,636.46,4.2088,-0.2006,23.59,0.0000,0.00,0,0,0,636.37,0,0.000,0.0000
2026-08-12T18:40:53.989092,832.01,DONE,1.7470,-0.6513,-167.66,0.0000,0.0000,7.5323,0,0.0,0.0,0.0,0.0,0.000,2.8211,-1.1344,0.5709,637.46,4.2088,-0.2006,23.59,0.0000,0.00,0,0,0,637.37,0,0.000,0.0000
2026-08-12T18:40:54.989019,833.01,DONE,1.7470,-0.6513,-167.66,0.0000,0.0000,7.5323,0,0.0,0.0,0.0,0.0,0.000,2.8211,-1.1344,0.5709,638.46,4.2088,-0.2006,23.59,0.0000,0.00,0,0,0,638.37,0,0.000,0.0000
2026-08-12T18:40:55.989075,834.01,DONE,1.7470,-0.6513,-167.66,0.0000,0.0000,7.5323,0,0.0,0.0,0.0,0.0,0.000,2.8211,-1.1344,0.5709,639.46,4.2088,-0.2006,23.59,0.0000,0.00,0,0,0,639.37,0,0.000,0.0000
2026-08-12T18:40:56.989064,835.01,DONE,1.7470,-0.6513,-167.66,0.0000,0.0000,7.5323,0,0.0,0.0,0.0,0.0,0.000,2.8211,-1.1344,0.5709,640.46,4.2088,-0.2006,23.59,0.0000,0.00,0,0,0,640.37,0,0.000,0.0000
2026-08-12T18:40:57.988923,836.01,DONE,1.7470,-0.6513,-167.66,0.0000,0.0000,7.5323,0,0.0,0.0,0.0,0.0,0.000,2.8211,-1.1344,0.5709,641.46,4.2088,-0.2006,23.59,0.0000,0.00,0,0,0,641.37,0,0.000,0.0000
2026-08-12T18:40:58.989228,837.01,DONE,1.7470,-0.6513,-167.66,0.0000,0.0000,7.5323,0,0.0,0.0,0.0,0.0,0.000,2.8211,-1.1344,0.5709,642.46,4.2088,-0.2006,23.59,0.0000,0.00,0,0,0,642.37,0,0.000,0.0000
2026-08-12T18:40:59.988996,838.01,DONE,1.7470,-0.6513,-167.66,0.0000,0.0000,7.5323,0,0.0,0.0,0.0,0.0,0.000,2.8211,-1.1344,0.5709,643.46,4.2088,-0.2006,23.59,0.0000,0.00,0,0,0,643.37,0,0.000,0.0000
2026-08-12T18:41:00.988934,839.01,DONE,1.7470,-0.6513,-167.66,0.0000,0.0000,7.5323,0,0.0,0.0,0.0,0.0,0.000,2.8211,-1.1344,0.5709,644.46,4.2088,-0.2006,23.59,0.0000,0.00,0,0,0,644.37,0,0.000,0.0000
2026-08-12T18:41:01.988989,840.01,DONE,1.7470,-0.6513,-167.66,0.0000,0.0000,7.5323,0,0.0,0.0,0.0,0.0,0.000,2.8211,-1.1344,0.5709,645.46,4.2088,-0.2006,23.59,0.0000,0.00,0,0,0,645.37,0,0.000,0.0000
2026-08-12T18:41:02.989024,841.01,DONE,1.7470,-0.6513,-167.66,0.0000,0.0000,7.5323,0,0.0,0.0,0.0,0.0,0.000,2.8211,-1.1344,0.5709,646.46,4.2088,-0.2006,23.59,0.0000,0.00,0,0,0,646.37,0,0.000,0.0000
2026-08-12T18:41:03.988919,842.01,DONE,1.7470,-0.6513,-167.66,0.0000,0.0000,7.5323,0,0.0,0.0,0.0,0.0,0.000,2.8211,-1.1344,0.5709,647.46,4.2088,-0.2006,23.59,0.0000,0.00,0,0,0,647.37,0,0.000,0.0000
2026-08-12T18:41:04.989037,843.01,DONE,1.7470,-0.6513,-167.66,0.0000,0.0000,7.5323,0,0.0,0.0,0.0,0.0,0.000,2.8211,-1.1344,0.5709,648.46,4.2088,-0.2006,23.59,0.0000,0.00,0,0,0,648.37,0,0.000,0.0000
2026-08-12T18:41:05.988992,844.01,DONE,1.7470,-0.6513,-167.66,0.0000,0.0000,7.5323,0,0.0,0.0,0.0,0.0,0.000,2.8211,-1.1344,0.5709,649.46,4.2088,-0.2006,23.59,0.0000,0.00,0,0,0,649.37,0,0.000,0.0000
2026-08-12T18:41:06.989016,845.01,DONE,1.7470,-0.6513,-167.66,0.0000,0.0000,7.5323,0,0.0,0.0,0.0,0.0,0.000,2.8211,-1.1344,0.5709,650.46,4.2088,-0.2006,23.59,0.0000,0.00,0,0,0,650.37,0,0.000,0.0000
2026-08-12T18:41:07.989013,846.01,DONE,1.7470,-0.6513,-167.66,0.0000,0.0000,7.5323,0,0.0,0.0,0.0,0.0,0.000,2.8211,-1.1344,0.5709,651.46,4.2088,-0.2006,23.59,0.0000,0.00,0,0,0,651.37,0,0.000,0.0000
2026-08-12T18:41:08.988977,847.01,DONE,1.7470,-0.6513,-167.66,0.0000,0.0000,7.5323,0,0.0,0.0,0.0,0.0,0.000,2.8211,-1.1344,0.5709,652.46,4.2088,-0.2006,23.59,0.0000,0.00,0,0,0,652.37,0,0.000,0.0000
2026-08-12T18:41:09.989171,848.01,DONE,1.7470,-0.6513,-167.66,0.0000,0.0000,7.5323,0,0.0,0.0,0.0,0.0,0.000,2.8211,-1.1344,0.5709,653.46,4.2088,-0.2006,23.59,0.0000,0.00,0,0,0,653.37,0,0.000,0.0000
2026-08-12T18:41:10.989335,849.01,DONE,1.7470,-0.6513,-167.66,0.0000,0.0000,7.5323,0,0.0,0.0,0.0,0.0,0.000,2.8211,-1.1344,0.5709,654.46,4.2088,-0.2006,23.59,0.0000,0.00,0,0,0,654.37,0,0.000,0.0000
2026-08-12T18:41:11.989175,850.01,DONE,1.7470,-0.6513,-167.66,0.0000,0.0000,7.5323,0,0.0,0.0,0.0,0.0,0.000,2.8211,-1.1344,0.5709,655.46,4.2088,-0.2006,23.59,0.0000,0.00,0,0,0,655.37,0,0.000,0.0000
2026-08-12T18:41:12.989082,851.01,DONE,1.7470,-0.6513,-167.66,0.0000,0.0000,7.5323,0,0.0,0.0,0.0,0.0,0.000,2.8211,-1.1344,0.5709,656.46,4.2088,-0.2006,23.59,0.0000,0.00,0,0,0,656.37,0,0.000,0.0000
2026-08-12T18:41:13.989065,852.01,DONE,1.7470,-0.6513,-167.66,0.0000,0.0000,7.5323,0,0.0,0.0,0.0,0.0,0.000,2.8211,-1.1344,0.5709,657.46,4.2088,-0.2006,23.59,0.0000,0.00,0,0,0,657.37,0,0.000,0.0000
2026-08-12T18:41:14.989095,853.01,DONE,1.7470,-0.6513,-167.66,0.0000,0.0000,7.5323,0,0.0,0.0,0.0,0.0,0.000,2.8211,-1.1344,0.5709,658.46,4.2088,-0.2006,23.59,0.0000,0.00,0,0,0,658.37,0,0.000,0.0000
2026-08-12T18:41:15.989012,854.01,DONE,1.7470,-0.6513,-167.66,0.0000,0.0000,7.5323,0,0.0,0.0,0.0,0.0,0.000,2.8211,-1.1344,0.5709,659.46,4.2088,-0.2006,23.59,0.0000,0.00,0,0,0,659.37,0,0.000,0.0000
2026-08-12T18:41:16.988995,855.01,DONE,1.7470,-0.6513,-167.66,0.0000,0.0000,7.5323,0,0.0,0.0,0.0,0.0,0.000,2.8211,-1.1344,0.5709,660.46,4.2088,-0.2006,23.59,0.0000,0.00,0,0,0,660.37,0,0.000,0.0000
2026-08-12T18:41:17.988900,856.01,DONE,1.7470,-0.6513,-167.66,0.0000,0.0000,7.5323,0,0.0,0.0,0.0,0.0,0.000,2.8211,-1.1344,0.5709,661.46,4.2088,-0.2006,23.59,0.0000,0.00,0,0,0,661.37,0,0.000,0.0000
2026-08-12T18:41:18.989016,857.01,DONE,1.7470,-0.6513,-167.66,0.0000,0.0000,7.5323,0,0.0,0.0,0.0,0.0,0.000,2.8211,-1.1344,0.5709,662.46,4.2088,-0.2006,23.59,0.0000,0.00,0,0,0,662.37,0,0.000,0.0000
2026-08-12T18:41:19.989031,858.01,DONE,1.7470,-0.6513,-167.66,0.0000,0.0000,7.5323,0,0.0,0.0,0.0,0.0,0.000,2.8211,-1.1344,0.5709,663.46,4.2088,-0.2006,23.59,0.0000,0.00,0,0,0,663.37,0,0.000,0.0000
2026-08-12T18:41:20.989032,859.01,DONE,1.7470,-0.6513,-167.66,0.0000,0.0000,7.5323,0,0.0,0.0,0.0,0.0,0.000,2.8211,-1.1344,0.5709,664.46,4.2088,-0.2006,23.59,0.0000,0.00,0,0,0,664.37,0,0.000,0.0000
2026-08-12T18:41:21.989689,860.01,DONE,1.7470,-0.6513,-167.66,0.0000,0.0000,7.5323,0,0.0,0.0,0.0,0.0,0.000,2.8211,-1.1344,0.5709,665.46,4.2088,-0.2006,23.59,0.0000,0.00,0,0,0,665.37,0,0.000,0.0000
2026-08-12T18:41:22.989045,861.01,DONE,1.7470,-0.6513,-167.66,0.0000,0.0000,7.5323,0,0.0,0.0,0.0,0.0,0.000,2.8211,-1.1344,0.5709,666.46,4.2088,-0.2006,23.59,0.0000,0.00,0,0,0,666.37,0,0.000,0.0000
2026-08-12T18:41:23.988947,862.01,DONE,1.7470,-0.6513,-167.66,0.0000,0.0000,7.5323,0,0.0,0.0,0.0,0.0,0.000,2.8211,-1.1344,0.5709,667.46,4.2088,-0.2006,23.59,0.0000,0.00,0,0,0,667.37,0,0.000,0.0000
2026-08-12T18:41:24.989015,863.01,DONE,1.7470,-0.6513,-167.66,0.0000,0.0000,7.5323,0,0.0,0.0,0.0,0.0,0.000,2.8211,-1.1344,0.5709,668.46,4.2088,-0.2006,23.59,0.0000,0.00,0,0,0,668.37,0,0.000,0.0000
2026-08-12T18:41:25.989025,864.01,DONE,1.7470,-0.6513,-167.66,0.0000,0.0000,7.5323,0,0.0,0.0,0.0,0.0,0.000,2.8211,-1.1344,0.5709,669.46,4.2088,-0.2006,23.59,0.0000,0.00,0,0,0,669.37,0,0.000,0.0000
2026-08-12T18:41:26.989011,865.01,DONE,1.7470,-0.6513,-167.66,0.0000,0.0000,7.5323,0,0.0,0.0,0.0,0.0,0.000,2.8211,-1.1344,0.5709,670.46,4.2088,-0.2006,23.59,0.0000,0.00,0,0,0,670.37,0,0.000,0.0000
2026-08-12T18:41:27.989058,866.01,DONE,1.7470,-0.6513,-167.66,0.0000,0.0000,7.5323,0,0.0,0.0,0.0,0.0,0.000,2.8211,-1.1344,0.5709,671.46,4.2088,-0.2006,23.59,0.0000,0.00,0,0,0,671.37,0,0.000,0.0000
2026-08-12T18:41:28.989052,867.01,DONE,1.7470,-0.6513,-167.66,0.0000,0.0000,7.5323,0,0.0,0.0,0.0,0.0,0.000,2.8211,-1.1344,0.5709,672.46,4.2088,-0.2006,23.59,0.0000,0.00,0,0,0,672.37,0,0.000,0.0000
2026-08-12T18:41:29.989065,868.01,DONE,1.7470,-0.6513,-167.66,0.0000,0.0000,7.5323,0,0.0,0.0,0.0,0.0,0.000,2.8211,-1.1344,0.5709,673.46,4.2088,-0.2006,23.59,0.0000,0.00,0,0,0,673.37,0,0.000,0.0000
2026-08-12T18:41:30.989102,869.01,DONE,1.7470,-0.6513,-167.66,0.0000,0.0000,7.5323,0,0.0,0.0,0.0,0.0,0.000,2.8211,-1.1344,0.5709,674.46,4.2088,-0.2006,23.59,0.0000,0.00,0,0,0,674.37,0,0.000,0.0000
2026-08-12T18:41:31.989023,870.01,DONE,1.7470,-0.6513,-167.66,0.0000,0.0000,7.5323,0,0.0,0.0,0.0,0.0,0.000,2.8211,-1.1344,0.5709,675.46,4.2088,-0.2006,23.59,0.0000,0.00,0,0,0,675.37,0,0.000,0.0000
2026-08-12T18:41:32.989155,871.01,DONE,1.7470,-0.6513,-167.66,0.0000,0.0000,7.5323,0,0.0,0.0,0.0,0.0,0.000,2.8211,-1.1344,0.5709,676.46,4.2088,-0.2006,23.59,0.0000,0.00,0,0,0,676.37,0,0.000,0.0000
2026-08-12T18:41:33.989028,872.01,DONE,1.7470,-0.6513,-167.66,0.0000,0.0000,7.5323,0,0.0,0.0,0.0,0.0,0.000,2.8211,-1.1344,0.5709,677.46,4.2088,-0.2006,23.59,0.0000,0.00,0,0,0,677.37,0,0.000,0.0000
2026-08-12T18:41:34.989052,873.01,DONE,1.7470,-0.6513,-167.66,0.0000,0.0000,7.5323,0,0.0,0.0,0.0,0.0,0.000,2.8211,-1.1344,0.5709,678.46,4.2088,-0.2006,23.59,0.0000,0.00,0,0,0,678.37,0,0.000,0.0000
2026-08-12T18:41:35.989007,874.01,DONE,1.7470,-0.6513,-167.66,0.0000,0.0000,7.5323,0,0.0,0.0,0.0,0.0,0.000,2.8211,-1.1344,0.5709,679.46,4.2088,-0.2006,23.59,0.0000,0.00,0,0,0,679.37,0,0.000,0.0000
2026-08-12T18:41:36.989021,875.01,DONE,1.7470,-0.6513,-167.66,0.0000,0.0000,7.5323,0,0.0,0.0,0.0,0.0,0.000,2.8211,-1.1344,0.5709,680.46,4.2088,-0.2006,23.59,0.0000,0.00,0,0,0,680.37,0,0.000,0.0000
2026-08-12T18:41:37.989064,876.01,DONE,1.7470,-0.6513,-167.66,0.0000,0.0000,7.5323,0,0.0,0.0,0.0,0.0,0.000,2.8211,-1.1344,0.5709,681.46,4.2088,-0.2006,23.59,0.0000,0.00,0,0,0,681.37,0,0.000,0.0000
2026-08-12T18:41:38.988998,877.01,DONE,1.7470,-0.6513,-167.66,0.0000,0.0000,7.5323,0,0.0,0.0,0.0,0.0,0.000,2.8211,-1.1344,0.5709,682.46,4.2088,-0.2006,23.59,0.0000,0.00,0,0,0,682.37,0,0.000,0.0000
2026-08-12T18:41:39.989125,878.01,DONE,1.7470,-0.6513,-167.66,0.0000,0.0000,7.5323,0,0.0,0.0,0.0,0.0,0.000,2.8211,-1.1344,0.5709,683.46,4.2088,-0.2006,23.59,0.0000,0.00,0,0,0,683.37,0,0.000,0.0000
2026-08-12T18:41:40.989521,879.01,DONE,1.7470,-0.6513,-167.66,0.0000,0.0000,7.5323,0,0.0,0.0,0.0,0.0,0.000,2.8211,-1.1344,0.5709,684.46,4.2088,-0.2006,23.59,0.0000,0.00,0,0,0,684.37,0,0.000,0.0000
2026-08-12T18:41:41.989223,880.01,DONE,1.7470,-0.6513,-167.66,0.0000,0.0000,7.5323,0,0.0,0.0,0.0,0.0,0.000,2.8211,-1.1344,0.5709,685.46,4.2088,-0.2006,23.59,0.0000,0.00,0,0,0,685.37,0,0.000,0.0000
2026-08-12T18:41:42.988932,881.01,DONE,1.7470,-0.6513,-167.66,0.0000,0.0000,7.5323,0,0.0,0.0,0.0,0.0,0.000,2.8211,-1.1344,0.5709,686.46,4.2088,-0.2006,23.59,0.0000,0.00,0,0,0,686.37,0,0.000,0.0000
2026-08-12T18:41:43.988991,882.01,DONE,1.7470,-0.6513,-167.66,0.0000,0.0000,7.5323,0,0.0,0.0,0.0,0.0,0.000,2.8211,-1.1344,0.5709,687.46,4.2088,-0.2006,23.59,0.0000,0.00,0,0,0,687.37,0,0.000,0.0000
2026-08-12T18:41:44.989098,883.01,DONE,1.7470,-0.6513,-167.66,0.0000,0.0000,7.5323,0,0.0,0.0,0.0,0.0,0.000,2.8211,-1.1344,0.5709,688.46,4.2088,-0.2006,23.59,0.0000,0.00,0,0,0,688.37,0,0.000,0.0000
2026-08-12T18:41:45.988873,884.01,DONE,1.7470,-0.6513,-167.66,0.0000,0.0000,7.5323,0,0.0,0.0,0.0,0.0,0.000,2.8211,-1.1344,0.5709,689.46,4.2088,-0.2006,23.59,0.0000,0.00,0,0,0,689.37,0,0.000,0.0000
2026-08-12T18:41:46.989024,885.01,DONE,1.7470,-0.6513,-167.66,0.0000,0.0000,7.5323,0,0.0,0.0,0.0,0.0,0.000,2.8211,-1.1344,0.5709,690.46,4.2088,-0.2006,23.59,0.0000,0.00,0,0,0,690.37,0,0.000,0.0000
2026-08-12T18:41:47.989209,886.01,DONE,1.7470,-0.6513,-167.66,0.0000,0.0000,7.5323,0,0.0,0.0,0.0,0.0,0.000,2.8211,-1.1344,0.5709,691.46,4.2088,-0.2006,23.59,0.0000,0.00,0,0,0,691.37,0,0.000,0.0000
2026-08-12T18:41:48.989277,887.01,DONE,1.7470,-0.6513,-167.66,0.0000,0.0000,7.5323,0,0.0,0.0,0.0,0.0,0.000,2.8211,-1.1344,0.5709,692.46,4.2088,-0.2006,23.59,0.0000,0.00,0,0,0,692.37,0,0.000,0.0000
2026-08-12T18:41:49.989034,888.01,DONE,1.7470,-0.6513,-167.66,0.0000,0.0000,7.5323,0,0.0,0.0,0.0,0.0,0.000,2.8211,-1.1344,0.5709,693.46,4.2088,-0.2006,23.59,0.0000,0.00,0,0,0,693.37,0,0.000,0.0000
2026-08-12T18:41:50.989052,889.01,DONE,1.7470,-0.6513,-167.66,0.0000,0.0000,7.5323,0,0.0,0.0,0.0,0.0,0.000,2.8211,-1.1344,0.5709,694.46,4.2088,-0.2006,23.59,0.0000,0.00,0,0,0,694.37,0,0.000,0.0000
2026-08-12T18:41:51.989058,890.01,DONE,1.7470,-0.6513,-167.66,0.0000,0.0000,7.5323,0,0.0,0.0,0.0,0.0,0.000,2.8211,-1.1344,0.5709,695.46,4.2088,-0.2006,23.59,0.0000,0.00,0,0,0,695.37,0,0.000,0.0000
2026-08-12T18:41:52.989050,891.01,DONE,1.7470,-0.6513,-167.66,0.0000,0.0000,7.5323,0,0.0,0.0,0.0,0.0,0.000,2.8211,-1.1344,0.5709,696.46,4.2088,-0.2006,23.59,0.0000,0.00,0,0,0,696.37,0,0.000,0.0000
2026-08-12T18:41:53.988998,892.01,DONE,1.7470,-0.6513,-167.66,0.0000,0.0000,7.5323,0,0.0,0.0,0.0,0.0,0.000,2.8211,-1.1344,0.5709,697.46,4.2088,-0.2006,23.59,0.0000,0.00,0,0,0,697.37,0,0.000,0.0000
2026-08-12T18:41:54.988928,893.01,DONE,1.7470,-0.6513,-167.66,0.0000,0.0000,7.5323,0,0.0,0.0,0.0,0.0,0.000,2.8211,-1.1344,0.5709,698.46,4.2088,-0.2006,23.59,0.0000,0.00,0,0,0,698.37,0,0.000,0.0000
2026-08-12T18:41:55.989030,894.01,DONE,1.7470,-0.6513,-167.66,0.0000,0.0000,7.5323,0,0.0,0.0,0.0,0.0,0.000,2.8211,-1.1344,0.5709,699.46,4.2088,-0.2006,23.59,0.0000,0.00,0,0,0,699.37,0,0.000,0.0000
2026-08-12T18:41:56.989056,895.01,DONE,1.7470,-0.6513,-167.66,0.0000,0.0000,7.5323,0,0.0,0.0,0.0,0.0,0.000,2.8211,-1.1344,0.5709,700.46,4.2088,-0.2006,23.59,0.0000,0.00,0,0,0,700.37,0,0.000,0.0000
2026-08-12T18:41:57.989106,896.01,DONE,1.7470,-0.6513,-167.66,0.0000,0.0000,7.5323,0,0.0,0.0,0.0,0.0,0.000,2.8211,-1.1344,0.5709,701.46,4.2088,-0.2006,23.59,0.0000,0.00,0,0,0,701.37,0,0.000,0.0000
2026-08-12T18:41:58.989093,897.01,DONE,1.7470,-0.6513,-167.66,0.0000,0.0000,7.5323,0,0.0,0.0,0.0,0.0,0.000,2.8211,-1.1344,0.5709,702.46,4.2088,-0.2006,23.59,0.0000,0.00,0,0,0,702.37,0,0.000,0.0000
2026-08-12T18:41:59.989026,898.01,DONE,1.7470,-0.6513,-167.66,0.0000,0.0000,7.5323,0,0.0,0.0,0.0,0.0,0.000,2.8211,-1.1344,0.5709,703.46,4.2088,-0.2006,23.59,0.0000,0.00,0,0,0,703.37,0,0.000,0.0000
2026-08-12T18:42:00.989115,899.01,DONE,1.7470,-0.6513,-167.66,0.0000,0.0000,7.5323,0,0.0,0.0,0.0,0.0,0.000,2.8211,-1.1344,0.5709,704.46,4.2088,-0.2006,23.59,0.0000,0.00,0,0,0,704.37,0,0.000,0.0000
2026-08-12T18:42:01.988948,900.01,DONE,1.7470,-0.6513,-167.66,0.0000,0.0000,7.5323,0,0.0,0.0,0.0,0.0,0.000,2.8211,-1.1344,0.5709,705.46,4.2088,-0.2006,23.59,0.0000,0.00,0,0,0,705.37,0,0.000,0.0000
2026-08-12T18:42:02.989003,901.01,DONE,1.7470,-0.6513,-167.66,0.0000,0.0000,7.5323,0,0.0,0.0,0.0,0.0,0.000,2.8211,-1.1344,0.5709,706.46,4.2088,-0.2006,23.59,0.0000,0.00,0,0,0,706.37,0,0.000,0.0000
2026-08-12T18:42:03.989024,902.01,DONE,1.7470,-0.6513,-167.66,0.0000,0.0000,7.5323,0,0.0,0.0,0.0,0.0,0.000,2.8211,-1.1344,0.5709,707.46,4.2088,-0.2006,23.59,0.0000,0.00,0,0,0,707.37,0,0.000,0.0000
2026-08-12T18:42:04.988948,903.01,DONE,1.7470,-0.6513,-167.66,0.0000,0.0000,7.5323,0,0.0,0.0,0.0,0.0,0.000,2.8211,-1.1344,0.5709,708.46,4.2088,-0.2006,23.59,0.0000,0.00,0,0,0,708.37,0,0.000,0.0000
2026-08-12T18:42:05.989266,904.01,DONE,1.7470,-0.6513,-167.66,0.0000,0.0000,7.5323,0,0.0,0.0,0.0,0.0,0.000,2.8211,-1.1344,0.5709,709.46,4.2088,-0.2006,23.59,0.0000,0.00,0,0,0,709.37,0,0.000,0.0000
2026-08-12T18:42:06.989049,905.01,DONE,1.7470,-0.6513,-167.66,0.0000,0.0000,7.5323,0,0.0,0.0,0.0,0.0,0.000,2.8211,-1.1344,0.5709,710.46,4.2088,-0.2006,23.59,0.0000,0.00,0,0,0,710.37,0,0.000,0.0000
2026-08-12T18:42:07.989107,906.01,DONE,1.7470,-0.6513,-167.66,0.0000,0.0000,7.5323,0,0.0,0.0,0.0,0.0,0.000,2.8211,-1.1344,0.5709,711.46,4.2088,-0.2006,23.59,0.0000,0.00,0,0,0,711.37,0,0.000,0.0000
2026-08-12T18:42:08.988982,907.01,DONE,1.7470,-0.6513,-167.66,0.0000,0.0000,7.5323,0,0.0,0.0,0.0,0.0,0.000,2.8211,-1.1344,0.5709,712.46,4.2088,-0.2006,23.59,0.0000,0.00,0,0,0,712.37,0,0.000,0.0000
2026-08-12T18:42:09.989277,908.01,DONE,1.7470,-0.6513,-167.66,0.0000,0.0000,7.5323,0,0.0,0.0,0.0,0.0,0.000,2.8211,-1.1344,0.5709,713.46,4.2088,-0.2006,23.59,0.0000,0.00,0,0,0,713.37,0,0.000,0.0000
2026-08-12T18:42:10.989058,909.01,DONE,1.7470,-0.6513,-167.66,0.0000,0.0000,7.5323,0,0.0,0.0,0.0,0.0,0.000,2.8211,-1.1344,0.5709,714.46,4.2088,-0.2006,23.59,0.0000,0.00,0,0,0,714.37,0,0.000,0.0000
2026-08-12T18:42:11.988941,910.01,DONE,1.7470,-0.6513,-167.66,0.0000,0.0000,7.5323,0,0.0,0.0,0.0,0.0,0.000,2.8211,-1.1344,0.5709,715.46,4.2088,-0.2006,23.59,0.0000,0.00,0,0,0,715.37,0,0.000,0.0000
2026-08-12T18:42:12.988890,911.01,DONE,1.7470,-0.6513,-167.66,0.0000,0.0000,7.5323,0,0.0,0.0,0.0,0.0,0.000,2.8211,-1.1344,0.5709,716.46,4.2088,-0.2006,23.59,0.0000,0.00,0,0,0,716.37,0,0.000,0.0000
2026-08-12T18:42:13.989034,912.01,DONE,1.7470,-0.6513,-167.66,0.0000,0.0000,7.5323,0,0.0,0.0,0.0,0.0,0.000,2.8211,-1.1344,0.5709,717.46,4.2088,-0.2006,23.59,0.0000,0.00,0,0,0,717.37,0,0.000,0.0000
2026-08-12T18:42:14.989256,913.01,DONE,1.7470,-0.6513,-167.66,0.0000,0.0000,7.5323,0,0.0,0.0,0.0,0.0,0.000,2.8211,-1.1344,0.5709,718.46,4.2088,-0.2006,23.59,0.0000,0.00,0,0,0,718.37,0,0.000,0.0000
2026-08-12T18:42:15.989023,914.01,DONE,1.7470,-0.6513,-167.66,0.0000,0.0000,7.5323,0,0.0,0.0,0.0,0.0,0.000,2.8211,-1.1344,0.5709,719.46,4.2088,-0.2006,23.59,0.0000,0.00,0,0,0,719.37,0,0.000,0.0000
2026-08-12T18:42:16.989102,915.01,DONE,1.7470,-0.6513,-167.66,0.0000,0.0000,7.5323,0,0.0,0.0,0.0,0.0,0.000,2.8211,-1.1344,0.5709,720.46,4.2088,-0.2006,23.59,0.0000,0.00,0,0,0,720.37,0,0.000,0.0000
2026-08-12T18:42:17.989348,916.01,DONE,1.7470,-0.6513,-167.66,0.0000,0.0000,7.5323,0,0.0,0.0,0.0,0.0,0.000,2.8211,-1.1344,0.5709,721.46,4.2088,-0.2006,23.59,0.0000,0.00,0,0,0,721.37,0,0.000,0.0000
2026-08-12T18:42:18.988872,917.01,DONE,1.7470,-0.6513,-167.66,0.0000,0.0000,7.5323,0,0.0,0.0,0.0,0.0,0.000,2.8211,-1.1344,0.5709,722.46,4.2088,-0.2006,23.59,0.0000,0.00,0,0,0,722.37,0,0.000,0.0000
2026-08-12T18:42:19.989027,918.01,DONE,1.7470,-0.6513,-167.66,0.0000,0.0000,7.5323,0,0.0,0.0,0.0,0.0,0.000,2.8211,-1.1344,0.5709,723.46,4.2088,-0.2006,23.59,0.0000,0.00,0,0,0,723.37,0,0.000,0.0000
2026-08-12T18:42:20.989011,919.01,DONE,1.7470,-0.6513,-167.66,0.0000,0.0000,7.5323,0,0.0,0.0,0.0,0.0,0.000,2.8211,-1.1344,0.5709,724.46,4.2088,-0.2006,23.59,0.0000,0.00,0,0,0,724.37,0,0.000,0.0000
2026-08-12T18:42:21.988994,920.01,DONE,1.7470,-0.6513,-167.66,0.0000,0.0000,7.5323,0,0.0,0.0,0.0,0.0,0.000,2.8211,-1.1344,0.5709,725.46,4.2088,-0.2006,23.59,0.0000,0.00,0,0,0,725.37,0,0.000,0.0000
2026-08-12T18:42:22.989027,921.01,DONE,1.7470,-0.6513,-167.66,0.0000,0.0000,7.5323,0,0.0,0.0,0.0,0.0,0.000,2.8211,-1.1344,0.5709,726.46,4.2088,-0.2006,23.59,0.0000,0.00,0,0,0,726.37,0,0.000,0.0000
2026-08-12T18:42:23.988877,922.01,DONE,1.7470,-0.6513,-167.66,0.0000,0.0000,7.5323,0,0.0,0.0,0.0,0.0,0.000,2.8211,-1.1344,0.5709,727.46,4.2088,-0.2006,23.59,0.0000,0.00,0,0,0,727.37,0,0.000,0.0000
2026-08-12T18:42:24.989055,923.01,DONE,1.7470,-0.6513,-167.66,0.0000,0.0000,7.5323,0,0.0,0.0,0.0,0.0,0.000,2.8211,-1.1344,0.5709,728.46,4.2088,-0.2006,23.59,0.0000,0.00,0,0,0,728.37,0,0.000,0.0000
2026-08-12T18:42:25.989050,924.01,DONE,1.7470,-0.6513,-167.66,0.0000,0.0000,7.5323,0,0.0,0.0,0.0,0.0,0.000,2.8211,-1.1344,0.5709,729.46,4.2088,-0.2006,23.59,0.0000,0.00,0,0,0,729.37,0,0.000,0.0000
2026-08-12T18:42:26.989173,925.01,DONE,1.7470,-0.6513,-167.66,0.0000,0.0000,7.5323,0,0.0,0.0,0.0,0.0,0.000,2.8211,-1.1344,0.5709,730.46,4.2088,-0.2006,23.59,0.0000,0.00,0,0,0,730.37,0,0.000,0.0000
2026-08-12T18:42:27.988971,926.01,DONE,1.7470,-0.6513,-167.66,0.0000,0.0000,7.5323,0,0.0,0.0,0.0,0.0,0.000,2.8211,-1.1344,0.5709,731.46,4.2088,-0.2006,23.59,0.0000,0.00,0,0,0,731.37,0,0.000,0.0000
2026-08-12T18:42:28.988971,927.01,DONE,1.7470,-0.6513,-167.66,0.0000,0.0000,7.5323,0,0.0,0.0,0.0,0.0,0.000,2.8211,-1.1344,0.5709,732.46,4.2088,-0.2006,23.59,0.0000,0.00,0,0,0,732.37,0,0.000,0.0000
2026-08-12T18:42:29.989021,928.01,DONE,1.7470,-0.6513,-167.66,0.0000,0.0000,7.5323,0,0.0,0.0,0.0,0.0,0.000,2.8211,-1.1344,0.5709,733.46,4.2088,-0.2006,23.59,0.0000,0.00,0,0,0,733.37,0,0.000,0.0000
2026-08-12T18:42:30.989141,929.01,DONE,1.7470,-0.6513,-167.66,0.0000,0.0000,7.5323,0,0.0,0.0,0.0,0.0,0.000,2.8211,-1.1344,0.5709,734.46,4.2088,-0.2006,23.59,0.0000,0.00,0,0,0,734.37,0,0.000,0.0000
2026-08-12T18:42:31.989036,930.01,DONE,1.7470,-0.6513,-167.66,0.0000,0.0000,7.5323,0,0.0,0.0,0.0,0.0,0.000,2.8211,-1.1344,0.5709,735.46,4.2088,-0.2006,23.59,0.0000,0.00,0,0,0,735.37,0,0.000,0.0000
2026-08-12T18:42:32.988996,931.01,DONE,1.7470,-0.6513,-167.66,0.0000,0.0000,7.5323,0,0.0,0.0,0.0,0.0,0.000,2.8211,-1.1344,0.5709,736.46,4.2088,-0.2006,23.59,0.0000,0.00,0,0,0,736.37,0,0.000,0.0000
2026-08-12T18:42:33.988974,932.01,DONE,1.7470,-0.6513,-167.66,0.0000,0.0000,7.5323,0,0.0,0.0,0.0,0.0,0.000,2.8211,-1.1344,0.5709,737.46,4.2088,-0.2006,23.59,0.0000,0.00,0,0,0,737.37,0,0.000,0.0000
2026-08-12T18:42:34.989016,933.01,DONE,1.7470,-0.6513,-167.66,0.0000,0.0000,7.5323,0,0.0,0.0,0.0,0.0,0.000,2.8211,-1.1344,0.5709,738.46,4.2088,-0.2006,23.59,0.0000,0.00,0,0,0,738.37,0,0.000,0.0000
2026-08-12T18:42:35.989043,934.01,DONE,1.7470,-0.6513,-167.66,0.0000,0.0000,7.5323,0,0.0,0.0,0.0,0.0,0.000,2.8211,-1.1344,0.5709,739.46,4.2088,-0.2006,23.59,0.0000,0.00,0,0,0,739.37,0,0.000,0.0000
2026-08-12T18:42:36.989052,935.01,DONE,1.7470,-0.6513,-167.66,0.0000,0.0000,7.5323,0,0.0,0.0,0.0,0.0,0.000,2.8211,-1.1344,0.5709,740.46,4.2088,-0.2006,23.59,0.0000,0.00,0,0,0,740.37,0,0.000,0.0000
2026-08-12T18:42:37.989029,936.01,DONE,1.7470,-0.6513,-167.66,0.0000,0.0000,7.5323,0,0.0,0.0,0.0,0.0,0.000,2.8211,-1.1344,0.5709,741.46,4.2088,-0.2006,23.59,0.0000,0.00,0,0,0,741.37,0,0.000,0.0000
2026-08-12T18:42:38.989060,937.01,DONE,1.7470,-0.6513,-167.66,0.0000,0.0000,7.5323,0,0.0,0.0,0.0,0.0,0.000,2.8211,-1.1344,0.5709,742.46,4.2088,-0.2006,23.59,0.0000,0.00,0,0,0,742.37,0,0.000,0.0000
2026-08-12T18:42:39.989056,938.01,DONE,1.7470,-0.6513,-167.66,0.0000,0.0000,7.5323,0,0.0,0.0,0.0,0.0,0.000,2.8211,-1.1344,0.5709,743.46,4.2088,-0.2006,23.59,0.0000,0.00,0,0,0,743.37,0,0.000,0.0000
2026-08-12T18:42:40.988900,939.01,DONE,1.7470,-0.6513,-167.66,0.0000,0.0000,7.5323,0,0.0,0.0,0.0,0.0,0.000,2.8211,-1.1344,0.5709,744.46,4.2088,-0.2006,23.59,0.0000,0.00,0,0,0,744.37,0,0.000,0.0000
2026-08-12T18:42:41.988993,940.01,DONE,1.7470,-0.6513,-167.66,0.0000,0.0000,7.5323,0,0.0,0.0,0.0,0.0,0.000,2.8211,-1.1344,0.5709,745.46,4.2088,-0.2006,23.59,0.0000,0.00,0,0,0,745.37,0,0.000,0.0000
2026-08-12T18:42:42.988906,941.01,DONE,1.7470,-0.6513,-167.66,0.0000,0.0000,7.5323,0,0.0,0.0,0.0,0.0,0.000,2.8211,-1.1344,0.5709,746.46,4.2088,-0.2006,23.59,0.0000,0.00,0,0,0,746.37,0,0.000,0.0000
2026-08-12T18:42:43.988931,942.01,DONE,1.7470,-0.6513,-167.66,0.0000,0.0000,7.5323,0,0.0,0.0,0.0,0.0,0.000,2.8211,-1.1344,0.5709,747.46,4.2088,-0.2006,23.59,0.0000,0.00,0,0,0,747.37,0,0.000,0.0000
2026-08-12T18:42:44.989024,943.01,DONE,1.7470,-0.6513,-167.66,0.0000,0.0000,7.5323,0,0.0,0.0,0.0,0.0,0.000,2.8211,-1.1344,0.5709,748.46,4.2088,-0.2006,23.59,0.0000,0.00,0,0,0,748.37,0,0.000,0.0000
2026-08-12T18:42:45.989257,944.01,DONE,1.7470,-0.6513,-167.66,0.0000,0.0000,7.5323,0,0.0,0.0,0.0,0.0,0.000,2.8211,-1.1344,0.5709,749.46,4.2088,-0.2006,23.59,0.0000,0.00,0,0,0,749.37,0,0.000,0.0000
2026-08-12T18:42:46.989116,945.01,DONE,1.7470,-0.6513,-167.66,0.0000,0.0000,7.5323,0,0.0,0.0,0.0,0.0,0.000,2.8211,-1.1344,0.5709,750.46,4.2088,-0.2006,23.59,0.0000,0.00,0,0,0,750.37,0,0.000,0.0000
2026-08-12T18:42:47.989232,946.01,DONE,1.7470,-0.6513,-167.66,0.0000,0.0000,7.5323,0,0.0,0.0,0.0,0.0,0.000,2.8211,-1.1344,0.5709,751.46,4.2088,-0.2006,23.59,0.0000,0.00,0,0,0,751.37,0,0.000,0.0000
2026-08-12T18:42:48.989040,947.01,DONE,1.7470,-0.6513,-167.66,0.0000,0.0000,7.5323,0,0.0,0.0,0.0,0.0,0.000,2.8211,-1.1344,0.5709,752.46,4.2088,-0.2006,23.59,0.0000,0.00,0,0,0,752.37,0,0.000,0.0000
2026-08-12T18:42:49.989024,948.01,DONE,1.7470,-0.6513,-167.66,0.0000,0.0000,7.5323,0,0.0,0.0,0.0,0.0,0.000,2.8211,-1.1344,0.5709,753.46,4.2088,-0.2006,23.59,0.0000,0.00,0,0,0,753.37,0,0.000,0.0000
2026-08-12T18:42:50.989020,949.01,DONE,1.7470,-0.6513,-167.66,0.0000,0.0000,7.5323,0,0.0,0.0,0.0,0.0,0.000,2.8211,-1.1344,0.5709,754.46,4.2088,-0.2006,23.59,0.0000,0.00,0,0,0,754.37,0,0.000,0.0000
2026-08-12T18:42:51.989024,950.01,DONE,1.7470,-0.6513,-167.66,0.0000,0.0000,7.5323,0,0.0,0.0,0.0,0.0,0.000,2.8211,-1.1344,0.5709,755.46,4.2088,-0.2006,23.59,0.0000,0.00,0,0,0,755.37,0,0.000,0.0000
2026-08-12T18:42:52.989138,951.01,DONE,1.7470,-0.6513,-167.66,0.0000,0.0000,7.5323,0,0.0,0.0,0.0,0.0,0.000,2.8211,-1.1344,0.5709,756.46,4.2088,-0.2006,23.59,0.0000,0.00,0,0,0,756.37,0,0.000,0.0000
2026-08-12T18:42:53.989059,952.01,DONE,1.7470,-0.6513,-167.66,0.0000,0.0000,7.5323,0,0.0,0.0,0.0,0.0,0.000,2.8211,-1.1344,0.5709,757.46,4.2088,-0.2006,23.59,0.0000,0.00,0,0,0,757.37,0,0.000,0.0000
2026-08-12T18:42:54.989044,953.01,DONE,1.7470,-0.6513,-167.66,0.0000,0.0000,7.5323,0,0.0,0.0,0.0,0.0,0.000,2.8211,-1.1344,0.5709,758.46,4.2088,-0.2006,23.59,0.0000,0.00,0,0,0,758.37,0,0.000,0.0000
2026-08-12T18:42:55.989030,954.01,DONE,1.7470,-0.6513,-167.66,0.0000,0.0000,7.5323,0,0.0,0.0,0.0,0.0,0.000,2.8211,-1.1344,0.5709,759.46,4.2088,-0.2006,23.59,0.0000,0.00,0,0,0,759.37,0,0.000,0.0000
2026-08-12T18:42:56.988984,955.01,DONE,1.7470,-0.6513,-167.66,0.0000,0.0000,7.5323,0,0.0,0.0,0.0,0.0,0.000,2.8211,-1.1344,0.5709,760.46,4.2088,-0.2006,23.59,0.0000,0.00,0,0,0,760.37,0,0.000,0.0000
2026-08-12T18:42:57.989068,956.01,DONE,1.7470,-0.6513,-167.66,0.0000,0.0000,7.5323,0,0.0,0.0,0.0,0.0,0.000,2.8211,-1.1344,0.5709,761.46,4.2088,-0.2006,23.59,0.0000,0.00,0,0,0,761.37,0,0.000,0.0000
2026-08-12T18:42:58.989028,957.01,DONE,1.7470,-0.6513,-167.66,0.0000,0.0000,7.5323,0,0.0,0.0,0.0,0.0,0.000,2.8211,-1.1344,0.5709,762.46,4.2088,-0.2006,23.59,0.0000,0.00,0,0,0,762.37,0,0.000,0.0000
2026-08-12T18:42:59.989051,958.01,DONE,1.7470,-0.6513,-167.66,0.0000,0.0000,7.5323,0,0.0,0.0,0.0,0.0,0.000,2.8211,-1.1344,0.5709,763.46,4.2088,-0.2006,23.59,0.0000,0.00,0,0,0,763.37,0,0.000,0.0000
2026-08-12T18:43:00.989013,959.01,DONE,1.7470,-0.6513,-167.66,0.0000,0.0000,7.5323,0,0.0,0.0,0.0,0.0,0.000,2.8211,-1.1344,0.5709,764.46,4.2088,-0.2006,23.59,0.0000,0.00,0,0,0,764.37,0,0.000,0.0000
2026-08-12T18:43:01.989070,960.01,DONE,1.7470,-0.6513,-167.66,0.0000,0.0000,7.5323,0,0.0,0.0,0.0,0.0,0.000,2.8211,-1.1344,0.5709,765.46,4.2088,-0.2006,23.59,0.0000,0.00,0,0,0,765.37,0,0.000,0.0000
2026-08-12T18:43:02.988911,961.01,DONE,1.7470,-0.6513,-167.66,0.0000,0.0000,7.5323,0,0.0,0.0,0.0,0.0,0.000,2.8211,-1.1344,0.5709,766.46,4.2088,-0.2006,23.59,0.0000,0.00,0,0,0,766.37,0,0.000,0.0000
2026-08-12T18:43:03.988876,962.01,DONE,1.7470,-0.6513,-167.66,0.0000,0.0000,7.5323,0,0.0,0.0,0.0,0.0,0.000,2.8211,-1.1344,0.5709,767.46,4.2088,-0.2006,23.59,0.0000,0.00,0,0,0,767.37,0,0.000,0.0000
2026-08-12T18:43:04.988871,963.01,DONE,1.7470,-0.6513,-167.66,0.0000,0.0000,7.5323,0,0.0,0.0,0.0,0.0,0.000,2.8211,-1.1344,0.5709,768.46,4.2088,-0.2006,23.59,0.0000,0.00,0,0,0,768.37,0,0.000,0.0000
2026-08-12T18:43:05.988880,964.01,DONE,1.7470,-0.6513,-167.66,0.0000,0.0000,7.5323,0,0.0,0.0,0.0,0.0,0.000,2.8211,-1.1344,0.5709,769.46,4.2088,-0.2006,23.59,0.0000,0.00,0,0,0,769.37,0,0.000,0.0000
2026-08-12T18:43:06.989201,965.01,DONE,1.7470,-0.6513,-167.66,0.0000,0.0000,7.5323,0,0.0,0.0,0.0,0.0,0.000,2.8211,-1.1344,0.5709,770.46,4.2088,-0.2006,23.59,0.0000,0.00,0,0,0,770.37,0,0.000,0.0000
2026-08-12T18:43:07.989210,966.01,DONE,1.7470,-0.6513,-167.66,0.0000,0.0000,7.5323,0,0.0,0.0,0.0,0.0,0.000,2.8211,-1.1344,0.5709,771.46,4.2088,-0.2006,23.59,0.0000,0.00,0,0,0,771.37,0,0.000,0.0000
2026-08-12T18:43:08.988974,967.01,DONE,1.7470,-0.6513,-167.66,0.0000,0.0000,7.5323,0,0.0,0.0,0.0,0.0,0.000,2.8211,-1.1344,0.5709,772.46,4.2088,-0.2006,23.59,0.0000,0.00,0,0,0,772.37,0,0.000,0.0000
2026-08-12T18:43:09.989046,968.01,DONE,1.7470,-0.6513,-167.66,0.0000,0.0000,7.5323,0,0.0,0.0,0.0,0.0,0.000,2.8211,-1.1344,0.5709,773.46,4.2088,-0.2006,23.59,0.0000,0.00,0,0,0,773.37,0,0.000,0.0000
2026-08-12T18:43:10.989076,969.01,DONE,1.7470,-0.6513,-167.66,0.0000,0.0000,7.5323,0,0.0,0.0,0.0,0.0,0.000,2.8211,-1.1344,0.5709,774.46,4.2088,-0.2006,23.59,0.0000,0.00,0,0,0,774.37,0,0.000,0.0000
2026-08-12T18:43:11.989129,970.01,DONE,1.7470,-0.6513,-167.66,0.0000,0.0000,7.5323,0,0.0,0.0,0.0,0.0,0.000,2.8211,-1.1344,0.5709,775.46,4.2088,-0.2006,23.59,0.0000,0.00,0,0,0,775.37,0,0.000,0.0000
2026-08-12T18:43:12.989112,971.01,DONE,1.7470,-0.6513,-167.66,0.0000,0.0000,7.5323,0,0.0,0.0,0.0,0.0,0.000,2.8211,-1.1344,0.5709,776.46,4.2088,-0.2006,23.59,0.0000,0.00,0,0,0,776.37,0,0.000,0.0000
2026-08-12T18:43:13.989026,972.01,DONE,1.7470,-0.6513,-167.66,0.0000,0.0000,7.5323,0,0.0,0.0,0.0,0.0,0.000,2.8211,-1.1344,0.5709,777.46,4.2088,-0.2006,23.59,0.0000,0.00,0,0,0,777.37,0,0.000,0.0000
2026-08-12T18:43:14.989042,973.01,DONE,1.7470,-0.6513,-167.66,0.0000,0.0000,7.5323,0,0.0,0.0,0.0,0.0,0.000,2.8211,-1.1344,0.5709,778.46,4.2088,-0.2006,23.59,0.0000,0.00,0,0,0,778.37,0,0.000,0.0000
2026-08-12T18:43:15.989148,974.01,DONE,1.7470,-0.6513,-167.66,0.0000,0.0000,7.5323,0,0.0,0.0,0.0,0.0,0.000,2.8211,-1.1344,0.5709,779.46,4.2088,-0.2006,23.59,0.0000,0.00,0,0,0,779.37,0,0.000,0.0000
2026-08-12T18:43:16.989045,975.01,DONE,1.7470,-0.6513,-167.66,0.0000,0.0000,7.5323,0,0.0,0.0,0.0,0.0,0.000,2.8211,-1.1344,0.5709,780.46,4.2088,-0.2006,23.59,0.0000,0.00,0,0,0,780.37,0,0.000,0.0000
2026-08-12T18:43:17.989013,976.01,DONE,1.7470,-0.6513,-167.66,0.0000,0.0000,7.5323,0,0.0,0.0,0.0,0.0,0.000,2.8211,-1.1344,0.5709,781.46,4.2088,-0.2006,23.59,0.0000,0.00,0,0,0,781.37,0,0.000,0.0000
2026-08-12T18:43:18.988972,977.01,DONE,1.7470,-0.6513,-167.66,0.0000,0.0000,7.5323,0,0.0,0.0,0.0,0.0,0.000,2.8211,-1.1344,0.5709,782.46,4.2088,-0.2006,23.59,0.0000,0.00,0,0,0,782.37,0,0.000,0.0000
2026-08-12T18:43:19.989094,978.01,DONE,1.7470,-0.6513,-167.66,0.0000,0.0000,7.5323,0,0.0,0.0,0.0,0.0,0.000,2.8211,-1.1344,0.5709,783.46,4.2088,-0.2006,23.59,0.0000,0.00,0,0,0,783.37,0,0.000,0.0000
2026-08-12T18:43:20.989043,979.01,DONE,1.7470,-0.6513,-167.66,0.0000,0.0000,7.5323,0,0.0,0.0,0.0,0.0,0.000,2.8211,-1.1344,0.5709,784.46,4.2088,-0.2006,23.59,0.0000,0.00,0,0,0,784.37,0,0.000,0.0000
2026-08-12T18:43:21.988950,980.01,DONE,1.7470,-0.6513,-167.66,0.0000,0.0000,7.5323,0,0.0,0.0,0.0,0.0,0.000,2.8211,-1.1344,0.5709,785.46,4.2088,-0.2006,23.59,0.0000,0.00,0,0,0,785.37,0,0.000,0.0000
2026-08-12T18:43:22.989075,981.01,DONE,1.7470,-0.6513,-167.66,0.0000,0.0000,7.5323,0,0.0,0.0,0.0,0.0,0.000,2.8211,-1.1344,0.5709,786.46,4.2088,-0.2006,23.59,0.0000,0.00,0,0,0,786.37,0,0.000,0.0000
2026-08-12T18:43:23.989041,982.01,DONE,1.7470,-0.6513,-167.66,0.0000,0.0000,7.5323,0,0.0,0.0,0.0,0.0,0.000,2.8211,-1.1344,0.5709,787.46,4.2088,-0.2006,23.59,0.0000,0.00,0,0,0,787.37,0,0.000,0.0000
2026-08-12T18:43:24.989213,983.01,DONE,1.7470,-0.6513,-167.66,0.0000,0.0000,7.5323,0,0.0,0.0,0.0,0.0,0.000,2.8211,-1.1344,0.5709,788.46,4.2088,-0.2006,23.59,0.0000,0.00,0,0,0,788.37,0,0.000,0.0000
2026-08-12T18:43:25.989009,984.01,DONE,1.7470,-0.6513,-167.66,0.0000,0.0000,7.5323,0,0.0,0.0,0.0,0.0,0.000,2.8211,-1.1344,0.5709,789.46,4.2088,-0.2006,23.59,0.0000,0.00,0,0,0,789.37,0,0.000,0.0000
2026-08-12T18:43:26.989050,985.01,DONE,1.7470,-0.6513,-167.66,0.0000,0.0000,7.5323,0,0.0,0.0,0.0,0.0,0.000,2.8211,-1.1344,0.5709,790.46,4.2088,-0.2006,23.59,0.0000,0.00,0,0,0,790.37,0,0.000,0.0000
2026-08-12T18:43:27.989050,986.01,DONE,1.7470,-0.6513,-167.66,0.0000,0.0000,7.5323,0,0.0,0.0,0.0,0.0,0.000,2.8211,-1.1344,0.5709,791.46,4.2088,-0.2006,23.59,0.0000,0.00,0,0,0,791.37,0,0.000,0.0000
2026-08-12T18:43:28.989020,987.01,DONE,1.7470,-0.6513,-167.66,0.0000,0.0000,7.5323,0,0.0,0.0,0.0,0.0,0.000,2.8211,-1.1344,0.5709,792.46,4.2088,-0.2006,23.59,0.0000,0.00,0,0,0,792.37,0,0.000,0.0000
2026-08-12T18:43:29.989028,988.01,DONE,1.7470,-0.6513,-167.66,0.0000,0.0000,7.5323,0,0.0,0.0,0.0,0.0,0.000,2.8211,-1.1344,0.5709,793.46,4.2088,-0.2006,23.59,0.0000,0.00,0,0,0,793.37,0,0.000,0.0000
2026-08-12T18:43:30.988976,989.01,DONE,1.7470,-0.6513,-167.66,0.0000,0.0000,7.5323,0,0.0,0.0,0.0,0.0,0.000,2.8211,-1.1344,0.5709,794.46,4.2088,-0.2006,23.59,0.0000,0.00,0,0,0,794.37,0,0.000,0.0000
2026-08-12T18:43:31.989079,990.01,DONE,1.7470,-0.6513,-167.66,0.0000,0.0000,7.5323,0,0.0,0.0,0.0,0.0,0.000,2.8211,-1.1344,0.5709,795.46,4.2088,-0.2006,23.59,0.0000,0.00,0,0,0,795.37,0,0.000,0.0000
2026-08-12T18:43:32.989033,991.01,DONE,1.7470,-0.6513,-167.66,0.0000,0.0000,7.5323,0,0.0,0.0,0.0,0.0,0.000,2.8211,-1.1344,0.5709,796.46,4.2088,-0.2006,23.59,0.0000,0.00,0,0,0,796.37,0,0.000,0.0000
2026-08-12T18:43:33.989071,992.01,DONE,1.7470,-0.6513,-167.66,0.0000,0.0000,7.5323,0,0.0,0.0,0.0,0.0,0.000,2.8211,-1.1344,0.5709,797.46,4.2088,-0.2006,23.59,0.0000,0.00,0,0,0,797.37,0,0.000,0.0000
2026-08-12T18:43:34.989042,993.01,DONE,1.7470,-0.6513,-167.66,0.0000,0.0000,7.5323,0,0.0,0.0,0.0,0.0,0.000,2.8211,-1.1344,0.5709,798.46,4.2088,-0.2006,23.59,0.0000,0.00,0,0,0,798.37,0,0.000,0.0000
2026-08-12T18:43:35.988966,994.01,DONE,1.7470,-0.6513,-167.66,0.0000,0.0000,7.5323,0,0.0,0.0,0.0,0.0,0.000,2.8211,-1.1344,0.5709,799.46,4.2088,-0.2006,23.59,0.0000,0.00,0,0,0,799.37,0,0.000,0.0000
2026-08-12T18:43:36.989130,995.01,DONE,1.7470,-0.6513,-167.66,0.0000,0.0000,7.5323,0,0.0,0.0,0.0,0.0,0.000,2.8211,-1.1344,0.5709,800.46,4.2088,-0.2006,23.59,0.0000,0.00,0,0,0,800.37,0,0.000,0.0000
2026-08-12T18:43:37.989054,996.01,DONE,1.7470,-0.6513,-167.66,0.0000,0.0000,7.5323,0,0.0,0.0,0.0,0.0,0.000,2.8211,-1.1344,0.5709,801.46,4.2088,-0.2006,23.59,0.0000,0.00,0,0,0,801.37,0,0.000,0.0000
2026-08-12T18:43:38.989018,997.01,DONE,1.7470,-0.6513,-167.66,0.0000,0.0000,7.5323,0,0.0,0.0,0.0,0.0,0.000,2.8211,-1.1344,0.5709,802.46,4.2088,-0.2006,23.59,0.0000,0.00,0,0,0,802.37,0,0.000,0.0000
2026-08-12T18:43:39.989035,998.01,DONE,1.7470,-0.6513,-167.66,0.0000,0.0000,7.5323,0,0.0,0.0,0.0,0.0,0.000,2.8211,-1.1344,0.5709,803.46,4.2088,-0.2006,23.59,0.0000,0.00,0,0,0,803.37,0,0.000,0.0000
2026-08-12T18:43:40.989058,999.01,DONE,1.7470,-0.6513,-167.66,0.0000,0.0000,7.5323,0,0.0,0.0,0.0,0.0,0.000,2.8211,-1.1344,0.5709,804.46,4.2088,-0.2006,23.59,0.0000,0.00,0,0,0,804.37,0,0.000,0.0000
2026-08-12T18:43:41.988993,1000.01,DONE,1.7470,-0.6513,-167.66,0.0000,0.0000,7.5323,0,0.0,0.0,0.0,0.0,0.000,2.8211,-1.1344,0.5709,805.46,4.2088,-0.2006,23.59,0.0000,0.00,0,0,0,805.37,0,0.000,0.0000
2026-08-12T18:43:42.989026,1001.01,DONE,1.7470,-0.6513,-167.66,0.0000,0.0000,7.5323,0,0.0,0.0,0.0,0.0,0.000,2.8211,-1.1344,0.5709,806.46,4.2088,-0.2006,23.59,0.0000,0.00,0,0,0,806.37,0,0.000,0.0000
2026-08-12T18:43:43.989079,1002.01,DONE,1.7470,-0.6513,-167.66,0.0000,0.0000,7.5323,0,0.0,0.0,0.0,0.0,0.000,2.8211,-1.1344,0.5709,807.46,4.2088,-0.2006,23.59,0.0000,0.00,0,0,0,807.37,0,0.000,0.0000
2026-08-12T18:43:44.989109,1003.01,DONE,1.7470,-0.6513,-167.66,0.0000,0.0000,7.5323,0,0.0,0.0,0.0,0.0,0.000,2.8211,-1.1344,0.5709,808.46,4.2088,-0.2006,23.59,0.0000,0.00,0,0,0,808.37,0,0.000,0.0000
2026-08-12T18:43:45.989023,1004.01,DONE,1.7470,-0.6513,-167.66,0.0000,0.0000,7.5323,0,0.0,0.0,0.0,0.0,0.000,2.8211,-1.1344,0.5709,809.46,4.2088,-0.2006,23.59,0.0000,0.00,0,0,0,809.37,0,0.000,0.0000
2026-08-12T18:43:46.989069,1005.01,DONE,1.7470,-0.6513,-167.66,0.0000,0.0000,7.5323,0,0.0,0.0,0.0,0.0,0.000,2.8211,-1.1344,0.5709,810.46,4.2088,-0.2006,23.59,0.0000,0.00,0,0,0,810.37,0,0.000,0.0000
2026-08-12T18:43:47.989015,1006.01,DONE,1.7470,-0.6513,-167.66,0.0000,0.0000,7.5323,0,0.0,0.0,0.0,0.0,0.000,2.8211,-1.1344,0.5709,811.46,4.2088,-0.2006,23.59,0.0000,0.00,0,0,0,811.37,0,0.000,0.0000
2026-08-12T18:43:48.989066,1007.01,DONE,1.7470,-0.6513,-167.66,0.0000,0.0000,7.5323,0,0.0,0.0,0.0,0.0,0.000,2.8211,-1.1344,0.5709,812.46,4.2088,-0.2006,23.59,0.0000,0.00,0,0,0,812.37,0,0.000,0.0000
2026-08-12T18:43:49.989044,1008.01,DONE,1.7470,-0.6513,-167.66,0.0000,0.0000,7.5323,0,0.0,0.0,0.0,0.0,0.000,2.8211,-1.1344,0.5709,813.46,4.2088,-0.2006,23.59,0.0000,0.00,0,0,0,813.37,0,0.000,0.0000
2026-08-12T18:43:50.988988,1009.01,DONE,1.7470,-0.6513,-167.66,0.0000,0.0000,7.5323,0,0.0,0.0,0.0,0.0,0.000,2.8211,-1.1344,0.5709,814.46,4.2088,-0.2006,23.59,0.0000,0.00,0,0,0,814.37,0,0.000,0.0000
2026-08-12T18:43:51.988993,1010.01,DONE,1.7470,-0.6513,-167.66,0.0000,0.0000,7.5323,0,0.0,0.0,0.0,0.0,0.000,2.8211,-1.1344,0.5709,815.46,4.2088,-0.2006,23.59,0.0000,0.00,0,0,0,815.37,0,0.000,0.0000
2026-08-12T18:43:52.989047,1011.01,DONE,1.7470,-0.6513,-167.66,0.0000,0.0000,7.5323,0,0.0,0.0,0.0,0.0,0.000,2.8211,-1.1344,0.5709,816.46,4.2088,-0.2006,23.59,0.0000,0.00,0,0,0,816.37,0,0.000,0.0000
2026-08-12T18:43:53.989115,1012.01,DONE,1.7470,-0.6513,-167.66,0.0000,0.0000,7.5323,0,0.0,0.0,0.0,0.0,0.000,2.8211,-1.1344,0.5709,817.46,4.2088,-0.2006,23.59,0.0000,0.00,0,0,0,817.37,0,0.000,0.0000
2026-08-12T18:43:54.989014,1013.01,DONE,1.7470,-0.6513,-167.66,0.0000,0.0000,7.5323,0,0.0,0.0,0.0,0.0,0.000,2.8211,-1.1344,0.5709,818.46,4.2088,-0.2006,23.59,0.0000,0.00,0,0,0,818.37,0,0.000,0.0000
2026-08-12T18:43:55.989038,1014.01,DONE,1.7470,-0.6513,-167.66,0.0000,0.0000,7.5323,0,0.0,0.0,0.0,0.0,0.000,2.8211,-1.1344,0.5709,819.46,4.2088,-0.2006,23.59,0.0000,0.00,0,0,0,819.37,0,0.000,0.0000
2026-08-12T18:43:56.989097,1015.01,DONE,1.7470,-0.6513,-167.66,0.0000,0.0000,7.5323,0,0.0,0.0,0.0,0.0,0.000,2.8211,-1.1344,0.5709,820.46,4.2088,-0.2006,23.59,0.0000,0.00,0,0,0,820.37,0,0.000,0.0000
2026-08-12T18:43:57.989045,1016.01,DONE,1.7470,-0.6513,-167.66,0.0000,0.0000,7.5323,0,0.0,0.0,0.0,0.0,0.000,2.8211,-1.1344,0.5709,821.46,4.2088,-0.2006,23.59,0.0000,0.00,0,0,0,821.37,0,0.000,0.0000
2026-08-12T18:43:58.989013,1017.01,DONE,1.7470,-0.6513,-167.66,0.0000,0.0000,7.5323,0,0.0,0.0,0.0,0.0,0.000,2.8211,-1.1344,0.5709,822.46,4.2088,-0.2006,23.59,0.0000,0.00,0,0,0,822.37,0,0.000,0.0000
2026-08-12T18:43:59.989041,1018.01,DONE,1.7470,-0.6513,-167.66,0.0000,0.0000,7.5323,0,0.0,0.0,0.0,0.0,0.000,2.8211,-1.1344,0.5709,823.46,4.2088,-0.2006,23.59,0.0000,0.00,0,0,0,823.37,0,0.000,0.0000
2026-08-12T18:44:00.989219,1019.01,DONE,1.7470,-0.6513,-167.66,0.0000,0.0000,7.5323,0,0.0,0.0,0.0,0.0,0.000,2.8211,-1.1344,0.5709,824.46,4.2088,-0.2006,23.59,0.0000,0.00,0,0,0,824.37,0,0.000,0.0000
2026-08-12T18:44:01.989030,1020.01,DONE,1.7470,-0.6513,-167.66,0.0000,0.0000,7.5323,0,0.0,0.0,0.0,0.0,0.000,2.8211,-1.1344,0.5709,825.46,4.2088,-0.2006,23.59,0.0000,0.00,0,0,0,825.37,0,0.000,0.0000
2026-08-12T18:44:02.989089,1021.01,DONE,1.7470,-0.6513,-167.66,0.0000,0.0000,7.5323,0,0.0,0.0,0.0,0.0,0.000,2.8211,-1.1344,0.5709,826.46,4.2088,-0.2006,23.59,0.0000,0.00,0,0,0,826.37,0,0.000,0.0000
2026-08-12T18:44:03.988932,1022.01,DONE,1.7470,-0.6513,-167.66,0.0000,0.0000,7.5323,0,0.0,0.0,0.0,0.0,0.000,2.8211,-1.1344,0.5709,827.46,4.2088,-0.2006,23.59,0.0000,0.00,0,0,0,827.37,0,0.000,0.0000
2026-08-12T18:44:04.989059,1023.01,DONE,1.7470,-0.6513,-167.66,0.0000,0.0000,7.5323,0,0.0,0.0,0.0,0.0,0.000,2.8211,-1.1344,0.5709,828.46,4.2088,-0.2006,23.59,0.0000,0.00,0,0,0,828.37,0,0.000,0.0000
2026-08-12T18:44:05.988976,1024.01,DONE,1.7470,-0.6513,-167.66,0.0000,0.0000,7.5323,0,0.0,0.0,0.0,0.0,0.000,2.8211,-1.1344,0.5709,829.46,4.2088,-0.2006,23.59,0.0000,0.00,0,0,0,829.37,0,0.000,0.0000
2026-08-12T18:44:06.988992,1025.01,DONE,1.7470,-0.6513,-167.66,0.0000,0.0000,7.5323,0,0.0,0.0,0.0,0.0,0.000,2.8211,-1.1344,0.5709,830.46,4.2088,-0.2006,23.59,0.0000,0.00,0,0,0,830.37,0,0.000,0.0000
2026-08-12T18:44:07.988919,1026.01,DONE,1.7470,-0.6513,-167.66,0.0000,0.0000,7.5323,0,0.0,0.0,0.0,0.0,0.000,2.8211,-1.1344,0.5709,831.46,4.2088,-0.2006,23.59,0.0000,0.00,0,0,0,831.37,0,0.000,0.0000
2026-08-12T18:44:08.989231,1027.01,DONE,1.7470,-0.6513,-167.66,0.0000,0.0000,7.5323,0,0.0,0.0,0.0,0.0,0.000,2.8211,-1.1344,0.5709,832.46,4.2088,-0.2006,23.59,0.0000,0.00,0,0,0,832.37,0,0.000,0.0000
2026-08-12T18:44:09.989017,1028.01,DONE,1.7470,-0.6513,-167.66,0.0000,0.0000,7.5323,0,0.0,0.0,0.0,0.0,0.000,2.8211,-1.1344,0.5709,833.46,4.2088,-0.2006,23.59,0.0000,0.00,0,0,0,833.37,0,0.000,0.0000
2026-08-12T18:44:10.988987,1029.01,DONE,1.7470,-0.6513,-167.66,0.0000,0.0000,7.5323,0,0.0,0.0,0.0,0.0,0.000,2.8211,-1.1344,0.5709,834.46,4.2088,-0.2006,23.59,0.0000,0.00,0,0,0,834.37,0,0.000,0.0000
2026-08-12T18:44:11.989134,1030.01,DONE,1.7470,-0.6513,-167.66,0.0000,0.0000,7.5323,0,0.0,0.0,0.0,0.0,0.000,2.8211,-1.1344,0.5709,835.46,4.2088,-0.2006,23.59,0.0000,0.00,0,0,0,835.37,0,0.000,0.0000
2026-08-12T18:44:12.989323,1031.01,DONE,1.7470,-0.6513,-167.66,0.0000,0.0000,7.5323,0,0.0,0.0,0.0,0.0,0.000,2.8211,-1.1344,0.5709,836.46,4.2088,-0.2006,23.59,0.0000,0.00,0,0,0,836.37,0,0.000,0.0000
2026-08-12T18:44:13.988957,1032.01,DONE,1.7470,-0.6513,-167.66,0.0000,0.0000,7.5323,0,0.0,0.0,0.0,0.0,0.000,2.8211,-1.1344,0.5709,837.46,4.2088,-0.2006,23.59,0.0000,0.00,0,0,0,837.37,0,0.000,0.0000
2026-08-12T18:44:14.989002,1033.01,DONE,1.7470,-0.6513,-167.66,0.0000,0.0000,7.5323,0,0.0,0.0,0.0,0.0,0.000,2.8211,-1.1344,0.5709,838.46,4.2088,-0.2006,23.59,0.0000,0.00,0,0,0,838.37,0,0.000,0.0000
2026-08-12T18:44:15.989051,1034.01,DONE,1.7470,-0.6513,-167.66,0.0000,0.0000,7.5323,0,0.0,0.0,0.0,0.0,0.000,2.8211,-1.1344,0.5709,839.46,4.2088,-0.2006,23.59,0.0000,0.00,0,0,0,839.37,0,0.000,0.0000
2026-08-12T18:44:16.988939,1035.01,DONE,1.7470,-0.6513,-167.66,0.0000,0.0000,7.5323,0,0.0,0.0,0.0,0.0,0.000,2.8211,-1.1344,0.5709,840.46,4.2088,-0.2006,23.59,0.0000,0.00,0,0,0,840.37,0,0.000,0.0000
2026-08-12T18:44:17.988909,1036.01,DONE,1.7470,-0.6513,-167.66,0.0000,0.0000,7.5323,0,0.0,0.0,0.0,0.0,0.000,2.8211,-1.1344,0.5709,841.46,4.2088,-0.2006,23.59,0.0000,0.00,0,0,0,841.37,0,0.000,0.0000
2026-08-12T18:44:18.988953,1037.01,DONE,1.7470,-0.6513,-167.66,0.0000,0.0000,7.5323,0,0.0,0.0,0.0,0.0,0.000,2.8211,-1.1344,0.5709,842.46,4.2088,-0.2006,23.59,0.0000,0.00,0,0,0,842.37,0,0.000,0.0000
2026-08-12T18:44:19.989155,1038.01,DONE,1.7470,-0.6513,-167.66,0.0000,0.0000,7.5323,0,0.0,0.0,0.0,0.0,0.000,2.8211,-1.1344,0.5709,843.46,4.2088,-0.2006,23.59,0.0000,0.00,0,0,0,843.37,0,0.000,0.0000
2026-08-12T18:44:20.988985,1039.01,DONE,1.7470,-0.6513,-167.66,0.0000,0.0000,7.5323,0,0.0,0.0,0.0,0.0,0.000,2.8211,-1.1344,0.5709,844.46,4.2088,-0.2006,23.59,0.0000,0.00,0,0,0,844.37,0,0.000,0.0000
2026-08-12T18:44:21.989042,1040.01,DONE,1.7470,-0.6513,-167.66,0.0000,0.0000,7.5323,0,0.0,0.0,0.0,0.0,0.000,2.8211,-1.1344,0.5709,845.46,4.2088,-0.2006,23.59,0.0000,0.00,0,0,0,845.37,0,0.000,0.0000
2026-08-12T18:44:22.989009,1041.01,DONE,1.7470,-0.6513,-167.66,0.0000,0.0000,7.5323,0,0.0,0.0,0.0,0.0,0.000,2.8211,-1.1344,0.5709,846.46,4.2088,-0.2006,23.59,0.0000,0.00,0,0,0,846.37,0,0.000,0.0000
2026-08-12T18:44:23.988999,1042.01,DONE,1.7470,-0.6513,-167.66,0.0000,0.0000,7.5323,0,0.0,0.0,0.0,0.0,0.000,2.8211,-1.1344,0.5709,847.46,4.2088,-0.2006,23.59,0.0000,0.00,0,0,0,847.37,0,0.000,0.0000
2026-08-12T18:44:24.988997,1043.01,DONE,1.7470,-0.6513,-167.66,0.0000,0.0000,7.5323,0,0.0,0.0,0.0,0.0,0.000,2.8211,-1.1344,0.5709,848.46,4.2088,-0.2006,23.59,0.0000,0.00,0,0,0,848.37,0,0.000,0.0000
2026-08-12T18:44:25.988985,1044.01,DONE,1.7470,-0.6513,-167.66,0.0000,0.0000,7.5323,0,0.0,0.0,0.0,0.0,0.000,2.8211,-1.1344,0.5709,849.46,4.2088,-0.2006,23.59,0.0000,0.00,0,0,0,849.37,0,0.000,0.0000
2026-08-12T18:44:26.988994,1045.01,DONE,1.7470,-0.6513,-167.66,0.0000,0.0000,7.5323,0,0.0,0.0,0.0,0.0,0.000,2.8211,-1.1344,0.5709,850.46,4.2088,-0.2006,23.59,0.0000,0.00,0,0,0,850.37,0,0.000,0.0000
2026-08-12T18:44:27.988976,1046.01,DONE,1.7470,-0.6513,-167.66,0.0000,0.0000,7.5323,0,0.0,0.0,0.0,0.0,0.000,2.8211,-1.1344,0.5709,851.46,4.2088,-0.2006,23.59,0.0000,0.00,0,0,0,851.37,0,0.000,0.0000
2026-08-12T18:44:28.989124,1047.01,DONE,1.7470,-0.6513,-167.66,0.0000,0.0000,7.5323,0,0.0,0.0,0.0,0.0,0.000,2.8211,-1.1344,0.5709,852.46,4.2088,-0.2006,23.59,0.0000,0.00,0,0,0,852.37,0,0.000,0.0000
2026-08-12T18:44:29.988997,1048.01,DONE,1.7470,-0.6513,-167.66,0.0000,0.0000,7.5323,0,0.0,0.0,0.0,0.0,0.000,2.8211,-1.1344,0.5709,853.46,4.2088,-0.2006,23.59,0.0000,0.00,0,0,0,853.37,0,0.000,0.0000
2026-08-12T18:44:30.989054,1049.01,DONE,1.7470,-0.6513,-167.66,0.0000,0.0000,7.5323,0,0.0,0.0,0.0,0.0,0.000,2.8211,-1.1344,0.5709,854.46,4.2088,-0.2006,23.59,0.0000,0.00,0,0,0,854.37,0,0.000,0.0000
2026-08-12T18:44:31.988954,1050.01,DONE,1.7470,-0.6513,-167.66,0.0000,0.0000,7.5323,0,0.0,0.0,0.0,0.0,0.000,2.8211,-1.1344,0.5709,855.46,4.2088,-0.2006,23.59,0.0000,0.00,0,0,0,855.37,0,0.000,0.0000
2026-08-12T18:44:32.988861,1051.01,DONE,1.7470,-0.6513,-167.66,0.0000,0.0000,7.5323,0,0.0,0.0,0.0,0.0,0.000,2.8211,-1.1344,0.5709,856.46,4.2088,-0.2006,23.59,0.0000,0.00,0,0,0,856.37,0,0.000,0.0000
2026-08-12T18:44:33.988875,1052.01,DONE,1.7470,-0.6513,-167.66,0.0000,0.0000,7.5323,0,0.0,0.0,0.0,0.0,0.000,2.8211,-1.1344,0.5709,857.46,4.2088,-0.2006,23.59,0.0000,0.00,0,0,0,857.37,0,0.000,0.0000
2026-08-12T18:44:34.989239,1053.01,DONE,1.7470,-0.6513,-167.66,0.0000,0.0000,7.5323,0,0.0,0.0,0.0,0.0,0.000,2.8211,-1.1344,0.5709,858.46,4.2088,-0.2006,23.59,0.0000,0.00,0,0,0,858.37,0,0.000,0.0000
2026-08-12T18:44:35.988986,1054.01,DONE,1.7470,-0.6513,-167.66,0.0000,0.0000,7.5323,0,0.0,0.0,0.0,0.0,0.000,2.8211,-1.1344,0.5709,859.46,4.2088,-0.2006,23.59,0.0000,0.00,0,0,0,859.37,0,0.000,0.0000
2026-08-12T18:44:36.989024,1055.01,DONE,1.7470,-0.6513,-167.66,0.0000,0.0000,7.5323,0,0.0,0.0,0.0,0.0,0.000,2.8211,-1.1344,0.5709,860.46,4.2088,-0.2006,23.59,0.0000,0.00,0,0,0,860.37,0,0.000,0.0000
2026-08-12T18:44:37.989077,1056.01,DONE,1.7470,-0.6513,-167.66,0.0000,0.0000,7.5323,0,0.0,0.0,0.0,0.0,0.000,2.8211,-1.1344,0.5709,861.46,4.2088,-0.2006,23.59,0.0000,0.00,0,0,0,861.37,0,0.000,0.0000
2026-08-12T18:44:38.989054,1057.01,DONE,1.7470,-0.6513,-167.66,0.0000,0.0000,7.5323,0,0.0,0.0,0.0,0.0,0.000,2.8211,-1.1344,0.5709,862.46,4.2088,-0.2006,23.59,0.0000,0.00,0,0,0,862.37,0,0.000,0.0000
2026-08-12T18:44:39.988991,1058.01,DONE,1.7470,-0.6513,-167.66,0.0000,0.0000,7.5323,0,0.0,0.0,0.0,0.0,0.000,2.8211,-1.1344,0.5709,863.46,4.2088,-0.2006,23.59,0.0000,0.00,0,0,0,863.37,0,0.000,0.0000
2026-08-12T18:44:40.989037,1059.01,DONE,1.7470,-0.6513,-167.66,0.0000,0.0000,7.5323,0,0.0,0.0,0.0,0.0,0.000,2.8211,-1.1344,0.5709,864.46,4.2088,-0.2006,23.59,0.0000,0.00,0,0,0,864.37,0,0.000,0.0000
2026-08-12T18:44:41.988960,1060.01,DONE,1.7470,-0.6513,-167.66,0.0000,0.0000,7.5323,0,0.0,0.0,0.0,0.0,0.000,2.8211,-1.1344,0.5709,865.46,4.2088,-0.2006,23.59,0.0000,0.00,0,0,0,865.37,0,0.000,0.0000
2026-08-12T18:44:42.988941,1061.01,DONE,1.7470,-0.6513,-167.66,0.0000,0.0000,7.5323,0,0.0,0.0,0.0,0.0,0.000,2.8211,-1.1344,0.5709,866.46,4.2088,-0.2006,23.59,0.0000,0.00,0,0,0,866.37,0,0.000,0.0000
2026-08-12T18:44:43.988945,1062.01,DONE,1.7470,-0.6513,-167.66,0.0000,0.0000,7.5323,0,0.0,0.0,0.0,0.0,0.000,2.8211,-1.1344,0.5709,867.46,4.2088,-0.2006,23.59,0.0000,0.00,0,0,0,867.37,0,0.000,0.0000
2026-08-12T18:44:44.989044,1063.01,DONE,1.7470,-0.6513,-167.66,0.0000,0.0000,7.5323,0,0.0,0.0,0.0,0.0,0.000,2.8211,-1.1344,0.5709,868.46,4.2088,-0.2006,23.59,0.0000,0.00,0,0,0,868.37,0,0.000,0.0000
2026-08-12T18:44:45.989017,1064.01,DONE,1.7470,-0.6513,-167.66,0.0000,0.0000,7.5323,0,0.0,0.0,0.0,0.0,0.000,2.8211,-1.1344,0.5709,869.46,4.2088,-0.2006,23.59,0.0000,0.00,0,0,0,869.37,0,0.000,0.0000
2026-08-12T18:44:46.989048,1065.01,DONE,1.7470,-0.6513,-167.66,0.0000,0.0000,7.5323,0,0.0,0.0,0.0,0.0,0.000,2.8211,-1.1344,0.5709,870.46,4.2088,-0.2006,23.59,0.0000,0.00,0,0,0,870.37,0,0.000,0.0000
2026-08-12T18:44:47.988975,1066.01,DONE,1.7470,-0.6513,-167.66,0.0000,0.0000,7.5323,0,0.0,0.0,0.0,0.0,0.000,2.8211,-1.1344,0.5709,871.46,4.2088,-0.2006,23.59,0.0000,0.00,0,0,0,871.37,0,0.000,0.0000
2026-08-12T18:44:48.988998,1067.01,DONE,1.7470,-0.6513,-167.66,0.0000,0.0000,7.5323,0,0.0,0.0,0.0,0.0,0.000,2.8211,-1.1344,0.5709,872.46,4.2088,-0.2006,23.59,0.0000,0.00,0,0,0,872.37,0,0.000,0.0000
2026-08-12T18:44:49.988965,1068.01,DONE,1.7470,-0.6513,-167.66,0.0000,0.0000,7.5323,0,0.0,0.0,0.0,0.0,0.000,2.8211,-1.1344,0.5709,873.46,4.2088,-0.2006,23.59,0.0000,0.00,0,0,0,873.37,0,0.000,0.0000
2026-08-12T18:44:50.989023,1069.01,DONE,1.7470,-0.6513,-167.66,0.0000,0.0000,7.5323,0,0.0,0.0,0.0,0.0,0.000,2.8211,-1.1344,0.5709,874.46,4.2088,-0.2006,23.59,0.0000,0.00,0,0,0,874.37,0,0.000,0.0000
2026-08-12T18:44:51.989004,1070.01,DONE,1.7470,-0.6513,-167.66,0.0000,0.0000,7.5323,0,0.0,0.0,0.0,0.0,0.000,2.8211,-1.1344,0.5709,875.46,4.2088,-0.2006,23.59,0.0000,0.00,0,0,0,875.37,0,0.000,0.0000
2026-08-12T18:44:52.989112,1071.01,DONE,1.7470,-0.6513,-167.66,0.0000,0.0000,7.5323,0,0.0,0.0,0.0,0.0,0.000,2.8211,-1.1344,0.5709,876.46,4.2088,-0.2006,23.59,0.0000,0.00,0,0,0,876.37,0,0.000,0.0000
2026-08-12T18:44:53.989011,1072.01,DONE,1.7470,-0.6513,-167.66,0.0000,0.0000,7.5323,0,0.0,0.0,0.0,0.0,0.000,2.8211,-1.1344,0.5709,877.46,4.2088,-0.2006,23.59,0.0000,0.00,0,0,0,877.37,0,0.000,0.0000
2026-08-12T18:44:54.988993,1073.01,DONE,1.7470,-0.6513,-167.66,0.0000,0.0000,7.5323,0,0.0,0.0,0.0,0.0,0.000,2.8211,-1.1344,0.5709,878.46,4.2088,-0.2006,23.59,0.0000,0.00,0,0,0,878.37,0,0.000,0.0000
2026-08-12T18:44:55.988967,1074.01,DONE,1.7470,-0.6513,-167.66,0.0000,0.0000,7.5323,0,0.0,0.0,0.0,0.0,0.000,2.8211,-1.1344,0.5709,879.46,4.2088,-0.2006,23.59,0.0000,0.00,0,0,0,879.37,0,0.000,0.0000
2026-08-12T18:44:56.988986,1075.01,DONE,1.7470,-0.6513,-167.66,0.0000,0.0000,7.5323,0,0.0,0.0,0.0,0.0,0.000,2.8211,-1.1344,0.5709,880.46,4.2088,-0.2006,23.59,0.0000,0.00,0,0,0,880.37,0,0.000,0.0000
2026-08-12T18:44:57.989060,1076.01,DONE,1.7470,-0.6513,-167.66,0.0000,0.0000,7.5323,0,0.0,0.0,0.0,0.0,0.000,2.8211,-1.1344,0.5709,881.46,4.2088,-0.2006,23.59,0.0000,0.00,0,0,0,881.37,0,0.000,0.0000
2026-08-12T18:44:58.988981,1077.01,DONE,1.7470,-0.6513,-167.66,0.0000,0.0000,7.5323,0,0.0,0.0,0.0,0.0,0.000,2.8211,-1.1344,0.5709,882.46,4.2088,-0.2006,23.59,0.0000,0.00,0,0,0,882.37,0,0.000,0.0000
2026-08-12T18:44:59.989026,1078.01,DONE,1.7470,-0.6513,-167.66,0.0000,0.0000,7.5323,0,0.0,0.0,0.0,0.0,0.000,2.8211,-1.1344,0.5709,883.46,4.2088,-0.2006,23.59,0.0000,0.00,0,0,0,883.37,0,0.000,0.0000
2026-08-12T18:45:00.989021,1079.01,DONE,1.7470,-0.6513,-167.66,0.0000,0.0000,7.5323,0,0.0,0.0,0.0,0.0,0.000,2.8211,-1.1344,0.5709,884.46,4.2088,-0.2006,23.59,0.0000,0.00,0,0,0,884.37,0,0.000,0.0000
2026-08-12T18:45:01.989101,1080.01,DONE,1.7470,-0.6513,-167.66,0.0000,0.0000,7.5323,0,0.0,0.0,0.0,0.0,0.000,2.8211,-1.1344,0.5709,885.46,4.2088,-0.2006,23.59,0.0000,0.00,0,0,0,885.37,0,0.000,0.0000
2026-08-12T18:45:02.989022,1081.01,DONE,1.7470,-0.6513,-167.66,0.0000,0.0000,7.5323,0,0.0,0.0,0.0,0.0,0.000,2.8211,-1.1344,0.5709,886.46,4.2088,-0.2006,23.59,0.0000,0.00,0,0,0,886.37,0,0.000,0.0000
2026-08-12T18:45:03.988888,1082.01,DONE,1.7470,-0.6513,-167.66,0.0000,0.0000,7.5323,0,0.0,0.0,0.0,0.0,0.000,2.8211,-1.1344,0.5709,887.46,4.2088,-0.2006,23.59,0.0000,0.00,0,0,0,887.37,0,0.000,0.0000
2026-08-12T18:45:04.988899,1083.01,DONE,1.7470,-0.6513,-167.66,0.0000,0.0000,7.5323,0,0.0,0.0,0.0,0.0,0.000,2.8211,-1.1344,0.5709,888.46,4.2088,-0.2006,23.59,0.0000,0.00,0,0,0,888.37,0,0.000,0.0000
2026-08-12T18:45:05.988884,1084.01,DONE,1.7470,-0.6513,-167.66,0.0000,0.0000,7.5323,0,0.0,0.0,0.0,0.0,0.000,2.8211,-1.1344,0.5709,889.46,4.2088,-0.2006,23.59,0.0000,0.00,0,0,0,889.37,0,0.000,0.0000
2026-08-12T18:45:06.989021,1085.01,DONE,1.7470,-0.6513,-167.66,0.0000,0.0000,7.5323,0,0.0,0.0,0.0,0.0,0.000,2.8211,-1.1344,0.5709,890.46,4.2088,-0.2006,23.59,0.0000,0.00,0,0,0,890.37,0,0.000,0.0000
2026-08-12T18:45:07.989015,1086.01,DONE,1.7470,-0.6513,-167.66,0.0000,0.0000,7.5323,0,0.0,0.0,0.0,0.0,0.000,2.8211,-1.1344,0.5709,891.46,4.2088,-0.2006,23.59,0.0000,0.00,0,0,0,891.37,0,0.000,0.0000
2026-08-12T18:45:08.989025,1087.01,DONE,1.7470,-0.6513,-167.66,0.0000,0.0000,7.5323,0,0.0,0.0,0.0,0.0,0.000,2.8211,-1.1344,0.5709,892.46,4.2088,-0.2006,23.59,0.0000,0.00,0,0,0,892.37,0,0.000,0.0000
2026-08-12T18:45:09.989126,1088.01,DONE,1.7470,-0.6513,-167.66,0.0000,0.0000,7.5323,0,0.0,0.0,0.0,0.0,0.000,2.8211,-1.1344,0.5709,893.46,4.2088,-0.2006,23.59,0.0000,0.00,0,0,0,893.37,0,0.000,0.0000
2026-08-12T18:45:10.989064,1089.01,DONE,1.7470,-0.6513,-167.66,0.0000,0.0000,7.5323,0,0.0,0.0,0.0,0.0,0.000,2.8211,-1.1344,0.5709,894.46,4.2088,-0.2006,23.59,0.0000,0.00,0,0,0,894.37,0,0.000,0.0000
2026-08-12T18:45:11.988967,1090.01,DONE,1.7470,-0.6513,-167.66,0.0000,0.0000,7.5323,0,0.0,0.0,0.0,0.0,0.000,2.8211,-1.1344,0.5709,895.46,4.2088,-0.2006,23.59,0.0000,0.00,0,0,0,895.37,0,0.000,0.0000
2026-08-12T18:45:12.988950,1091.01,DONE,1.7470,-0.6513,-167.66,0.0000,0.0000,7.5323,0,0.0,0.0,0.0,0.0,0.000,2.8211,-1.1344,0.5709,896.46,4.2088,-0.2006,23.59,0.0000,0.00,0,0,0,896.37,0,0.000,0.0000
2026-08-12T18:45:13.988965,1092.01,DONE,1.7470,-0.6513,-167.66,0.0000,0.0000,7.5323,0,0.0,0.0,0.0,0.0,0.000,2.8211,-1.1344,0.5709,897.46,4.2088,-0.2006,23.59,0.0000,0.00,0,0,0,897.37,0,0.000,0.0000
2026-08-12T18:45:14.988985,1093.01,DONE,1.7470,-0.6513,-167.66,0.0000,0.0000,7.5323,0,0.0,0.0,0.0,0.0,0.000,2.8211,-1.1344,0.5709,898.46,4.2088,-0.2006,23.59,0.0000,0.00,0,0,0,898.37,0,0.000,0.0000
2026-08-12T18:45:15.989375,1094.01,DONE,1.7470,-0.6513,-167.66,0.0000,0.0000,7.5323,0,0.0,0.0,0.0,0.0,0.000,2.8211,-1.1344,0.5709,899.46,4.2088,-0.2006,23.59,0.0000,0.00,0,0,0,899.37,0,0.000,0.0000
2026-08-12T18:45:16.989249,1095.01,DONE,1.7470,-0.6513,-167.66,0.0000,0.0000,7.5323,0,0.0,0.0,0.0,0.0,0.000,2.8211,-1.1344,0.5709,900.46,4.2088,-0.2006,23.59,0.0000,0.00,0,0,0,900.37,0,0.000,0.0000
2026-08-12T18:45:17.989213,1096.01,DONE,1.7470,-0.6513,-167.66,0.0000,0.0000,7.5323,0,0.0,0.0,0.0,0.0,0.000,2.8211,-1.1344,0.5709,901.46,4.2088,-0.2006,23.59,0.0000,0.00,0,0,0,901.37,0,0.000,0.0000
2026-08-12T18:45:18.989118,1097.01,DONE,1.7470,-0.6513,-167.66,0.0000,0.0000,7.5323,0,0.0,0.0,0.0,0.0,0.000,2.8211,-1.1344,0.5709,902.46,4.2088,-0.2006,23.59,0.0000,0.00,0,0,0,902.37,0,0.000,0.0000
2026-08-12T18:45:19.989114,1098.01,DONE,1.7470,-0.6513,-167.66,0.0000,0.0000,7.5323,0,0.0,0.0,0.0,0.0,0.000,2.8211,-1.1344,0.5709,903.46,4.2088,-0.2006,23.59,0.0000,0.00,0,0,0,903.37,0,0.000,0.0000
2026-08-12T18:45:20.989024,1099.01,DONE,1.7470,-0.6513,-167.66,0.0000,0.0000,7.5323,0,0.0,0.0,0.0,0.0,0.000,2.8211,-1.1344,0.5709,904.46,4.2088,-0.2006,23.59,0.0000,0.00,0,0,0,904.37,0,0.000,0.0000
2026-08-12T18:45:21.989151,1100.01,DONE,1.7470,-0.6513,-167.66,0.0000,0.0000,7.5323,0,0.0,0.0,0.0,0.0,0.000,2.8211,-1.1344,0.5709,905.46,4.2088,-0.2006,23.59,0.0000,0.00,0,0,0,905.37,0,0.000,0.0000
2026-08-12T18:45:22.989058,1101.01,DONE,1.7470,-0.6513,-167.66,0.0000,0.0000,7.5323,0,0.0,0.0,0.0,0.0,0.000,2.8211,-1.1344,0.5709,906.46,4.2088,-0.2006,23.59,0.0000,0.00,0,0,0,906.37,0,0.000,0.0000
2026-08-12T18:45:23.989012,1102.01,DONE,1.7470,-0.6513,-167.66,0.0000,0.0000,7.5323,0,0.0,0.0,0.0,0.0,0.000,2.8211,-1.1344,0.5709,907.46,4.2088,-0.2006,23.59,0.0000,0.00,0,0,0,907.37,0,0.000,0.0000
2026-08-12T18:45:24.989145,1103.01,DONE,1.7470,-0.6513,-167.66,0.0000,0.0000,7.5323,0,0.0,0.0,0.0,0.0,0.000,2.8211,-1.1344,0.5709,908.46,4.2088,-0.2006,23.59,0.0000,0.00,0,0,0,908.37,0,0.000,0.0000
2026-08-12T18:45:25.988997,1104.01,DONE,1.7470,-0.6513,-167.66,0.0000,0.0000,7.5323,0,0.0,0.0,0.0,0.0,0.000,2.8211,-1.1344,0.5709,909.46,4.2088,-0.2006,23.59,0.0000,0.00,0,0,0,909.37,0,0.000,0.0000
2026-08-12T18:45:26.988992,1105.01,DONE,1.7470,-0.6513,-167.66,0.0000,0.0000,7.5323,0,0.0,0.0,0.0,0.0,0.000,2.8211,-1.1344,0.5709,910.46,4.2088,-0.2006,23.59,0.0000,0.00,0,0,0,910.37,0,0.000,0.0000
2026-08-12T18:45:27.989103,1106.01,DONE,1.7470,-0.6513,-167.66,0.0000,0.0000,7.5323,0,0.0,0.0,0.0,0.0,0.000,2.8211,-1.1344,0.5709,911.46,4.2088,-0.2006,23.59,0.0000,0.00,0,0,0,911.37,0,0.000,0.0000
2026-08-12T18:45:28.989023,1107.01,DONE,1.7470,-0.6513,-167.66,0.0000,0.0000,7.5323,0,0.0,0.0,0.0,0.0,0.000,2.8211,-1.1344,0.5709,912.46,4.2088,-0.2006,23.59,0.0000,0.00,0,0,0,912.37,0,0.000,0.0000
2026-08-12T18:45:29.989053,1108.01,DONE,1.7470,-0.6513,-167.66,0.0000,0.0000,7.5323,0,0.0,0.0,0.0,0.0,0.000,2.8211,-1.1344,0.5709,913.46,4.2088,-0.2006,23.59,0.0000,0.00,0,0,0,913.37,0,0.000,0.0000
2026-08-12T18:45:30.989200,1109.01,DONE,1.7470,-0.6513,-167.66,0.0000,0.0000,7.5323,0,0.0,0.0,0.0,0.0,0.000,2.8211,-1.1344,0.5709,914.46,4.2088,-0.2006,23.59,0.0000,0.00,0,0,0,914.37,0,0.000,0.0000
2026-08-12T18:45:31.988947,1110.01,DONE,1.7470,-0.6513,-167.66,0.0000,0.0000,7.5323,0,0.0,0.0,0.0,0.0,0.000,2.8211,-1.1344,0.5709,915.46,4.2088,-0.2006,23.59,0.0000,0.00,0,0,0,915.37,0,0.000,0.0000
2026-08-12T18:45:32.988980,1111.01,DONE,1.7470,-0.6513,-167.66,0.0000,0.0000,7.5323,0,0.0,0.0,0.0,0.0,0.000,2.8211,-1.1344,0.5709,916.46,4.2088,-0.2006,23.59,0.0000,0.00,0,0,0,916.37,0,0.000,0.0000
2026-08-12T18:45:33.988944,1112.01,DONE,1.7470,-0.6513,-167.66,0.0000,0.0000,7.5323,0,0.0,0.0,0.0,0.0,0.000,2.8211,-1.1344,0.5709,917.46,4.2088,-0.2006,23.59,0.0000,0.00,0,0,0,917.37,0,0.000,0.0000
2026-08-12T18:45:34.989119,1113.01,DONE,1.7470,-0.6513,-167.66,0.0000,0.0000,7.5323,0,0.0,0.0,0.0,0.0,0.000,2.8211,-1.1344,0.5709,918.46,4.2088,-0.2006,23.59,0.0000,0.00,0,0,0,918.37,0,0.000,0.0000
2026-08-12T18:45:35.988981,1114.01,DONE,1.7470,-0.6513,-167.66,0.0000,0.0000,7.5323,0,0.0,0.0,0.0,0.0,0.000,2.8211,-1.1344,0.5709,919.46,4.2088,-0.2006,23.59,0.0000,0.00,0,0,0,919.37,0,0.000,0.0000
2026-08-12T18:45:36.989040,1115.01,DONE,1.7470,-0.6513,-167.66,0.0000,0.0000,7.5323,0,0.0,0.0,0.0,0.0,0.000,2.8211,-1.1344,0.5709,920.46,4.2088,-0.2006,23.59,0.0000,0.00,0,0,0,920.37,0,0.000,0.0000
2026-08-12T18:45:37.989101,1116.01,DONE,1.7470,-0.6513,-167.66,0.0000,0.0000,7.5323,0,0.0,0.0,0.0,0.0,0.000,2.8211,-1.1344,0.5709,921.46,4.2088,-0.2006,23.59,0.0000,0.00,0,0,0,921.37,0,0.000,0.0000
2026-08-12T18:45:38.989188,1117.01,DONE,1.7470,-0.6513,-167.66,0.0000,0.0000,7.5323,0,0.0,0.0,0.0,0.0,0.000,2.8211,-1.1344,0.5709,922.46,4.2088,-0.2006,23.59,0.0000,0.00,0,0,0,922.37,0,0.000,0.0000
2026-08-12T18:45:39.989008,1118.01,DONE,1.7470,-0.6513,-167.66,0.0000,0.0000,7.5323,0,0.0,0.0,0.0,0.0,0.000,2.8211,-1.1344,0.5709,923.46,4.2088,-0.2006,23.59,0.0000,0.00,0,0,0,923.37,0,0.000,0.0000
2026-08-12T18:45:40.989523,1119.01,DONE,1.7470,-0.6513,-167.66,0.0000,0.0000,7.5323,0,0.0,0.0,0.0,0.0,0.000,2.8211,-1.1344,0.5709,924.46,4.2088,-0.2006,23.59,0.0000,0.00,0,0,0,924.37,0,0.000,0.0000
2026-08-12T18:45:41.988956,1120.01,DONE,1.7470,-0.6513,-167.66,0.0000,0.0000,7.5323,0,0.0,0.0,0.0,0.0,0.000,2.8211,-1.1344,0.5709,925.46,4.2088,-0.2006,23.59,0.0000,0.00,0,0,0,925.37,0,0.000,0.0000
2026-08-12T18:45:42.988982,1121.01,DONE,1.7470,-0.6513,-167.66,0.0000,0.0000,7.5323,0,0.0,0.0,0.0,0.0,0.000,2.8211,-1.1344,0.5709,926.46,4.2088,-0.2006,23.59,0.0000,0.00,0,0,0,926.37,0,0.000,0.0000
2026-08-12T18:45:43.989046,1122.01,DONE,1.7470,-0.6513,-167.66,0.0000,0.0000,7.5323,0,0.0,0.0,0.0,0.0,0.000,2.8211,-1.1344,0.5709,927.46,4.2088,-0.2006,23.59,0.0000,0.00,0,0,0,927.37,0,0.000,0.0000
2026-08-12T18:45:44.988993,1123.01,DONE,1.7470,-0.6513,-167.66,0.0000,0.0000,7.5323,0,0.0,0.0,0.0,0.0,0.000,2.8211,-1.1344,0.5709,928.46,4.2088,-0.2006,23.59,0.0000,0.00,0,0,0,928.37,0,0.000,0.0000
2026-08-12T18:45:45.989045,1124.01,DONE,1.7470,-0.6513,-167.66,0.0000,0.0000,7.5323,0,0.0,0.0,0.0,0.0,0.000,2.8211,-1.1344,0.5709,929.46,4.2088,-0.2006,23.59,0.0000,0.00,0,0,0,929.37,0,0.000,0.0000
2026-08-12T18:45:46.989183,1125.01,DONE,1.7470,-0.6513,-167.66,0.0000,0.0000,7.5323,0,0.0,0.0,0.0,0.0,0.000,2.8211,-1.1344,0.5709,930.46,4.2088,-0.2006,23.59,0.0000,0.00,0,0,0,930.37,0,0.000,0.0000
2026-08-12T18:45:47.989017,1126.01,DONE,1.7470,-0.6513,-167.66,0.0000,0.0000,7.5323,0,0.0,0.0,0.0,0.0,0.000,2.8211,-1.1344,0.5709,931.46,4.2088,-0.2006,23.59,0.0000,0.00,0,0,0,931.37,0,0.000,0.0000
2026-08-12T18:45:48.989036,1127.01,DONE,1.7470,-0.6513,-167.66,0.0000,0.0000,7.5323,0,0.0,0.0,0.0,0.0,0.000,2.8211,-1.1344,0.5709,932.46,4.2088,-0.2006,23.59,0.0000,0.00,0,0,0,932.37,0,0.000,0.0000
2026-08-12T18:45:49.988977,1128.01,DONE,1.7470,-0.6513,-167.66,0.0000,0.0000,7.5323,0,0.0,0.0,0.0,0.0,0.000,2.8211,-1.1344,0.5709,933.46,4.2088,-0.2006,23.59,0.0000,0.00,0,0,0,933.37,0,0.000,0.0000
2026-08-12T18:45:50.988899,1129.01,DONE,1.7470,-0.6513,-167.66,0.0000,0.0000,7.5323,0,0.0,0.0,0.0,0.0,0.000,2.8211,-1.1344,0.5709,934.46,4.2088,-0.2006,23.59,0.0000,0.00,0,0,0,934.37,0,0.000,0.0000
2026-08-12T18:45:51.988962,1130.01,DONE,1.7470,-0.6513,-167.66,0.0000,0.0000,7.5323,0,0.0,0.0,0.0,0.0,0.000,2.8211,-1.1344,0.5709,935.46,4.2088,-0.2006,23.59,0.0000,0.00,0,0,0,935.37,0,0.000,0.0000
2026-08-12T18:45:52.989003,1131.01,DONE,1.7470,-0.6513,-167.66,0.0000,0.0000,7.5323,0,0.0,0.0,0.0,0.0,0.000,2.8211,-1.1344,0.5709,936.46,4.2088,-0.2006,23.59,0.0000,0.00,0,0,0,936.37,0,0.000,0.0000
2026-08-12T18:45:53.988971,1132.01,DONE,1.7470,-0.6513,-167.66,0.0000,0.0000,7.5323,0,0.0,0.0,0.0,0.0,0.000,2.8211,-1.1344,0.5709,937.46,4.2088,-0.2006,23.59,0.0000,0.00,0,0,0,937.37,0,0.000,0.0000
2026-08-12T18:45:54.989005,1133.01,DONE,1.7470,-0.6513,-167.66,0.0000,0.0000,7.5323,0,0.0,0.0,0.0,0.0,0.000,2.8211,-1.1344,0.5709,938.46,4.2088,-0.2006,23.59,0.0000,0.00,0,0,0,938.37,0,0.000,0.0000
2026-08-12T18:45:55.989255,1134.01,DONE,1.7470,-0.6513,-167.66,0.0000,0.0000,7.5323,0,0.0,0.0,0.0,0.0,0.000,2.8211,-1.1344,0.5709,939.46,4.2088,-0.2006,23.59,0.0000,0.00,0,0,0,939.37,0,0.000,0.0000
2026-08-12T18:45:56.988951,1135.01,DONE,1.7470,-0.6513,-167.66,0.0000,0.0000,7.5323,0,0.0,0.0,0.0,0.0,0.000,2.8211,-1.1344,0.5709,940.46,4.2088,-0.2006,23.59,0.0000,0.00,0,0,0,940.37,0,0.000,0.0000
2026-08-12T18:45:57.989010,1136.01,DONE,1.7470,-0.6513,-167.66,0.0000,0.0000,7.5323,0,0.0,0.0,0.0,0.0,0.000,2.8211,-1.1344,0.5709,941.46,4.2088,-0.2006,23.59,0.0000,0.00,0,0,0,941.37,0,0.000,0.0000
2026-08-12T18:45:58.989112,1137.01,DONE,1.7470,-0.6513,-167.66,0.0000,0.0000,7.5323,0,0.0,0.0,0.0,0.0,0.000,2.8211,-1.1344,0.5709,942.46,4.2088,-0.2006,23.59,0.0000,0.00,0,0,0,942.37,0,0.000,0.0000
2026-08-12T18:45:59.988990,1138.01,DONE,1.7470,-0.6513,-167.66,0.0000,0.0000,7.5323,0,0.0,0.0,0.0,0.0,0.000,2.8211,-1.1344,0.5709,943.46,4.2088,-0.2006,23.59,0.0000,0.00,0,0,0,943.37,0,0.000,0.0000
2026-08-12T18:46:00.989062,1139.01,DONE,1.7470,-0.6513,-167.66,0.0000,0.0000,7.5323,0,0.0,0.0,0.0,0.0,0.000,2.8211,-1.1344,0.5709,944.46,4.2088,-0.2006,23.59,0.0000,0.00,0,0,0,944.37,0,0.000,0.0000
2026-08-12T18:46:01.989077,1140.01,DONE,1.7470,-0.6513,-167.66,0.0000,0.0000,7.5323,0,0.0,0.0,0.0,0.0,0.000,2.8211,-1.1344,0.5709,945.46,4.2088,-0.2006,23.59,0.0000,0.00,0,0,0,945.37,0,0.000,0.0000
2026-08-12T18:46:02.989016,1141.01,DONE,1.7470,-0.6513,-167.66,0.0000,0.0000,7.5323,0,0.0,0.0,0.0,0.0,0.000,2.8211,-1.1344,0.5709,946.46,4.2088,-0.2006,23.59,0.0000,0.00,0,0,0,946.37,0,0.000,0.0000
2026-08-12T18:46:03.988889,1142.01,DONE,1.7470,-0.6513,-167.66,0.0000,0.0000,7.5323,0,0.0,0.0,0.0,0.0,0.000,2.8211,-1.1344,0.5709,947.46,4.2088,-0.2006,23.59,0.0000,0.00,0,0,0,947.37,0,0.000,0.0000
2026-08-12T18:46:04.989261,1143.01,DONE,1.7470,-0.6513,-167.66,0.0000,0.0000,7.5323,0,0.0,0.0,0.0,0.0,0.000,2.8211,-1.1344,0.5709,948.46,4.2088,-0.2006,23.59,0.0000,0.00,0,0,0,948.37,0,0.000,0.0000
2026-08-12T18:46:05.989045,1144.01,DONE,1.7470,-0.6513,-167.66,0.0000,0.0000,7.5323,0,0.0,0.0,0.0,0.0,0.000,2.8211,-1.1344,0.5709,949.46,4.2088,-0.2006,23.59,0.0000,0.00,0,0,0,949.37,0,0.000,0.0000
2026-08-12T18:46:06.989107,1145.01,DONE,1.7470,-0.6513,-167.66,0.0000,0.0000,7.5323,0,0.0,0.0,0.0,0.0,0.000,2.8211,-1.1344,0.5709,950.46,4.2088,-0.2006,23.59,0.0000,0.00,0,0,0,950.37,0,0.000,0.0000
2026-08-12T18:46:07.989124,1146.01,DONE,1.7470,-0.6513,-167.66,0.0000,0.0000,7.5323,0,0.0,0.0,0.0,0.0,0.000,2.8211,-1.1344,0.5709,951.46,4.2088,-0.2006,23.59,0.0000,0.00,0,0,0,951.37,0,0.000,0.0000
2026-08-12T18:46:08.989027,1147.01,DONE,1.7470,-0.6513,-167.66,0.0000,0.0000,7.5323,0,0.0,0.0,0.0,0.0,0.000,2.8211,-1.1344,0.5709,952.46,4.2088,-0.2006,23.59,0.0000,0.00,0,0,0,952.37,0,0.000,0.0000
2026-08-12T18:46:09.988879,1148.01,DONE,1.7470,-0.6513,-167.66,0.0000,0.0000,7.5323,0,0.0,0.0,0.0,0.0,0.000,2.8211,-1.1344,0.5709,953.46,4.2088,-0.2006,23.59,0.0000,0.00,0,0,0,953.37,0,0.000,0.0000
2026-08-12T18:46:10.989014,1149.01,DONE,1.7470,-0.6513,-167.66,0.0000,0.0000,7.5323,0,0.0,0.0,0.0,0.0,0.000,2.8211,-1.1344,0.5709,954.46,4.2088,-0.2006,23.59,0.0000,0.00,0,0,0,954.37,0,0.000,0.0000
2026-08-12T18:46:11.989043,1150.01,DONE,1.7470,-0.6513,-167.66,0.0000,0.0000,7.5323,0,0.0,0.0,0.0,0.0,0.000,2.8211,-1.1344,0.5709,955.46,4.2088,-0.2006,23.59,0.0000,0.00,0,0,0,955.37,0,0.000,0.0000
2026-08-12T18:46:12.989041,1151.01,DONE,1.7470,-0.6513,-167.66,0.0000,0.0000,7.5323,0,0.0,0.0,0.0,0.0,0.000,2.8211,-1.1344,0.5709,956.46,4.2088,-0.2006,23.59,0.0000,0.00,0,0,0,956.37,0,0.000,0.0000
2026-08-12T18:46:13.988995,1152.01,DONE,1.7470,-0.6513,-167.66,0.0000,0.0000,7.5323,0,0.0,0.0,0.0,0.0,0.000,2.8211,-1.1344,0.5709,957.46,4.2088,-0.2006,23.59,0.0000,0.00,0,0,0,957.37,0,0.000,0.0000
2026-08-12T18:46:14.989010,1153.01,DONE,1.7470,-0.6513,-167.66,0.0000,0.0000,7.5323,0,0.0,0.0,0.0,0.0,0.000,2.8211,-1.1344,0.5709,958.46,4.2088,-0.2006,23.59,0.0000,0.00,0,0,0,958.37,0,0.000,0.0000
2026-08-12T18:46:15.989027,1154.01,DONE,1.7470,-0.6513,-167.66,0.0000,0.0000,7.5323,0,0.0,0.0,0.0,0.0,0.000,2.8211,-1.1344,0.5709,959.46,4.2088,-0.2006,23.59,0.0000,0.00,0,0,0,959.37,0,0.000,0.0000
2026-08-12T18:46:16.989137,1155.01,DONE,1.7470,-0.6513,-167.66,0.0000,0.0000,7.5323,0,0.0,0.0,0.0,0.0,0.000,2.8211,-1.1344,0.5709,960.46,4.2088,-0.2006,23.59,0.0000,0.00,0,0,0,960.37,0,0.000,0.0000
2026-08-12T18:46:17.988883,1156.01,DONE,1.7470,-0.6513,-167.66,0.0000,0.0000,7.5323,0,0.0,0.0,0.0,0.0,0.000,2.8211,-1.1344,0.5709,961.46,4.2088,-0.2006,23.59,0.0000,0.00,0,0,0,961.37,0,0.000,0.0000
2026-08-12T18:46:18.989081,1157.01,DONE,1.7470,-0.6513,-167.66,0.0000,0.0000,7.5323,0,0.0,0.0,0.0,0.0,0.000,2.8211,-1.1344,0.5709,962.46,4.2088,-0.2006,23.59,0.0000,0.00,0,0,0,962.37,0,0.000,0.0000
2026-08-12T18:46:19.989202,1158.01,DONE,1.7470,-0.6513,-167.66,0.0000,0.0000,7.5323,0,0.0,0.0,0.0,0.0,0.000,2.8211,-1.1344,0.5709,963.46,4.2088,-0.2006,23.59,0.0000,0.00,0,0,0,963.37,0,0.000,0.0000
2026-08-12T18:46:20.989020,1159.01,DONE,1.7470,-0.6513,-167.66,0.0000,0.0000,7.5323,0,0.0,0.0,0.0,0.0,0.000,2.8211,-1.1344,0.5709,964.46,4.2088,-0.2006,23.59,0.0000,0.00,0,0,0,964.37,0,0.000,0.0000
2026-08-12T18:46:21.988950,1160.01,DONE,1.7470,-0.6513,-167.66,0.0000,0.0000,7.5323,0,0.0,0.0,0.0,0.0,0.000,2.8211,-1.1344,0.5709,965.46,4.2088,-0.2006,23.59,0.0000,0.00,0,0,0,965.37,0,0.000,0.0000
2026-08-12T18:46:22.988976,1161.01,DONE,1.7470,-0.6513,-167.66,0.0000,0.0000,7.5323,0,0.0,0.0,0.0,0.0,0.000,2.8211,-1.1344,0.5709,966.46,4.2088,-0.2006,23.59,0.0000,0.00,0,0,0,966.37,0,0.000,0.0000
2026-08-12T18:46:23.988999,1162.01,DONE,1.7470,-0.6513,-167.66,0.0000,0.0000,7.5323,0,0.0,0.0,0.0,0.0,0.000,2.8211,-1.1344,0.5709,967.46,4.2088,-0.2006,23.59,0.0000,0.00,0,0,0,967.37,0,0.000,0.0000
2026-08-12T18:46:24.989106,1163.01,DONE,1.7470,-0.6513,-167.66,0.0000,0.0000,7.5323,0,0.0,0.0,0.0,0.0,0.000,2.8211,-1.1344,0.5709,968.46,4.2088,-0.2006,23.59,0.0000,0.00,0,0,0,968.37,0,0.000,0.0000
2026-08-12T18:46:25.989048,1164.01,DONE,1.7470,-0.6513,-167.66,0.0000,0.0000,7.5323,0,0.0,0.0,0.0,0.0,0.000,2.8211,-1.1344,0.5709,969.46,4.2088,-0.2006,23.59,0.0000,0.00,0,0,0,969.37,0,0.000,0.0000
2026-08-12T18:46:26.989022,1165.01,DONE,1.7470,-0.6513,-167.66,0.0000,0.0000,7.5323,0,0.0,0.0,0.0,0.0,0.000,2.8211,-1.1344,0.5709,970.46,4.2088,-0.2006,23.59,0.0000,0.00,0,0,0,970.37,0,0.000,0.0000
2026-08-12T18:46:27.989000,1166.01,DONE,1.7470,-0.6513,-167.66,0.0000,0.0000,7.5323,0,0.0,0.0,0.0,0.0,0.000,2.8211,-1.1344,0.5709,971.46,4.2088,-0.2006,23.59,0.0000,0.00,0,0,0,971.37,0,0.000,0.0000
2026-08-12T18:46:28.988959,1167.01,DONE,1.7470,-0.6513,-167.66,0.0000,0.0000,7.5323,0,0.0,0.0,0.0,0.0,0.000,2.8211,-1.1344,0.5709,972.46,4.2088,-0.2006,23.59,0.0000,0.00,0,0,0,972.37,0,0.000,0.0000
2026-08-12T18:46:29.989430,1168.01,DONE,1.7470,-0.6513,-167.66,0.0000,0.0000,7.5323,0,0.0,0.0,0.0,0.0,0.000,2.8211,-1.1344,0.5709,973.46,4.2088,-0.2006,23.59,0.0000,0.00,0,0,0,973.37,0,0.000,0.0000
2026-08-12T18:46:30.989236,1169.01,DONE,1.7470,-0.6513,-167.66,0.0000,0.0000,7.5323,0,0.0,0.0,0.0,0.0,0.000,2.8211,-1.1344,0.5709,974.46,4.2088,-0.2006,23.59,0.0000,0.00,0,0,0,974.37,0,0.000,0.0000
2026-08-12T18:46:31.988993,1170.01,DONE,1.7470,-0.6513,-167.66,0.0000,0.0000,7.5323,0,0.0,0.0,0.0,0.0,0.000,2.8211,-1.1344,0.5709,975.46,4.2088,-0.2006,23.59,0.0000,0.00,0,0,0,975.37,0,0.000,0.0000
2026-08-12T18:46:32.988997,1171.01,DONE,1.7470,-0.6513,-167.66,0.0000,0.0000,7.5323,0,0.0,0.0,0.0,0.0,0.000,2.8211,-1.1344,0.5709,976.46,4.2088,-0.2006,23.59,0.0000,0.00,0,0,0,976.37,0,0.000,0.0000
2026-08-12T18:46:33.988973,1172.01,DONE,1.7470,-0.6513,-167.66,0.0000,0.0000,7.5323,0,0.0,0.0,0.0,0.0,0.000,2.8211,-1.1344,0.5709,977.46,4.2088,-0.2006,23.59,0.0000,0.00,0,0,0,977.37,0,0.000,0.0000
2026-08-12T18:46:34.988990,1173.01,DONE,1.7470,-0.6513,-167.66,0.0000,0.0000,7.5323,0,0.0,0.0,0.0,0.0,0.000,2.8211,-1.1344,0.5709,978.46,4.2088,-0.2006,23.59,0.0000,0.00,0,0,0,978.37,0,0.000,0.0000
2026-08-12T18:46:35.988935,1174.01,DONE,1.7470,-0.6513,-167.66,0.0000,0.0000,7.5323,0,0.0,0.0,0.0,0.0,0.000,2.8211,-1.1344,0.5709,979.46,4.2088,-0.2006,23.59,0.0000,0.00,0,0,0,979.37,0,0.000,0.0000
2026-08-12T18:46:36.988966,1175.01,DONE,1.7470,-0.6513,-167.66,0.0000,0.0000,7.5323,0,0.0,0.0,0.0,0.0,0.000,2.8211,-1.1344,0.5709,980.46,4.2088,-0.2006,23.59,0.0000,0.00,0,0,0,980.37,0,0.000,0.0000
2026-08-12T18:46:37.989026,1176.01,DONE,1.7470,-0.6513,-167.66,0.0000,0.0000,7.5323,0,0.0,0.0,0.0,0.0,0.000,2.8211,-1.1344,0.5709,981.46,4.2088,-0.2006,23.59,0.0000,0.00,0,0,0,981.37,0,0.000,0.0000
2026-08-12T18:46:38.989373,1177.01,DONE,1.7470,-0.6513,-167.66,0.0000,0.0000,7.5323,0,0.0,0.0,0.0,0.0,0.000,2.8211,-1.1344,0.5709,982.46,4.2088,-0.2006,23.59,0.0000,0.00,0,0,0,982.37,0,0.000,0.0000
2026-08-12T18:46:39.989026,1178.01,DONE,1.7470,-0.6513,-167.66,0.0000,0.0000,7.5323,0,0.0,0.0,0.0,0.0,0.000,2.8211,-1.1344,0.5709,983.46,4.2088,-0.2006,23.59,0.0000,0.00,0,0,0,983.37,0,0.000,0.0000
2026-08-12T18:46:40.989061,1179.01,DONE,1.7470,-0.6513,-167.66,0.0000,0.0000,7.5323,0,0.0,0.0,0.0,0.0,0.000,2.8211,-1.1344,0.5709,984.46,4.2088,-0.2006,23.59,0.0000,0.00,0,0,0,984.37,0,0.000,0.0000
2026-08-12T18:46:41.989004,1180.01,DONE,1.7470,-0.6513,-167.66,0.0000,0.0000,7.5323,0,0.0,0.0,0.0,0.0,0.000,2.8211,-1.1344,0.5709,985.46,4.2088,-0.2006,23.59,0.0000,0.00,0,0,0,985.37,0,0.000,0.0000
2026-08-12T18:46:42.988991,1181.01,DONE,1.7470,-0.6513,-167.66,0.0000,0.0000,7.5323,0,0.0,0.0,0.0,0.0,0.000,2.8211,-1.1344,0.5709,986.46,4.2088,-0.2006,23.59,0.0000,0.00,0,0,0,986.37,0,0.000,0.0000
2026-08-12T18:46:43.989054,1182.01,DONE,1.7470,-0.6513,-167.66,0.0000,0.0000,7.5323,0,0.0,0.0,0.0,0.0,0.000,2.8211,-1.1344,0.5709,987.46,4.2088,-0.2006,23.59,0.0000,0.00,0,0,0,987.37,0,0.000,0.0000
2026-08-12T18:46:44.988992,1183.01,DONE,1.7470,-0.6513,-167.66,0.0000,0.0000,7.5323,0,0.0,0.0,0.0,0.0,0.000,2.8211,-1.1344,0.5709,988.46,4.2088,-0.2006,23.59,0.0000,0.00,0,0,0,988.37,0,0.000,0.0000
2026-08-12T18:46:45.989162,1184.01,DONE,1.7470,-0.6513,-167.66,0.0000,0.0000,7.5323,0,0.0,0.0,0.0,0.0,0.000,2.8211,-1.1344,0.5709,989.46,4.2088,-0.2006,23.59,0.0000,0.00,0,0,0,989.37,0,0.000,0.0000
2026-08-12T18:46:46.989115,1185.01,DONE,1.7470,-0.6513,-167.66,0.0000,0.0000,7.5323,0,0.0,0.0,0.0,0.0,0.000,2.8211,-1.1344,0.5709,990.46,4.2088,-0.2006,23.59,0.0000,0.00,0,0,0,990.37,0,0.000,0.0000
2026-08-12T18:46:47.989299,1186.01,DONE,1.7470,-0.6513,-167.66,0.0000,0.0000,7.5323,0,0.0,0.0,0.0,0.0,0.000,2.8211,-1.1344,0.5709,991.46,4.2088,-0.2006,23.59,0.0000,0.00,0,0,0,991.37,0,0.000,0.0000
2026-08-12T18:46:48.988900,1187.01,DONE,1.7470,-0.6513,-167.66,0.0000,0.0000,7.5323,0,0.0,0.0,0.0,0.0,0.000,2.8211,-1.1344,0.5709,992.46,4.2088,-0.2006,23.59,0.0000,0.00,0,0,0,992.37,0,0.000,0.0000
2026-08-12T18:46:49.988978,1188.01,DONE,1.7470,-0.6513,-167.66,0.0000,0.0000,7.5323,0,0.0,0.0,0.0,0.0,0.000,2.8211,-1.1344,0.5709,993.46,4.2088,-0.2006,23.59,0.0000,0.00,0,0,0,993.37,0,0.000,0.0000
2026-08-12T18:46:50.989021,1189.01,DONE,1.7470,-0.6513,-167.66,0.0000,0.0000,7.5323,0,0.0,0.0,0.0,0.0,0.000,2.8211,-1.1344,0.5709,994.46,4.2088,-0.2006,23.59,0.0000,0.00,0,0,0,994.37,0,0.000,0.0000
2026-08-12T18:46:51.989073,1190.01,DONE,1.7470,-0.6513,-167.66,0.0000,0.0000,7.5323,0,0.0,0.0,0.0,0.0,0.000,2.8211,-1.1344,0.5709,995.46,4.2088,-0.2006,23.59,0.0000,0.00,0,0,0,995.37,0,0.000,0.0000
2026-08-12T18:46:52.988986,1191.01,DONE,1.7470,-0.6513,-167.66,0.0000,0.0000,7.5323,0,0.0,0.0,0.0,0.0,0.000,2.8211,-1.1344,0.5709,996.46,4.2088,-0.2006,23.59,0.0000,0.00,0,0,0,996.37,0,0.000,0.0000
2026-08-12T18:46:53.988998,1192.01,DONE,1.7470,-0.6513,-167.66,0.0000,0.0000,7.5323,0,0.0,0.0,0.0,0.0,0.000,2.8211,-1.1344,0.5709,997.46,4.2088,-0.2006,23.59,0.0000,0.00,0,0,0,997.37,0,0.000,0.0000
2026-08-12T18:46:54.989134,1193.01,DONE,1.7470,-0.6513,-167.66,0.0000,0.0000,7.5323,0,0.0,0.0,0.0,0.0,0.000,2.8211,-1.1344,0.5709,998.46,4.2088,-0.2006,23.59,0.0000,0.00,0,0,0,998.37,0,0.000,0.0000
2026-08-12T18:46:55.989209,1194.01,DONE,1.7470,-0.6513,-167.66,0.0000,0.0000,7.5323,0,0.0,0.0,0.0,0.0,0.000,2.8211,-1.1344,0.5709,999.46,4.2088,-0.2006,23.59,0.0000,0.00,0,0,0,999.37,0,0.000,0.0000
2026-08-12T18:46:56.988980,1195.01,DONE,1.7470,-0.6513,-167.66,0.0000,0.0000,7.5323,0,0.0,0.0,0.0,0.0,0.000,2.8211,-1.1344,0.5709,1000.46,4.2088,-0.2006,23.59,0.0000,0.00,0,0,0,1000.37,0,0.000,0.0000
2026-08-12T18:46:57.988945,1196.01,DONE,1.7470,-0.6513,-167.66,0.0000,0.0000,7.5323,0,0.0,0.0,0.0,0.0,0.000,2.8211,-1.1344,0.5709,1001.46,4.2088,-0.2006,23.59,0.0000,0.00,0,0,0,1001.37,0,0.000,0.0000
2026-08-12T18:46:58.989072,1197.01,DONE,1.7470,-0.6513,-167.66,0.0000,0.0000,7.5323,0,0.0,0.0,0.0,0.0,0.000,2.8211,-1.1344,0.5709,1002.46,4.2088,-0.2006,23.59,0.0000,0.00,0,0,0,1002.37,0,0.000,0.0000
2026-08-12T18:46:59.988874,1198.01,DONE,1.7470,-0.6513,-167.66,0.0000,0.0000,7.5323,0,0.0,0.0,0.0,0.0,0.000,2.8211,-1.1344,0.5709,1003.46,4.2088,-0.2006,23.59,0.0000,0.00,0,0,0,1003.37,0,0.000,0.0000
2026-08-12T18:47:00.988863,1199.01,DONE,1.7470,-0.6513,-167.66,0.0000,0.0000,7.5323,0,0.0,0.0,0.0,0.0,0.000,2.8211,-1.1344,0.5709,1004.46,4.2088,-0.2006,23.59,0.0000,0.00,0,0,0,1004.37,0,0.000,0.0000
2026-08-12T18:47:01.989174,1200.01,DONE,1.7470,-0.6513,-167.66,0.0000,0.0000,7.5323,0,0.0,0.0,0.0,0.0,0.000,2.8211,-1.1344,0.5709,1005.46,4.2088,-0.2006,23.59,0.0000,0.00,0,0,0,1005.37,0,0.000,0.0000
2026-08-12T18:47:02.989056,1201.01,DONE,1.7470,-0.6513,-167.66,0.0000,0.0000,7.5323,0,0.0,0.0,0.0,0.0,0.000,2.8211,-1.1344,0.5709,1006.46,4.2088,-0.2006,23.59,0.0000,0.00,0,0,0,1006.37,0,0.000,0.0000
2026-08-12T18:47:03.988936,1202.01,DONE,1.7470,-0.6513,-167.66,0.0000,0.0000,7.5323,0,0.0,0.0,0.0,0.0,0.000,2.8211,-1.1344,0.5709,1007.46,4.2088,-0.2006,23.59,0.0000,0.00,0,0,0,1007.37,0,0.000,0.0000
2026-08-12T18:47:04.989019,1203.01,DONE,1.7470,-0.6513,-167.66,0.0000,0.0000,7.5323,0,0.0,0.0,0.0,0.0,0.000,2.8211,-1.1344,0.5709,1008.46,4.2088,-0.2006,23.59,0.0000,0.00,0,0,0,1008.37,0,0.000,0.0000
2026-08-12T18:47:05.988966,1204.01,DONE,1.7470,-0.6513,-167.66,0.0000,0.0000,7.5323,0,0.0,0.0,0.0,0.0,0.000,2.8211,-1.1344,0.5709,1009.46,4.2088,-0.2006,23.59,0.0000,0.00,0,0,0,1009.37,0,0.000,0.0000
2026-08-12T18:47:06.989027,1205.01,DONE,1.7470,-0.6513,-167.66,0.0000,0.0000,7.5323,0,0.0,0.0,0.0,0.0,0.000,2.8211,-1.1344,0.5709,1010.46,4.2088,-0.2006,23.59,0.0000,0.00,0,0,0,1010.37,0,0.000,0.0000
2026-08-12T18:47:07.988927,1206.01,DONE,1.7470,-0.6513,-167.66,0.0000,0.0000,7.5323,0,0.0,0.0,0.0,0.0,0.000,2.8211,-1.1344,0.5709,1011.46,4.2088,-0.2006,23.59,0.0000,0.00,0,0,0,1011.37,0,0.000,0.0000
2026-08-12T18:47:08.988982,1207.01,DONE,1.7470,-0.6513,-167.66,0.0000,0.0000,7.5323,0,0.0,0.0,0.0,0.0,0.000,2.8211,-1.1344,0.5709,1012.46,4.2088,-0.2006,23.59,0.0000,0.00,0,0,0,1012.37,0,0.000,0.0000
2026-08-12T18:47:09.989023,1208.01,DONE,1.7470,-0.6513,-167.66,0.0000,0.0000,7.5323,0,0.0,0.0,0.0,0.0,0.000,2.8211,-1.1344,0.5709,1013.46,4.2088,-0.2006,23.59,0.0000,0.00,0,0,0,1013.37,0,0.000,0.0000
2026-08-12T18:47:10.989201,1209.01,DONE,1.7470,-0.6513,-167.66,0.0000,0.0000,7.5323,0,0.0,0.0,0.0,0.0,0.000,2.8211,-1.1344,0.5709,1014.46,4.2088,-0.2006,23.59,0.0000,0.00,0,0,0,1014.37,0,0.000,0.0000
2026-08-12T18:47:11.989069,1210.01,DONE,1.7470,-0.6513,-167.66,0.0000,0.0000,7.5323,0,0.0,0.0,0.0,0.0,0.000,2.8211,-1.1344,0.5709,1015.46,4.2088,-0.2006,23.59,0.0000,0.00,0,0,0,1015.37,0,0.000,0.0000
2026-08-12T18:47:12.989005,1211.01,DONE,1.7470,-0.6513,-167.66,0.0000,0.0000,7.5323,0,0.0,0.0,0.0,0.0,0.000,2.8211,-1.1344,0.5709,1016.46,4.2088,-0.2006,23.59,0.0000,0.00,0,0,0,1016.37,0,0.000,0.0000
2026-08-12T18:47:13.989138,1212.01,DONE,1.7470,-0.6513,-167.66,0.0000,0.0000,7.5323,0,0.0,0.0,0.0,0.0,0.000,2.8211,-1.1344,0.5709,1017.46,4.2088,-0.2006,23.59,0.0000,0.00,0,0,0,1017.37,0,0.000,0.0000
2026-08-12T18:47:14.989021,1213.01,DONE,1.7470,-0.6513,-167.66,0.0000,0.0000,7.5323,0,0.0,0.0,0.0,0.0,0.000,2.8211,-1.1344,0.5709,1018.46,4.2088,-0.2006,23.59,0.0000,0.00,0,0,0,1018.37,0,0.000,0.0000
2026-08-12T18:47:15.989007,1214.01,DONE,1.7470,-0.6513,-167.66,0.0000,0.0000,7.5323,0,0.0,0.0,0.0,0.0,0.000,2.8211,-1.1344,0.5709,1019.46,4.2088,-0.2006,23.59,0.0000,0.00,0,0,0,1019.37,0,0.000,0.0000
2026-08-12T18:47:16.988981,1215.01,DONE,1.7470,-0.6513,-167.66,0.0000,0.0000,7.5323,0,0.0,0.0,0.0,0.0,0.000,2.8211,-1.1344,0.5709,1020.46,4.2088,-0.2006,23.59,0.0000,0.00,0,0,0,1020.37,0,0.000,0.0000
2026-08-12T18:47:17.989025,1216.01,DONE,1.7470,-0.6513,-167.66,0.0000,0.0000,7.5323,0,0.0,0.0,0.0,0.0,0.000,2.8211,-1.1344,0.5709,1021.46,4.2088,-0.2006,23.59,0.0000,0.00,0,0,0,1021.37,0,0.000,0.0000
2026-08-12T18:47:18.989014,1217.01,DONE,1.7470,-0.6513,-167.66,0.0000,0.0000,7.5323,0,0.0,0.0,0.0,0.0,0.000,2.8211,-1.1344,0.5709,1022.46,4.2088,-0.2006,23.59,0.0000,0.00,0,0,0,1022.37,0,0.000,0.0000
2026-08-12T18:47:19.989281,1218.01,DONE,1.7470,-0.6513,-167.66,0.0000,0.0000,7.5323,0,0.0,0.0,0.0,0.0,0.000,2.8211,-1.1344,0.5709,1023.46,4.2088,-0.2006,23.59,0.0000,0.00,0,0,0,1023.37,0,0.000,0.0000
2026-08-12T18:47:20.989126,1219.01,DONE,1.7470,-0.6513,-167.66,0.0000,0.0000,7.5323,0,0.0,0.0,0.0,0.0,0.000,2.8211,-1.1344,0.5709,1024.46,4.2088,-0.2006,23.59,0.0000,0.00,0,0,0,1024.37,0,0.000,0.0000
2026-08-12T18:47:21.989109,1220.01,DONE,1.7470,-0.6513,-167.66,0.0000,0.0000,7.5323,0,0.0,0.0,0.0,0.0,0.000,2.8211,-1.1344,0.5709,1025.46,4.2088,-0.2006,23.59,0.0000,0.00,0,0,0,1025.37,0,0.000,0.0000
2026-08-12T18:47:22.989033,1221.01,DONE,1.7470,-0.6513,-167.66,0.0000,0.0000,7.5323,0,0.0,0.0,0.0,0.0,0.000,2.8211,-1.1344,0.5709,1026.46,4.2088,-0.2006,23.59,0.0000,0.00,0,0,0,1026.37,0,0.000,0.0000
2026-08-12T18:47:23.989114,1222.01,DONE,1.7470,-0.6513,-167.66,0.0000,0.0000,7.5323,0,0.0,0.0,0.0,0.0,0.000,2.8211,-1.1344,0.5709,1027.46,4.2088,-0.2006,23.59,0.0000,0.00,0,0,0,1027.37,0,0.000,0.0000
2026-08-12T18:47:24.989122,1223.01,DONE,1.7470,-0.6513,-167.66,0.0000,0.0000,7.5323,0,0.0,0.0,0.0,0.0,0.000,2.8211,-1.1344,0.5709,1028.46,4.2088,-0.2006,23.59,0.0000,0.00,0,0,0,1028.37,0,0.000,0.0000
2026-08-12T18:47:25.989018,1224.01,DONE,1.7470,-0.6513,-167.66,0.0000,0.0000,7.5323,0,0.0,0.0,0.0,0.0,0.000,2.8211,-1.1344,0.5709,1029.46,4.2088,-0.2006,23.59,0.0000,0.00,0,0,0,1029.37,0,0.000,0.0000
2026-08-12T18:47:26.988963,1225.01,DONE,1.7470,-0.6513,-167.66,0.0000,0.0000,7.5323,0,0.0,0.0,0.0,0.0,0.000,2.8211,-1.1344,0.5709,1030.46,4.2088,-0.2006,23.59,0.0000,0.00,0,0,0,1030.37,0,0.000,0.0000
2026-08-12T18:47:27.989009,1226.01,DONE,1.7470,-0.6513,-167.66,0.0000,0.0000,7.5323,0,0.0,0.0,0.0,0.0,0.000,2.8211,-1.1344,0.5709,1031.46,4.2088,-0.2006,23.59,0.0000,0.00,0,0,0,1031.37,0,0.000,0.0000
2026-08-12T18:47:28.989026,1227.01,DONE,1.7470,-0.6513,-167.66,0.0000,0.0000,7.5323,0,0.0,0.0,0.0,0.0,0.000,2.8211,-1.1344,0.5709,1032.46,4.2088,-0.2006,23.59,0.0000,0.00,0,0,0,1032.37,0,0.000,0.0000
2026-08-12T18:47:29.989068,1228.01,DONE,1.7470,-0.6513,-167.66,0.0000,0.0000,7.5323,0,0.0,0.0,0.0,0.0,0.000,2.8211,-1.1344,0.5709,1033.46,4.2088,-0.2006,23.59,0.0000,0.00,0,0,0,1033.37,0,0.000,0.0000
2026-08-12T18:47:30.988997,1229.01,DONE,1.7470,-0.6513,-167.66,0.0000,0.0000,7.5323,0,0.0,0.0,0.0,0.0,0.000,2.8211,-1.1344,0.5709,1034.46,4.2088,-0.2006,23.59,0.0000,0.00,0,0,0,1034.37,0,0.000,0.0000
2026-08-12T18:47:31.989042,1230.01,DONE,1.7470,-0.6513,-167.66,0.0000,0.0000,7.5323,0,0.0,0.0,0.0,0.0,0.000,2.8211,-1.1344,0.5709,1035.46,4.2088,-0.2006,23.59,0.0000,0.00,0,0,0,1035.37,0,0.000,0.0000
2026-08-12T18:47:32.990006,1231.01,DONE,1.7470,-0.6513,-167.66,0.0000,0.0000,7.5323,0,0.0,0.0,0.0,0.0,0.000,2.8211,-1.1344,0.5709,1036.46,4.2088,-0.2006,23.59,0.0000,0.00,0,0,0,1036.37,0,0.000,0.0000
2026-08-12T18:47:33.989104,1232.01,DONE,1.7470,-0.6513,-167.66,0.0000,0.0000,7.5323,0,0.0,0.0,0.0,0.0,0.000,2.8211,-1.1344,0.5709,1037.46,4.2088,-0.2006,23.59,0.0000,0.00,0,0,0,1037.37,0,0.000,0.0000
2026-08-12T18:47:34.988930,1233.01,DONE,1.7470,-0.6513,-167.66,0.0000,0.0000,7.5323,0,0.0,0.0,0.0,0.0,0.000,2.8211,-1.1344,0.5709,1038.46,4.2088,-0.2006,23.59,0.0000,0.00,0,0,0,1038.37,0,0.000,0.0000
2026-08-12T18:47:35.988937,1234.01,DONE,1.7470,-0.6513,-167.66,0.0000,0.0000,7.5323,0,0.0,0.0,0.0,0.0,0.000,2.8211,-1.1344,0.5709,1039.46,4.2088,-0.2006,23.59,0.0000,0.00,0,0,0,1039.37,0,0.000,0.0000
2026-08-12T18:47:36.989332,1235.01,DONE,1.7470,-0.6513,-167.66,0.0000,0.0000,7.5323,0,0.0,0.0,0.0,0.0,0.000,2.8211,-1.1344,0.5709,1040.46,4.2088,-0.2006,23.59,0.0000,0.00,0,0,0,1040.37,0,0.000,0.0000
2026-08-12T18:47:37.988980,1236.01,DONE,1.7470,-0.6513,-167.66,0.0000,0.0000,7.5323,0,0.0,0.0,0.0,0.0,0.000,2.8211,-1.1344,0.5709,1041.46,4.2088,-0.2006,23.59,0.0000,0.00,0,0,0,1041.37,0,0.000,0.0000
2026-08-12T18:47:38.988965,1237.01,DONE,1.7470,-0.6513,-167.66,0.0000,0.0000,7.5323,0,0.0,0.0,0.0,0.0,0.000,2.8211,-1.1344,0.5709,1042.46,4.2088,-0.2006,23.59,0.0000,0.00,0,0,0,1042.37,0,0.000,0.0000
2026-08-12T18:47:39.988976,1238.01,DONE,1.7470,-0.6513,-167.66,0.0000,0.0000,7.5323,0,0.0,0.0,0.0,0.0,0.000,2.8211,-1.1344,0.5709,1043.46,4.2088,-0.2006,23.59,0.0000,0.00,0,0,0,1043.37,0,0.000,0.0000
2026-08-12T18:47:40.989140,1239.01,DONE,1.7470,-0.6513,-167.66,0.0000,0.0000,7.5323,0,0.0,0.0,0.0,0.0,0.000,2.8211,-1.1344,0.5709,1044.46,4.2088,-0.2006,23.59,0.0000,0.00,0,0,0,1044.37,0,0.000,0.0000
2026-08-12T18:47:41.989134,1240.01,DONE,1.7470,-0.6513,-167.66,0.0000,0.0000,7.5323,0,0.0,0.0,0.0,0.0,0.000,2.8211,-1.1344,0.5709,1045.46,4.2088,-0.2006,23.59,0.0000,0.00,0,0,0,1045.37,0,0.000,0.0000
2026-08-12T18:47:42.989095,1241.01,DONE,1.7470,-0.6513,-167.66,0.0000,0.0000,7.5323,0,0.0,0.0,0.0,0.0,0.000,2.8211,-1.1344,0.5709,1046.46,4.2088,-0.2006,23.59,0.0000,0.00,0,0,0,1046.37,0,0.000,0.0000
2026-08-12T18:47:43.989093,1242.01,DONE,1.7470,-0.6513,-167.66,0.0000,0.0000,7.5323,0,0.0,0.0,0.0,0.0,0.000,2.8211,-1.1344,0.5709,1047.46,4.2088,-0.2006,23.59,0.0000,0.00,0,0,0,1047.37,0,0.000,0.0000
2026-08-12T18:47:44.989294,1243.01,DONE,1.7470,-0.6513,-167.66,0.0000,0.0000,7.5323,0,0.0,0.0,0.0,0.0,0.000,2.8211,-1.1344,0.5709,1048.46,4.2088,-0.2006,23.59,0.0000,0.00,0,0,0,1048.37,0,0.000,0.0000
2026-08-12T18:47:45.988882,1244.01,DONE,1.7470,-0.6513,-167.66,0.0000,0.0000,7.5323,0,0.0,0.0,0.0,0.0,0.000,2.8211,-1.1344,0.5709,1049.46,4.2088,-0.2006,23.59,0.0000,0.00,0,0,0,1049.37,0,0.000,0.0000
2026-08-12T18:47:46.988981,1245.01,DONE,1.7470,-0.6513,-167.66,0.0000,0.0000,7.5323,0,0.0,0.0,0.0,0.0,0.000,2.8211,-1.1344,0.5709,1050.46,4.2088,-0.2006,23.59,0.0000,0.00,0,0,0,1050.37,0,0.000,0.0000
2026-08-12T18:47:47.988981,1246.01,DONE,1.7470,-0.6513,-167.66,0.0000,0.0000,7.5323,0,0.0,0.0,0.0,0.0,0.000,2.8211,-1.1344,0.5709,1051.46,4.2088,-0.2006,23.59,0.0000,0.00,0,0,0,1051.37,0,0.000,0.0000
2026-08-12T18:47:48.989017,1247.01,DONE,1.7470,-0.6513,-167.66,0.0000,0.0000,7.5323,0,0.0,0.0,0.0,0.0,0.000,2.8211,-1.1344,0.5709,1052.46,4.2088,-0.2006,23.59,0.0000,0.00,0,0,0,1052.37,0,0.000,0.0000
2026-08-12T18:47:49.989019,1248.01,DONE,1.7470,-0.6513,-167.66,0.0000,0.0000,7.5323,0,0.0,0.0,0.0,0.0,0.000,2.8211,-1.1344,0.5709,1053.46,4.2088,-0.2006,23.59,0.0000,0.00,0,0,0,1053.37,0,0.000,0.0000
2026-08-12T18:47:50.988936,1249.01,DONE,1.7470,-0.6513,-167.66,0.0000,0.0000,7.5323,0,0.0,0.0,0.0,0.0,0.000,2.8211,-1.1344,0.5709,1054.46,4.2088,-0.2006,23.59,0.0000,0.00,0,0,0,1054.37,0,0.000,0.0000
2026-08-12T18:47:51.988944,1250.01,DONE,1.7470,-0.6513,-167.66,0.0000,0.0000,7.5323,0,0.0,0.0,0.0,0.0,0.000,2.8211,-1.1344,0.5709,1055.46,4.2088,-0.2006,23.59,0.0000,0.00,0,0,0,1055.37,0,0.000,0.0000
2026-08-12T18:47:52.989212,1251.01,DONE,1.7470,-0.6513,-167.66,0.0000,0.0000,7.5323,0,0.0,0.0,0.0,0.0,0.000,2.8211,-1.1344,0.5709,1056.46,4.2088,-0.2006,23.59,0.0000,0.00,0,0,0,1056.37,0,0.000,0.0000
2026-08-12T18:47:53.989084,1252.01,DONE,1.7470,-0.6513,-167.66,0.0000,0.0000,7.5323,0,0.0,0.0,0.0,0.0,0.000,2.8211,-1.1344,0.5709,1057.46,4.2088,-0.2006,23.59,0.0000,0.00,0,0,0,1057.37,0,0.000,0.0000
2026-08-12T18:47:54.988925,1253.01,DONE,1.7470,-0.6513,-167.66,0.0000,0.0000,7.5323,0,0.0,0.0,0.0,0.0,0.000,2.8211,-1.1344,0.5709,1058.46,4.2088,-0.2006,23.59,0.0000,0.00,0,0,0,1058.37,0,0.000,0.0000
2026-08-12T18:47:55.989024,1254.01,DONE,1.7470,-0.6513,-167.66,0.0000,0.0000,7.5323,0,0.0,0.0,0.0,0.0,0.000,2.8211,-1.1344,0.5709,1059.46,4.2088,-0.2006,23.59,0.0000,0.00,0,0,0,1059.37,0,0.000,0.0000
2026-08-12T18:47:56.988989,1255.01,DONE,1.7470,-0.6513,-167.66,0.0000,0.0000,7.5323,0,0.0,0.0,0.0,0.0,0.000,2.8211,-1.1344,0.5709,1060.46,4.2088,-0.2006,23.59,0.0000,0.00,0,0,0,1060.37,0,0.000,0.0000
2026-08-12T18:47:57.989014,1256.01,DONE,1.7470,-0.6513,-167.66,0.0000,0.0000,7.5323,0,0.0,0.0,0.0,0.0,0.000,2.8211,-1.1344,0.5709,1061.46,4.2088,-0.2006,23.59,0.0000,0.00,0,0,0,1061.37,0,0.000,0.0000
2026-08-12T18:47:58.988884,1257.01,DONE,1.7470,-0.6513,-167.66,0.0000,0.0000,7.5323,0,0.0,0.0,0.0,0.0,0.000,2.8211,-1.1344,0.5709,1062.46,4.2088,-0.2006,23.59,0.0000,0.00,0,0,0,1062.37,0,0.000,0.0000
2026-08-12T18:47:59.988873,1258.01,DONE,1.7470,-0.6513,-167.66,0.0000,0.0000,7.5323,0,0.0,0.0,0.0,0.0,0.000,2.8211,-1.1344,0.5709,1063.46,4.2088,-0.2006,23.59,0.0000,0.00,0,0,0,1063.37,0,0.000,0.0000
2026-08-12T18:48:00.989021,1259.01,DONE,1.7470,-0.6513,-167.66,0.0000,0.0000,7.5323,0,0.0,0.0,0.0,0.0,0.000,2.8211,-1.1344,0.5709,1064.46,4.2088,-0.2006,23.59,0.0000,0.00,0,0,0,1064.37,0,0.000,0.0000
2026-08-12T18:48:01.989447,1260.01,DONE,1.7470,-0.6513,-167.66,0.0000,0.0000,7.5323,0,0.0,0.0,0.0,0.0,0.000,2.8211,-1.1344,0.5709,1065.46,4.2088,-0.2006,23.59,0.0000,0.00,0,0,0,1065.37,0,0.000,0.0000
2026-08-12T18:48:02.989049,1261.01,DONE,1.7470,-0.6513,-167.66,0.0000,0.0000,7.5323,0,0.0,0.0,0.0,0.0,0.000,2.8211,-1.1344,0.5709,1066.46,4.2088,-0.2006,23.59,0.0000,0.00,0,0,0,1066.37,0,0.000,0.0000
2026-08-12T18:48:03.988997,1262.01,DONE,1.7470,-0.6513,-167.66,0.0000,0.0000,7.5323,0,0.0,0.0,0.0,0.0,0.000,2.8211,-1.1344,0.5709,1067.46,4.2088,-0.2006,23.59,0.0000,0.00,0,0,0,1067.37,0,0.000,0.0000
2026-08-12T18:48:04.988989,1263.01,DONE,1.7470,-0.6513,-167.66,0.0000,0.0000,7.5323,0,0.0,0.0,0.0,0.0,0.000,2.8211,-1.1344,0.5709,1068.46,4.2088,-0.2006,23.59,0.0000,0.00,0,0,0,1068.37,0,0.000,0.0000
2026-08-12T18:48:05.988970,1264.01,DONE,1.7470,-0.6513,-167.66,0.0000,0.0000,7.5323,0,0.0,0.0,0.0,0.0,0.000,2.8211,-1.1344,0.5709,1069.46,4.2088,-0.2006,23.59,0.0000,0.00,0,0,0,1069.37,0,0.000,0.0000
2026-08-12T18:48:06.991071,1265.01,DONE,1.7470,-0.6513,-167.66,0.0000,0.0000,7.5323,0,0.0,0.0,0.0,0.0,0.000,2.8211,-1.1344,0.5709,1070.47,4.2088,-0.2006,23.59,0.0000,0.00,0,0,0,1070.37,0,0.000,0.0000
2026-08-12T18:48:07.988983,1266.01,DONE,1.7470,-0.6513,-167.66,0.0000,0.0000,7.5323,0,0.0,0.0,0.0,0.0,0.000,2.8211,-1.1344,0.5709,1071.46,4.2088,-0.2006,23.59,0.0000,0.00,0,0,0,1071.37,0,0.000,0.0000
2026-08-12T18:48:08.989025,1267.01,DONE,1.7470,-0.6513,-167.66,0.0000,0.0000,7.5323,0,0.0,0.0,0.0,0.0,0.000,2.8211,-1.1344,0.5709,1072.46,4.2088,-0.2006,23.59,0.0000,0.00,0,0,0,1072.37,0,0.000,0.0000
2026-08-12T18:48:09.989179,1268.01,DONE,1.7470,-0.6513,-167.66,0.0000,0.0000,7.5323,0,0.0,0.0,0.0,0.0,0.000,2.8211,-1.1344,0.5709,1073.46,4.2088,-0.2006,23.59,0.0000,0.00,0,0,0,1073.37,0,0.000,0.0000
2026-08-12T18:48:10.988990,1269.01,DONE,1.7470,-0.6513,-167.66,0.0000,0.0000,7.5323,0,0.0,0.0,0.0,0.0,0.000,2.8211,-1.1344,0.5709,1074.46,4.2088,-0.2006,23.59,0.0000,0.00,0,0,0,1074.37,0,0.000,0.0000
2026-08-12T18:48:11.989012,1270.01,DONE,1.7470,-0.6513,-167.66,0.0000,0.0000,7.5323,0,0.0,0.0,0.0,0.0,0.000,2.8211,-1.1344,0.5709,1075.46,4.2088,-0.2006,23.59,0.0000,0.00,0,0,0,1075.37,0,0.000,0.0000
2026-08-12T18:48:12.989034,1271.01,DONE,1.7470,-0.6513,-167.66,0.0000,0.0000,7.5323,0,0.0,0.0,0.0,0.0,0.000,2.8211,-1.1344,0.5709,1076.46,4.2088,-0.2006,23.59,0.0000,0.00,0,0,0,1076.37,0,0.000,0.0000
2026-08-12T18:48:13.989001,1272.01,DONE,1.7470,-0.6513,-167.66,0.0000,0.0000,7.5323,0,0.0,0.0,0.0,0.0,0.000,2.8211,-1.1344,0.5709,1077.46,4.2088,-0.2006,23.59,0.0000,0.00,0,0,0,1077.37,0,0.000,0.0000
2026-08-12T18:48:14.989153,1273.01,DONE,1.7470,-0.6513,-167.66,0.0000,0.0000,7.5323,0,0.0,0.0,0.0,0.0,0.000,2.8211,-1.1344,0.5709,1078.46,4.2088,-0.2006,23.59,0.0000,0.00,0,0,0,1078.37,0,0.000,0.0000
2026-08-12T18:48:15.988952,1274.01,DONE,1.7470,-0.6513,-167.66,0.0000,0.0000,7.5323,0,0.0,0.0,0.0,0.0,0.000,2.8211,-1.1344,0.5709,1079.46,4.2088,-0.2006,23.59,0.0000,0.00,0,0,0,1079.37,0,0.000,0.0000
2026-08-12T18:48:16.988986,1275.01,DONE,1.7470,-0.6513,-167.66,0.0000,0.0000,7.5323,0,0.0,0.0,0.0,0.0,0.000,2.8211,-1.1344,0.5709,1080.46,4.2088,-0.2006,23.59,0.0000,0.00,0,0,0,1080.37,0,0.000,0.0000
2026-08-12T18:48:17.988937,1276.01,DONE,1.7470,-0.6513,-167.66,0.0000,0.0000,7.5323,0,0.0,0.0,0.0,0.0,0.000,2.8211,-1.1344,0.5709,1081.46,4.2088,-0.2006,23.59,0.0000,0.00,0,0,0,1081.37,0,0.000,0.0000
2026-08-12T18:48:18.989135,1277.01,DONE,1.7470,-0.6513,-167.66,0.0000,0.0000,7.5323,0,0.0,0.0,0.0,0.0,0.000,2.8211,-1.1344,0.5709,1082.46,4.2088,-0.2006,23.59,0.0000,0.00,0,0,0,1082.37,0,0.000,0.0000
2026-08-12T18:48:19.989043,1278.01,DONE,1.7470,-0.6513,-167.66,0.0000,0.0000,7.5323,0,0.0,0.0,0.0,0.0,0.000,2.8211,-1.1344,0.5709,1083.46,4.2088,-0.2006,23.59,0.0000,0.00,0,0,0,1083.37,0,0.000,0.0000
2026-08-12T18:48:20.988965,1279.01,DONE,1.7470,-0.6513,-167.66,0.0000,0.0000,7.5323,0,0.0,0.0,0.0,0.0,0.000,2.8211,-1.1344,0.5709,1084.46,4.2088,-0.2006,23.59,0.0000,0.00,0,0,0,1084.37,0,0.000,0.0000
2026-08-12T18:48:21.989054,1280.01,DONE,1.7470,-0.6513,-167.66,0.0000,0.0000,7.5323,0,0.0,0.0,0.0,0.0,0.000,2.8211,-1.1344,0.5709,1085.46,4.2088,-0.2006,23.59,0.0000,0.00,0,0,0,1085.37,0,0.000,0.0000
2026-08-12T18:48:22.989190,1281.01,DONE,1.7470,-0.6513,-167.66,0.0000,0.0000,7.5323,0,0.0,0.0,0.0,0.0,0.000,2.8211,-1.1344,0.5709,1086.46,4.2088,-0.2006,23.59,0.0000,0.00,0,0,0,1086.37,0,0.000,0.0000
2026-08-12T18:48:23.988979,1282.01,DONE,1.7470,-0.6513,-167.66,0.0000,0.0000,7.5323,0,0.0,0.0,0.0,0.0,0.000,2.8211,-1.1344,0.5709,1087.46,4.2088,-0.2006,23.59,0.0000,0.00,0,0,0,1087.37,0,0.000,0.0000
2026-08-12T18:48:24.988989,1283.01,DONE,1.7470,-0.6513,-167.66,0.0000,0.0000,7.5323,0,0.0,0.0,0.0,0.0,0.000,2.8211,-1.1344,0.5709,1088.46,4.2088,-0.2006,23.59,0.0000,0.00,0,0,0,1088.37,0,0.000,0.0000
2026-08-12T18:48:25.988971,1284.01,DONE,1.7470,-0.6513,-167.66,0.0000,0.0000,7.5323,0,0.0,0.0,0.0,0.0,0.000,2.8211,-1.1344,0.5709,1089.46,4.2088,-0.2006,23.59,0.0000,0.00,0,0,0,1089.37,0,0.000,0.0000
2026-08-12T18:48:26.988999,1285.01,DONE,1.7470,-0.6513,-167.66,0.0000,0.0000,7.5323,0,0.0,0.0,0.0,0.0,0.000,2.8211,-1.1344,0.5709,1090.46,4.2088,-0.2006,23.59,0.0000,0.00,0,0,0,1090.37,0,0.000,0.0000
2026-08-12T18:48:27.989078,1286.01,DONE,1.7470,-0.6513,-167.66,0.0000,0.0000,7.5323,0,0.0,0.0,0.0,0.0,0.000,2.8211,-1.1344,0.5709,1091.46,4.2088,-0.2006,23.59,0.0000,0.00,0,0,0,1091.37,0,0.000,0.0000
2026-08-12T18:48:28.989099,1287.01,DONE,1.7470,-0.6513,-167.66,0.0000,0.0000,7.5323,0,0.0,0.0,0.0,0.0,0.000,2.8211,-1.1344,0.5709,1092.46,4.2088,-0.2006,23.59,0.0000,0.00,0,0,0,1092.37,0,0.000,0.0000
2026-08-12T18:48:29.988946,1288.01,DONE,1.7470,-0.6513,-167.66,0.0000,0.0000,7.5323,0,0.0,0.0,0.0,0.0,0.000,2.8211,-1.1344,0.5709,1093.46,4.2088,-0.2006,23.59,0.0000,0.00,0,0,0,1093.37,0,0.000,0.0000
2026-08-12T18:48:30.988998,1289.01,DONE,1.7470,-0.6513,-167.66,0.0000,0.0000,7.5323,0,0.0,0.0,0.0,0.0,0.000,2.8211,-1.1344,0.5709,1094.46,4.2088,-0.2006,23.59,0.0000,0.00,0,0,0,1094.37,0,0.000,0.0000
2026-08-12T18:48:31.988948,1290.01,DONE,1.7470,-0.6513,-167.66,0.0000,0.0000,7.5323,0,0.0,0.0,0.0,0.0,0.000,2.8211,-1.1344,0.5709,1095.46,4.2088,-0.2006,23.59,0.0000,0.00,0,0,0,1095.37,0,0.000,0.0000
2026-08-12T18:48:32.988981,1291.01,DONE,1.7470,-0.6513,-167.66,0.0000,0.0000,7.5323,0,0.0,0.0,0.0,0.0,0.000,2.8211,-1.1344,0.5709,1096.46,4.2088,-0.2006,23.59,0.0000,0.00,0,0,0,1096.37,0,0.000,0.0000
2026-08-12T18:48:33.988955,1292.01,DONE,1.7470,-0.6513,-167.66,0.0000,0.0000,7.5323,0,0.0,0.0,0.0,0.0,0.000,2.8211,-1.1344,0.5709,1097.46,4.2088,-0.2006,23.59,0.0000,0.00,0,0,0,1097.37,0,0.000,0.0000
2026-08-12T18:48:34.988906,1293.01,DONE,1.7470,-0.6513,-167.66,0.0000,0.0000,7.5323,0,0.0,0.0,0.0,0.0,0.000,2.8211,-1.1344,0.5709,1098.46,4.2088,-0.2006,23.59,0.0000,0.00,0,0,0,1098.37,0,0.000,0.0000
2026-08-12T18:48:35.988978,1294.01,DONE,1.7470,-0.6513,-167.66,0.0000,0.0000,7.5323,0,0.0,0.0,0.0,0.0,0.000,2.8211,-1.1344,0.5709,1099.46,4.2088,-0.2006,23.59,0.0000,0.00,0,0,0,1099.37,0,0.000,0.0000
2026-08-12T18:48:36.989108,1295.01,DONE,1.7470,-0.6513,-167.66,0.0000,0.0000,7.5323,0,0.0,0.0,0.0,0.0,0.000,2.8211,-1.1344,0.5709,1100.46,4.2088,-0.2006,23.59,0.0000,0.00,0,0,0,1100.37,0,0.000,0.0000
2026-08-12T18:48:37.988878,1296.01,DONE,1.7470,-0.6513,-167.66,0.0000,0.0000,7.5323,0,0.0,0.0,0.0,0.0,0.000,2.8211,-1.1344,0.5709,1101.46,4.2088,-0.2006,23.59,0.0000,0.00,0,0,0,1101.37,0,0.000,0.0000
2026-08-12T18:48:38.989051,1297.01,DONE,1.7470,-0.6513,-167.66,0.0000,0.0000,7.5323,0,0.0,0.0,0.0,0.0,0.000,2.8211,-1.1344,0.5709,1102.46,4.2088,-0.2006,23.59,0.0000,0.00,0,0,0,1102.37,0,0.000,0.0000
2026-08-12T18:48:39.989005,1298.01,DONE,1.7470,-0.6513,-167.66,0.0000,0.0000,7.5323,0,0.0,0.0,0.0,0.0,0.000,2.8211,-1.1344,0.5709,1103.46,4.2088,-0.2006,23.59,0.0000,0.00,0,0,0,1103.37,0,0.000,0.0000
2026-08-12T18:48:40.989031,1299.01,DONE,1.7470,-0.6513,-167.66,0.0000,0.0000,7.5323,0,0.0,0.0,0.0,0.0,0.000,2.8211,-1.1344,0.5709,1104.46,4.2088,-0.2006,23.59,0.0000,0.00,0,0,0,1104.37,0,0.000,0.0000
2026-08-12T18:48:41.988867,1300.01,DONE,1.7470,-0.6513,-167.66,0.0000,0.0000,7.5323,0,0.0,0.0,0.0,0.0,0.000,2.8211,-1.1344,0.5709,1105.46,4.2088,-0.2006,23.59,0.0000,0.00,0,0,0,1105.37,0,0.000,0.0000
2026-08-12T18:48:42.989123,1301.01,DONE,1.7470,-0.6513,-167.66,0.0000,0.0000,7.5323,0,0.0,0.0,0.0,0.0,0.000,2.8211,-1.1344,0.5709,1106.46,4.2088,-0.2006,23.59,0.0000,0.00,0,0,0,1106.37,0,0.000,0.0000
2026-08-12T18:48:43.988971,1302.01,DONE,1.7470,-0.6513,-167.66,0.0000,0.0000,7.5323,0,0.0,0.0,0.0,0.0,0.000,2.8211,-1.1344,0.5709,1107.46,4.2088,-0.2006,23.59,0.0000,0.00,0,0,0,1107.37,0,0.000,0.0000
2026-08-12T18:48:44.989092,1303.01,DONE,1.7470,-0.6513,-167.66,0.0000,0.0000,7.5323,0,0.0,0.0,0.0,0.0,0.000,2.8211,-1.1344,0.5709,1108.46,4.2088,-0.2006,23.59,0.0000,0.00,0,0,0,1108.37,0,0.000,0.0000
2026-08-12T18:48:45.989392,1304.01,DONE,1.7470,-0.6513,-167.66,0.0000,0.0000,7.5323,0,0.0,0.0,0.0,0.0,0.000,2.8211,-1.1344,0.5709,1109.46,4.2088,-0.2006,23.59,0.0000,0.00,0,0,0,1109.37,0,0.000,0.0000
2026-08-12T18:48:46.988986,1305.01,DONE,1.7470,-0.6513,-167.66,0.0000,0.0000,7.5323,0,0.0,0.0,0.0,0.0,0.000,2.8211,-1.1344,0.5709,1110.46,4.2088,-0.2006,23.59,0.0000,0.00,0,0,0,1110.37,0,0.000,0.0000
2026-08-12T18:48:47.989161,1306.01,DONE,1.7470,-0.6513,-167.66,0.0000,0.0000,7.5323,0,0.0,0.0,0.0,0.0,0.000,2.8211,-1.1344,0.5709,1111.46,4.2088,-0.2006,23.59,0.0000,0.00,0,0,0,1111.37,0,0.000,0.0000
2026-08-12T18:48:48.988938,1307.01,DONE,1.7470,-0.6513,-167.66,0.0000,0.0000,7.5323,0,0.0,0.0,0.0,0.0,0.000,2.8211,-1.1344,0.5709,1112.46,4.2088,-0.2006,23.59,0.0000,0.00,0,0,0,1112.37,0,0.000,0.0000
2026-08-12T18:48:49.988955,1308.01,DONE,1.7470,-0.6513,-167.66,0.0000,0.0000,7.5323,0,0.0,0.0,0.0,0.0,0.000,2.8211,-1.1344,0.5709,1113.46,4.2088,-0.2006,23.59,0.0000,0.00,0,0,0,1113.37,0,0.000,0.0000
2026-08-12T18:48:50.988884,1309.01,DONE,1.7470,-0.6513,-167.66,0.0000,0.0000,7.5323,0,0.0,0.0,0.0,0.0,0.000,2.8211,-1.1344,0.5709,1114.46,4.2088,-0.2006,23.59,0.0000,0.00,0,0,0,1114.37,0,0.000,0.0000
2026-08-12T18:48:51.988975,1310.01,DONE,1.7470,-0.6513,-167.66,0.0000,0.0000,7.5323,0,0.0,0.0,0.0,0.0,0.000,2.8211,-1.1344,0.5709,1115.46,4.2088,-0.2006,23.59,0.0000,0.00,0,0,0,1115.37,0,0.000,0.0000
2026-08-12T18:48:52.989017,1311.01,DONE,1.7470,-0.6513,-167.66,0.0000,0.0000,7.5323,0,0.0,0.0,0.0,0.0,0.000,2.8211,-1.1344,0.5709,1116.46,4.2088,-0.2006,23.59,0.0000,0.00,0,0,0,1116.37,0,0.000,0.0000
2026-08-12T18:48:53.989037,1312.01,DONE,1.7470,-0.6513,-167.66,0.0000,0.0000,7.5323,0,0.0,0.0,0.0,0.0,0.000,2.8211,-1.1344,0.5709,1117.46,4.2088,-0.2006,23.59,0.0000,0.00,0,0,0,1117.37,0,0.000,0.0000
2026-08-12T18:48:54.989188,1313.01,DONE,1.7470,-0.6513,-167.66,0.0000,0.0000,7.5323,0,0.0,0.0,0.0,0.0,0.000,2.8211,-1.1344,0.5709,1118.46,4.2088,-0.2006,23.59,0.0000,0.00,0,0,0,1118.37,0,0.000,0.0000
2026-08-12T18:48:55.989112,1314.01,DONE,1.7470,-0.6513,-167.66,0.0000,0.0000,7.5323,0,0.0,0.0,0.0,0.0,0.000,2.8211,-1.1344,0.5709,1119.46,4.2088,-0.2006,23.59,0.0000,0.00,0,0,0,1119.37,0,0.000,0.0000
2026-08-12T18:48:56.988893,1315.01,DONE,1.7470,-0.6513,-167.66,0.0000,0.0000,7.5323,0,0.0,0.0,0.0,0.0,0.000,2.8211,-1.1344,0.5709,1120.46,4.2088,-0.2006,23.59,0.0000,0.00,0,0,0,1120.37,0,0.000,0.0000
2026-08-12T18:48:57.988861,1316.01,DONE,1.7470,-0.6513,-167.66,0.0000,0.0000,7.5323,0,0.0,0.0,0.0,0.0,0.000,2.8211,-1.1344,0.5709,1121.46,4.2088,-0.2006,23.59,0.0000,0.00,0,0,0,1121.37,0,0.000,0.0000
2026-08-12T18:48:58.989130,1317.01,DONE,1.7470,-0.6513,-167.66,0.0000,0.0000,7.5323,0,0.0,0.0,0.0,0.0,0.000,2.8211,-1.1344,0.5709,1122.46,4.2088,-0.2006,23.59,0.0000,0.00,0,0,0,1122.37,0,0.000,0.0000
2026-08-12T18:48:59.988847,1318.01,DONE,1.7470,-0.6513,-167.66,0.0000,0.0000,7.5323,0,0.0,0.0,0.0,0.0,0.000,2.8211,-1.1344,0.5709,1123.46,4.2088,-0.2006,23.59,0.0000,0.00,0,0,0,1123.37,0,0.000,0.0000
2026-08-12T18:49:00.989084,1319.01,DONE,1.7470,-0.6513,-167.66,0.0000,0.0000,7.5323,0,0.0,0.0,0.0,0.0,0.000,2.8211,-1.1344,0.5709,1124.46,4.2088,-0.2006,23.59,0.0000,0.00,0,0,0,1124.37,0,0.000,0.0000
2026-08-12T18:49:01.989094,1320.01,DONE,1.7470,-0.6513,-167.66,0.0000,0.0000,7.5323,0,0.0,0.0,0.0,0.0,0.000,2.8211,-1.1344,0.5709,1125.46,4.2088,-0.2006,23.59,0.0000,0.00,0,0,0,1125.37,0,0.000,0.0000
2026-08-12T18:49:02.989141,1321.01,DONE,1.7470,-0.6513,-167.66,0.0000,0.0000,7.5323,0,0.0,0.0,0.0,0.0,0.000,2.8211,-1.1344,0.5709,1126.46,4.2088,-0.2006,23.59,0.0000,0.00,0,0,0,1126.37,0,0.000,0.0000
2026-08-12T18:49:03.989164,1322.01,DONE,1.7470,-0.6513,-167.66,0.0000,0.0000,7.5323,0,0.0,0.0,0.0,0.0,0.000,2.8211,-1.1344,0.5709,1127.46,4.2088,-0.2006,23.59,0.0000,0.00,0,0,0,1127.37,0,0.000,0.0000
2026-08-12T18:49:04.988966,1323.01,DONE,1.7470,-0.6513,-167.66,0.0000,0.0000,7.5323,0,0.0,0.0,0.0,0.0,0.000,2.8211,-1.1344,0.5709,1128.46,4.2088,-0.2006,23.59,0.0000,0.00,0,0,0,1128.37,0,0.000,0.0000
2026-08-12T18:49:05.989072,1324.01,DONE,1.7470,-0.6513,-167.66,0.0000,0.0000,7.5323,0,0.0,0.0,0.0,0.0,0.000,2.8211,-1.1344,0.5709,1129.46,4.2088,-0.2006,23.59,0.0000,0.00,0,0,0,1129.37,0,0.000,0.0000
2026-08-12T18:49:06.989239,1325.01,DONE,1.7470,-0.6513,-167.66,0.0000,0.0000,7.5323,0,0.0,0.0,0.0,0.0,0.000,2.8211,-1.1344,0.5709,1130.46,4.2088,-0.2006,23.59,0.0000,0.00,0,0,0,1130.37,0,0.000,0.0000
2026-08-12T18:49:07.989188,1326.01,DONE,1.7470,-0.6513,-167.66,0.0000,0.0000,7.5323,0,0.0,0.0,0.0,0.0,0.000,2.8211,-1.1344,0.5709,1131.46,4.2088,-0.2006,23.59,0.0000,0.00,0,0,0,1131.37,0,0.000,0.0000
2026-08-12T18:49:08.989258,1327.01,DONE,1.7470,-0.6513,-167.66,0.0000,0.0000,7.5323,0,0.0,0.0,0.0,0.0,0.000,2.8211,-1.1344,0.5709,1132.46,4.2088,-0.2006,23.59,0.0000,0.00,0,0,0,1132.37,0,0.000,0.0000
2026-08-12T18:49:09.989046,1328.01,DONE,1.7470,-0.6513,-167.66,0.0000,0.0000,7.5323,0,0.0,0.0,0.0,0.0,0.000,2.8211,-1.1344,0.5709,1133.46,4.2088,-0.2006,23.59,0.0000,0.00,0,0,0,1133.37,0,0.000,0.0000
2026-08-12T18:49:10.988931,1329.01,DONE,1.7470,-0.6513,-167.66,0.0000,0.0000,7.5323,0,0.0,0.0,0.0,0.0,0.000,2.8211,-1.1344,0.5709,1134.46,4.2088,-0.2006,23.59,0.0000,0.00,0,0,0,1134.37,0,0.000,0.0000
2026-08-12T18:49:11.988956,1330.01,DONE,1.7470,-0.6513,-167.66,0.0000,0.0000,7.5323,0,0.0,0.0,0.0,0.0,0.000,2.8211,-1.1344,0.5709,1135.46,4.2088,-0.2006,23.59,0.0000,0.00,0,0,0,1135.37,0,0.000,0.0000
2026-08-12T18:49:12.989101,1331.01,DONE,1.7470,-0.6513,-167.66,0.0000,0.0000,7.5323,0,0.0,0.0,0.0,0.0,0.000,2.8211,-1.1344,0.5709,1136.46,4.2088,-0.2006,23.59,0.0000,0.00,0,0,0,1136.37,0,0.000,0.0000
2026-08-12T18:49:13.988923,1332.01,DONE,1.7470,-0.6513,-167.66,0.0000,0.0000,7.5323,0,0.0,0.0,0.0,0.0,0.000,2.8211,-1.1344,0.5709,1137.46,4.2088,-0.2006,23.59,0.0000,0.00,0,0,0,1137.37,0,0.000,0.0000
2026-08-12T18:49:14.988981,1333.01,DONE,1.7470,-0.6513,-167.66,0.0000,0.0000,7.5323,0,0.0,0.0,0.0,0.0,0.000,2.8211,-1.1344,0.5709,1138.46,4.2088,-0.2006,23.59,0.0000,0.00,0,0,0,1138.37,0,0.000,0.0000
2026-08-12T18:49:15.988883,1334.01,DONE,1.7470,-0.6513,-167.66,0.0000,0.0000,7.5323,0,0.0,0.0,0.0,0.0,0.000,2.8211,-1.1344,0.5709,1139.46,4.2088,-0.2006,23.59,0.0000,0.00,0,0,0,1139.37,0,0.000,0.0000
2026-08-12T18:49:16.988990,1335.01,DONE,1.7470,-0.6513,-167.66,0.0000,0.0000,7.5323,0,0.0,0.0,0.0,0.0,0.000,2.8211,-1.1344,0.5709,1140.46,4.2088,-0.2006,23.59,0.0000,0.00,0,0,0,1140.37,0,0.000,0.0000
2026-08-12T18:49:17.989015,1336.01,DONE,1.7470,-0.6513,-167.66,0.0000,0.0000,7.5323,0,0.0,0.0,0.0,0.0,0.000,2.8211,-1.1344,0.5709,1141.46,4.2088,-0.2006,23.59,0.0000,0.00,0,0,0,1141.37,0,0.000,0.0000
2026-08-12T18:49:18.989124,1337.01,DONE,1.7470,-0.6513,-167.66,0.0000,0.0000,7.5323,0,0.0,0.0,0.0,0.0,0.000,2.8211,-1.1344,0.5709,1142.46,4.2088,-0.2006,23.59,0.0000,0.00,0,0,0,1142.37,0,0.000,0.0000
2026-08-12T18:49:19.989043,1338.01,DONE,1.7470,-0.6513,-167.66,0.0000,0.0000,7.5323,0,0.0,0.0,0.0,0.0,0.000,2.8211,-1.1344,0.5709,1143.46,4.2088,-0.2006,23.59,0.0000,0.00,0,0,0,1143.37,0,0.000,0.0000
2026-08-12T18:49:20.988955,1339.01,DONE,1.7470,-0.6513,-167.66,0.0000,0.0000,7.5323,0,0.0,0.0,0.0,0.0,0.000,2.8211,-1.1344,0.5709,1144.46,4.2088,-0.2006,23.59,0.0000,0.00,0,0,0,1144.37,0,0.000,0.0000
2026-08-12T18:49:21.989000,1340.01,DONE,1.7470,-0.6513,-167.66,0.0000,0.0000,7.5323,0,0.0,0.0,0.0,0.0,0.000,2.8211,-1.1344,0.5709,1145.46,4.2088,-0.2006,23.59,0.0000,0.00,0,0,0,1145.37,0,0.000,0.0000
2026-08-12T18:49:22.989048,1341.01,DONE,1.7470,-0.6513,-167.66,0.0000,0.0000,7.5323,0,0.0,0.0,0.0,0.0,0.000,2.8211,-1.1344,0.5709,1146.46,4.2088,-0.2006,23.59,0.0000,0.00,0,0,0,1146.37,0,0.000,0.0000
2026-08-12T18:49:23.989007,1342.01,DONE,1.7470,-0.6513,-167.66,0.0000,0.0000,7.5323,0,0.0,0.0,0.0,0.0,0.000,2.8211,-1.1344,0.5709,1147.46,4.2088,-0.2006,23.59,0.0000,0.00,0,0,0,1147.37,0,0.000,0.0000
2026-08-12T18:49:24.988988,1343.01,DONE,1.7470,-0.6513,-167.66,0.0000,0.0000,7.5323,0,0.0,0.0,0.0,0.0,0.000,2.8211,-1.1344,0.5709,1148.46,4.2088,-0.2006,23.59,0.0000,0.00,0,0,0,1148.37,0,0.000,0.0000
2026-08-12T18:49:25.989008,1344.01,DONE,1.7470,-0.6513,-167.66,0.0000,0.0000,7.5323,0,0.0,0.0,0.0,0.0,0.000,2.8211,-1.1344,0.5709,1149.46,4.2088,-0.2006,23.59,0.0000,0.00,0,0,0,1149.37,0,0.000,0.0000
2026-08-12T18:49:26.989024,1345.01,DONE,1.7470,-0.6513,-167.66,0.0000,0.0000,7.5323,0,0.0,0.0,0.0,0.0,0.000,2.8211,-1.1344,0.5709,1150.46,4.2088,-0.2006,23.59,0.0000,0.00,0,0,0,1150.37,0,0.000,0.0000
2026-08-12T18:49:27.988949,1346.01,DONE,1.7470,-0.6513,-167.66,0.0000,0.0000,7.5323,0,0.0,0.0,0.0,0.0,0.000,2.8211,-1.1344,0.5709,1151.46,4.2088,-0.2006,23.59,0.0000,0.00,0,0,0,1151.37,0,0.000,0.0000
2026-08-12T18:49:28.988903,1347.01,DONE,1.7470,-0.6513,-167.66,0.0000,0.0000,7.5323,0,0.0,0.0,0.0,0.0,0.000,2.8211,-1.1344,0.5709,1152.46,4.2088,-0.2006,23.59,0.0000,0.00,0,0,0,1152.37,0,0.000,0.0000
2026-08-12T18:49:29.989032,1348.01,DONE,1.7470,-0.6513,-167.66,0.0000,0.0000,7.5323,0,0.0,0.0,0.0,0.0,0.000,2.8211,-1.1344,0.5709,1153.46,4.2088,-0.2006,23.59,0.0000,0.00,0,0,0,1153.37,0,0.000,0.0000
2026-08-12T18:49:30.989025,1349.01,DONE,1.7470,-0.6513,-167.66,0.0000,0.0000,7.5323,0,0.0,0.0,0.0,0.0,0.000,2.8211,-1.1344,0.5709,1154.46,4.2088,-0.2006,23.59,0.0000,0.00,0,0,0,1154.37,0,0.000,0.0000
2026-08-12T18:49:31.988973,1350.01,DONE,1.7470,-0.6513,-167.66,0.0000,0.0000,7.5323,0,0.0,0.0,0.0,0.0,0.000,2.8211,-1.1344,0.5709,1155.46,4.2088,-0.2006,23.59,0.0000,0.00,0,0,0,1155.37,0,0.000,0.0000
2026-08-12T18:49:32.988959,1351.01,DONE,1.7470,-0.6513,-167.66,0.0000,0.0000,7.5323,0,0.0,0.0,0.0,0.0,0.000,2.8211,-1.1344,0.5709,1156.46,4.2088,-0.2006,23.59,0.0000,0.00,0,0,0,1156.37,0,0.000,0.0000
2026-08-12T18:49:33.988944,1352.01,DONE,1.7470,-0.6513,-167.66,0.0000,0.0000,7.5323,0,0.0,0.0,0.0,0.0,0.000,2.8211,-1.1344,0.5709,1157.46,4.2088,-0.2006,23.59,0.0000,0.00,0,0,0,1157.37,0,0.000,0.0000
2026-08-12T18:49:34.989075,1353.01,DONE,1.7470,-0.6513,-167.66,0.0000,0.0000,7.5323,0,0.0,0.0,0.0,0.0,0.000,2.8211,-1.1344,0.5709,1158.46,4.2088,-0.2006,23.59,0.0000,0.00,0,0,0,1158.37,0,0.000,0.0000
2026-08-12T18:49:35.989091,1354.01,DONE,1.7470,-0.6513,-167.66,0.0000,0.0000,7.5323,0,0.0,0.0,0.0,0.0,0.000,2.8211,-1.1344,0.5709,1159.46,4.2088,-0.2006,23.59,0.0000,0.00,0,0,0,1159.37,0,0.000,0.0000
2026-08-12T18:49:36.989198,1355.01,DONE,1.7470,-0.6513,-167.66,0.0000,0.0000,7.5323,0,0.0,0.0,0.0,0.0,0.000,2.8211,-1.1344,0.5709,1160.46,4.2088,-0.2006,23.59,0.0000,0.00,0,0,0,1160.37,0,0.000,0.0000
2026-08-12T18:49:37.988993,1356.01,DONE,1.7470,-0.6513,-167.66,0.0000,0.0000,7.5323,0,0.0,0.0,0.0,0.0,0.000,2.8211,-1.1344,0.5709,1161.46,4.2088,-0.2006,23.59,0.0000,0.00,0,0,0,1161.37,0,0.000,0.0000
2026-08-12T18:49:38.989010,1357.01,DONE,1.7470,-0.6513,-167.66,0.0000,0.0000,7.5323,0,0.0,0.0,0.0,0.0,0.000,2.8211,-1.1344,0.5709,1162.46,4.2088,-0.2006,23.59,0.0000,0.00,0,0,0,1162.37,0,0.000,0.0000
2026-08-12T18:49:39.989027,1358.01,DONE,1.7470,-0.6513,-167.66,0.0000,0.0000,7.5323,0,0.0,0.0,0.0,0.0,0.000,2.8211,-1.1344,0.5709,1163.46,4.2088,-0.2006,23.59,0.0000,0.00,0,0,0,1163.37,0,0.000,0.0000
2026-08-12T18:49:40.988934,1359.01,DONE,1.7470,-0.6513,-167.66,0.0000,0.0000,7.5323,0,0.0,0.0,0.0,0.0,0.000,2.8211,-1.1344,0.5709,1164.46,4.2088,-0.2006,23.59,0.0000,0.00,0,0,0,1164.37,0,0.000,0.0000
2026-08-12T18:49:41.988988,1360.01,DONE,1.7470,-0.6513,-167.66,0.0000,0.0000,7.5323,0,0.0,0.0,0.0,0.0,0.000,2.8211,-1.1344,0.5709,1165.46,4.2088,-0.2006,23.59,0.0000,0.00,0,0,0,1165.37,0,0.000,0.0000
2026-08-12T18:49:42.988985,1361.01,DONE,1.7470,-0.6513,-167.66,0.0000,0.0000,7.5323,0,0.0,0.0,0.0,0.0,0.000,2.8211,-1.1344,0.5709,1166.46,4.2088,-0.2006,23.59,0.0000,0.00,0,0,0,1166.37,0,0.000,0.0000
2026-08-12T18:49:43.989113,1362.01,DONE,1.7470,-0.6513,-167.66,0.0000,0.0000,7.5323,0,0.0,0.0,0.0,0.0,0.000,2.8211,-1.1344,0.5709,1167.46,4.2088,-0.2006,23.59,0.0000,0.00,0,0,0,1167.37,0,0.000,0.0000
2026-08-12T18:49:44.988973,1363.01,DONE,1.7470,-0.6513,-167.66,0.0000,0.0000,7.5323,0,0.0,0.0,0.0,0.0,0.000,2.8211,-1.1344,0.5709,1168.46,4.2088,-0.2006,23.59,0.0000,0.00,0,0,0,1168.37,0,0.000,0.0000
2026-08-12T18:49:45.988935,1364.01,DONE,1.7470,-0.6513,-167.66,0.0000,0.0000,7.5323,0,0.0,0.0,0.0,0.0,0.000,2.8211,-1.1344,0.5709,1169.46,4.2088,-0.2006,23.59,0.0000,0.00,0,0,0,1169.37,0,0.000,0.0000
2026-08-12T18:49:46.989053,1365.01,DONE,1.7470,-0.6513,-167.66,0.0000,0.0000,7.5323,0,0.0,0.0,0.0,0.0,0.000,2.8211,-1.1344,0.5709,1170.46,4.2088,-0.2006,23.59,0.0000,0.00,0,0,0,1170.37,0,0.000,0.0000
2026-08-12T18:49:47.989105,1366.01,DONE,1.7470,-0.6513,-167.66,0.0000,0.0000,7.5323,0,0.0,0.0,0.0,0.0,0.000,2.8211,-1.1344,0.5709,1171.46,4.2088,-0.2006,23.59,0.0000,0.00,0,0,0,1171.37,0,0.000,0.0000
2026-08-12T18:49:48.988948,1367.01,DONE,1.7470,-0.6513,-167.66,0.0000,0.0000,7.5323,0,0.0,0.0,0.0,0.0,0.000,2.8211,-1.1344,0.5709,1172.46,4.2088,-0.2006,23.59,0.0000,0.00,0,0,0,1172.37,0,0.000,0.0000
2026-08-12T18:49:49.989035,1368.01,DONE,1.7470,-0.6513,-167.66,0.0000,0.0000,7.5323,0,0.0,0.0,0.0,0.0,0.000,2.8211,-1.1344,0.5709,1173.46,4.2088,-0.2006,23.59,0.0000,0.00,0,0,0,1173.37,0,0.000,0.0000
2026-08-12T18:49:50.988960,1369.01,DONE,1.7470,-0.6513,-167.66,0.0000,0.0000,7.5323,0,0.0,0.0,0.0,0.0,0.000,2.8211,-1.1344,0.5709,1174.46,4.2088,-0.2006,23.59,0.0000,0.00,0,0,0,1174.37,0,0.000,0.0000
2026-08-12T18:49:51.988893,1370.01,DONE,1.7470,-0.6513,-167.66,0.0000,0.0000,7.5323,0,0.0,0.0,0.0,0.0,0.000,2.8211,-1.1344,0.5709,1175.46,4.2088,-0.2006,23.59,0.0000,0.00,0,0,0,1175.37,0,0.000,0.0000
2026-08-12T18:49:52.989029,1371.01,DONE,1.7470,-0.6513,-167.66,0.0000,0.0000,7.5323,0,0.0,0.0,0.0,0.0,0.000,2.8211,-1.1344,0.5709,1176.46,4.2088,-0.2006,23.59,0.0000,0.00,0,0,0,1176.37,0,0.000,0.0000
2026-08-12T18:49:53.988977,1372.01,DONE,1.7470,-0.6513,-167.66,0.0000,0.0000,7.5323,0,0.0,0.0,0.0,0.0,0.000,2.8211,-1.1344,0.5709,1177.46,4.2088,-0.2006,23.59,0.0000,0.00,0,0,0,1177.37,0,0.000,0.0000
2026-08-12T18:49:54.988958,1373.01,DONE,1.7470,-0.6513,-167.66,0.0000,0.0000,7.5323,0,0.0,0.0,0.0,0.0,0.000,2.8211,-1.1344,0.5709,1178.46,4.2088,-0.2006,23.59,0.0000,0.00,0,0,0,1178.37,0,0.000,0.0000
2026-08-12T18:49:55.989054,1374.01,DONE,1.7470,-0.6513,-167.66,0.0000,0.0000,7.5323,0,0.0,0.0,0.0,0.0,0.000,2.8211,-1.1344,0.5709,1179.46,4.2088,-0.2006,23.59,0.0000,0.00,0,0,0,1179.37,0,0.000,0.0000
2026-08-12T18:49:56.988958,1375.01,DONE,1.7470,-0.6513,-167.66,0.0000,0.0000,7.5323,0,0.0,0.0,0.0,0.0,0.000,2.8211,-1.1344,0.5709,1180.46,4.2088,-0.2006,23.59,0.0000,0.00,0,0,0,1180.37,0,0.000,0.0000
2026-08-12T18:49:57.988907,1376.01,DONE,1.7470,-0.6513,-167.66,0.0000,0.0000,7.5323,0,0.0,0.0,0.0,0.0,0.000,2.8211,-1.1344,0.5709,1181.46,4.2088,-0.2006,23.59,0.0000,0.00,0,0,0,1181.37,0,0.000,0.0000
2026-08-12T18:49:58.989001,1377.01,DONE,1.7470,-0.6513,-167.66,0.0000,0.0000,7.5323,0,0.0,0.0,0.0,0.0,0.000,2.8211,-1.1344,0.5709,1182.46,4.2088,-0.2006,23.59,0.0000,0.00,0,0,0,1182.37,0,0.000,0.0000
2026-08-12T18:49:59.988955,1378.01,DONE,1.7470,-0.6513,-167.66,0.0000,0.0000,7.5323,0,0.0,0.0,0.0,0.0,0.000,2.8211,-1.1344,0.5709,1183.46,4.2088,-0.2006,23.59,0.0000,0.00,0,0,0,1183.37,0,0.000,0.0000
2026-08-12T18:50:00.988923,1379.01,DONE,1.7470,-0.6513,-167.66,0.0000,0.0000,7.5323,0,0.0,0.0,0.0,0.0,0.000,2.8211,-1.1344,0.5709,1184.46,4.2088,-0.2006,23.59,0.0000,0.00,0,0,0,1184.37,0,0.000,0.0000
2026-08-12T18:50:01.989144,1380.01,DONE,1.7470,-0.6513,-167.66,0.0000,0.0000,7.5323,0,0.0,0.0,0.0,0.0,0.000,2.8211,-1.1344,0.5709,1185.46,4.2088,-0.2006,23.59,0.0000,0.00,0,0,0,1185.37,0,0.000,0.0000
2026-08-12T18:50:02.988942,1381.01,DONE,1.7470,-0.6513,-167.66,0.0000,0.0000,7.5323,0,0.0,0.0,0.0,0.0,0.000,2.8211,-1.1344,0.5709,1186.46,4.2088,-0.2006,23.59,0.0000,0.00,0,0,0,1186.37,0,0.000,0.0000
2026-08-12T18:50:03.988966,1382.01,DONE,1.7470,-0.6513,-167.66,0.0000,0.0000,7.5323,0,0.0,0.0,0.0,0.0,0.000,2.8211,-1.1344,0.5709,1187.46,4.2088,-0.2006,23.59,0.0000,0.00,0,0,0,1187.37,0,0.000,0.0000
2026-08-12T18:50:04.989017,1383.01,DONE,1.7470,-0.6513,-167.66,0.0000,0.0000,7.5323,0,0.0,0.0,0.0,0.0,0.000,2.8211,-1.1344,0.5709,1188.46,4.2088,-0.2006,23.59,0.0000,0.00,0,0,0,1188.37,0,0.000,0.0000
2026-08-12T18:50:05.988876,1384.01,DONE,1.7470,-0.6513,-167.66,0.0000,0.0000,7.5323,0,0.0,0.0,0.0,0.0,0.000,2.8211,-1.1344,0.5709,1189.46,4.2088,-0.2006,23.59,0.0000,0.00,0,0,0,1189.37,0,0.000,0.0000
2026-08-12T18:50:06.989064,1385.01,DONE,1.7470,-0.6513,-167.66,0.0000,0.0000,7.5323,0,0.0,0.0,0.0,0.0,0.000,2.8211,-1.1344,0.5709,1190.46,4.2088,-0.2006,23.59,0.0000,0.00,0,0,0,1190.37,0,0.000,0.0000
2026-08-12T18:50:07.989057,1386.01,DONE,1.7470,-0.6513,-167.66,0.0000,0.0000,7.5323,0,0.0,0.0,0.0,0.0,0.000,2.8211,-1.1344,0.5709,1191.46,4.2088,-0.2006,23.59,0.0000,0.00,0,0,0,1191.37,0,0.000,0.0000
2026-08-12T18:50:08.989114,1387.01,DONE,1.7470,-0.6513,-167.66,0.0000,0.0000,7.5323,0,0.0,0.0,0.0,0.0,0.000,2.8211,-1.1344,0.5709,1192.46,4.2088,-0.2006,23.59,0.0000,0.00,0,0,0,1192.37,0,0.000,0.0000
2026-08-12T18:50:09.989023,1388.01,DONE,1.7470,-0.6513,-167.66,0.0000,0.0000,7.5323,0,0.0,0.0,0.0,0.0,0.000,2.8211,-1.1344,0.5709,1193.46,4.2088,-0.2006,23.59,0.0000,0.00,0,0,0,1193.37,0,0.000,0.0000
2026-08-12T18:50:10.988954,1389.01,DONE,1.7470,-0.6513,-167.66,0.0000,0.0000,7.5323,0,0.0,0.0,0.0,0.0,0.000,2.8211,-1.1344,0.5709,1194.46,4.2088,-0.2006,23.59,0.0000,0.00,0,0,0,1194.37,0,0.000,0.0000
2026-08-12T18:50:11.988895,1390.01,DONE,1.7470,-0.6513,-167.66,0.0000,0.0000,7.5323,0,0.0,0.0,0.0,0.0,0.000,2.8211,-1.1344,0.5709,1195.46,4.2088,-0.2006,23.59,0.0000,0.00,0,0,0,1195.37,0,0.000,0.0000
2026-08-12T18:50:12.988868,1391.01,DONE,1.7470,-0.6513,-167.66,0.0000,0.0000,7.5323,0,0.0,0.0,0.0,0.0,0.000,2.8211,-1.1344,0.5709,1196.46,4.2088,-0.2006,23.59,0.0000,0.00,0,0,0,1196.37,0,0.000,0.0000
2026-08-12T18:50:13.988864,1392.01,DONE,1.7470,-0.6513,-167.66,0.0000,0.0000,7.5323,0,0.0,0.0,0.0,0.0,0.000,2.8211,-1.1344,0.5709,1197.46,4.2088,-0.2006,23.59,0.0000,0.00,0,0,0,1197.37,0,0.000,0.0000
2026-08-12T18:50:14.989223,1393.01,DONE,1.7470,-0.6513,-167.66,0.0000,0.0000,7.5323,0,0.0,0.0,0.0,0.0,0.000,2.8211,-1.1344,0.5709,1198.46,4.2088,-0.2006,23.59,0.0000,0.00,0,0,0,1198.37,0,0.000,0.0000
2026-08-12T18:50:15.988957,1394.01,DONE,1.7470,-0.6513,-167.66,0.0000,0.0000,7.5323,0,0.0,0.0,0.0,0.0,0.000,2.8211,-1.1344,0.5709,1199.46,4.2088,-0.2006,23.59,0.0000,0.00,0,0,0,1199.37,0,0.000,0.0000
2026-08-12T18:50:16.989069,1395.01,DONE,1.7470,-0.6513,-167.66,0.0000,0.0000,7.5323,0,0.0,0.0,0.0,0.0,0.000,2.8211,-1.1344,0.5709,1200.46,4.2088,-0.2006,23.59,0.0000,0.00,0,0,0,1200.37,0,0.000,0.0000
2026-08-12T18:50:17.988997,1396.01,DONE,1.7470,-0.6513,-167.66,0.0000,0.0000,7.5323,0,0.0,0.0,0.0,0.0,0.000,2.8211,-1.1344,0.5709,1201.46,4.2088,-0.2006,23.59,0.0000,0.00,0,0,0,1201.37,0,0.000,0.0000
2026-08-12T18:50:18.988996,1397.01,DONE,1.7470,-0.6513,-167.66,0.0000,0.0000,7.5323,0,0.0,0.0,0.0,0.0,0.000,2.8211,-1.1344,0.5709,1202.46,4.2088,-0.2006,23.59,0.0000,0.00,0,0,0,1202.37,0,0.000,0.0000
2026-08-12T18:50:19.989065,1398.01,DONE,1.7470,-0.6513,-167.66,0.0000,0.0000,7.5323,0,0.0,0.0,0.0,0.0,0.000,2.8211,-1.1344,0.5709,1203.46,4.2088,-0.2006,23.59,0.0000,0.00,0,0,0,1203.37,0,0.000,0.0000
2026-08-12T18:50:20.989064,1399.01,DONE,1.7470,-0.6513,-167.66,0.0000,0.0000,7.5323,0,0.0,0.0,0.0,0.0,0.000,2.8211,-1.1344,0.5709,1204.46,4.2088,-0.2006,23.59,0.0000,0.00,0,0,0,1204.37,0,0.000,0.0000
2026-08-12T18:50:21.989007,1400.01,DONE,1.7470,-0.6513,-167.66,0.0000,0.0000,7.5323,0,0.0,0.0,0.0,0.0,0.000,2.8211,-1.1344,0.5709,1205.46,4.2088,-0.2006,23.59,0.0000,0.00,0,0,0,1205.37,0,0.000,0.0000
2026-08-12T18:50:22.988967,1401.01,DONE,1.7470,-0.6513,-167.66,0.0000,0.0000,7.5323,0,0.0,0.0,0.0,0.0,0.000,2.8211,-1.1344,0.5709,1206.46,4.2088,-0.2006,23.59,0.0000,0.00,0,0,0,1206.37,0,0.000,0.0000
2026-08-12T18:50:23.988919,1402.01,DONE,1.7470,-0.6513,-167.66,0.0000,0.0000,7.5323,0,0.0,0.0,0.0,0.0,0.000,2.8211,-1.1344,0.5709,1207.46,4.2088,-0.2006,23.59,0.0000,0.00,0,0,0,1207.37,0,0.000,0.0000
2026-08-12T18:50:24.988984,1403.01,DONE,1.7470,-0.6513,-167.66,0.0000,0.0000,7.5323,0,0.0,0.0,0.0,0.0,0.000,2.8211,-1.1344,0.5709,1208.46,4.2088,-0.2006,23.59,0.0000,0.00,0,0,0,1208.37,0,0.000,0.0000
2026-08-12T18:50:25.989157,1404.01,DONE,1.7470,-0.6513,-167.66,0.0000,0.0000,7.5323,0,0.0,0.0,0.0,0.0,0.000,2.8211,-1.1344,0.5709,1209.46,4.2088,-0.2006,23.59,0.0000,0.00,0,0,0,1209.37,0,0.000,0.0000
2026-08-12T18:50:26.988968,1405.01,DONE,1.7470,-0.6513,-167.66,0.0000,0.0000,7.5323,0,0.0,0.0,0.0,0.0,0.000,2.8211,-1.1344,0.5709,1210.46,4.2088,-0.2006,23.59,0.0000,0.00,0,0,0,1210.37,0,0.000,0.0000
2026-08-12T18:50:27.989141,1406.01,DONE,1.7470,-0.6513,-167.66,0.0000,0.0000,7.5323,0,0.0,0.0,0.0,0.0,0.000,2.8211,-1.1344,0.5709,1211.46,4.2088,-0.2006,23.59,0.0000,0.00,0,0,0,1211.37,0,0.000,0.0000
2026-08-12T18:50:28.988949,1407.01,DONE,1.7470,-0.6513,-167.66,0.0000,0.0000,7.5323,0,0.0,0.0,0.0,0.0,0.000,2.8211,-1.1344,0.5709,1212.46,4.2088,-0.2006,23.59,0.0000,0.00,0,0,0,1212.37,0,0.000,0.0000
2026-08-12T18:50:29.988987,1408.01,DONE,1.7470,-0.6513,-167.66,0.0000,0.0000,7.5323,0,0.0,0.0,0.0,0.0,0.000,2.8211,-1.1344,0.5709,1213.46,4.2088,-0.2006,23.59,0.0000,0.00,0,0,0,1213.37,0,0.000,0.0000
2026-08-12T18:50:30.988968,1409.01,DONE,1.7470,-0.6513,-167.66,0.0000,0.0000,7.5323,0,0.0,0.0,0.0,0.0,0.000,2.8211,-1.1344,0.5709,1214.46,4.2088,-0.2006,23.59,0.0000,0.00,0,0,0,1214.37,0,0.000,0.0000
2026-08-12T18:50:31.989219,1410.01,DONE,1.7470,-0.6513,-167.66,0.0000,0.0000,7.5323,0,0.0,0.0,0.0,0.0,0.000,2.8211,-1.1344,0.5709,1215.46,4.2088,-0.2006,23.59,0.0000,0.00,0,0,0,1215.37,0,0.000,0.0000
2026-08-12T18:50:32.989013,1411.01,DONE,1.7470,-0.6513,-167.66,0.0000,0.0000,7.5323,0,0.0,0.0,0.0,0.0,0.000,2.8211,-1.1344,0.5709,1216.46,4.2088,-0.2006,23.59,0.0000,0.00,0,0,0,1216.37,0,0.000,0.0000
2026-08-12T18:50:33.989017,1412.01,DONE,1.7470,-0.6513,-167.66,0.0000,0.0000,7.5323,0,0.0,0.0,0.0,0.0,0.000,2.8211,-1.1344,0.5709,1217.46,4.2088,-0.2006,23.59,0.0000,0.00,0,0,0,1217.37,0,0.000,0.0000
2026-08-12T18:50:34.989119,1413.01,DONE,1.7470,-0.6513,-167.66,0.0000,0.0000,7.5323,0,0.0,0.0,0.0,0.0,0.000,2.8211,-1.1344,0.5709,1218.46,4.2088,-0.2006,23.59,0.0000,0.00,0,0,0,1218.37,0,0.000,0.0000
2026-08-12T18:50:35.989028,1414.01,DONE,1.7470,-0.6513,-167.66,0.0000,0.0000,7.5323,0,0.0,0.0,0.0,0.0,0.000,2.8211,-1.1344,0.5709,1219.46,4.2088,-0.2006,23.59,0.0000,0.00,0,0,0,1219.37,0,0.000,0.0000
2026-08-12T18:50:36.988939,1415.01,DONE,1.7470,-0.6513,-167.66,0.0000,0.0000,7.5323,0,0.0,0.0,0.0,0.0,0.000,2.8211,-1.1344,0.5709,1220.46,4.2088,-0.2006,23.59,0.0000,0.00,0,0,0,1220.37,0,0.000,0.0000
2026-08-12T18:50:37.988985,1416.01,DONE,1.7470,-0.6513,-167.66,0.0000,0.0000,7.5323,0,0.0,0.0,0.0,0.0,0.000,2.8211,-1.1344,0.5709,1221.46,4.2088,-0.2006,23.59,0.0000,0.00,0,0,0,1221.37,0,0.000,0.0000
2026-08-12T18:50:38.988881,1417.01,DONE,1.7470,-0.6513,-167.66,0.0000,0.0000,7.5323,0,0.0,0.0,0.0,0.0,0.000,2.8211,-1.1344,0.5709,1222.46,4.2088,-0.2006,23.59,0.0000,0.00,0,0,0,1222.37,0,0.000,0.0000
2026-08-12T18:50:39.989039,1418.01,DONE,1.7470,-0.6513,-167.66,0.0000,0.0000,7.5323,0,0.0,0.0,0.0,0.0,0.000,2.8211,-1.1344,0.5709,1223.46,4.2088,-0.2006,23.59,0.0000,0.00,0,0,0,1223.37,0,0.000,0.0000
2026-08-12T18:50:40.989052,1419.01,DONE,1.7470,-0.6513,-167.66,0.0000,0.0000,7.5323,0,0.0,0.0,0.0,0.0,0.000,2.8211,-1.1344,0.5709,1224.46,4.2088,-0.2006,23.59,0.0000,0.00,0,0,0,1224.37,0,0.000,0.0000
2026-08-12T18:50:41.989010,1420.01,DONE,1.7470,-0.6513,-167.66,0.0000,0.0000,7.5323,0,0.0,0.0,0.0,0.0,0.000,2.8211,-1.1344,0.5709,1225.46,4.2088,-0.2006,23.59,0.0000,0.00,0,0,0,1225.37,0,0.000,0.0000
2026-08-12T18:50:42.989088,1421.01,DONE,1.7470,-0.6513,-167.66,0.0000,0.0000,7.5323,0,0.0,0.0,0.0,0.0,0.000,2.8211,-1.1344,0.5709,1226.46,4.2088,-0.2006,23.59,0.0000,0.00,0,0,0,1226.37,0,0.000,0.0000
2026-08-12T18:50:43.989054,1422.01,DONE,1.7470,-0.6513,-167.66,0.0000,0.0000,7.5323,0,0.0,0.0,0.0,0.0,0.000,2.8211,-1.1344,0.5709,1227.46,4.2088,-0.2006,23.59,0.0000,0.00,0,0,0,1227.37,0,0.000,0.0000
2026-08-12T18:50:44.988942,1423.01,DONE,1.7470,-0.6513,-167.66,0.0000,0.0000,7.5323,0,0.0,0.0,0.0,0.0,0.000,2.8211,-1.1344,0.5709,1228.46,4.2088,-0.2006,23.59,0.0000,0.00,0,0,0,1228.37,0,0.000,0.0000
2026-08-12T18:50:45.988985,1424.01,DONE,1.7470,-0.6513,-167.66,0.0000,0.0000,7.5323,0,0.0,0.0,0.0,0.0,0.000,2.8211,-1.1344,0.5709,1229.46,4.2088,-0.2006,23.59,0.0000,0.00,0,0,0,1229.37,0,0.000,0.0000
2026-08-12T18:50:46.988933,1425.01,DONE,1.7470,-0.6513,-167.66,0.0000,0.0000,7.5323,0,0.0,0.0,0.0,0.0,0.000,2.8211,-1.1344,0.5709,1230.46,4.2088,-0.2006,23.59,0.0000,0.00,0,0,0,1230.37,0,0.000,0.0000
2026-08-12T18:50:47.988863,1426.01,DONE,1.7470,-0.6513,-167.66,0.0000,0.0000,7.5323,0,0.0,0.0,0.0,0.0,0.000,2.8211,-1.1344,0.5709,1231.46,4.2088,-0.2006,23.59,0.0000,0.00,0,0,0,1231.37,0,0.000,0.0000
2026-08-12T18:50:48.989106,1427.01,DONE,1.7470,-0.6513,-167.66,0.0000,0.0000,7.5323,0,0.0,0.0,0.0,0.0,0.000,2.8211,-1.1344,0.5709,1232.46,4.2088,-0.2006,23.59,0.0000,0.00,0,0,0,1232.37,0,0.000,0.0000
2026-08-12T18:50:49.988975,1428.01,DONE,1.7470,-0.6513,-167.66,0.0000,0.0000,7.5323,0,0.0,0.0,0.0,0.0,0.000,2.8211,-1.1344,0.5709,1233.46,4.2088,-0.2006,23.59,0.0000,0.00,0,0,0,1233.37,0,0.000,0.0000
2026-08-12T18:50:50.988992,1429.01,DONE,1.7470,-0.6513,-167.66,0.0000,0.0000,7.5323,0,0.0,0.0,0.0,0.0,0.000,2.8211,-1.1344,0.5709,1234.46,4.2088,-0.2006,23.59,0.0000,0.00,0,0,0,1234.37,0,0.000,0.0000
2026-08-12T18:50:51.989035,1430.01,DONE,1.7470,-0.6513,-167.66,0.0000,0.0000,7.5323,0,0.0,0.0,0.0,0.0,0.000,2.8211,-1.1344,0.5709,1235.46,4.2088,-0.2006,23.59,0.0000,0.00,0,0,0,1235.37,0,0.000,0.0000
2026-08-12T18:50:52.989097,1431.01,DONE,1.7470,-0.6513,-167.66,0.0000,0.0000,7.5323,0,0.0,0.0,0.0,0.0,0.000,2.8211,-1.1344,0.5709,1236.46,4.2088,-0.2006,23.59,0.0000,0.00,0,0,0,1236.37,0,0.000,0.0000
2026-08-12T18:50:53.988982,1432.01,DONE,1.7470,-0.6513,-167.66,0.0000,0.0000,7.5323,0,0.0,0.0,0.0,0.0,0.000,2.8211,-1.1344,0.5709,1237.46,4.2088,-0.2006,23.59,0.0000,0.00,0,0,0,1237.37,0,0.000,0.0000
2026-08-12T18:50:54.988952,1433.01,DONE,1.7470,-0.6513,-167.66,0.0000,0.0000,7.5323,0,0.0,0.0,0.0,0.0,0.000,2.8211,-1.1344,0.5709,1238.46,4.2088,-0.2006,23.59,0.0000,0.00,0,0,0,1238.37,0,0.000,0.0000
2026-08-12T18:50:55.989135,1434.01,DONE,1.7470,-0.6513,-167.66,0.0000,0.0000,7.5323,0,0.0,0.0,0.0,0.0,0.000,2.8211,-1.1344,0.5709,1239.46,4.2088,-0.2006,23.59,0.0000,0.00,0,0,0,1239.37,0,0.000,0.0000
2026-08-12T18:50:56.989203,1435.01,DONE,1.7470,-0.6513,-167.66,0.0000,0.0000,7.5323,0,0.0,0.0,0.0,0.0,0.000,2.8211,-1.1344,0.5709,1240.46,4.2088,-0.2006,23.59,0.0000,0.00,0,0,0,1240.37,0,0.000,0.0000
2026-08-12T18:50:57.989361,1436.01,DONE,1.7470,-0.6513,-167.66,0.0000,0.0000,7.5323,0,0.0,0.0,0.0,0.0,0.000,2.8211,-1.1344,0.5709,1241.46,4.2088,-0.2006,23.59,0.0000,0.00,0,0,0,1241.37,0,0.000,0.0000
2026-08-12T18:50:58.988984,1437.01,DONE,1.7470,-0.6513,-167.66,0.0000,0.0000,7.5323,0,0.0,0.0,0.0,0.0,0.000,2.8211,-1.1344,0.5709,1242.46,4.2088,-0.2006,23.59,0.0000,0.00,0,0,0,1242.37,0,0.000,0.0000
2026-08-12T18:50:59.989019,1438.01,DONE,1.7470,-0.6513,-167.66,0.0000,0.0000,7.5323,0,0.0,0.0,0.0,0.0,0.000,2.8211,-1.1344,0.5709,1243.46,4.2088,-0.2006,23.59,0.0000,0.00,0,0,0,1243.37,0,0.000,0.0000
2026-08-12T18:51:00.989059,1439.01,DONE,1.7470,-0.6513,-167.66,0.0000,0.0000,7.5323,0,0.0,0.0,0.0,0.0,0.000,2.8211,-1.1344,0.5709,1244.46,4.2088,-0.2006,23.59,0.0000,0.00,0,0,0,1244.37,0,0.000,0.0000
2026-08-12T18:51:01.988975,1440.01,DONE,1.7470,-0.6513,-167.66,0.0000,0.0000,7.5323,0,0.0,0.0,0.0,0.0,0.000,2.8211,-1.1344,0.5709,1245.46,4.2088,-0.2006,23.59,0.0000,0.00,0,0,0,1245.37,0,0.000,0.0000
2026-08-12T18:51:02.989006,1441.01,DONE,1.7470,-0.6513,-167.66,0.0000,0.0000,7.5323,0,0.0,0.0,0.0,0.0,0.000,2.8211,-1.1344,0.5709,1246.46,4.2088,-0.2006,23.59,0.0000,0.00,0,0,0,1246.37,0,0.000,0.0000
2026-08-12T18:51:03.989044,1442.01,DONE,1.7470,-0.6513,-167.66,0.0000,0.0000,7.5323,0,0.0,0.0,0.0,0.0,0.000,2.8211,-1.1344,0.5709,1247.46,4.2088,-0.2006,23.59,0.0000,0.00,0,0,0,1247.37,0,0.000,0.0000
2026-08-12T18:51:04.989622,1443.01,DONE,1.7470,-0.6513,-167.66,0.0000,0.0000,7.5323,0,0.0,0.0,0.0,0.0,0.000,2.8211,-1.1344,0.5709,1248.46,4.2088,-0.2006,23.59,0.0000,0.00,0,0,0,1248.37,0,0.000,0.0000
2026-08-12T18:51:05.988895,1444.01,DONE,1.7470,-0.6513,-167.66,0.0000,0.0000,7.5323,0,0.0,0.0,0.0,0.0,0.000,2.8211,-1.1344,0.5709,1249.46,4.2088,-0.2006,23.59,0.0000,0.00,0,0,0,1249.37,0,0.000,0.0000
2026-08-12T18:51:06.988933,1445.01,DONE,1.7470,-0.6513,-167.66,0.0000,0.0000,7.5323,0,0.0,0.0,0.0,0.0,0.000,2.8211,-1.1344,0.5709,1250.46,4.2088,-0.2006,23.59,0.0000,0.00,0,0,0,1250.37,0,0.000,0.0000
2026-08-12T18:51:07.989372,1446.01,DONE,1.7470,-0.6513,-167.66,0.0000,0.0000,7.5323,0,0.0,0.0,0.0,0.0,0.000,2.8211,-1.1344,0.5709,1251.46,4.2088,-0.2006,23.59,0.0000,0.00,0,0,0,1251.37,0,0.000,0.0000
2026-08-12T18:51:08.988970,1447.01,DONE,1.7470,-0.6513,-167.66,0.0000,0.0000,7.5323,0,0.0,0.0,0.0,0.0,0.000,2.8211,-1.1344,0.5709,1252.46,4.2088,-0.2006,23.59,0.0000,0.00,0,0,0,1252.37,0,0.000,0.0000
2026-08-12T18:51:09.988958,1448.01,DONE,1.7470,-0.6513,-167.66,0.0000,0.0000,7.5323,0,0.0,0.0,0.0,0.0,0.000,2.8211,-1.1344,0.5709,1253.46,4.2088,-0.2006,23.59,0.0000,0.00,0,0,0,1253.37,0,0.000,0.0000
2026-08-12T18:51:10.988957,1449.01,DONE,1.7470,-0.6513,-167.66,0.0000,0.0000,7.5323,0,0.0,0.0,0.0,0.0,0.000,2.8211,-1.1344,0.5709,1254.46,4.2088,-0.2006,23.59,0.0000,0.00,0,0,0,1254.37,0,0.000,0.0000
2026-08-12T18:51:11.988999,1450.01,DONE,1.7470,-0.6513,-167.66,0.0000,0.0000,7.5323,0,0.0,0.0,0.0,0.0,0.000,2.8211,-1.1344,0.5709,1255.46,4.2088,-0.2006,23.59,0.0000,0.00,0,0,0,1255.37,0,0.000,0.0000
2026-08-12T18:51:12.989227,1451.01,DONE,1.7470,-0.6513,-167.66,0.0000,0.0000,7.5323,0,0.0,0.0,0.0,0.0,0.000,2.8211,-1.1344,0.5709,1256.46,4.2088,-0.2006,23.59,0.0000,0.00,0,0,0,1256.37,0,0.000,0.0000
2026-08-12T18:51:13.988989,1452.01,DONE,1.7470,-0.6513,-167.66,0.0000,0.0000,7.5323,0,0.0,0.0,0.0,0.0,0.000,2.8211,-1.1344,0.5709,1257.46,4.2088,-0.2006,23.59,0.0000,0.00,0,0,0,1257.37,0,0.000,0.0000
2026-08-12T18:51:14.988911,1453.01,DONE,1.7470,-0.6513,-167.66,0.0000,0.0000,7.5323,0,0.0,0.0,0.0,0.0,0.000,2.8211,-1.1344,0.5709,1258.46,4.2088,-0.2006,23.59,0.0000,0.00,0,0,0,1258.37,0,0.000,0.0000
2026-08-12T18:51:15.988999,1454.01,DONE,1.7470,-0.6513,-167.66,0.0000,0.0000,7.5323,0,0.0,0.0,0.0,0.0,0.000,2.8211,-1.1344,0.5709,1259.46,4.2088,-0.2006,23.59,0.0000,0.00,0,0,0,1259.37,0,0.000,0.0000
2026-08-12T18:51:16.988880,1455.01,DONE,1.7470,-0.6513,-167.66,0.0000,0.0000,7.5323,0,0.0,0.0,0.0,0.0,0.000,2.8211,-1.1344,0.5709,1260.46,4.2088,-0.2006,23.59,0.0000,0.00,0,0,0,1260.37,0,0.000,0.0000
2026-08-12T18:51:17.989032,1456.01,DONE,1.7470,-0.6513,-167.66,0.0000,0.0000,7.5323,0,0.0,0.0,0.0,0.0,0.000,2.8211,-1.1344,0.5709,1261.46,4.2088,-0.2006,23.59,0.0000,0.00,0,0,0,1261.37,0,0.000,0.0000
2026-08-12T18:51:18.989042,1457.01,DONE,1.7470,-0.6513,-167.66,0.0000,0.0000,7.5323,0,0.0,0.0,0.0,0.0,0.000,2.8211,-1.1344,0.5709,1262.46,4.2088,-0.2006,23.59,0.0000,0.00,0,0,0,1262.37,0,0.000,0.0000
2026-08-12T18:51:19.989010,1458.01,DONE,1.7470,-0.6513,-167.66,0.0000,0.0000,7.5323,0,0.0,0.0,0.0,0.0,0.000,2.8211,-1.1344,0.5709,1263.46,4.2088,-0.2006,23.59,0.0000,0.00,0,0,0,1263.37,0,0.000,0.0000
2026-08-12T18:51:20.989003,1459.01,DONE,1.7470,-0.6513,-167.66,0.0000,0.0000,7.5323,0,0.0,0.0,0.0,0.0,0.000,2.8211,-1.1344,0.5709,1264.46,4.2088,-0.2006,23.59,0.0000,0.00,0,0,0,1264.37,0,0.000,0.0000
2026-08-12T18:51:21.989061,1460.01,DONE,1.7470,-0.6513,-167.66,0.0000,0.0000,7.5323,0,0.0,0.0,0.0,0.0,0.000,2.8211,-1.1344,0.5709,1265.46,4.2088,-0.2006,23.59,0.0000,0.00,0,0,0,1265.37,0,0.000,0.0000
2026-08-12T18:51:22.988989,1461.01,DONE,1.7470,-0.6513,-167.66,0.0000,0.0000,7.5323,0,0.0,0.0,0.0,0.0,0.000,2.8211,-1.1344,0.5709,1266.46,4.2088,-0.2006,23.59,0.0000,0.00,0,0,0,1266.37,0,0.000,0.0000
2026-08-12T18:51:23.988951,1462.01,DONE,1.7470,-0.6513,-167.66,0.0000,0.0000,7.5323,0,0.0,0.0,0.0,0.0,0.000,2.8211,-1.1344,0.5709,1267.46,4.2088,-0.2006,23.59,0.0000,0.00,0,0,0,1267.37,0,0.000,0.0000
2026-08-12T18:51:24.988965,1463.01,DONE,1.7470,-0.6513,-167.66,0.0000,0.0000,7.5323,0,0.0,0.0,0.0,0.0,0.000,2.8211,-1.1344,0.5709,1268.46,4.2088,-0.2006,23.59,0.0000,0.00,0,0,0,1268.37,0,0.000,0.0000
2026-08-12T18:51:25.989016,1464.01,DONE,1.7470,-0.6513,-167.66,0.0000,0.0000,7.5323,0,0.0,0.0,0.0,0.0,0.000,2.8211,-1.1344,0.5709,1269.46,4.2088,-0.2006,23.59,0.0000,0.00,0,0,0,1269.37,0,0.000,0.0000
2026-08-12T18:51:26.988954,1465.01,DONE,1.7470,-0.6513,-167.66,0.0000,0.0000,7.5323,0,0.0,0.0,0.0,0.0,0.000,2.8211,-1.1344,0.5709,1270.46,4.2088,-0.2006,23.59,0.0000,0.00,0,0,0,1270.37,0,0.000,0.0000
2026-08-12T18:51:27.988950,1466.01,DONE,1.7470,-0.6513,-167.66,0.0000,0.0000,7.5323,0,0.0,0.0,0.0,0.0,0.000,2.8211,-1.1344,0.5709,1271.46,4.2088,-0.2006,23.59,0.0000,0.00,0,0,0,1271.37,0,0.000,0.0000
2026-08-12T18:51:28.989001,1467.01,DONE,1.7470,-0.6513,-167.66,0.0000,0.0000,7.5323,0,0.0,0.0,0.0,0.0,0.000,2.8211,-1.1344,0.5709,1272.46,4.2088,-0.2006,23.59,0.0000,0.00,0,0,0,1272.37,0,0.000,0.0000
2026-08-12T18:51:29.988962,1468.01,DONE,1.7470,-0.6513,-167.66,0.0000,0.0000,7.5323,0,0.0,0.0,0.0,0.0,0.000,2.8211,-1.1344,0.5709,1273.46,4.2088,-0.2006,23.59,0.0000,0.00,0,0,0,1273.37,0,0.000,0.0000
2026-08-12T18:51:30.988997,1469.01,DONE,1.7470,-0.6513,-167.66,0.0000,0.0000,7.5323,0,0.0,0.0,0.0,0.0,0.000,2.8211,-1.1344,0.5709,1274.46,4.2088,-0.2006,23.59,0.0000,0.00,0,0,0,1274.37,0,0.000,0.0000
2026-08-12T18:51:31.989224,1470.01,DONE,1.7470,-0.6513,-167.66,0.0000,0.0000,7.5323,0,0.0,0.0,0.0,0.0,0.000,2.8211,-1.1344,0.5709,1275.46,4.2088,-0.2006,23.59,0.0000,0.00,0,0,0,1275.37,0,0.000,0.0000
2026-08-12T18:51:32.989084,1471.01,DONE,1.7470,-0.6513,-167.66,0.0000,0.0000,7.5323,0,0.0,0.0,0.0,0.0,0.000,2.8211,-1.1344,0.5709,1276.46,4.2088,-0.2006,23.59,0.0000,0.00,0,0,0,1276.37,0,0.000,0.0000
2026-08-12T18:51:33.988934,1472.01,DONE,1.7470,-0.6513,-167.66,0.0000,0.0000,7.5323,0,0.0,0.0,0.0,0.0,0.000,2.8211,-1.1344,0.5709,1277.46,4.2088,-0.2006,23.59,0.0000,0.00,0,0,0,1277.37,0,0.000,0.0000
2026-08-12T18:51:34.988933,1473.01,DONE,1.7470,-0.6513,-167.66,0.0000,0.0000,7.5323,0,0.0,0.0,0.0,0.0,0.000,2.8211,-1.1344,0.5709,1278.46,4.2088,-0.2006,23.59,0.0000,0.00,0,0,0,1278.37,0,0.000,0.0000
2026-08-12T18:51:35.988910,1474.01,DONE,1.7470,-0.6513,-167.66,0.0000,0.0000,7.5323,0,0.0,0.0,0.0,0.0,0.000,2.8211,-1.1344,0.5709,1279.46,4.2088,-0.2006,23.59,0.0000,0.00,0,0,0,1279.37,0,0.000,0.0000
2026-08-12T18:51:36.989021,1475.01,DONE,1.7470,-0.6513,-167.66,0.0000,0.0000,7.5323,0,0.0,0.0,0.0,0.0,0.000,2.8211,-1.1344,0.5709,1280.46,4.2088,-0.2006,23.59,0.0000,0.00,0,0,0,1280.37,0,0.000,0.0000
2026-08-12T18:51:37.989008,1476.01,DONE,1.7470,-0.6513,-167.66,0.0000,0.0000,7.5323,0,0.0,0.0,0.0,0.0,0.000,2.8211,-1.1344,0.5709,1281.46,4.2088,-0.2006,23.59,0.0000,0.00,0,0,0,1281.37,0,0.000,0.0000
2026-08-12T18:51:38.989097,1477.01,DONE,1.7470,-0.6513,-167.66,0.0000,0.0000,7.5323,0,0.0,0.0,0.0,0.0,0.000,2.8211,-1.1344,0.5709,1282.46,4.2088,-0.2006,23.59,0.0000,0.00,0,0,0,1282.37,0,0.000,0.0000
2026-08-12T18:51:39.989010,1478.01,DONE,1.7470,-0.6513,-167.66,0.0000,0.0000,7.5323,0,0.0,0.0,0.0,0.0,0.000,2.8211,-1.1344,0.5709,1283.46,4.2088,-0.2006,23.59,0.0000,0.00,0,0,0,1283.37,0,0.000,0.0000
2026-08-12T18:51:40.989253,1479.01,DONE,1.7470,-0.6513,-167.66,0.0000,0.0000,7.5323,0,0.0,0.0,0.0,0.0,0.000,2.8211,-1.1344,0.5709,1284.46,4.2088,-0.2006,23.59,0.0000,0.00,0,0,0,1284.37,0,0.000,0.0000
2026-08-12T18:51:41.988996,1480.01,DONE,1.7470,-0.6513,-167.66,0.0000,0.0000,7.5323,0,0.0,0.0,0.0,0.0,0.000,2.8211,-1.1344,0.5709,1285.46,4.2088,-0.2006,23.59,0.0000,0.00,0,0,0,1285.37,0,0.000,0.0000
