wall_time,sim_time_sec,mission_state,odom_x,odom_y,odom_yaw_deg,odom_vel_x,odom_vel_yaw,dist_from_start,gate_2d_detected,gate_2d_px_x,gate_2d_px_y,gate_2d_w_px,gate_2d_h_px,gate_2d_conf,gate_3d_x,gate_3d_y,gate_3d_z,gate_3d_age_sec,nav_gate_odom_x,nav_gate_odom_y,nav_approach_yaw_deg,nav_distance_m,nav_bearing_err_deg,nav_commit_ticks,nav_align_ticks,nav_yolo_fresh,nav_yolo_age_sec,nav_source,cmd_linear_x,cmd_angular_z
2026-08-22T21:31:55.033164,1.02,UNKNOWN,14.0000,4.0000,89.95,0.0000,0.0000,0.0000,,,,,,,,,,,,,,,,,,,,,,
2026-08-22T21:31:56.033148,2.02,UNKNOWN,14.0000,4.0000,89.95,0.0000,0.0000,0.0000,,,,,,,,,,,,,,,,,,,,,,
2026-08-22T21:31:56.456353,2.44,FORWARD,14.0000,4.0000,89.95,0.0000,0.0000,0.0000,,,,,,,,,,,,,,,,,,,,,,
2026-08-22T21:31:57.033148,3.02,FORWARD,14.0001,4.1103,89.95,0.1999,0.0000,0.1103,,,,,,,,,,,nan,nan,nan,3.4057,0.00,0,0,0,-1.00,0,0.200,0.0000
2026-08-22T21:31:58.033105,4.02,FORWARD,14.0002,4.3062,89.95,0.1999,0.0000,0.3062,,,,,,,,,,,nan,nan,nan,3.2098,0.00,0,0,0,-1.00,0,0.200,0.0000
2026-08-22T21:31:59.033182,5.02,FORWARD,14.0004,4.5021,89.95,0.1999,0.0000,0.5021,1,583.8,240.6,112.4,104.4,0.920,6.4874,-3.9563,-0.0108,0.02,nan,nan,nan,3.0099,0.00,0,0,0,-1.00,0,0.200,0.0000
2026-08-22T21:31:59.058528,5.04,TRACK,14.0004,4.5061,89.95,0.1999,0.0000,0.5061,1,583.9,240.4,112.2,104.2,0.922,6.4874,-3.9563,-0.0108,0.05,nan,nan,nan,3.0099,0.00,0,0,0,-1.00,0,0.200,0.0000
2026-08-22T21:32:00.033556,6.02,TRACK,14.0172,4.6381,75.08,0.1499,-0.2998,0.6383,1,485.6,241.7,157.3,99.6,0.904,7.2083,-2.9366,-0.0230,0.01,19.1992,11.2230,nan,8.1093,-23.37,0,0,1,0.01,1,0.150,-0.3000
2026-08-22T21:32:01.033171,7.02,TRACK,14.0748,4.7727,59.68,0.1499,-0.1764,0.7764,1,354.8,240.5,150.9,96.1,0.852,6.9199,-0.6308,-0.0044,0.02,18.0527,10.2176,nan,7.2083,-6.74,0,0,1,0.08,1,0.150,-0.1765
2026-08-22T21:32:02.034128,8.02,TRACK,14.1523,4.8940,56.33,0.1499,-0.0158,0.9069,1,322.2,239.9,149.1,99.4,0.827,6.4874,-0.0443,0.0014,0.06,17.6316,9.9492,nan,6.6538,-0.60,0,0,1,0.05,1,0.150,-0.0158
2026-08-22T21:32:03.033098,9.02,TRACK,14.2326,5.0135,55.93,0.1499,0.0000,1.0399,1,319.3,240.1,155.6,101.9,0.850,7.2083,0.0124,-0.0016,0.02,17.6129,9.9375,nan,6.4874,-0.06,0,0,1,0.03,1,0.150,-0.0015
2026-08-22T21:32:04.033291,10.02,TRACK,14.3130,5.1329,56.09,0.1499,0.0042,1.1753,1,318.6,240.8,154.6,104.8,0.832,7.2083,0.0199,-0.0114,0.06,18.1772,10.8448,nan,7.4142,0.16,0,0,1,0.05,1,0.150,0.0042
2026-08-22T21:32:05.033119,11.02,TRACK,14.3964,5.2575,56.29,0.1499,0.0000,1.3185,1,319.8,240.4,156.9,107.3,0.845,6.8289,0.0063,-0.0062,0.06,17.9251,10.4861,nan,6.8289,0.04,0,0,1,0.05,1,0.150,0.0010
2026-08-22T21:32:06.033124,12.02,TRACK,14.4779,5.3797,56.30,0.1499,0.0000,1.4602,1,319.9,240.8,158.2,107.0,0.844,6.4874,0.0017,-0.0120,0.05,17.8240,10.3234,nan,6.4874,-0.04,0,0,1,0.05,1,0.150,-0.0010
2026-08-22T21:32:07.033306,13.02,TRACK,14.5595,5.5019,56.25,0.1499,0.0000,1.6028,1,320.3,242.0,162.0,112.5,0.801,6.4874,-0.0044,-0.0291,0.06,17.9094,10.4430,nan,6.4874,-0.03,0,0,1,0.04,1,0.150,-0.0009
2026-08-22T21:32:08.033479,14.02,TRACK,14.6428,5.6266,56.26,0.1499,0.0000,1.7490,1,319.6,242.7,162.9,117.8,0.792,6.4874,-0.0013,-0.0447,0.05,17.9912,10.5687,nan,6.4874,-0.01,0,0,1,0.05,1,0.150,-0.0004
2026-08-22T21:32:09.033122,15.02,TRACK,14.7243,5.7489,56.36,0.1499,0.0000,1.8929,1,319.6,242.8,166.6,122.3,0.809,6.0348,0.0040,-0.0370,0.05,18.0600,10.6995,nan,6.4874,0.04,0,0,1,0.04,1,0.150,0.0010
2026-08-22T21:32:10.033072,16.02,TRACK,14.8057,5.8712,56.44,0.1499,0.0000,2.0373,1,319.5,242.1,170.0,124.9,0.852,5.8977,0.0056,-0.0318,0.04,17.6687,10.1236,nan,5.6413,0.03,0,0,1,0.03,1,0.150,0.0008
2026-08-22T21:32:11.033198,17.02,TRACK,14.8868,5.9937,56.50,0.1499,0.0000,2.1821,1,318.6,241.9,176.1,126.9,0.849,5.8977,0.0190,-0.0255,0.02,18.0385,10.6994,nan,6.1785,0.07,0,0,1,0.03,1,0.150,0.0018
2026-08-22T21:32:12.033064,18.02,TRACK,14.9676,6.1164,56.74,0.1499,-0.0034,2.3271,1,319.9,241.0,179.1,127.9,0.853,5.8977,-0.0070,-0.0107,0.02,18.0382,10.7073,nan,6.0348,-0.13,0,0,1,0.01,1,0.150,-0.0034
2026-08-22T21:32:13.033090,19.02,TRACK,15.0482,6.2393,56.92,0.1499,0.0036,2.4725,1,321.3,240.5,184.5,130.0,0.836,7.2083,0.0044,-0.0103,0.02,18.0877,10.8039,nan,7.4142,0.14,0,0,1,0.00,1,0.150,0.0036
2026-08-22T21:32:14.033085,20.02,TRACK,15.1285,6.3624,56.83,0.1499,-0.0044,2.6181,1,321.4,240.3,185.1,132.4,0.878,5.8977,-0.0198,-0.0029,0.01,18.1218,10.8435,nan,5.8977,-0.17,0,0,1,0.00,1,0.150,-0.0044
2026-08-22T21:32:14.758999,20.74,ALIGN,15.1877,6.4527,56.69,0.1499,0.0000,2.7251,1,320.1,240.4,189.3,134.9,0.855,5.3505,-0.0032,-0.0047,0.07,17.8750,10.4692,nan,5.3505,-0.04,4,0,1,0.04,1,0.150,-0.0009
2026-08-22T21:32:15.033403,21.02,ALIGN,15.1891,6.4548,56.69,0.0000,0.0000,2.7276,1,320.0,240.7,189.6,135.5,0.857,5.3505,0.0004,-0.0089,0.05,17.8803,10.4765,56.21,4.8391,-0.48,0,2,1,0.05,0,0.000,0.0000
2026-08-22T21:32:15.560295,21.54,CROSS,15.1891,6.4548,56.69,0.0000,0.0000,2.7276,1,320.0,240.7,189.6,135.5,0.857,5.3505,0.0004,-0.0089,0.05,17.8803,10.4765,56.21,4.8391,-0.48,0,7,1,0.01,0,0.000,0.0000
2026-08-22T21:32:16.033403,22.02,CROSS,15.2296,6.5164,56.69,0.1999,0.0000,2.8008,1,319.8,240.1,190.9,136.1,0.859,5.4062,0.0015,-0.0011,0.06,17.8803,10.4765,56.21,7.2813,0.00,0,0,1,0.04,0,0.200,0.0000
2026-08-22T21:32:17.033080,23.02,CROSS,15.3349,6.6768,56.69,0.1999,0.0000,2.9912,1,319.8,240.5,195.5,141.2,0.899,5.0882,0.0023,-0.0061,0.04,17.8803,10.4765,56.21,7.0894,0.00,0,0,1,0.03,0,0.200,0.0000
2026-08-22T21:32:18.033046,24.02,CROSS,15.4447,6.8438,56.69,0.1999,0.0000,3.1898,1,319.1,239.7,203.5,148.1,0.889,4.8504,0.0117,0.0036,0.03,17.8803,10.4765,56.21,6.8896,0.00,0,0,1,0.02,0,0.200,0.0000
2026-08-22T21:32:19.033093,25.02,CROSS,15.5523,7.0076,56.69,0.1999,0.0000,3.3845,1,318.4,240.7,211.5,155.4,0.896,4.5929,0.0159,-0.0091,0.03,17.8803,10.4765,56.21,6.6937,0.00,0,0,1,0.02,0,0.200,0.0000
2026-08-22T21:32:20.033086,26.02,CROSS,15.6599,7.1713,56.69,0.1999,0.0000,3.5794,1,317.8,241.4,219.2,160.8,0.882,4.3250,0.0211,-0.0160,0.03,17.8803,10.4765,56.21,6.4978,0.00,0,0,1,0.01,0,0.200,0.0000
2026-08-22T21:32:21.033072,27.02,CROSS,15.7675,7.3350,56.69,0.1999,0.0000,3.7744,1,318.6,241.5,225.1,166.6,0.870,4.2195,0.0162,-0.0166,0.03,17.8803,10.4765,56.21,6.3019,0.00,0,0,1,0.00,0,0.200,0.0000
2026-08-22T21:32:22.033089,28.02,CROSS,15.8772,7.5020,56.69,0.1999,0.0000,3.9734,1,315.2,247.5,237.9,184.6,0.783,4.0547,0.0436,-0.0641,0.02,17.8803,10.4765,56.21,6.1020,0.00,0,0,1,0.01,0,0.200,0.0000
2026-08-22T21:32:23.033110,29.02,CROSS,15.9848,7.6657,56.69,0.1999,0.0000,4.1686,1,315.5,248.1,246.8,188.3,0.338,4.0232,0.0419,-0.0750,0.02,17.8803,10.4765,56.21,5.9061,0.00,0,0,1,0.01,0,0.200,0.0000
2026-08-22T21:32:24.033047,30.02,CROSS,16.0946,7.8327,56.69,0.1999,0.0000,4.3678,1,314.8,241.1,254.9,199.0,0.704,3.6041,0.0431,-0.0151,0.02,17.8803,10.4765,56.21,5.7062,0.00,0,0,1,0.01,0,0.200,0.0000
2026-08-22T21:32:25.033136,31.02,CROSS,16.2022,7.9964,56.69,0.1999,0.0000,4.5630,1,313.3,239.0,268.4,208.0,0.876,3.5793,0.0543,0.0071,0.01,17.8803,10.4765,56.21,5.5103,0.00,0,0,1,0.01,0,0.200,0.0000
2026-08-22T21:32:26.033227,32.02,CROSS,16.3076,8.1568,56.69,0.1999,0.0000,4.7544,1,312.0,242.5,277.8,218.5,0.594,3.3921,0.0626,-0.0198,0.05,17.8803,10.4765,56.21,5.3185,0.00,0,0,1,0.05,0,0.200,0.0000
2026-08-22T21:32:27.032989,33.02,CROSS,16.4151,8.3205,56.69,0.1999,0.0000,4.9497,1,309.8,242.0,295.1,223.0,0.447,3.2437,0.0743,-0.0136,0.04,17.8803,10.4765,56.21,5.1226,0.00,0,0,1,0.02,0,0.200,0.0000
2026-08-22T21:32:28.033032,34.02,CROSS,16.5205,8.4809,56.69,0.1999,0.0000,5.1411,1,308.0,233.6,311.7,250.0,0.194,2.9488,0.0797,0.0236,0.22,17.8803,10.4765,56.21,4.9307,0.00,0,0,1,0.14,0,0.200,0.0000
2026-08-22T21:32:29.033423,35.02,CROSS,16.6259,8.6412,56.69,0.1999,0.0000,5.3326,0,0.0,0.0,0.0,0.0,0.000,2.9488,0.0806,0.0437,0.60,17.8803,10.4765,56.21,4.7388,0.00,0,0,1,0.52,0,0.200,0.0000
2026-08-22T21:32:30.033920,36.02,CROSS,16.7313,8.8016,56.69,0.1999,0.0000,5.5241,0,0.0,0.0,0.0,0.0,0.000,2.7031,0.1037,0.0274,0.30,17.8803,10.4765,56.21,4.5429,0.00,0,0,1,0.22,0,0.200,0.0000
2026-08-22T21:32:31.033110,37.02,CROSS,16.8367,8.9620,56.69,0.1999,0.0000,5.7156,0,0.0,0.0,0.0,0.0,0.000,2.4952,0.1134,0.0150,0.12,17.8803,10.4765,56.21,4.3550,0.00,0,0,1,0.04,0,0.200,0.0000
2026-08-22T21:32:32.033288,38.02,CROSS,16.9443,9.1257,56.69,0.1999,0.0000,5.9111,0,0.0,0.0,0.0,0.0,0.000,2.4952,0.1134,0.0150,1.12,17.8803,10.4765,56.21,4.1591,0.00,0,0,1,1.04,0,0.200,0.0000
2026-08-22T21:32:33.033114,39.02,CROSS,17.0518,9.2894,56.69,0.1999,0.0000,6.1066,0,0.0,0.0,0.0,0.0,0.000,2.1761,0.0165,-0.0776,0.91,17.8803,10.4765,56.21,3.9632,0.00,0,0,1,0.83,0,0.200,0.0000
2026-08-22T21:32:34.033075,40.02,CROSS,17.1616,9.4564,56.69,0.1999,0.0000,6.3062,0,0.0,0.0,0.0,0.0,0.000,2.1761,0.0165,-0.0776,1.91,17.8803,10.4765,56.21,3.7633,0.00,0,0,0,1.83,0,0.200,0.0000
2026-08-22T21:32:35.033065,41.02,CROSS,17.2692,9.6201,56.69,0.1999,0.0000,6.5018,0,0.0,0.0,0.0,0.0,0.000,2.1761,0.0165,-0.0776,2.91,17.8803,10.4765,56.21,3.5675,0.00,0,0,0,2.83,0,0.200,0.0000
2026-08-22T21:32:36.033113,42.02,CROSS,17.3768,9.7838,56.69,0.1999,0.0000,6.6974,0,0.0,0.0,0.0,0.0,0.000,2.1761,0.0165,-0.0776,3.91,17.8803,10.4765,56.21,3.3716,0.00,0,0,0,3.83,0,0.200,0.0000
2026-08-22T21:32:37.033090,43.02,CROSS,17.4866,9.9508,56.69,0.1999,0.0000,6.8970,0,0.0,0.0,0.0,0.0,0.000,2.1761,0.0165,-0.0776,4.91,17.8803,10.4765,56.21,3.1717,0.00,0,0,0,4.83,0,0.200,0.0000
2026-08-22T21:32:38.033101,44.02,CROSS,17.5941,10.1146,56.69,0.1999,0.0000,7.0926,0,0.0,0.0,0.0,0.0,0.000,2.1761,0.0165,-0.0776,5.91,17.8803,10.4765,56.21,2.9718,0.00,0,0,0,5.83,0,0.200,0.0000
2026-08-22T21:32:39.033081,45.02,CROSS,17.7039,10.2816,56.69,0.1999,0.0000,7.2923,0,0.0,0.0,0.0,0.0,0.000,2.1761,0.0165,-0.0776,6.91,17.8803,10.4765,56.21,2.7759,0.00,0,0,0,6.83,0,0.200,0.0000
2026-08-22T21:32:40.033109,46.02,CROSS,17.8115,10.4453,56.69,0.1999,0.0000,7.4879,0,0.0,0.0,0.0,0.0,0.000,2.1761,0.0165,-0.0776,7.91,17.8803,10.4765,56.21,2.5800,0.00,0,0,0,7.83,0,0.200,0.0000
2026-08-22T21:32:41.033058,47.02,CROSS,17.9213,10.6123,56.69,0.1999,0.0000,7.6876,0,0.0,0.0,0.0,0.0,0.000,2.1761,0.0165,-0.0776,8.91,17.8803,10.4765,56.21,2.3801,0.00,0,0,0,8.83,0,0.200,0.0000
2026-08-22T21:32:42.033178,48.02,CROSS,18.0288,10.7760,56.69,0.1999,0.0000,7.8833,0,0.0,0.0,0.0,0.0,0.000,2.1761,0.0165,-0.0776,9.91,17.8803,10.4765,56.21,2.1803,0.00,0,0,0,9.83,0,0.200,0.0000
2026-08-22T21:32:43.033047,49.02,CROSS,18.1386,10.9431,56.69,0.1999,0.0000,8.0830,0,0.0,0.0,0.0,0.0,0.000,2.1761,0.0165,-0.0776,10.91,17.8803,10.4765,56.21,1.9844,0.00,0,0,0,10.83,0,0.200,0.0000
2026-08-22T21:32:44.033077,50.02,CROSS,18.2462,11.1068,56.69,0.1999,0.0000,8.2787,0,0.0,0.0,0.0,0.0,0.000,2.1761,0.0165,-0.0776,11.91,17.8803,10.4765,56.21,1.7845,0.00,0,0,0,11.83,0,0.200,0.0000
2026-08-22T21:32:45.033046,51.02,CROSS,18.3560,11.2738,56.69,0.1999,0.0000,8.4784,0,0.0,0.0,0.0,0.0,0.000,2.1761,0.0165,-0.0776,12.91,17.8803,10.4765,56.21,1.5886,0.00,0,0,0,12.83,0,0.200,0.0000
2026-08-22T21:32:46.033111,52.02,CROSS,18.4636,11.4375,56.69,0.1999,0.0000,8.6741,0,0.0,0.0,0.0,0.0,0.000,2.1761,0.0165,-0.0776,13.91,17.8803,10.4765,56.21,1.3887,0.00,0,0,0,13.83,0,0.200,0.0000
2026-08-22T21:32:47.033066,53.02,CROSS,18.5733,11.6046,56.69,0.1999,0.0000,8.8738,0,0.0,0.0,0.0,0.0,0.000,2.1761,0.0165,-0.0776,14.91,17.8803,10.4765,56.21,1.1928,0.00,0,0,0,14.83,0,0.200,0.0000
2026-08-22T21:32:48.033149,54.02,CROSS,18.6809,11.7683,56.69,0.1999,0.0000,9.0696,0,0.0,0.0,0.0,0.0,0.000,2.1761,0.0165,-0.0776,15.91,17.8803,10.4765,56.21,0.9969,0.00,0,0,0,15.83,0,0.200,0.0000
2026-08-22T21:32:49.033030,55.02,CROSS,18.7885,11.9320,56.69,0.1999,0.0000,9.2653,0,0.0,0.0,0.0,0.0,0.000,2.1761,0.0165,-0.0776,16.91,17.8803,10.4765,56.21,0.8010,0.00,0,0,0,16.83,0,0.200,0.0000
2026-08-22T21:32:50.033094,56.02,CROSS,18.8961,12.0957,56.69,0.1999,0.0000,9.4611,0,0.0,0.0,0.0,0.0,0.000,2.1761,0.0165,-0.0776,17.91,17.8803,10.4765,56.21,0.6012,0.00,0,0,0,17.83,0,0.200,0.0000
2026-08-22T21:32:51.033060,57.02,CROSS,19.0058,12.2627,56.69,0.1999,0.0000,9.6608,0,0.0,0.0,0.0,0.0,0.000,2.1761,0.0165,-0.0776,18.91,17.8803,10.4765,56.21,0.4053,0.00,0,0,0,18.83,0,0.200,0.0000
2026-08-22T21:32:52.033045,58.02,CROSS,19.1134,12.4264,56.69,0.1999,0.0000,9.8566,0,0.0,0.0,0.0,0.0,0.000,2.1761,0.0165,-0.0776,19.91,17.8803,10.4765,56.21,0.2094,0.00,0,0,0,19.83,0,0.200,0.0000
2026-08-22T21:32:53.033173,59.02,CROSS,19.2210,12.5901,56.69,0.1999,0.0000,10.0523,0,0.0,0.0,0.0,0.0,0.000,2.1761,0.0165,-0.0776,20.91,17.8803,10.4765,56.21,0.0095,0.00,0,0,0,20.83,0,0.200,0.0000
2026-08-22T21:32:53.058224,59.04,DONE,19.2254,12.5968,56.69,0.1999,0.0000,10.0603,0,0.0,0.0,0.0,0.0,0.000,2.1761,0.0165,-0.0776,20.93,17.8803,10.4765,56.21,0.0095,0.00,0,0,0,20.83,0,0.200,0.0000
2026-08-22T21:32:54.033198,60.02,DONE,19.2380,12.6160,66.14,0.0000,0.1999,10.0833,0,0.0,0.0,0.0,0.0,0.000,2.1761,0.0165,-0.0776,21.91,17.8803,10.4765,56.21,0.0000,0.00,0,0,0,21.83,0,0.000,0.2000
2026-08-22T21:32:55.033353,61.02,DONE,19.2380,12.6160,77.59,0.0000,0.1999,10.0833,0,0.0,0.0,0.0,0.0,0.000,2.1761,0.0165,-0.0776,22.91,17.8803,10.4765,56.21,0.0000,0.00,0,0,0,22.83,0,0.000,0.2000
2026-08-22T21:32:56.033130,62.02,DONE,19.2380,12.6160,86.24,0.0000,0.0841,10.0833,0,0.0,0.0,0.0,0.0,0.000,2.1761,0.0165,-0.0776,23.91,17.8803,10.4765,56.21,0.0000,0.00,0,0,0,23.83,0,0.000,0.0841
2026-08-22T21:32:57.033240,63.02,DONE,19.3349,12.6114,87.27,0.0000,0.0000,10.1301,0,0.0,0.0,0.0,0.0,0.000,2.1761,0.0165,-0.0776,24.91,17.8803,10.4765,56.21,0.0000,0.00,0,0,0,24.83,0,0.000,-0.0007
2026-08-22T21:32:58.033125,64.02,DONE,19.4816,12.6044,87.25,0.0000,0.0000,10.2022,0,0.0,0.0,0.0,0.0,0.000,2.1761,0.0165,-0.0776,25.91,17.8803,10.4765,56.21,0.0000,0.00,0,0,0,25.83,0,0.000,-0.0002
2026-08-22T21:32:59.033187,65.02,DONE,19.6284,12.5974,87.25,0.0000,0.0000,10.2759,0,0.0,0.0,0.0,0.0,0.000,2.1761,0.0165,-0.0776,26.91,17.8803,10.4765,56.21,0.0000,0.00,0,0,0,26.83,0,0.000,-0.0001
2026-08-22T21:33:00.033112,66.02,DONE,19.7781,12.5902,87.25,0.0000,0.0000,10.3526,0,0.0,0.0,0.0,0.0,0.000,2.1761,0.0165,-0.0776,27.91,17.8803,10.4765,56.21,0.0000,0.00,0,0,0,27.83,0,0.000,-0.0000
2026-08-22T21:33:01.033127,67.02,DONE,19.9218,12.5833,87.25,0.0000,0.0000,10.4279,0,0.0,0.0,0.0,0.0,0.000,2.1761,0.0165,-0.0776,28.91,17.8803,10.4765,56.21,0.0000,0.00,0,0,0,28.83,0,0.000,-0.0000
2026-08-22T21:33:02.033211,68.02,DONE,20.0685,12.5762,87.25,0.0000,0.0000,10.5061,0,0.0,0.0,0.0,0.0,0.000,2.1761,0.0165,-0.0776,29.91,17.8803,10.4765,56.21,0.0000,0.00,0,0,0,29.83,0,0.000,-0.0000
2026-08-22T21:33:03.033028,69.02,DONE,20.2183,12.5690,87.25,0.0000,0.0000,10.5875,0,0.0,0.0,0.0,0.0,0.000,2.1761,0.0165,-0.0776,30.91,17.8803,10.4765,56.21,0.0000,0.00,0,0,0,30.83,0,0.000,-0.0000
2026-08-22T21:33:04.033111,70.02,DONE,20.3650,12.5619,87.25,0.0000,0.0000,10.6686,0,0.0,0.0,0.0,0.0,0.000,2.1761,0.0165,-0.0776,31.91,17.8803,10.4765,56.21,0.0000,0.00,0,0,0,31.83,0,0.000,-0.0000
2026-08-22T21:33:05.033068,71.02,DONE,20.5147,12.5547,87.25,0.0000,0.0000,10.7529,0,0.0,0.0,0.0,0.0,0.000,2.1761,0.0165,-0.0776,32.91,17.8803,10.4765,56.21,0.0000,0.00,0,0,0,32.83,0,0.000,-0.0000
2026-08-22T21:33:06.033061,72.02,DONE,20.6614,12.5477,87.25,0.0000,0.0000,10.8369,0,0.0,0.0,0.0,0.0,0.000,2.1761,0.0165,-0.0776,33.91,17.8803,10.4765,56.21,0.0000,0.00,0,0,0,33.83,0,0.000,0.0000
2026-08-22T21:33:07.032974,73.02,DONE,20.8112,12.5405,87.25,0.0000,0.0000,10.9239,0,0.0,0.0,0.0,0.0,0.000,2.1761,0.0165,-0.0776,34.91,17.8803,10.4765,56.21,0.0000,0.00,0,0,0,34.83,0,0.000,0.0000
2026-08-22T21:33:08.033058,74.02,DONE,20.9579,12.5334,87.25,-0.0000,0.0000,11.0105,0,0.0,0.0,0.0,0.0,0.000,2.1761,0.0165,-0.0776,35.91,17.8803,10.4765,56.21,0.0000,0.00,0,0,0,35.83,0,0.000,0.0000
2026-08-22T21:33:09.033083,75.02,DONE,21.1046,12.5263,87.25,-0.0000,0.0000,11.0984,0,0.0,0.0,0.0,0.0,0.000,2.1761,0.0165,-0.0776,36.91,17.8803,10.4765,56.21,0.0000,0.00,0,0,0,36.83,0,0.000,0.0000
2026-08-22T21:33:10.033291,76.02,DONE,21.2514,12.5193,87.25,-0.0000,0.0000,11.1875,0,0.0,0.0,0.0,0.0,0.000,2.1761,0.0165,-0.0776,37.91,17.8803,10.4765,56.21,0.0000,0.00,0,0,0,37.83,0,0.000,0.0000
2026-08-22T21:33:11.033366,77.02,DONE,21.4011,12.5121,87.25,-0.0000,0.0000,11.2797,0,0.0,0.0,0.0,0.0,0.000,2.1761,0.0165,-0.0776,38.91,17.8803,10.4765,56.21,0.0000,0.00,0,0,0,38.83,0,0.000,0.0000
2026-08-22T21:33:12.033205,78.02,DONE,21.5478,12.5050,87.25,-0.0000,0.0000,11.3712,0,0.0,0.0,0.0,0.0,0.000,2.1761,0.0165,-0.0776,39.91,17.8803,10.4765,56.21,0.0000,0.00,0,0,0,39.83,0,0.000,0.0000
2026-08-22T21:33:13.033155,79.02,DONE,21.6945,12.4980,87.25,0.0000,0.0000,11.4639,0,0.0,0.0,0.0,0.0,0.000,2.1761,0.0165,-0.0776,40.91,17.8803,10.4765,56.21,0.0000,0.00,0,0,0,40.83,0,0.000,0.0000
2026-08-22T21:33:14.033151,80.02,DONE,21.8443,12.4907,87.25,0.0000,0.0000,11.5596,0,0.0,0.0,0.0,0.0,0.000,2.1761,0.0165,-0.0776,41.91,17.8803,10.4765,56.21,0.0000,0.00,0,0,0,41.83,0,0.000,0.0000
2026-08-22T21:33:15.033159,81.02,DONE,21.9910,12.4837,87.25,0.0000,0.0000,11.6546,0,0.0,0.0,0.0,0.0,0.000,2.1761,0.0165,-0.0776,42.91,17.8803,10.4765,56.21,0.0000,0.00,0,0,0,42.83,0,0.000,0.0000
2026-08-22T21:33:16.033631,82.02,DONE,22.1407,12.4765,87.25,0.0000,0.0000,11.7525,0,0.0,0.0,0.0,0.0,0.000,2.1761,0.0165,-0.0776,43.91,17.8803,10.4765,56.21,0.0000,0.00,0,0,0,43.83,0,0.000,0.0000
2026-08-22T21:33:17.034138,83.02,DONE,22.2874,12.4694,87.25,0.0000,0.0000,11.8496,0,0.0,0.0,0.0,0.0,0.000,2.1761,0.0165,-0.0776,44.91,17.8803,10.4765,56.21,0.0000,0.00,0,0,0,44.83,0,0.000,0.0000
2026-08-22T21:33:18.033281,84.02,DONE,22.4372,12.4622,87.25,0.0000,0.0000,11.9497,0,0.0,0.0,0.0,0.0,0.000,2.1761,0.0165,-0.0776,45.91,17.8803,10.4765,56.21,0.0000,0.00,0,0,0,45.83,0,0.000,0.0000
2026-08-22T21:33:19.033308,85.02,DONE,22.5839,12.4552,87.25,0.0000,0.0000,12.0488,0,0.0,0.0,0.0,0.0,0.000,2.1761,0.0165,-0.0776,46.91,17.8803,10.4765,56.21,0.0000,0.00,0,0,0,46.83,0,0.000,0.0000
2026-08-22T21:33:20.033070,86.02,DONE,22.7306,12.4481,87.25,0.0000,0.0000,12.1488,0,0.0,0.0,0.0,0.0,0.000,2.1761,0.0165,-0.0776,47.91,17.8803,10.4765,56.21,0.0000,0.00,0,0,0,47.83,0,0.000,0.0000
2026-08-22T21:33:21.033195,87.02,DONE,22.8803,12.4409,87.25,0.0000,0.0000,12.2519,0,0.0,0.0,0.0,0.0,0.000,2.1761,0.0165,-0.0776,48.91,17.8803,10.4765,56.21,0.0000,0.00,0,0,0,48.83,0,0.000,0.0000
2026-08-22T21:33:22.033179,88.02,DONE,23.0271,12.4338,87.25,0.0000,0.0000,12.3538,0,0.0,0.0,0.0,0.0,0.000,2.1761,0.0165,-0.0776,49.91,17.8803,10.4765,56.21,0.0000,0.00,0,0,0,49.83,0,0.000,0.0000
2026-08-22T21:33:23.033063,89.02,DONE,23.1768,12.4266,87.25,0.0000,0.0000,12.4588,0,0.0,0.0,0.0,0.0,0.000,2.1761,0.0165,-0.0776,50.91,17.8803,10.4765,56.21,0.0000,0.00,0,0,0,50.83,0,0.000,0.0000
2026-08-22T21:33:24.033243,90.02,DONE,23.3235,12.4196,87.25,0.0000,0.0000,12.5625,0,0.0,0.0,0.0,0.0,0.000,2.1761,0.0165,-0.0776,51.91,17.8803,10.4765,56.21,0.0000,0.00,0,0,0,51.83,0,0.000,0.0000
2026-08-22T21:33:25.033462,91.02,DONE,23.4732,12.4124,87.25,0.0000,0.0000,12.6693,0,0.0,0.0,0.0,0.0,0.000,2.1761,0.0165,-0.0776,52.91,17.8803,10.4765,56.21,0.0000,0.00,0,0,0,52.83,0,0.000,0.0000
2026-08-22T21:33:26.033181,92.02,DONE,23.6170,12.4054,87.25,0.0000,0.0000,12.7725,0,0.0,0.0,0.0,0.0,0.000,2.1761,0.0165,-0.0776,53.91,17.8803,10.4765,56.21,0.0000,0.00,0,0,0,53.83,0,0.000,0.0000
2026-08-22T21:33:27.033017,93.02,DONE,23.7667,12.3982,87.25,0.0000,0.0000,12.8810,0,0.0,0.0,0.0,0.0,0.000,2.1761,0.0165,-0.0776,54.91,17.8803,10.4765,56.21,0.0000,0.00,0,0,0,54.83,0,0.000,0.0000
2026-08-22T21:33:28.033072,94.02,DONE,23.9134,12.3912,87.25,0.0000,0.0000,12.9880,0,0.0,0.0,0.0,0.0,0.000,2.1761,0.0165,-0.0776,55.91,17.8803,10.4765,56.21,0.0000,0.00,0,0,0,55.83,0,0.000,0.0000
2026-08-22T21:33:29.033338,95.02,DONE,24.0602,12.3841,87.25,0.0000,0.0000,13.0958,0,0.0,0.0,0.0,0.0,0.000,2.1761,0.0165,-0.0776,56.91,17.8803,10.4765,56.21,0.0000,0.00,0,0,0,56.83,0,0.000,0.0000
2026-08-22T21:33:30.033151,96.02,DONE,24.2099,12.3769,87.25,0.0000,0.0000,13.2066,0,0.0,0.0,0.0,0.0,0.000,2.1761,0.0165,-0.0776,57.91,17.8803,10.4765,56.21,0.0000,0.00,0,0,0,57.83,0,0.000,0.0000
2026-08-22T21:33:31.033223,97.02,DONE,24.3596,12.3697,87.25,0.0000,0.0000,13.3182,0,0.0,0.0,0.0,0.0,0.000,2.1761,0.0165,-0.0776,58.91,17.8803,10.4765,56.21,0.0000,0.00,0,0,0,58.83,0,0.000,0.0000
2026-08-22T21:33:32.033123,98.02,DONE,24.5063,12.3627,87.25,0.0000,0.0000,13.4282,0,0.0,0.0,0.0,0.0,0.000,2.1761,0.0165,-0.0776,59.91,17.8803,10.4765,56.21,0.0000,0.00,0,0,0,59.83,0,0.000,0.0000
2026-08-22T21:33:33.033113,99.02,DONE,24.6531,12.3556,87.25,0.0000,0.0000,13.5390,0,0.0,0.0,0.0,0.0,0.000,2.1761,0.0165,-0.0776,60.91,17.8803,10.4765,56.21,0.0000,0.00,0,0,0,60.83,0,0.000,0.0000
2026-08-22T21:33:34.033063,100.02,DONE,24.8028,12.3484,87.25,0.0000,0.0000,13.6527,0,0.0,0.0,0.0,0.0,0.000,2.1761,0.0165,-0.0776,61.91,17.8803,10.4765,56.21,0.0000,0.00,0,0,0,61.83,0,0.000,0.0000
2026-08-22T21:33:35.033053,101.02,DONE,24.9495,12.3413,87.25,0.0000,0.0000,13.7648,0,0.0,0.0,0.0,0.0,0.000,2.1761,0.0165,-0.0776,62.91,17.8803,10.4765,56.21,0.0000,0.00,0,0,0,62.83,0,0.000,0.0000
2026-08-22T21:33:36.033059,102.02,DONE,25.0992,12.3341,87.25,0.0000,0.0000,13.8799,0,0.0,0.0,0.0,0.0,0.000,2.1761,0.0165,-0.0776,63.91,17.8803,10.4765,56.21,0.0000,0.00,0,0,0,63.83,0,0.000,0.0000
2026-08-22T21:33:37.033120,103.02,DONE,25.2334,12.3277,87.25,0.0000,0.0000,13.9835,0,0.0,0.0,0.0,0.0,0.000,2.1761,0.0165,-0.0776,64.91,17.8803,10.4765,56.21,0.0000,0.00,0,0,0,64.83,0,0.000,0.0000
2026-08-22T21:33:38.033054,104.02,DONE,25.0837,12.3349,87.25,0.0000,0.0000,13.8679,0,0.0,0.0,0.0,0.0,0.000,2.1761,0.0165,-0.0776,65.91,17.8803,10.4765,56.21,0.0000,0.00,0,0,0,65.83,0,0.000,-0.0000
2026-08-22T21:33:39.033119,105.02,DONE,24.9369,12.3419,87.25,0.0000,0.0000,13.7552,0,0.0,0.0,0.0,0.0,0.000,2.1761,0.0165,-0.0776,66.91,17.8803,10.4765,56.21,0.0000,0.00,0,0,0,66.83,0,0.000,-0.0000
2026-08-22T21:33:40.033106,106.02,DONE,24.7872,12.3491,87.25,-0.0000,0.0000,13.6408,0,0.0,0.0,0.0,0.0,0.000,2.1761,0.0165,-0.0776,67.91,17.8803,10.4765,56.21,0.0000,0.00,0,0,0,67.83,0,0.000,-0.0000
2026-08-22T21:33:41.033010,107.02,DONE,24.6405,12.3562,87.25,-0.0000,0.0000,13.5295,0,0.0,0.0,0.0,0.0,0.000,2.1761,0.0165,-0.0776,68.91,17.8803,10.4765,56.21,0.0000,0.00,0,0,0,68.83,0,0.000,-0.0000
2026-08-22T21:33:42.033267,108.02,DONE,24.4938,12.3633,87.25,-0.0000,0.0000,13.4188,0,0.0,0.0,0.0,0.0,0.000,2.1761,0.0165,-0.0776,69.91,17.8803,10.4765,56.21,0.0000,0.00,0,0,0,69.83,0,0.000,-0.0000
2026-08-22T21:33:43.033045,109.02,DONE,24.3440,12.3705,87.25,-0.0000,0.0000,13.3065,0,0.0,0.0,0.0,0.0,0.000,2.1761,0.0165,-0.0776,70.91,17.8803,10.4765,56.21,0.0000,0.00,0,0,0,70.83,0,0.000,-0.0000
2026-08-22T21:33:44.032969,110.02,DONE,24.1943,12.3777,87.25,-0.0000,0.0000,13.1951,0,0.0,0.0,0.0,0.0,0.000,2.1761,0.0165,-0.0776,71.91,17.8803,10.4765,56.21,0.0000,0.00,0,0,0,71.83,0,0.000,-0.0000
2026-08-22T21:33:45.033126,111.02,DONE,24.0476,12.3847,87.25,-0.0000,0.0000,13.0865,0,0.0,0.0,0.0,0.0,0.000,2.1761,0.0165,-0.0776,72.91,17.8803,10.4765,56.21,0.0000,0.00,0,0,0,72.83,0,0.000,-0.0000
2026-08-22T21:33:46.033126,112.02,DONE,23.9009,12.3918,87.25,0.0000,0.0000,12.9788,0,0.0,0.0,0.0,0.0,0.000,2.1761,0.0165,-0.0776,73.91,17.8803,10.4765,56.21,0.0000,0.00,0,0,0,73.83,0,0.000,-0.0000
2026-08-22T21:33:47.033217,113.02,DONE,23.7541,12.3988,87.25,0.0000,0.0000,12.8718,0,0.0,0.0,0.0,0.0,0.000,2.1761,0.0165,-0.0776,74.91,17.8803,10.4765,56.21,0.0000,0.00,0,0,0,74.83,0,0.000,-0.0000
2026-08-22T21:33:48.033281,114.02,DONE,23.6044,12.4061,87.25,0.0000,0.0000,12.7635,0,0.0,0.0,0.0,0.0,0.000,2.1761,0.0165,-0.0776,75.91,17.8803,10.4765,56.21,0.0000,0.00,0,0,0,75.83,0,0.000,-0.0000
2026-08-22T21:33:49.033181,115.02,DONE,23.4577,12.4131,87.25,0.0000,0.0000,12.6581,0,0.0,0.0,0.0,0.0,0.000,2.1761,0.0165,-0.0776,76.91,17.8803,10.4765,56.21,0.0000,0.00,0,0,0,76.83,0,0.000,-0.0000
2026-08-22T21:33:50.033116,116.02,DONE,23.3080,12.4203,87.25,0.0000,0.0000,12.5515,0,0.0,0.0,0.0,0.0,0.000,2.1761,0.0165,-0.0776,77.91,17.8803,10.4765,56.21,0.0000,0.00,0,0,0,77.83,0,0.000,-0.0000
2026-08-22T21:33:51.033184,117.02,DONE,23.1612,12.4274,87.25,0.0000,0.0000,12.4478,0,0.0,0.0,0.0,0.0,0.000,2.1761,0.0165,-0.0776,78.91,17.8803,10.4765,56.21,0.0000,0.00,0,0,0,78.83,0,0.000,-0.0000
2026-08-22T21:33:52.033154,118.02,DONE,23.0145,12.4344,87.25,0.0000,0.0000,12.3451,0,0.0,0.0,0.0,0.0,0.000,2.1761,0.0165,-0.0776,79.91,17.8803,10.4765,56.21,0.0000,0.00,0,0,0,79.83,0,0.000,-0.0000
2026-08-22T21:33:53.033159,119.02,DONE,22.8678,12.4415,87.25,0.0000,0.0000,12.2432,0,0.0,0.0,0.0,0.0,0.000,2.1761,0.0165,-0.0776,80.91,17.8803,10.4765,56.21,0.0000,0.00,0,0,0,80.83,0,0.000,-0.0000
2026-08-22T21:33:54.033047,120.02,DONE,22.7180,12.4487,87.25,0.0000,0.0000,12.1402,0,0.0,0.0,0.0,0.0,0.000,2.1761,0.0165,-0.0776,81.91,17.8803,10.4765,56.21,0.0000,0.00,0,0,0,81.83,0,0.000,-0.0000
2026-08-22T21:33:55.033045,121.02,DONE,22.5713,12.4558,87.25,0.0000,0.0000,12.0402,0,0.0,0.0,0.0,0.0,0.000,2.1761,0.0165,-0.0776,82.91,17.8803,10.4765,56.21,0.0000,0.00,0,0,0,82.83,0,0.000,-0.0000
2026-08-22T21:33:56.033054,122.02,DONE,22.4246,12.4628,87.25,0.0000,0.0000,11.9412,0,0.0,0.0,0.0,0.0,0.000,2.1761,0.0165,-0.0776,83.91,17.8803,10.4765,56.21,0.0000,0.00,0,0,0,83.83,0,0.000,-0.0000
2026-08-22T21:33:57.033235,123.02,DONE,22.2779,12.4699,87.25,0.0000,0.0000,11.8432,0,0.0,0.0,0.0,0.0,0.000,2.1761,0.0165,-0.0776,84.91,17.8803,10.4765,56.21,0.0000,0.00,0,0,0,84.83,0,0.000,-0.0000
2026-08-22T21:33:58.033315,124.02,DONE,22.1281,12.4771,87.25,0.0000,0.0000,11.7443,0,0.0,0.0,0.0,0.0,0.000,2.1761,0.0165,-0.0776,85.91,17.8803,10.4765,56.21,0.0000,0.00,0,0,0,85.83,0,0.000,-0.0000
2026-08-22T21:33:59.033188,125.02,DONE,21.9814,12.4841,87.25,0.0000,0.0000,11.6483,0,0.0,0.0,0.0,0.0,0.000,2.1761,0.0165,-0.0776,86.91,17.8803,10.4765,56.21,0.0000,0.00,0,0,0,86.83,0,0.000,-0.0000
2026-08-22T21:34:00.033095,126.02,DONE,21.8347,12.4912,87.25,0.0000,0.0000,11.5535,0,0.0,0.0,0.0,0.0,0.000,2.1761,0.0165,-0.0776,87.91,17.8803,10.4765,56.21,0.0000,0.00,0,0,0,87.83,0,0.000,-0.0000
2026-08-22T21:34:01.033032,127.02,DONE,21.6850,12.4984,87.25,0.0000,0.0000,11.4578,0,0.0,0.0,0.0,0.0,0.000,2.1761,0.0165,-0.0776,88.91,17.8803,10.4765,56.21,0.0000,0.00,0,0,0,88.83,0,0.000,-0.0000
2026-08-22T21:34:02.033024,128.02,DONE,21.5352,12.5056,87.25,0.0000,0.0000,11.3633,0,0.0,0.0,0.0,0.0,0.000,2.1761,0.0165,-0.0776,89.91,17.8803,10.4765,56.21,0.0000,0.00,0,0,0,89.83,0,0.000,-0.0000
2026-08-22T21:34:03.033097,129.02,DONE,21.3885,12.5127,87.25,0.0000,0.0000,11.2719,0,0.0,0.0,0.0,0.0,0.000,2.1761,0.0165,-0.0776,90.91,17.8803,10.4765,56.21,0.0000,0.00,0,0,0,90.83,0,0.000,-0.0000
2026-08-22T21:34:04.032943,130.02,DONE,21.2388,12.5199,87.25,0.0000,0.0000,11.1798,0,0.0,0.0,0.0,0.0,0.000,2.1761,0.0165,-0.0776,91.91,17.8803,10.4765,56.21,0.0000,0.00,0,0,0,91.83,0,0.000,-0.0000
2026-08-22T21:34:05.033092,131.02,DONE,21.0921,12.5269,87.25,0.0000,0.0000,11.0908,0,0.0,0.0,0.0,0.0,0.000,2.1761,0.0165,-0.0776,92.91,17.8803,10.4765,56.21,0.0000,0.00,0,0,0,92.83,0,0.000,-0.0000
2026-08-22T21:34:06.032980,132.02,DONE,20.9423,12.5341,87.25,0.0000,0.0000,11.0013,0,0.0,0.0,0.0,0.0,0.000,2.1761,0.0165,-0.0776,93.91,17.8803,10.4765,56.21,0.0000,0.00,0,0,0,93.83,0,0.000,-0.0000
2026-08-22T21:34:07.033101,133.02,DONE,20.7956,12.5412,87.25,0.0000,0.0000,10.9148,0,0.0,0.0,0.0,0.0,0.000,2.1761,0.0165,-0.0776,94.91,17.8803,10.4765,56.21,0.0000,0.00,0,0,0,94.83,0,0.000,-0.0000
2026-08-22T21:34:08.033091,134.02,DONE,20.6489,12.5483,87.25,0.0000,0.0000,10.8296,0,0.0,0.0,0.0,0.0,0.000,2.1761,0.0165,-0.0776,95.91,17.8803,10.4765,56.21,0.0000,0.00,0,0,0,95.83,0,0.000,-0.0000
2026-08-22T21:34:09.033028,135.02,DONE,20.4991,12.5555,87.25,0.0000,0.0000,10.7441,0,0.0,0.0,0.0,0.0,0.000,2.1761,0.0165,-0.0776,96.91,17.8803,10.4765,56.21,0.0000,0.00,0,0,0,96.83,0,0.000,-0.0000
2026-08-22T21:34:10.033087,136.02,DONE,20.3524,12.5625,87.25,0.0000,0.0000,10.6616,0,0.0,0.0,0.0,0.0,0.000,2.1761,0.0165,-0.0776,97.91,17.8803,10.4765,56.21,0.0000,0.00,0,0,0,97.83,0,0.000,-0.0000
2026-08-22T21:34:11.033063,137.02,DONE,20.2027,12.5697,87.25,0.0000,0.0000,10.5789,0,0.0,0.0,0.0,0.0,0.000,2.1761,0.0165,-0.0776,98.91,17.8803,10.4765,56.21,0.0000,0.00,0,0,0,98.83,0,0.000,-0.0000
2026-08-22T21:34:12.033139,138.02,DONE,20.0560,12.5768,87.25,0.0000,0.0000,10.4993,0,0.0,0.0,0.0,0.0,0.000,2.1761,0.0165,-0.0776,99.91,17.8803,10.4765,56.21,0.0000,0.00,0,0,0,99.83,0,0.000,-0.0000
2026-08-22T21:34:13.033074,139.02,DONE,19.9062,12.5840,87.25,0.0000,0.0000,10.4196,0,0.0,0.0,0.0,0.0,0.000,2.1761,0.0165,-0.0776,100.91,17.8803,10.4765,56.21,0.0000,0.00,0,0,0,100.83,0,0.000,-0.0000
2026-08-22T21:34:14.033073,140.02,DONE,19.7595,12.5911,87.25,0.0000,0.0000,10.3430,0,0.0,0.0,0.0,0.0,0.000,2.1761,0.0165,-0.0776,101.91,17.8803,10.4765,56.21,0.0000,0.00,0,0,0,101.83,0,0.000,-0.0000
2026-08-22T21:34:15.033243,141.02,DONE,19.6098,12.5983,87.25,0.0000,0.0000,10.2664,0,0.0,0.0,0.0,0.0,0.000,2.1761,0.0165,-0.0776,102.91,17.8803,10.4765,56.21,0.0000,0.00,0,0,0,102.83,0,0.000,-0.0000
2026-08-22T21:34:16.033206,142.02,DONE,19.4631,12.6053,87.25,0.0000,0.0000,10.1930,0,0.0,0.0,0.0,0.0,0.000,2.1761,0.0165,-0.0776,103.91,17.8803,10.4765,56.21,0.0000,0.00,0,0,0,103.83,0,0.000,-0.0000
2026-08-22T21:34:17.033148,143.02,DONE,19.3163,12.6124,87.25,0.0000,0.0000,10.1211,0,0.0,0.0,0.0,0.0,0.000,2.1761,0.0165,-0.0776,104.91,17.8803,10.4765,56.21,0.0000,0.00,0,0,0,104.83,0,0.000,-0.0000
2026-08-22T21:34:18.033110,144.02,DONE,19.1666,12.6196,87.25,0.0000,0.0000,10.0494,0,0.0,0.0,0.0,0.0,0.000,2.1761,0.0165,-0.0776,105.91,17.8803,10.4765,56.21,0.0000,0.00,0,0,0,105.83,0,0.000,-0.0000
2026-08-22T21:34:19.033026,145.02,DONE,19.0199,12.6267,87.25,0.0000,0.0000,9.9809,0,0.0,0.0,0.0,0.0,0.000,2.1761,0.0165,-0.0776,106.91,17.8803,10.4765,56.21,0.0000,0.00,0,0,0,106.83,0,0.000,-0.0000
2026-08-22T21:34:20.033092,146.02,DONE,18.8702,12.6339,87.25,0.0000,0.0000,9.9127,0,0.0,0.0,0.0,0.0,0.000,2.1761,0.0165,-0.0776,107.91,17.8803,10.4765,56.21,0.0000,0.00,0,0,0,107.83,0,0.000,-0.0000
2026-08-22T21:34:21.033232,147.02,DONE,18.7234,12.6409,87.25,0.0000,0.0000,9.8477,0,0.0,0.0,0.0,0.0,0.000,2.1761,0.0165,-0.0776,108.91,17.8803,10.4765,56.21,0.0000,0.00,0,0,0,108.83,0,0.000,-0.0000
2026-08-22T21:34:22.033437,148.02,DONE,18.5737,12.6481,87.25,0.0000,0.0000,9.7831,0,0.0,0.0,0.0,0.0,0.000,2.1761,0.0165,-0.0776,109.91,17.8803,10.4765,56.21,0.0000,0.00,0,0,0,109.83,0,0.000,-0.0000
2026-08-22T21:34:23.033000,149.02,DONE,18.4240,12.6553,87.25,0.0000,0.0000,9.7204,0,0.0,0.0,0.0,0.0,0.000,2.1761,0.0165,-0.0776,110.91,17.8803,10.4765,56.21,0.0000,0.00,0,0,0,110.83,0,0.000,-0.0000
2026-08-22T21:34:24.033086,150.02,DONE,18.2773,12.6624,87.25,0.0000,0.0000,9.6608,0,0.0,0.0,0.0,0.0,0.000,2.1761,0.0165,-0.0776,111.91,17.8803,10.4765,56.21,0.0000,0.00,0,0,0,111.83,0,0.000,-0.0000
2026-08-22T21:34:25.033138,151.02,DONE,18.1305,12.6694,87.25,0.0000,0.0000,9.6032,0,0.0,0.0,0.0,0.0,0.000,2.1761,0.0165,-0.0776,112.91,17.8803,10.4765,56.21,0.0000,0.00,0,0,0,112.83,0,0.000,-0.0000
2026-08-22T21:34:26.033167,152.02,DONE,17.9838,12.6765,87.25,0.0000,0.0000,9.5474,0,0.0,0.0,0.0,0.0,0.000,2.1761,0.0165,-0.0776,113.91,17.8803,10.4765,56.21,0.0000,0.00,0,0,0,113.83,0,0.000,-0.0000
2026-08-22T21:34:27.033075,153.02,DONE,17.8341,12.6837,87.25,0.0000,0.0000,9.4925,0,0.0,0.0,0.0,0.0,0.000,3.9618,0.8273,1.8173,0.58,17.8803,10.4765,56.21,0.0000,0.00,0,0,1,0.50,0,0.000,-0.0000
2026-08-22T21:34:28.033133,154.02,DONE,17.6873,12.6908,87.25,0.0000,0.0000,9.4407,0,0.0,0.0,0.0,0.0,0.000,3.9618,0.8273,1.8173,1.58,17.8803,10.4765,56.21,0.0000,0.00,0,0,0,1.50,0,0.000,-0.0000
2026-08-22T21:34:29.033234,155.02,DONE,17.5406,12.6978,87.25,0.0000,0.0000,9.3909,0,0.0,0.0,0.0,0.0,0.000,3.7608,0.6130,1.7288,0.59,17.8803,10.4765,56.21,0.0000,0.00,0,0,1,0.51,0,0.000,-0.0000
2026-08-22T21:34:30.033407,156.02,DONE,17.3909,12.7050,87.25,0.0000,0.0000,9.3422,0,0.0,0.0,0.0,0.0,0.000,3.7608,0.6130,1.7288,1.59,17.8803,10.4765,56.21,0.0000,0.00,0,0,0,1.51,0,0.000,-0.0000
2026-08-22T21:34:31.033055,157.02,DONE,17.2412,12.7122,87.25,0.0000,0.0000,9.2956,0,0.0,0.0,0.0,0.0,0.000,3.7608,0.6130,1.7288,2.59,17.8803,10.4765,56.21,0.0000,0.00,0,0,0,2.51,0,0.000,-0.0000
2026-08-22T21:34:32.033224,158.02,DONE,17.0944,12.7193,87.25,0.0000,0.0000,9.2521,0,0.0,0.0,0.0,0.0,0.000,3.7608,0.6130,1.7288,3.59,17.8803,10.4765,56.21,0.0000,0.00,0,0,0,3.51,0,0.000,-0.0000
2026-08-22T21:34:33.033126,159.02,DONE,16.9447,12.7265,87.25,0.0000,0.0000,9.2100,0,0.0,0.0,0.0,0.0,0.000,3.7608,0.6130,1.7288,4.59,17.8803,10.4765,56.21,0.0000,0.00,0,0,0,4.51,0,0.000,-0.0000
2026-08-22T21:34:34.033222,160.02,DONE,16.7980,12.7336,87.25,0.0000,0.0000,9.1708,0,0.0,0.0,0.0,0.0,0.000,3.7608,0.6130,1.7288,5.59,17.8803,10.4765,56.21,0.0000,0.00,0,0,0,5.51,0,0.000,-0.0000
2026-08-22T21:34:35.033197,161.02,DONE,16.6513,12.7406,87.25,0.0000,0.0000,9.1339,0,0.0,0.0,0.0,0.0,0.000,3.7608,0.6130,1.7288,6.59,17.8803,10.4765,56.21,0.0000,0.00,0,0,0,6.51,0,0.000,-0.0000
2026-08-22T21:34:36.033235,162.02,DONE,16.5015,12.7478,87.25,0.0000,0.0000,9.0985,0,0.0,0.0,0.0,0.0,0.000,3.7608,0.6130,1.7288,7.59,17.8803,10.4765,56.21,0.0000,0.00,0,0,0,7.51,0,0.000,-0.0000
2026-08-22T21:34:37.033068,163.02,DONE,16.3548,12.7549,87.25,0.0000,0.0000,9.0660,0,0.0,0.0,0.0,0.0,0.000,3.7608,0.6130,1.7288,8.59,17.8803,10.4765,56.21,0.0000,0.00,0,0,0,8.51,0,0.000,-0.0000
2026-08-22T21:34:38.033030,164.02,DONE,16.2051,12.7621,87.25,0.0000,0.0000,9.0353,0,0.0,0.0,0.0,0.0,0.000,3.7608,0.6130,1.7288,9.59,17.8803,10.4765,56.21,0.0000,0.00,0,0,0,9.51,0,0.000,-0.0000
2026-08-22T21:34:39.033170,165.02,DONE,16.0584,12.7692,87.25,0.0000,0.0000,9.0075,0,0.0,0.0,0.0,0.0,0.000,3.7608,0.6130,1.7288,10.59,17.8803,10.4765,56.21,0.0000,0.00,0,0,0,10.51,0,0.000,-0.0000
2026-08-22T21:34:40.033365,166.02,DONE,15.9086,12.7764,87.25,0.0000,0.0000,8.9815,0,0.0,0.0,0.0,0.0,0.000,3.7608,0.6130,1.7288,11.59,17.8803,10.4765,56.21,0.0000,0.00,0,0,0,11.51,0,0.000,-0.0000
2026-08-22T21:34:41.033202,167.02,DONE,15.7619,12.7834,87.25,0.0000,0.0000,8.9584,0,0.0,0.0,0.0,0.0,0.000,3.7608,0.6130,1.7288,12.59,17.8803,10.4765,56.21,0.0000,0.00,0,0,0,12.51,0,0.000,-0.0000
2026-08-22T21:34:42.033190,168.02,DONE,15.6122,12.7906,87.25,0.0000,0.0000,8.9372,0,0.0,0.0,0.0,0.0,0.000,3.7608,0.6130,1.7288,13.59,17.8803,10.4765,56.21,0.0000,0.00,0,0,0,13.51,0,0.000,-0.0000
2026-08-22T21:34:43.033142,169.02,DONE,15.4655,12.7977,87.25,0.0000,0.0000,8.9189,0,0.0,0.0,0.0,0.0,0.000,3.7608,0.6130,1.7288,14.59,17.8803,10.4765,56.21,0.0000,0.00,0,0,0,14.51,0,0.000,-0.0000
2026-08-22T21:34:44.033079,170.02,DONE,15.3187,12.8047,87.25,0.0000,0.0000,8.9030,0,0.0,0.0,0.0,0.0,0.000,3.7608,0.6130,1.7288,15.59,17.8803,10.4765,56.21,0.0000,0.00,0,0,0,15.51,0,0.000,-0.0000
2026-08-22T21:34:45.033154,171.02,DONE,15.1690,12.8119,87.25,0.0000,0.0000,8.8892,0,0.0,0.0,0.0,0.0,0.000,3.7608,0.6130,1.7288,16.59,17.8803,10.4765,56.21,0.0000,0.00,0,0,0,16.51,0,0.000,-0.0000
2026-08-22T21:34:46.033028,172.02,DONE,15.0193,12.8192,87.25,0.0000,0.0000,8.8779,0,0.0,0.0,0.0,0.0,0.000,3.7608,0.6130,1.7288,17.59,17.8803,10.4765,56.21,0.0000,0.00,0,0,0,17.51,0,0.000,-0.0000
2026-08-22T21:34:47.033176,173.02,DONE,14.8726,12.8262,87.25,0.0000,0.0000,8.8692,0,0.0,0.0,0.0,0.0,0.000,3.7608,0.6130,1.7288,18.59,17.8803,10.4765,56.21,0.0000,0.00,0,0,0,18.51,0,0.000,-0.0000
2026-08-22T21:34:48.033055,174.02,DONE,14.7258,12.8333,87.25,0.0000,0.0000,8.8630,0,0.0,0.0,0.0,0.0,0.000,3.7608,0.6130,1.7288,19.59,17.8803,10.4765,56.21,0.0000,0.00,0,0,0,19.51,0,0.000,-0.0000
2026-08-22T21:34:49.032968,175.02,DONE,14.5761,12.8405,87.25,0.0000,0.0000,8.8592,0,0.0,0.0,0.0,0.0,0.000,3.7608,0.6130,1.7288,20.59,17.8803,10.4765,56.21,0.0000,0.00,0,0,0,20.51,0,0.000,-0.0000
2026-08-22T21:34:50.033100,176.02,DONE,14.4294,12.8475,87.25,0.0000,0.0000,8.8579,0,0.0,0.0,0.0,0.0,0.000,3.7608,0.6130,1.7288,21.59,17.8803,10.4765,56.21,0.0000,0.00,0,0,0,21.51,0,0.000,-0.0000
2026-08-22T21:34:51.033014,177.02,DONE,14.2797,12.8547,87.25,0.0000,0.0000,8.8592,0,0.0,0.0,0.0,0.0,0.000,3.7608,0.6130,1.7288,22.59,17.8803,10.4765,56.21,0.0000,0.00,0,0,0,22.51,0,0.000,-0.0000
2026-08-22T21:34:52.033098,178.02,DONE,14.1329,12.8618,87.25,0.0000,0.0000,8.8628,0,0.0,0.0,0.0,0.0,0.000,3.7608,0.6130,1.7288,23.59,17.8803,10.4765,56.21,0.0000,0.00,0,0,0,23.51,0,0.000,-0.0000
2026-08-22T21:34:53.033094,179.02,DONE,13.9862,12.8689,87.25,0.0000,0.0000,8.8689,0,0.0,0.0,0.0,0.0,0.000,3.7608,0.6130,1.7288,24.59,17.8803,10.4765,56.21,0.0000,0.00,0,0,0,24.51,0,0.000,-0.0000
2026-08-22T21:34:54.033106,180.02,DONE,13.8365,12.8761,87.25,0.0000,0.0000,8.8776,0,0.0,0.0,0.0,0.0,0.000,3.7608,0.6130,1.7288,25.59,17.8803,10.4765,56.21,0.0000,0.00,0,0,0,25.51,0,0.000,-0.0000
2026-08-22T21:34:55.033120,181.02,DONE,13.6897,12.8831,87.25,0.0000,0.0000,8.8885,0,0.0,0.0,0.0,0.0,0.000,3.7608,0.6130,1.7288,26.59,17.8803,10.4765,56.21,0.0000,0.00,0,0,0,26.51,0,0.000,-0.0000
2026-08-22T21:34:56.033113,182.02,DONE,13.5430,12.8902,87.25,0.0000,0.0000,8.9019,0,0.0,0.0,0.0,0.0,0.000,3.7608,0.6130,1.7288,27.59,17.8803,10.4765,56.21,0.0000,0.00,0,0,0,27.51,0,0.000,-0.0000
2026-08-22T21:34:57.033016,183.02,DONE,13.3933,12.8974,87.25,0.0000,0.0000,8.9181,0,0.0,0.0,0.0,0.0,0.000,3.7608,0.6130,1.7288,28.59,17.8803,10.4765,56.21,0.0000,0.00,0,0,0,28.51,0,0.000,-0.0000
2026-08-22T21:34:58.033179,184.02,DONE,13.2466,12.9045,87.25,0.0000,0.0000,8.9363,0,0.0,0.0,0.0,0.0,0.000,3.7608,0.6130,1.7288,29.59,17.8803,10.4765,56.21,0.0000,0.00,0,0,0,29.51,0,0.000,-0.0000
2026-08-22T21:34:59.033089,185.02,DONE,13.2304,13.0301,87.25,0.1499,0.0000,9.0629,0,0.0,0.0,0.0,0.0,0.000,3.7608,0.6130,1.7288,30.59,17.8803,10.4765,56.21,0.0000,0.00,0,0,0,30.51,0,0.150,-0.0000
2026-08-22T21:35:00.033206,186.02,DONE,13.2376,13.1799,87.25,0.1499,0.0000,9.2115,0,0.0,0.0,0.0,0.0,0.000,3.7608,0.6130,1.7288,31.59,17.8803,10.4765,56.21,0.0000,0.00,0,0,0,31.51,0,0.150,-0.0000
2026-08-22T21:35:01.033183,187.02,DONE,13.2445,13.3237,87.25,0.1499,0.0000,9.3542,0,0.0,0.0,0.0,0.0,0.000,3.7608,0.6130,1.7288,32.59,17.8803,10.4765,56.21,0.0000,0.00,0,0,0,32.51,0,0.150,-0.0000
2026-08-22T21:35:02.033259,188.02,DONE,13.2517,13.4734,87.25,0.1499,0.0000,9.5029,0,0.0,0.0,0.0,0.0,0.000,3.7608,0.6130,1.7288,33.59,17.8803,10.4765,56.21,0.0000,0.00,0,0,0,33.51,0,0.150,-0.0000
2026-08-22T21:35:03.033160,189.02,DONE,13.2588,13.6202,87.25,0.1499,0.0000,9.6487,0,0.0,0.0,0.0,0.0,0.000,3.7608,0.6130,1.7288,34.59,17.8803,10.4765,56.21,0.0000,0.00,0,0,0,34.51,0,0.150,-0.0000
2026-08-22T21:35:04.033148,190.02,DONE,13.2660,13.7699,87.25,0.1499,0.0000,9.7975,0,0.0,0.0,0.0,0.0,0.000,3.7608,0.6130,1.7288,35.59,17.8803,10.4765,56.21,0.0000,0.00,0,0,0,35.51,0,0.150,-0.0000
2026-08-22T21:35:05.033160,191.02,DONE,13.2731,13.9525,89.98,0.2997,0.1999,9.9790,0,0.0,0.0,0.0,0.0,0.000,3.7608,0.6130,1.7288,36.59,17.8803,10.4765,56.21,0.0000,0.00,0,0,0,36.51,0,0.300,0.2000
2026-08-22T21:35:06.033036,192.02,DONE,13.2521,14.2514,95.89,0.2997,0.0848,10.2787,0,0.0,0.0,0.0,0.0,0.000,3.7608,0.6130,1.7288,37.59,17.8803,10.4765,56.21,0.0000,0.00,0,0,0,37.51,0,0.300,0.0848
2026-08-22T21:35:07.032996,193.02,DONE,13.2111,14.5422,99.87,0.2997,0.0587,10.5717,0,0.0,0.0,0.0,0.0,0.000,3.7608,0.6130,1.7288,38.59,17.8803,10.4765,56.21,0.0000,0.00,0,0,0,38.51,0,0.300,0.0587
2026-08-22T21:35:08.033048,194.02,DONE,13.1533,14.8302,102.71,0.2997,0.0440,10.8632,0,0.0,0.0,0.0,0.0,0.000,3.7608,0.6130,1.7288,39.59,17.8803,10.4765,56.21,0.0000,0.00,0,0,0,39.51,0,0.300,0.0440
2026-08-22T21:35:09.033072,195.02,DONE,13.0829,15.1154,104.93,0.2997,0.0347,11.1531,0,0.0,0.0,0.0,0.0,0.000,3.7608,0.6130,1.7288,40.59,17.8803,10.4765,56.21,0.0000,0.00,0,0,0,40.51,0,0.300,0.0347
2026-08-22T21:35:10.033502,196.02,DONE,13.0028,15.3980,106.67,0.2997,0.0295,11.4415,0,0.0,0.0,0.0,0.0,0.000,3.7608,0.6130,1.7288,41.59,17.8803,10.4765,56.21,0.0000,0.00,0,0,0,41.51,0,0.300,0.0295
2026-08-22T21:35:11.033037,197.02,DONE,12.9131,15.6840,108.09,0.2997,0.0229,11.7344,0,0.0,0.0,0.0,0.0,0.000,3.7608,0.6130,1.7288,42.59,17.8803,10.4765,56.21,0.0000,0.00,0,0,0,42.51,0,0.300,0.0229
2026-08-22T21:35:12.033076,198.02,DONE,12.8191,15.9623,109.12,0.2997,0.0023,12.0204,0,0.0,0.0,0.0,0.0,0.000,3.7608,0.6130,1.7288,43.59,17.8803,10.4765,56.21,0.0000,0.00,0,0,0,43.51,0,0.300,0.0023
2026-08-22T21:35:13.033096,199.02,DONE,12.7240,16.2402,108.71,0.2997,0.0000,12.3065,0,0.0,0.0,0.0,0.0,0.000,3.7608,0.6130,1.7288,44.59,17.8803,10.4765,56.21,0.0000,0.00,0,0,0,44.51,0,0.300,0.0000
2026-08-22T21:35:14.033132,200.02,DONE,12.6278,16.5241,108.71,0.2997,0.0000,12.5990,0,0.0,0.0,0.0,0.0,0.000,3.7608,0.6130,1.7288,45.59,17.8803,10.4765,56.21,0.0000,0.00,0,0,0,45.51,0,0.300,0.0000
2026-08-22T21:35:15.033229,201.02,DONE,12.5336,16.8023,108.71,0.2997,0.0000,12.8860,0,0.0,0.0,0.0,0.0,0.000,3.7608,0.6130,1.7288,46.59,17.8803,10.4765,56.21,0.0000,0.00,0,0,0,46.51,0,0.300,0.0000
2026-08-22T21:35:16.033068,202.02,DONE,12.4394,17.0805,108.71,0.2997,0.0000,13.1733,0,0.0,0.0,0.0,0.0,0.000,3.7608,0.6130,1.7288,47.59,17.8803,10.4765,56.21,0.0000,0.00,0,0,0,47.51,0,0.300,0.0000
2026-08-22T21:35:17.033171,203.02,DONE,12.3433,17.3644,108.71,0.2997,0.0000,13.4667,0,0.0,0.0,0.0,0.0,0.000,3.7608,0.6130,1.7288,48.59,17.8803,10.4765,56.21,0.0000,0.00,0,0,0,48.51,0,0.300,0.0000
2026-08-22T21:35:18.033356,204.02,DONE,12.2491,17.6427,108.71,0.2997,0.0000,13.7546,0,0.0,0.0,0.0,0.0,0.000,3.7608,0.6130,1.7288,49.59,17.8803,10.4765,56.21,0.0000,0.00,0,0,0,49.51,0,0.300,0.0000
2026-08-22T21:35:19.033220,205.02,DONE,12.1548,17.9209,108.71,0.2997,0.0000,14.0426,0,0.0,0.0,0.0,0.0,0.000,3.7608,0.6130,1.7288,50.59,17.8803,10.4765,56.21,0.0000,0.00,0,0,0,50.51,0,0.300,0.0000
2026-08-22T21:35:20.035095,206.02,DONE,12.0587,18.2048,108.71,0.2997,0.0000,14.3368,0,0.0,0.0,0.0,0.0,0.000,3.7608,0.6130,1.7288,51.59,17.8803,10.4765,56.21,0.0000,0.00,0,0,0,51.51,0,0.300,0.0000
2026-08-22T21:35:21.033262,207.02,DONE,11.9645,18.4830,108.71,0.2997,0.0000,14.6254,0,0.0,0.0,0.0,0.0,0.000,3.7608,0.6130,1.7288,52.59,17.8803,10.4765,56.21,0.0000,0.00,0,0,0,52.51,0,0.300,0.0000
2026-08-22T21:35:22.033316,208.02,DONE,11.8703,18.7613,108.71,0.2997,0.0000,14.9141,0,0.0,0.0,0.0,0.0,0.000,3.7608,0.6130,1.7288,53.59,17.8803,10.4765,56.21,0.0000,0.00,0,0,0,53.51,0,0.300,0.0000
2026-08-22T21:35:23.034018,209.02,DONE,11.7741,19.0452,108.71,0.2997,0.0000,15.2089,0,0.0,0.0,0.0,0.0,0.000,3.7608,0.6130,1.7288,54.59,17.8803,10.4765,56.21,0.0000,0.00,0,0,0,54.51,0,0.300,0.0000
2026-08-22T21:35:24.033111,210.02,DONE,11.6854,19.3072,108.71,0.0000,0.0000,15.4812,0,0.0,0.0,0.0,0.0,0.000,3.7608,0.6130,1.7288,55.59,17.8803,10.4765,56.21,0.0000,0.00,0,0,0,55.51,0,0.000,0.0000
2026-08-22T21:35:25.033289,211.02,DONE,11.6854,19.3072,108.71,0.0000,0.0000,15.4812,0,0.0,0.0,0.0,0.0,0.000,3.7608,0.6130,1.7288,56.59,17.8803,10.4765,56.21,0.0000,0.00,0,0,0,56.51,0,0.000,0.0000
2026-08-22T21:35:26.033277,212.02,DONE,11.6854,19.3072,108.71,0.0000,0.0000,15.4812,0,0.0,0.0,0.0,0.0,0.000,3.7608,0.6130,1.7288,57.59,17.8803,10.4765,56.21,0.0000,0.00,0,0,0,57.51,0,0.000,0.0000
2026-08-22T21:35:27.033118,213.02,DONE,11.6854,19.3072,108.71,0.0000,0.0000,15.4812,0,0.0,0.0,0.0,0.0,0.000,3.7608,0.6130,1.7288,58.59,17.8803,10.4765,56.21,0.0000,0.00,0,0,0,58.51,0,0.000,0.0000
2026-08-22T21:35:28.033168,214.02,DONE,11.6854,19.3072,108.71,0.0000,0.0000,15.4812,0,0.0,0.0,0.0,0.0,0.000,3.7608,0.6130,1.7288,59.59,17.8803,10.4765,56.21,0.0000,0.00,0,0,0,59.51,0,0.000,0.0000
2026-08-22T21:35:29.033246,215.02,DONE,11.6854,19.3072,108.71,0.0000,0.0000,15.4812,0,0.0,0.0,0.0,0.0,0.000,3.7608,0.6130,1.7288,60.59,17.8803,10.4765,56.21,0.0000,0.00,0,0,0,60.51,0,0.000,0.0000
2026-08-22T21:35:30.033185,216.02,DONE,11.6854,19.3072,108.71,0.0000,0.0000,15.4812,0,0.0,0.0,0.0,0.0,0.000,3.7608,0.6130,1.7288,61.59,17.8803,10.4765,56.21,0.0000,0.00,0,0,0,61.51,0,0.000,0.0000
2026-08-22T21:35:31.033075,217.02,DONE,11.6854,19.3072,108.71,0.0000,0.0000,15.4812,0,0.0,0.0,0.0,0.0,0.000,3.7608,0.6130,1.7288,62.59,17.8803,10.4765,56.21,0.0000,0.00,0,0,0,62.51,0,0.000,0.0000
2026-08-22T21:35:32.033087,218.02,DONE,11.6854,19.3072,108.71,0.0000,0.0000,15.4812,0,0.0,0.0,0.0,0.0,0.000,3.7608,0.6130,1.7288,63.59,17.8803,10.4765,56.21,0.0000,0.00,0,0,0,63.51,0,0.000,0.0000
2026-08-22T21:35:33.033063,219.02,DONE,11.6854,19.3072,108.71,0.0000,0.0000,15.4812,0,0.0,0.0,0.0,0.0,0.000,3.7608,0.6130,1.7288,64.59,17.8803,10.4765,56.21,0.0000,0.00,0,0,0,64.51,0,0.000,0.0000
2026-08-22T21:35:34.033408,220.02,DONE,11.6854,19.3072,108.71,0.0000,0.0000,15.4812,0,0.0,0.0,0.0,0.0,0.000,3.7608,0.6130,1.7288,65.59,17.8803,10.4765,56.21,0.0000,0.00,0,0,0,65.51,0,0.000,0.0000
2026-08-22T21:35:35.033189,221.02,DONE,11.6854,19.3072,108.71,0.0000,0.0000,15.4812,0,0.0,0.0,0.0,0.0,0.000,3.7608,0.6130,1.7288,66.59,17.8803,10.4765,56.21,0.0000,0.00,0,0,0,66.51,0,0.000,0.0000
2026-08-22T21:35:36.033121,222.02,DONE,11.6854,19.3072,100.23,0.0000,-0.1999,15.4812,0,0.0,0.0,0.0,0.0,0.000,3.7608,0.6130,1.7288,67.59,17.8803,10.4765,56.21,0.0000,0.00,0,0,0,67.51,0,0.000,-0.2000
2026-08-22T21:35:37.033369,223.02,DONE,11.6854,19.3072,92.87,0.0000,-0.0660,15.4812,0,0.0,0.0,0.0,0.0,0.000,3.7608,0.6130,1.7288,68.59,17.8803,10.4765,56.21,0.0000,0.00,0,0,0,68.51,0,0.000,-0.0660
2026-08-22T21:35:38.033041,224.02,DONE,11.8124,19.3132,92.71,-0.0000,0.0000,15.4687,0,0.0,0.0,0.0,0.0,0.000,3.7608,0.6130,1.7288,69.59,17.8803,10.4765,56.21,0.0000,0.00,0,0,0,69.51,0,0.000,0.0003
2026-08-22T21:35:39.033213,225.02,DONE,11.9591,19.3201,92.72,-0.0000,0.0000,15.4555,0,0.0,0.0,0.0,0.0,0.000,3.7608,0.6130,1.7288,70.59,17.8803,10.4765,56.21,0.0000,0.00,0,0,0,70.51,0,0.000,0.0001
2026-08-22T21:35:40.033087,226.02,DONE,12.1059,19.3271,92.72,-0.0000,0.0000,15.4437,0,0.0,0.0,0.0,0.0,0.000,3.7608,0.6130,1.7288,71.59,17.8803,10.4765,56.21,0.0000,0.00,0,0,0,71.51,0,0.000,0.0000
2026-08-22T21:35:41.033248,227.02,DONE,12.2556,19.3342,92.72,-0.0000,0.0000,15.4331,0,0.0,0.0,0.0,0.0,0.000,3.7608,0.6130,1.7288,72.59,17.8803,10.4765,56.21,0.0000,0.00,0,0,0,72.51,0,0.000,0.0000
2026-08-22T21:35:42.033147,228.02,DONE,12.4023,19.3412,92.72,-0.0000,0.0000,15.4242,0,0.0,0.0,0.0,0.0,0.000,3.7608,0.6130,1.7288,73.59,17.8803,10.4765,56.21,0.0000,0.00,0,0,0,73.51,0,0.000,0.0000
2026-08-22T21:35:43.033026,229.02,DONE,12.5520,19.3483,92.72,-0.0000,0.0000,15.4165,0,0.0,0.0,0.0,0.0,0.000,3.7608,0.6130,1.7288,74.59,17.8803,10.4765,56.21,0.0000,0.00,0,0,0,74.51,0,0.000,0.0000
2026-08-22T21:35:44.033047,230.02,DONE,12.6988,19.3553,92.72,-0.0000,0.0000,15.4103,0,0.0,0.0,0.0,0.0,0.000,3.7608,0.6130,1.7288,75.59,17.8803,10.4765,56.21,0.0000,0.00,0,0,0,75.51,0,0.000,0.0000
2026-08-22T21:35:45.033085,231.02,DONE,12.8455,19.3623,92.72,-0.0000,0.0000,15.4056,0,0.0,0.0,0.0,0.0,0.000,3.7608,0.6130,1.7288,76.59,17.8803,10.4765,56.21,0.0000,0.00,0,0,0,76.51,0,0.000,0.0000
2026-08-22T21:35:46.033129,232.02,DONE,12.9922,19.3692,92.72,-0.0000,0.0000,15.4022,0,0.0,0.0,0.0,0.0,0.000,3.7608,0.6130,1.7288,77.59,17.8803,10.4765,56.21,0.0000,0.00,0,0,0,77.51,0,0.000,0.0000
2026-08-22T21:35:47.033033,233.02,DONE,13.1420,19.3764,92.72,-0.0000,0.0000,15.4003,0,0.0,0.0,0.0,0.0,0.000,3.7608,0.6130,1.7288,78.59,17.8803,10.4765,56.21,0.0000,0.00,0,0,0,78.51,0,0.000,0.0000
2026-08-22T21:35:48.033118,234.02,DONE,13.2887,19.3833,92.72,-0.0000,0.0000,15.3998,0,0.0,0.0,0.0,0.0,0.000,3.7608,0.6130,1.7288,79.59,17.8803,10.4765,56.21,0.0000,0.00,0,0,0,79.51,0,0.000,0.0000
2026-08-22T21:35:49.032996,235.02,DONE,13.4384,19.3905,92.72,0.0000,0.0000,15.4007,0,0.0,0.0,0.0,0.0,0.000,3.7608,0.6130,1.7288,80.59,17.8803,10.4765,56.21,0.0000,0.00,0,0,0,80.51,0,0.000,0.0000
2026-08-22T21:35:50.033058,236.02,DONE,13.5852,19.3974,92.72,0.0000,0.0000,15.4030,0,0.0,0.0,0.0,0.0,0.000,3.7608,0.6130,1.7288,81.59,17.8803,10.4765,56.21,0.0000,0.00,0,0,0,81.51,0,0.000,0.0000
2026-08-22T21:35:51.033010,237.02,DONE,13.7349,19.4045,92.72,-0.0000,0.0000,15.4068,0,0.0,0.0,0.0,0.0,0.000,3.7608,0.6130,1.7288,82.59,17.8803,10.4765,56.21,0.0000,0.00,0,0,0,82.51,0,0.000,0.0000
2026-08-22T21:35:52.033066,238.02,DONE,13.8816,19.4115,92.72,0.0000,0.0000,15.4120,0,0.0,0.0,0.0,0.0,0.000,3.7608,0.6130,1.7288,83.59,17.8803,10.4765,56.21,0.0000,0.00,0,0,0,83.51,0,0.000,0.0000
2026-08-22T21:35:53.033123,239.02,DONE,14.0284,19.4185,92.72,0.0000,0.0000,15.4185,0,0.0,0.0,0.0,0.0,0.000,3.7608,0.6130,1.7288,84.59,17.8803,10.4765,56.21,0.0000,0.00,0,0,0,84.51,0,0.000,0.0000
2026-08-22T21:35:54.033136,240.02,DONE,14.1751,19.4255,92.72,0.0000,0.0000,15.4265,0,0.0,0.0,0.0,0.0,0.000,3.7608,0.6130,1.7288,85.59,17.8803,10.4765,56.21,0.0000,0.00,0,0,0,85.51,0,0.000,0.0000
2026-08-22T21:35:55.033345,241.02,DONE,14.3248,19.4326,92.72,0.0000,0.0000,15.4360,0,0.0,0.0,0.0,0.0,0.000,3.7608,0.6130,1.7288,86.59,17.8803,10.4765,56.21,0.0000,0.00,0,0,0,86.51,0,0.000,0.0000
2026-08-22T21:35:56.033223,242.02,DONE,14.4686,19.4394,92.72,0.0000,0.0000,15.4465,0,0.0,0.0,0.0,0.0,0.000,3.7608,0.6130,1.7288,87.59,17.8803,10.4765,56.21,0.0000,0.00,0,0,0,87.51,0,0.000,0.0000
2026-08-22T21:35:57.033237,243.02,DONE,14.6183,19.4465,92.72,0.0000,0.0000,15.4589,0,0.0,0.0,0.0,0.0,0.000,3.7608,0.6130,1.7288,88.59,17.8803,10.4765,56.21,0.0000,0.00,0,0,0,88.51,0,0.000,0.0000
2026-08-22T21:35:58.033121,244.02,DONE,14.6042,19.4459,92.72,0.0000,0.0000,15.4577,0,0.0,0.0,0.0,0.0,0.000,3.7608,0.6130,1.7288,89.59,17.8803,10.4765,56.21,0.0000,0.00,0,0,0,89.51,0,0.000,0.0000
2026-08-22T21:35:59.033029,245.02,DONE,14.4545,19.4388,92.72,0.0000,0.0000,15.4454,0,0.0,0.0,0.0,0.0,0.000,3.7608,0.6130,1.7288,90.59,17.8803,10.4765,56.21,0.0000,0.00,0,0,0,90.51,0,0.000,-0.0000
2026-08-22T21:36:00.033067,246.02,DONE,14.3077,19.4318,92.72,-0.0000,0.0000,15.4348,0,0.0,0.0,0.0,0.0,0.000,3.7608,0.6130,1.7288,91.59,17.8803,10.4765,56.21,0.0000,0.00,0,0,0,91.51,0,0.000,-0.0000
2026-08-22T21:36:01.033129,247.02,DONE,14.1610,19.4248,92.72,0.0000,0.0000,15.4256,0,0.0,0.0,0.0,0.0,0.000,3.7608,0.6130,1.7288,92.59,17.8803,10.4765,56.21,0.0000,0.00,0,0,0,92.51,0,0.000,-0.0000
2026-08-22T21:36:02.033141,248.02,DONE,14.0143,19.4178,92.72,0.0000,0.0000,15.4178,0,0.0,0.0,0.0,0.0,0.000,3.7608,0.6130,1.7288,93.59,17.8803,10.4765,56.21,0.0000,0.00,0,0,0,93.51,0,0.000,-0.0000
2026-08-22T21:36:03.033137,249.02,DONE,13.8646,19.4107,92.72,0.0000,0.0000,15.4113,0,0.0,0.0,0.0,0.0,0.000,3.7608,0.6130,1.7288,94.59,17.8803,10.4765,56.21,0.0000,0.00,0,0,0,94.51,0,0.000,-0.0000
2026-08-22T21:36:04.033156,250.02,DONE,13.7178,19.4037,92.72,0.0000,0.0000,15.4063,0,0.0,0.0,0.0,0.0,0.000,3.7608,0.6130,1.7288,95.59,17.8803,10.4765,56.21,0.0000,0.00,0,0,0,95.51,0,0.000,-0.0000
2026-08-22T21:36:05.033478,251.02,DONE,13.5681,19.3966,92.72,-0.0000,0.0000,15.4027,0,0.0,0.0,0.0,0.0,0.000,3.7608,0.6130,1.7288,96.59,17.8803,10.4765,56.21,0.0000,0.00,0,0,0,96.51,0,0.000,-0.0000
2026-08-22T21:36:06.033075,252.02,DONE,13.4214,19.3896,92.72,-0.0000,0.0000,15.4005,0,0.0,0.0,0.0,0.0,0.000,3.7608,0.6130,1.7288,97.59,17.8803,10.4765,56.21,0.0000,0.00,0,0,0,97.51,0,0.000,-0.0000
2026-08-22T21:36:07.033194,253.02,DONE,13.2746,19.3827,92.72,-0.0000,0.0000,15.3998,0,0.0,0.0,0.0,0.0,0.000,3.7608,0.6130,1.7288,98.59,17.8803,10.4765,56.21,0.0000,0.00,0,0,0,98.51,0,0.000,-0.0000
2026-08-22T21:36:08.033011,254.02,DONE,13.1249,19.3755,92.72,-0.0000,0.0000,15.4004,0,0.0,0.0,0.0,0.0,0.000,3.7608,0.6130,1.7288,99.59,17.8803,10.4765,56.21,0.0000,0.00,0,0,0,99.51,0,0.000,-0.0000
2026-08-22T21:36:09.033233,255.02,DONE,12.9782,19.3686,92.72,-0.0000,0.0000,15.4025,0,0.0,0.0,0.0,0.0,0.000,3.7608,0.6130,1.7288,100.59,17.8803,10.4765,56.21,0.0000,0.00,0,0,0,100.51,0,0.000,-0.0000
2026-08-22T21:36:10.033133,256.02,DONE,12.8314,19.3616,92.72,-0.0000,0.0000,15.4060,0,0.0,0.0,0.0,0.0,0.000,3.7608,0.6130,1.7288,101.59,17.8803,10.4765,56.21,0.0000,0.00,0,0,0,101.51,0,0.000,-0.0000
2026-08-22T21:36:11.033197,257.02,DONE,12.6847,19.3546,92.72,-0.0000,0.0000,15.4109,0,0.0,0.0,0.0,0.0,0.000,3.7608,0.6130,1.7288,102.59,17.8803,10.4765,56.21,0.0000,0.00,0,0,0,102.51,0,0.000,-0.0000
2026-08-22T21:36:12.033425,258.02,DONE,12.5350,19.3475,92.72,-0.0000,0.0000,15.4173,0,0.0,0.0,0.0,0.0,0.000,3.7608,0.6130,1.7288,103.59,17.8803,10.4765,56.21,0.0000,0.00,0,0,0,103.51,0,0.000,-0.0000
2026-08-22T21:36:13.033162,259.02,DONE,12.3912,19.3407,92.72,-0.0000,0.0000,15.4248,0,0.0,0.0,0.0,0.0,0.000,3.7608,0.6130,1.7288,104.59,17.8803,10.4765,56.21,0.0000,0.00,0,0,0,104.51,0,0.000,-0.0000
2026-08-22T21:36:14.033143,260.02,DONE,12.2415,19.3336,92.72,-0.0000,0.0000,15.4341,0,0.0,0.0,0.0,0.0,0.000,3.7608,0.6130,1.7288,105.59,17.8803,10.4765,56.21,0.0000,0.00,0,0,0,105.51,0,0.000,-0.0000
2026-08-22T21:36:15.033006,261.02,DONE,12.0948,19.3266,92.72,-0.0000,0.0000,15.4445,0,0.0,0.0,0.0,0.0,0.000,3.7608,0.6130,1.7288,106.59,17.8803,10.4765,56.21,0.0000,0.00,0,0,0,106.51,0,0.000,-0.0000
2026-08-22T21:36:16.033056,262.02,DONE,11.9480,19.3196,92.72,-0.0000,0.0000,15.4564,0,0.0,0.0,0.0,0.0,0.000,3.7608,0.6130,1.7288,107.59,17.8803,10.4765,56.21,0.0000,0.00,0,0,0,107.51,0,0.000,-0.0000
2026-08-22T21:36:17.033070,263.02,DONE,11.8013,19.3126,92.72,-0.0000,0.0000,15.4697,0,0.0,0.0,0.0,0.0,0.000,3.7608,0.6130,1.7288,108.59,17.8803,10.4765,56.21,0.0000,0.00,0,0,0,108.51,0,0.000,-0.0000
2026-08-22T21:36:18.033063,264.02,DONE,11.6516,19.3055,92.72,-0.0000,0.0000,15.4846,0,0.0,0.0,0.0,0.0,0.000,3.7608,0.6130,1.7288,109.59,17.8803,10.4765,56.21,0.0000,0.00,0,0,0,109.51,0,0.000,-0.0000
2026-08-22T21:36:19.033171,265.02,DONE,11.5078,19.2987,92.72,-0.0000,0.0000,15.5003,0,0.0,0.0,0.0,0.0,0.000,3.7608,0.6130,1.7288,110.59,17.8803,10.4765,56.21,0.0000,0.00,0,0,0,110.51,0,0.000,-0.0000
2026-08-22T21:36:20.033039,266.02,DONE,11.3581,19.2916,92.72,-0.0000,0.0000,15.5181,0,0.0,0.0,0.0,0.0,0.000,3.7608,0.6130,1.7288,111.59,17.8803,10.4765,56.21,0.0000,0.00,0,0,0,111.51,0,0.000,-0.0000
2026-08-22T21:36:21.033229,267.02,DONE,11.2114,19.2846,92.72,-0.0000,0.0000,15.5369,0,0.0,0.0,0.0,0.0,0.000,3.7608,0.6130,1.7288,112.59,17.8803,10.4765,56.21,0.0000,0.00,0,0,0,112.51,0,0.000,-0.0000
2026-08-22T21:36:22.033079,268.02,DONE,11.0647,19.2776,92.72,-0.0000,0.0000,15.5570,0,0.0,0.0,0.0,0.0,0.000,3.7608,0.6130,1.7288,113.59,17.8803,10.4765,56.21,0.0000,0.00,0,0,0,113.51,0,0.000,-0.0000
2026-08-22T21:36:23.033126,269.02,DONE,10.9149,19.2705,92.72,-0.0000,0.0000,15.5790,0,0.0,0.0,0.0,0.0,0.000,3.7608,0.6130,1.7288,114.59,17.8803,10.4765,56.21,0.0000,0.00,0,0,0,114.51,0,0.000,-0.0000
2026-08-22T21:36:24.033272,270.02,DONE,10.7682,19.2635,92.72,-0.0000,0.0000,15.6019,0,0.0,0.0,0.0,0.0,0.000,3.7608,0.6130,1.7288,115.59,17.8803,10.4765,56.21,0.0000,0.00,0,0,0,115.51,0,0.000,-0.0000
2026-08-22T21:36:25.033175,271.02,DONE,10.6185,19.2564,92.72,-0.0000,0.0000,15.6267,0,0.0,0.0,0.0,0.0,0.000,3.7608,0.6130,1.7288,116.59,17.8803,10.4765,56.21,0.0000,0.00,0,0,0,116.51,0,0.000,-0.0000
2026-08-22T21:36:26.033313,272.02,DONE,10.4717,19.2494,92.72,-0.0000,0.0000,15.6523,0,0.0,0.0,0.0,0.0,0.000,3.7608,0.6130,1.7288,117.59,17.8803,10.4765,56.21,0.0000,0.00,0,0,0,117.51,0,0.000,-0.0000
2026-08-22T21:36:27.033083,273.02,DONE,10.3250,19.2425,92.72,-0.0000,0.0000,15.6792,0,0.0,0.0,0.0,0.0,0.000,3.7608,0.6130,1.7288,118.59,17.8803,10.4765,56.21,0.0000,0.00,0,0,0,118.51,0,0.000,-0.0000
2026-08-22T21:36:28.033100,274.02,DONE,10.1783,19.2355,92.72,-0.0000,0.0000,15.7075,0,0.0,0.0,0.0,0.0,0.000,3.7608,0.6130,1.7288,119.59,17.8803,10.4765,56.21,0.0000,0.00,0,0,0,119.51,0,0.000,-0.0000
2026-08-22T21:36:29.033032,275.02,DONE,10.0315,19.2285,92.72,-0.0000,0.0000,15.7371,0,0.0,0.0,0.0,0.0,0.000,3.7608,0.6130,1.7288,120.59,17.8803,10.4765,56.21,0.0000,0.00,0,0,0,120.51,0,0.000,-0.0000
2026-08-22T21:36:30.033087,276.02,DONE,9.8848,19.2215,92.72,-0.0000,0.0000,15.7680,0,0.0,0.0,0.0,0.0,0.000,3.7608,0.6130,1.7288,121.59,17.8803,10.4765,56.21,0.0000,0.00,0,0,0,121.51,0,0.000,-0.0000
2026-08-22T21:36:31.033135,277.02,DONE,9.7381,19.2146,92.72,-0.0000,0.0000,15.8002,0,0.0,0.0,0.0,0.0,0.000,3.7608,0.6130,1.7288,122.59,17.8803,10.4765,56.21,0.0000,0.00,0,0,0,122.51,0,0.000,-0.0000
2026-08-22T21:36:32.033204,278.02,DONE,9.5913,19.2076,92.72,-0.0000,0.0000,15.8337,0,0.0,0.0,0.0,0.0,0.000,3.7608,0.6130,1.7288,123.59,17.8803,10.4765,56.21,0.0000,0.00,0,0,0,123.51,0,0.000,-0.0000
2026-08-22T21:36:33.033223,279.02,DONE,9.4416,19.2005,92.72,-0.0000,0.0000,15.8692,0,0.0,0.0,0.0,0.0,0.000,3.7608,0.6130,1.7288,124.59,17.8803,10.4765,56.21,0.0000,0.00,0,0,0,124.51,0,0.000,-0.0000
2026-08-22T21:36:34.033161,280.02,DONE,9.2949,19.1935,92.72,-0.0000,0.0000,15.9053,0,0.0,0.0,0.0,0.0,0.000,3.7608,0.6130,1.7288,125.59,17.8803,10.4765,56.21,0.0000,0.00,0,0,0,125.51,0,0.000,-0.0000
2026-08-22T21:36:35.033266,281.02,DONE,9.1451,19.1864,92.72,-0.0000,0.0000,15.9435,0,0.0,0.0,0.0,0.0,0.000,3.7608,0.6130,1.7288,126.59,17.8803,10.4765,56.21,0.0000,0.00,0,0,0,126.51,0,0.000,-0.0000
2026-08-22T21:36:36.033406,282.02,DONE,8.9984,19.1794,92.72,-0.0000,0.0000,15.9822,0,0.0,0.0,0.0,0.0,0.000,3.7608,0.6130,1.7288,127.59,17.8803,10.4765,56.21,0.0000,0.00,0,0,0,127.51,0,0.000,-0.0000
2026-08-22T21:36:37.033142,283.02,DONE,8.8517,19.1724,92.72,-0.0000,0.0000,16.0221,0,0.0,0.0,0.0,0.0,0.000,3.7608,0.6130,1.7288,128.59,17.8803,10.4765,56.21,0.0000,0.00,0,0,0,128.51,0,0.000,-0.0000
2026-08-22T21:36:38.033232,284.02,DONE,8.7050,19.1654,92.72,-0.0000,0.0000,16.0633,0,0.0,0.0,0.0,0.0,0.000,3.7608,0.6130,1.7288,129.59,17.8803,10.4765,56.21,0.0000,0.00,0,0,0,129.51,0,0.000,-0.0000
2026-08-22T21:36:39.033252,285.02,DONE,8.6613,19.2719,92.72,0.1499,0.0000,16.1781,0,0.0,0.0,0.0,0.0,0.000,3.7608,0.6130,1.7288,130.59,17.8803,10.4765,56.21,0.0000,0.00,0,0,0,130.51,0,0.150,-0.0000
2026-08-22T21:36:40.033162,286.02,DONE,8.6542,19.4217,92.72,0.1499,0.0000,16.3219,0,0.0,0.0,0.0,0.0,0.000,3.7608,0.6130,1.7288,131.59,17.8803,10.4765,56.21,0.0000,0.00,0,0,0,131.51,0,0.150,-0.0000
2026-08-22T21:36:41.033063,287.02,DONE,8.6472,19.5684,92.72,0.1499,0.0000,16.4629,0,0.0,0.0,0.0,0.0,0.000,3.7608,0.6130,1.7288,132.59,17.8803,10.4765,56.21,0.0000,0.00,0,0,0,132.51,0,0.150,-0.0000
2026-08-22T21:36:42.033125,288.02,DONE,8.6403,19.7152,92.72,0.1499,0.0000,16.6040,0,0.0,0.0,0.0,0.0,0.000,3.7608,0.6130,1.7288,133.59,17.8803,10.4765,56.21,0.0000,0.00,0,0,0,133.51,0,0.150,-0.0000
2026-08-22T21:36:43.033136,289.02,DONE,8.6331,19.8650,92.72,0.1499,0.0000,16.7481,0,0.0,0.0,0.0,0.0,0.000,3.7608,0.6130,1.7288,134.59,17.8803,10.4765,56.21,0.0000,0.00,0,0,0,134.51,0,0.150,-0.0000
2026-08-22T21:36:44.033137,290.02,DONE,8.6262,20.0117,92.72,0.1499,0.0000,16.8895,0,0.0,0.0,0.0,0.0,0.000,3.7608,0.6130,1.7288,135.59,17.8803,10.4765,56.21,0.0000,0.00,0,0,0,135.51,0,0.150,-0.0000
2026-08-22T21:36:45.033084,291.02,DONE,8.6192,20.1585,92.72,0.1499,0.0000,17.0309,0,0.0,0.0,0.0,0.0,0.000,3.7608,0.6130,1.7288,136.59,17.8803,10.4765,56.21,0.0000,0.00,0,0,0,136.51,0,0.150,-0.0000
2026-08-22T21:36:46.033010,292.02,DONE,8.6121,20.3083,92.72,0.1499,0.0000,17.1753,0,0.0,0.0,0.0,0.0,0.000,3.7608,0.6130,1.7288,137.59,17.8803,10.4765,56.21,0.0000,0.00,0,0,0,137.51,0,0.150,-0.0000
2026-08-22T21:36:47.033221,293.02,DONE,8.6052,20.4521,92.72,0.1499,0.0000,17.3140,0,0.0,0.0,0.0,0.0,0.000,3.7608,0.6130,1.7288,138.59,17.8803,10.4765,56.21,0.0000,0.00,0,0,0,138.51,0,0.150,-0.0000
2026-08-22T21:36:48.033297,294.02,DONE,8.5982,20.5988,92.72,0.1499,0.0000,17.4557,0,0.0,0.0,0.0,0.0,0.000,3.7608,0.6130,1.7288,139.59,17.8803,10.4765,56.21,0.0000,0.00,0,0,0,139.51,0,0.150,-0.0000
2026-08-22T21:36:49.033115,295.02,DONE,8.5913,20.7456,92.72,0.1499,0.0000,17.5974,0,0.0,0.0,0.0,0.0,0.000,3.7608,0.6130,1.7288,140.59,17.8803,10.4765,56.21,0.0000,0.00,0,0,0,140.51,0,0.150,-0.0000
2026-08-22T21:36:50.033143,296.02,DONE,8.5843,20.8924,92.72,0.1499,0.0000,17.7393,0,0.0,0.0,0.0,0.0,0.000,3.7608,0.6130,1.7288,141.59,17.8803,10.4765,56.21,0.0000,0.00,0,0,0,141.51,0,0.150,-0.0000
2026-08-22T21:36:51.033151,297.02,DONE,8.5773,21.0391,92.72,0.1499,0.0000,17.8812,0,0.0,0.0,0.0,0.0,0.000,3.7608,0.6130,1.7288,142.59,17.8803,10.4765,56.21,0.0000,0.00,0,0,0,142.51,0,0.150,-0.0000
2026-08-22T21:36:52.033242,298.02,DONE,8.5705,21.1829,92.72,0.1499,0.0000,18.0203,0,0.0,0.0,0.0,0.0,0.000,3.7608,0.6130,1.7288,143.59,17.8803,10.4765,56.21,0.0000,0.00,0,0,0,143.51,0,0.150,-0.0000
2026-08-22T21:36:53.033048,299.02,DONE,8.5635,21.3297,92.72,0.1499,0.0000,18.1624,0,0.0,0.0,0.0,0.0,0.000,3.7608,0.6130,1.7288,144.59,17.8803,10.4765,56.21,0.0000,0.00,0,0,0,144.51,0,0.150,-0.0000
2026-08-22T21:36:54.033055,300.02,DONE,8.5565,21.4765,92.72,0.1499,0.0000,18.3046,0,0.0,0.0,0.0,0.0,0.000,3.7608,0.6130,1.7288,145.59,17.8803,10.4765,56.21,0.0000,0.00,0,0,0,145.51,0,0.150,-0.0000
2026-08-22T21:36:55.033101,301.02,DONE,8.5496,21.6232,92.72,0.1499,0.0000,18.4468,0,0.0,0.0,0.0,0.0,0.000,3.7608,0.6130,1.7288,146.59,17.8803,10.4765,56.21,0.0000,0.00,0,0,0,146.51,0,0.150,-0.0000
2026-08-22T21:36:56.033297,302.02,DONE,8.5427,21.7670,92.72,0.1499,0.0000,18.5862,0,0.0,0.0,0.0,0.0,0.000,3.7608,0.6130,1.7288,147.59,17.8803,10.4765,56.21,0.0000,0.00,0,0,0,147.51,0,0.150,-0.0000
2026-08-22T21:36:57.033305,303.02,DONE,8.5357,21.9138,92.72,0.1499,0.0000,18.7286,0,0.0,0.0,0.0,0.0,0.000,3.7608,0.6130,1.7288,148.59,17.8803,10.4765,56.21,0.0000,0.00,0,0,0,148.51,0,0.150,-0.0000
2026-08-22T21:36:58.033130,304.02,DONE,8.5288,22.0605,92.72,0.1499,0.0000,18.8711,0,0.0,0.0,0.0,0.0,0.000,3.7608,0.6130,1.7288,149.59,17.8803,10.4765,56.21,0.0000,0.00,0,0,0,149.51,0,0.150,-0.0000
2026-08-22T21:36:59.033126,305.02,DONE,8.5433,22.1878,92.72,0.0000,0.0000,18.9887,0,0.0,0.0,0.0,0.0,0.000,3.7608,0.6130,1.7288,150.59,17.8803,10.4765,56.21,0.0000,0.00,0,0,0,150.51,0,0.000,0.0000
2026-08-22T21:37:00.033121,306.02,DONE,8.6900,22.1947,92.72,0.0000,0.0000,18.9538,0,0.0,0.0,0.0,0.0,0.000,3.7608,0.6130,1.7288,151.59,17.8803,10.4765,56.21,0.0000,0.00,0,0,0,151.51,0,0.000,0.0000
2026-08-22T21:37:01.033204,307.02,DONE,8.8367,22.2017,92.72,-0.0000,0.0000,18.9199,0,0.0,0.0,0.0,0.0,0.000,3.7608,0.6130,1.7288,152.59,17.8803,10.4765,56.21,0.0000,0.00,0,0,0,152.51,0,0.000,0.0000
2026-08-22T21:37:02.033685,308.02,DONE,8.9835,22.2087,92.72,-0.0000,0.0000,18.8871,0,0.0,0.0,0.0,0.0,0.000,3.7608,0.6130,1.7288,153.59,17.8803,10.4765,56.21,0.0000,0.00,0,0,0,153.51,0,0.000,0.0000
2026-08-22T21:37:03.033502,309.02,DONE,9.1302,22.2157,92.72,-0.0000,0.0000,18.8554,0,0.0,0.0,0.0,0.0,0.000,3.7608,0.6130,1.7288,154.59,17.8803,10.4765,56.21,0.0000,0.00,0,0,0,154.51,0,0.000,0.0000
2026-08-22T21:37:04.033580,310.02,DONE,9.2799,22.2228,92.72,-0.0000,0.0000,18.8242,0,0.0,0.0,0.0,0.0,0.000,3.7608,0.6130,1.7288,155.59,17.8803,10.4765,56.21,0.0000,0.00,0,0,0,155.51,0,0.000,0.0000
2026-08-22T21:37:05.033277,311.02,DONE,9.4267,22.2298,92.72,-0.0000,0.0000,18.7947,0,0.0,0.0,0.0,0.0,0.000,3.7608,0.6130,1.7288,156.59,17.8803,10.4765,56.21,0.0000,0.00,0,0,0,156.51,0,0.000,0.0000
2026-08-22T21:37:06.033311,312.02,DONE,9.5734,22.2367,92.72,0.0000,0.0000,18.7663,0,0.0,0.0,0.0,0.0,0.000,3.7608,0.6130,1.7288,157.59,17.8803,10.4765,56.21,0.0000,0.00,0,0,0,157.51,0,0.000,0.0000
2026-08-22T21:37:07.033469,313.02,DONE,9.7231,22.2439,92.72,0.0000,0.0000,18.7385,0,0.0,0.0,0.0,0.0,0.000,3.7608,0.6130,1.7288,158.59,17.8803,10.4765,56.21,0.0000,0.00,0,0,0,158.51,0,0.000,0.0000
2026-08-22T21:37:08.033094,314.02,DONE,9.8669,22.2507,92.72,0.0000,0.0000,18.7128,0,0.0,0.0,0.0,0.0,0.000,3.7608,0.6130,1.7288,159.59,17.8803,10.4765,56.21,0.0000,0.00,0,0,0,159.51,0,0.000,0.0000
2026-08-22T21:37:09.033083,315.02,DONE,10.0166,22.2578,92.72,0.0000,0.0000,18.6873,0,0.0,0.0,0.0,0.0,0.000,3.7608,0.6130,1.7288,160.59,17.8803,10.4765,56.21,0.0000,0.00,0,0,0,160.51,0,0.000,0.0000
2026-08-22T21:37:10.033116,316.02,DONE,10.1603,22.2646,92.72,0.0000,0.0000,18.6639,0,0.0,0.0,0.0,0.0,0.000,3.7608,0.6130,1.7288,161.59,17.8803,10.4765,56.21,0.0000,0.00,0,0,0,161.51,0,0.000,0.0000
2026-08-22T21:37:11.033111,317.02,DONE,10.3101,22.2718,92.72,0.0000,0.0000,18.6406,0,0.0,0.0,0.0,0.0,0.000,3.7608,0.6130,1.7288,162.59,17.8803,10.4765,56.21,0.0000,0.00,0,0,0,162.51,0,0.000,0.0000
2026-08-22T21:37:12.034214,318.02,DONE,10.4568,22.2787,92.72,0.0000,0.0000,18.6190,0,0.0,0.0,0.0,0.0,0.000,3.7608,0.6130,1.7288,163.59,17.8803,10.4765,56.21,0.0000,0.00,0,0,0,163.51,0,0.000,0.0000
2026-08-22T21:37:13.033103,319.02,DONE,10.6035,22.2857,92.72,0.0000,0.0000,18.5985,0,0.0,0.0,0.0,0.0,0.000,3.7608,0.6130,1.7288,164.59,17.8803,10.4765,56.21,0.0000,0.00,0,0,0,164.51,0,0.000,0.0000
2026-08-22T21:37:14.033212,320.02,DONE,10.7532,22.2928,92.72,0.0000,0.0000,18.5787,0,0.0,0.0,0.0,0.0,0.000,3.7608,0.6130,1.7288,165.59,17.8803,10.4765,56.21,0.0000,0.00,0,0,0,165.51,0,0.000,0.0000
2026-08-22T21:37:15.033056,321.02,DONE,10.8970,22.2997,92.72,0.0000,0.0000,18.5609,0,0.0,0.0,0.0,0.0,0.000,3.7608,0.6130,1.7288,166.59,17.8803,10.4765,56.21,0.0000,0.00,0,0,0,166.51,0,0.000,0.0000
2026-08-22T21:37:16.033096,322.02,DONE,11.0407,22.3065,92.72,0.0000,0.0000,18.5441,0,0.0,0.0,0.0,0.0,0.000,3.7608,0.6130,1.7288,167.59,17.8803,10.4765,56.21,0.0000,0.00,0,0,0,167.51,0,0.000,0.0000
2026-08-22T21:37:17.033049,323.02,DONE,11.1845,22.3133,92.72,0.0000,0.0000,18.5285,0,0.0,0.0,0.0,0.0,0.000,3.7608,0.6130,1.7288,168.59,17.8803,10.4765,56.21,0.0000,0.00,0,0,0,168.51,0,0.000,0.0000
2026-08-22T21:37:18.033166,324.02,DONE,11.3282,22.3202,92.72,0.0000,0.0000,18.5140,0,0.0,0.0,0.0,0.0,0.000,3.7608,0.6130,1.7288,169.59,17.8803,10.4765,56.21,0.0000,0.00,0,0,0,169.51,0,0.000,0.0000
2026-08-22T21:37:19.033116,325.02,DONE,11.4689,22.3268,92.72,0.0000,0.0000,18.5008,0,0.0,0.0,0.0,0.0,0.000,3.7608,0.6130,1.7288,170.59,17.8803,10.4765,56.21,0.0000,0.00,0,0,0,170.51,0,0.000,0.0000
2026-08-22T21:37:20.033054,326.02,DONE,11.4294,22.3250,92.72,0.0000,0.0000,18.5044,0,0.0,0.0,0.0,0.0,0.000,3.7608,0.6130,1.7288,171.59,17.8803,10.4765,56.21,0.0000,0.00,0,0,0,171.51,0,0.000,-0.0000
2026-08-22T21:37:21.033273,327.02,DONE,11.2857,22.3181,92.72,0.0000,0.0000,18.5181,0,0.0,0.0,0.0,0.0,0.000,3.7608,0.6130,1.7288,172.59,17.8803,10.4765,56.21,0.0000,0.00,0,0,0,172.51,0,0.000,-0.0000
2026-08-22T21:37:22.033125,328.02,DONE,11.1419,22.3113,92.72,0.0000,0.0000,18.5330,0,0.0,0.0,0.0,0.0,0.000,3.7608,0.6130,1.7288,173.59,17.8803,10.4765,56.21,0.0000,0.00,0,0,0,173.51,0,0.000,-0.0000
2026-08-22T21:37:23.033085,329.02,DONE,10.9922,22.3042,92.72,-0.0000,0.0000,18.5497,0,0.0,0.0,0.0,0.0,0.000,3.7608,0.6130,1.7288,174.59,17.8803,10.4765,56.21,0.0000,0.00,0,0,0,174.51,0,0.000,-0.0000
2026-08-22T21:37:24.033104,330.02,DONE,10.8455,22.2972,92.72,0.0000,0.0000,18.5671,0,0.0,0.0,0.0,0.0,0.000,3.7608,0.6130,1.7288,175.59,17.8803,10.4765,56.21,0.0000,0.00,0,0,0,175.51,0,0.000,-0.0000
2026-08-22T21:37:25.033115,331.02,DONE,10.6987,22.2902,92.72,0.0000,0.0000,18.5858,0,0.0,0.0,0.0,0.0,0.000,3.7608,0.6130,1.7288,176.59,17.8803,10.4765,56.21,0.0000,0.00,0,0,0,176.51,0,0.000,-0.0000
2026-08-22T21:37:26.033116,332.02,DONE,10.5580,22.2835,92.72,0.0000,0.0000,18.6047,0,0.0,0.0,0.0,0.0,0.000,3.7608,0.6130,1.7288,177.59,17.8803,10.4765,56.21,0.0000,0.00,0,0,0,177.51,0,0.000,-0.0000
2026-08-22T21:37:27.033125,333.02,DONE,10.4143,22.2767,92.72,-0.0000,0.0000,18.6251,0,0.0,0.0,0.0,0.0,0.000,3.7608,0.6130,1.7288,178.59,17.8803,10.4765,56.21,0.0000,0.00,0,0,0,178.51,0,0.000,-0.0000
2026-08-22T21:37:28.033140,334.02,DONE,10.2705,22.2699,92.72,-0.0000,0.0000,18.6466,0,0.0,0.0,0.0,0.0,0.000,3.7608,0.6130,1.7288,179.59,17.8803,10.4765,56.21,0.0000,0.00,0,0,0,179.51,0,0.000,-0.0000
2026-08-22T21:37:29.033072,335.02,DONE,10.1268,22.2630,92.72,-0.0000,0.0000,18.6692,0,0.0,0.0,0.0,0.0,0.000,3.7608,0.6130,1.7288,180.59,17.8803,10.4765,56.21,0.0000,0.00,0,0,0,180.51,0,0.000,-0.0000
2026-08-22T21:37:30.033019,336.02,DONE,9.9801,22.2561,92.72,-0.0000,0.0000,18.6934,0,0.0,0.0,0.0,0.0,0.000,3.7608,0.6130,1.7288,181.59,17.8803,10.4765,56.21,0.0000,0.00,0,0,0,181.51,0,0.000,-0.0000
2026-08-22T21:37:31.033112,337.02,DONE,9.8393,22.2494,92.72,-0.0000,0.0000,18.7177,0,0.0,0.0,0.0,0.0,0.000,3.7608,0.6130,1.7288,182.59,17.8803,10.4765,56.21,0.0000,0.00,0,0,0,182.51,0,0.000,-0.0000
2026-08-22T21:37:32.033210,338.02,DONE,9.6926,22.2424,92.72,-0.0000,0.0000,18.7440,0,0.0,0.0,0.0,0.0,0.000,3.7608,0.6130,1.7288,183.59,17.8803,10.4765,56.21,0.0000,0.00,0,0,0,183.51,0,0.000,-0.0000
2026-08-22T21:37:33.033046,339.02,DONE,9.5429,22.2353,92.72,-0.0000,0.0000,18.7721,0,0.0,0.0,0.0,0.0,0.000,3.7608,0.6130,1.7288,184.59,17.8803,10.4765,56.21,0.0000,0.00,0,0,0,184.51,0,0.000,-0.0000
2026-08-22T21:37:34.033196,340.02,DONE,9.3961,22.2283,92.72,-0.0000,0.0000,18.8007,0,0.0,0.0,0.0,0.0,0.000,3.7608,0.6130,1.7288,185.59,17.8803,10.4765,56.21,0.0000,0.00,0,0,0,185.51,0,0.000,-0.0000
2026-08-22T21:37:35.033096,341.02,DONE,9.2494,22.2213,92.72,-0.0000,0.0000,18.8304,0,0.0,0.0,0.0,0.0,0.000,3.7608,0.6130,1.7288,186.59,17.8803,10.4765,56.21,0.0000,0.00,0,0,0,186.51,0,0.000,-0.0000
2026-08-22T21:37:36.033916,342.02,DONE,9.1027,22.2144,92.72,-0.0000,0.0000,18.8613,0,0.0,0.0,0.0,0.0,0.000,3.7608,0.6130,1.7288,187.59,17.8803,10.4765,56.21,0.0000,0.00,0,0,0,187.51,0,0.000,-0.0000
2026-08-22T21:37:37.033130,343.02,DONE,8.9559,22.2074,92.72,-0.0000,0.0000,18.8932,0,0.0,0.0,0.0,0.0,0.000,3.7608,0.6130,1.7288,188.59,17.8803,10.4765,56.21,0.0000,0.00,0,0,0,188.51,0,0.000,-0.0000
2026-08-22T21:37:38.033110,344.02,DONE,8.8092,22.2004,92.72,-0.0000,0.0000,18.9262,0,0.0,0.0,0.0,0.0,0.000,3.7608,0.6130,1.7288,189.59,17.8803,10.4765,56.21,0.0000,0.00,0,0,0,189.51,0,0.000,-0.0000
2026-08-22T21:37:39.033040,345.02,DONE,8.6595,22.1933,92.72,-0.0000,0.0000,18.9609,0,0.0,0.0,0.0,0.0,0.000,3.7608,0.6130,1.7288,190.59,17.8803,10.4765,56.21,0.0000,0.00,0,0,0,190.51,0,0.000,-0.0000
2026-08-22T21:37:40.033093,346.02,DONE,8.5127,22.1863,92.72,-0.0000,0.0000,18.9961,0,0.0,0.0,0.0,0.0,0.000,3.7608,0.6130,1.7288,191.59,17.8803,10.4765,56.21,0.0000,0.00,0,0,0,191.51,0,0.000,-0.0000
2026-08-22T21:37:41.032982,347.02,DONE,8.3630,22.1792,92.72,-0.0000,0.0000,19.0331,0,0.0,0.0,0.0,0.0,0.000,3.7608,0.6130,1.7288,192.59,17.8803,10.4765,56.21,0.0000,0.00,0,0,0,192.51,0,0.000,-0.0000
2026-08-22T21:37:42.033103,348.02,DONE,8.2395,22.1733,92.72,0.0000,0.0000,19.0645,0,0.0,0.0,0.0,0.0,0.000,3.7608,0.6130,1.7288,193.59,17.8803,10.4765,56.21,0.0000,0.00,0,0,0,193.51,0,0.000,0.0000
2026-08-22T21:37:43.033102,349.02,DONE,8.2395,22.1733,92.72,0.0000,0.0000,19.0645,0,0.0,0.0,0.0,0.0,0.000,3.7608,0.6130,1.7288,194.59,17.8803,10.4765,56.21,0.0000,0.00,0,0,0,194.51,0,0.000,0.0000
2026-08-22T21:37:44.033096,350.02,DONE,8.2114,22.1988,92.72,0.0500,0.0000,19.0972,0,0.0,0.0,0.0,0.0,0.000,3.7608,0.6130,1.7288,195.59,17.8803,10.4765,56.21,0.0000,0.00,0,0,0,195.51,0,0.050,0.0000
2026-08-22T21:37:45.033068,351.02,DONE,8.1591,22.2464,92.72,0.0500,0.0000,19.1585,0,0.0,0.0,0.0,0.0,0.000,3.7608,0.6130,1.7288,196.59,17.8803,10.4765,56.21,0.0000,0.00,0,0,0,196.51,0,0.050,0.0000
2026-08-22T21:37:46.033026,352.02,DONE,8.1079,22.2930,92.72,0.0500,0.0000,19.2185,0,0.0,0.0,0.0,0.0,0.000,3.7608,0.6130,1.7288,197.59,17.8803,10.4765,56.21,0.0000,0.00,0,0,0,197.51,0,0.050,0.0000
2026-08-22T21:37:47.033242,353.02,DONE,8.0566,22.3396,92.72,0.0500,0.0000,19.2786,0,0.0,0.0,0.0,0.0,0.000,3.7608,0.6130,1.7288,198.59,17.8803,10.4765,56.21,0.0000,0.00,0,0,0,198.51,0,0.050,0.0000
2026-08-22T21:37:48.033156,354.02,DONE,8.0054,22.3862,92.72,0.0500,0.0000,19.3388,0,0.0,0.0,0.0,0.0,0.000,3.7608,0.6130,1.7288,199.59,17.8803,10.4765,56.21,0.0000,0.00,0,0,0,199.51,0,0.050,0.0000
2026-08-22T21:37:49.033195,355.02,DONE,7.9541,22.4328,92.72,0.0500,0.0000,19.3990,0,0.0,0.0,0.0,0.0,0.000,3.7608,0.6130,1.7288,200.59,17.8803,10.4765,56.21,0.0000,0.00,0,0,0,200.51,0,0.050,0.0000
2026-08-22T21:37:50.033124,356.02,DONE,7.9028,22.4794,92.72,0.0500,0.0000,19.4593,0,0.0,0.0,0.0,0.0,0.000,3.7608,0.6130,1.7288,201.59,17.8803,10.4765,56.21,0.0000,0.00,0,0,0,201.51,0,0.050,0.0000
2026-08-22T21:37:51.033136,357.02,DONE,7.8516,22.5261,92.72,0.0500,0.0000,19.5197,0,0.0,0.0,0.0,0.0,0.000,3.7608,0.6130,1.7288,202.59,17.8803,10.4765,56.21,0.0000,0.00,0,0,0,202.51,0,0.050,0.0000
2026-08-22T21:37:52.033054,358.02,DONE,7.7993,22.5736,92.72,0.0500,0.0000,19.5813,0,0.0,0.0,0.0,0.0,0.000,3.7608,0.6130,1.7288,203.59,17.8803,10.4765,56.21,0.0000,0.00,0,0,0,203.51,0,0.050,0.0000
2026-08-22T21:37:53.033202,359.02,DONE,7.7480,22.6202,92.72,0.0500,0.0000,19.6418,0,0.0,0.0,0.0,0.0,0.000,3.7608,0.6130,1.7288,204.59,17.8803,10.4765,56.21,0.0000,0.00,0,0,0,204.51,0,0.050,0.0000
2026-08-22T21:37:54.033305,360.02,DONE,7.6988,22.6649,92.72,0.0500,0.0000,19.6999,0,0.0,0.0,0.0,0.0,0.000,3.7608,0.6130,1.7288,205.59,17.8803,10.4765,56.21,0.0000,0.00,0,0,0,205.51,0,0.050,0.0000
2026-08-22T21:37:55.033130,361.02,DONE,7.6476,22.7115,92.72,0.0500,0.0000,19.7604,0,0.0,0.0,0.0,0.0,0.000,3.7608,0.6130,1.7288,206.59,17.8803,10.4765,56.21,0.0000,0.00,0,0,0,206.51,0,0.050,0.0000
2026-08-22T21:37:56.033124,362.02,DONE,7.5963,22.7582,92.72,0.0500,0.0000,19.8211,0,0.0,0.0,0.0,0.0,0.000,3.7608,0.6130,1.7288,207.59,17.8803,10.4765,56.21,0.0000,0.00,0,0,0,207.51,0,0.050,0.0000
2026-08-22T21:37:57.033114,363.02,DONE,7.5451,22.8048,92.72,0.0500,0.0000,19.8818,0,0.0,0.0,0.0,0.0,0.000,3.7608,0.6130,1.7288,208.59,17.8803,10.4765,56.21,0.0000,0.00,0,0,0,208.51,0,0.050,0.0000
2026-08-22T21:37:58.033082,364.02,DONE,7.4928,22.8523,92.72,0.0500,0.0000,19.9438,0,0.0,0.0,0.0,0.0,0.000,3.7608,0.6130,1.7288,209.59,17.8803,10.4765,56.21,0.0000,0.00,0,0,0,209.51,0,0.050,0.0000
2026-08-22T21:37:59.033060,365.02,DONE,7.4415,22.8989,92.72,0.0500,0.0000,20.0046,0,0.0,0.0,0.0,0.0,0.000,3.7608,0.6130,1.7288,210.59,17.8803,10.4765,56.21,0.0000,0.00,0,0,0,210.51,0,0.050,0.0000
2026-08-22T21:38:00.033082,366.02,DONE,7.3902,22.9456,92.72,0.0500,0.0000,20.0655,0,0.0,0.0,0.0,0.0,0.000,3.7608,0.6130,1.7288,211.59,17.8803,10.4765,56.21,0.0000,0.00,0,0,0,211.51,0,0.050,0.0000
2026-08-22T21:38:01.033162,367.02,DONE,7.3390,22.9922,92.72,0.0500,0.0000,20.1264,0,0.0,0.0,0.0,0.0,0.000,3.7608,0.6130,1.7288,212.59,17.8803,10.4765,56.21,0.0000,0.00,0,0,0,212.51,0,0.050,0.0000
2026-08-22T21:38:02.033135,368.02,DONE,7.2867,23.0397,92.72,0.0500,0.0000,20.1886,0,0.0,0.0,0.0,0.0,0.000,3.7608,0.6130,1.7288,213.59,17.8803,10.4765,56.21,0.0000,0.00,0,0,0,213.51,0,0.050,0.0000
2026-08-22T21:38:03.033157,369.02,DONE,7.2365,23.0854,92.72,0.0500,0.0000,20.2484,0,0.0,0.0,0.0,0.0,0.000,3.7608,0.6130,1.7288,214.59,17.8803,10.4765,56.21,0.0000,0.00,0,0,0,214.51,0,0.050,0.0000
2026-08-22T21:38:04.033083,370.02,DONE,7.1852,23.1320,92.72,0.0500,0.0000,20.3095,0,0.0,0.0,0.0,0.0,0.000,3.7608,0.6130,1.7288,215.59,17.8803,10.4765,56.21,0.0000,0.00,0,0,0,215.51,0,0.050,0.0000
2026-08-22T21:38:05.033119,371.02,DONE,7.1339,23.1786,92.72,0.0500,0.0000,20.3706,0,0.0,0.0,0.0,0.0,0.000,3.7608,0.6130,1.7288,216.59,17.8803,10.4765,56.21,0.0000,0.00,0,0,0,216.51,0,0.050,0.0000
2026-08-22T21:38:06.033219,372.02,DONE,7.0816,23.2262,92.72,0.0500,0.0000,20.4331,0,0.0,0.0,0.0,0.0,0.000,3.7608,0.6130,1.7288,217.59,17.8803,10.4765,56.21,0.0000,0.00,0,0,0,217.51,0,0.050,0.0000
2026-08-22T21:38:07.033134,373.02,DONE,7.0648,23.2743,99.18,0.0500,0.0972,20.4841,0,0.0,0.0,0.0,0.0,0.000,3.7608,0.6130,1.7288,218.59,17.8803,10.4765,56.21,0.0000,0.00,0,0,0,218.51,0,0.050,0.0973
2026-08-22T21:38:08.033101,374.02,DONE,7.0554,23.3224,102.40,0.0500,0.0299,20.5325,0,0.0,0.0,0.0,0.0,0.000,3.7608,0.6130,1.7288,219.59,17.8803,10.4765,56.21,0.0000,0.00,0,0,0,219.51,0,0.050,0.0299
2026-08-22T21:38:09.033002,375.02,DONE,7.0441,23.3711,103.44,0.0500,0.0095,20.5821,0,0.0,0.0,0.0,0.0,0.000,3.7608,0.6130,1.7288,220.59,17.8803,10.4765,56.21,0.0000,0.00,0,0,0,220.51,0,0.050,0.0095
2026-08-22T21:38:10.033063,376.02,DONE,7.0326,23.4187,103.76,0.0500,0.0031,20.6309,0,0.0,0.0,0.0,0.0,0.000,3.7608,0.6130,1.7288,221.59,17.8803,10.4765,56.21,0.0000,0.00,0,0,0,221.51,0,0.050,0.0031
2026-08-22T21:38:11.033363,377.02,DONE,7.0209,23.4663,103.86,0.0500,0.0000,20.6796,0,0.0,0.0,0.0,0.0,0.000,3.7608,0.6130,1.7288,222.59,17.8803,10.4765,56.21,0.0000,0.00,0,0,0,222.51,0,0.050,0.0010
2026-08-22T21:38:12.033159,378.02,DONE,7.0191,23.4736,103.87,0.0000,0.0000,20.6871,0,0.0,0.0,0.0,0.0,0.000,3.7608,0.6130,1.7288,223.59,17.8803,10.4765,56.21,0.0000,0.00,0,0,0,223.51,0,0.000,0.0000
2026-08-22T21:38:13.032977,379.02,DONE,7.0191,23.4736,103.87,0.0000,0.0000,20.6871,0,0.0,0.0,0.0,0.0,0.000,3.7608,0.6130,1.7288,224.59,17.8803,10.4765,56.21,0.0000,0.00,0,0,0,224.51,0,0.000,0.0000
2026-08-22T21:38:14.033055,380.02,DONE,7.0191,23.4736,103.87,0.0000,0.0000,20.6871,0,0.0,0.0,0.0,0.0,0.000,3.7608,0.6130,1.7288,225.59,17.8803,10.4765,56.21,0.0000,0.00,0,0,0,225.51,0,0.000,0.0000
2026-08-22T21:38:15.033119,381.02,DONE,7.0191,23.4736,103.87,0.0000,0.0000,20.6871,0,0.0,0.0,0.0,0.0,0.000,3.7608,0.6130,1.7288,226.59,17.8803,10.4765,56.21,0.0000,0.00,0,0,0,226.51,0,0.000,0.0000
2026-08-22T21:38:16.033210,382.02,DONE,7.0191,23.4736,103.87,0.0000,0.0000,20.6871,0,0.0,0.0,0.0,0.0,0.000,3.7608,0.6130,1.7288,227.59,17.8803,10.4765,56.21,0.0000,0.00,0,0,0,227.51,0,0.000,0.0000
2026-08-22T21:38:17.033068,383.02,DONE,7.0191,23.4736,103.87,0.0000,0.0000,20.6871,0,0.0,0.0,0.0,0.0,0.000,3.7608,0.6130,1.7288,228.59,17.8803,10.4765,56.21,0.0000,0.00,0,0,0,228.51,0,0.000,0.0000
2026-08-22T21:38:18.033073,384.02,DONE,7.0191,23.4736,103.87,0.0000,0.0000,20.6871,0,0.0,0.0,0.0,0.0,0.000,3.7608,0.6130,1.7288,229.59,17.8803,10.4765,56.21,0.0000,0.00,0,0,0,229.51,0,0.000,0.0000
2026-08-22T21:38:19.033443,385.02,DONE,7.0191,23.4736,103.87,0.0000,0.0000,20.6871,0,0.0,0.0,0.0,0.0,0.000,3.7608,0.6130,1.7288,230.59,17.8803,10.4765,56.21,0.0000,0.00,0,0,0,230.51,0,0.000,0.0000
2026-08-22T21:38:20.033122,386.02,DONE,7.0191,23.4736,103.87,0.0000,0.0000,20.6871,0,0.0,0.0,0.0,0.0,0.000,3.7608,0.6130,1.7288,231.59,17.8803,10.4765,56.21,0.0000,0.00,0,0,0,231.51,0,0.000,0.0000
2026-08-22T21:38:21.032922,387.02,DONE,7.0191,23.4736,103.87,0.0000,0.0000,20.6871,0,0.0,0.0,0.0,0.0,0.000,3.7608,0.6130,1.7288,232.59,17.8803,10.4765,56.21,0.0000,0.00,0,0,0,232.51,0,0.000,0.0000
2026-08-22T21:38:22.032991,388.02,DONE,7.0191,23.4736,103.87,0.0000,0.0000,20.6871,0,0.0,0.0,0.0,0.0,0.000,3.7608,0.6130,1.7288,233.59,17.8803,10.4765,56.21,0.0000,0.00,0,0,0,233.51,0,0.000,0.0000
2026-08-22T21:38:23.033027,389.02,DONE,7.0191,23.4736,103.87,0.0000,0.0000,20.6871,0,0.0,0.0,0.0,0.0,0.000,3.7608,0.6130,1.7288,234.59,17.8803,10.4765,56.21,0.0000,0.00,0,0,0,234.51,0,0.000,0.0000
2026-08-22T21:38:24.033103,390.02,DONE,7.0191,23.4736,103.87,0.0000,0.0000,20.6871,0,0.0,0.0,0.0,0.0,0.000,3.7608,0.6130,1.7288,235.59,17.8803,10.4765,56.21,0.0000,0.00,0,0,0,235.51,0,0.000,0.0000
2026-08-22T21:38:25.032998,391.02,DONE,7.0191,23.4736,103.87,0.0000,0.0000,20.6871,0,0.0,0.0,0.0,0.0,0.000,3.7608,0.6130,1.7288,236.59,17.8803,10.4765,56.21,0.0000,0.00,0,0,0,236.51,0,0.000,0.0000
2026-08-22T21:38:26.033262,392.02,DONE,7.0191,23.4736,103.87,0.0000,0.0000,20.6871,0,0.0,0.0,0.0,0.0,0.000,3.7608,0.6130,1.7288,237.59,17.8803,10.4765,56.21,0.0000,0.00,0,0,0,237.51,0,0.000,0.0000
2026-08-22T21:38:27.033081,393.02,DONE,7.0191,23.4736,103.87,0.0000,0.0000,20.6871,0,0.0,0.0,0.0,0.0,0.000,3.7608,0.6130,1.7288,238.59,17.8803,10.4765,56.21,0.0000,0.00,0,0,0,238.51,0,0.000,0.0000
2026-08-22T21:38:28.033081,394.02,DONE,7.0191,23.4736,103.87,0.0000,0.0000,20.6871,0,0.0,0.0,0.0,0.0,0.000,3.7608,0.6130,1.7288,239.59,17.8803,10.4765,56.21,0.0000,0.00,0,0,0,239.51,0,0.000,0.0000
2026-08-22T21:38:29.033102,395.02,DONE,7.0191,23.4736,103.87,0.0000,0.0000,20.6871,0,0.0,0.0,0.0,0.0,0.000,3.7608,0.6130,1.7288,240.59,17.8803,10.4765,56.21,0.0000,0.00,0,0,0,240.51,0,0.000,0.0000
2026-08-22T21:38:30.033184,396.02,DONE,7.0191,23.4736,103.87,0.0000,0.0000,20.6871,0,0.0,0.0,0.0,0.0,0.000,3.7608,0.6130,1.7288,241.59,17.8803,10.4765,56.21,0.0000,0.00,0,0,0,241.51,0,0.000,0.0000
2026-08-22T21:38:31.033237,397.02,DONE,7.0191,23.4736,103.87,0.0000,0.0000,20.6871,0,0.0,0.0,0.0,0.0,0.000,3.7608,0.6130,1.7288,242.59,17.8803,10.4765,56.21,0.0000,0.00,0,0,0,242.51,0,0.000,0.0000
2026-08-22T21:38:32.033344,398.02,DONE,7.0191,23.4736,103.87,0.0000,0.0000,20.6871,0,0.0,0.0,0.0,0.0,0.000,3.7608,0.6130,1.7288,243.59,17.8803,10.4765,56.21,0.0000,0.00,0,0,0,243.51,0,0.000,0.0000
2026-08-22T21:38:33.032996,399.02,DONE,7.0191,23.4736,103.87,0.0000,0.0000,20.6871,0,0.0,0.0,0.0,0.0,0.000,3.7608,0.6130,1.7288,244.59,17.8803,10.4765,56.21,0.0000,0.00,0,0,0,244.51,0,0.000,0.0000
2026-08-22T21:38:34.033110,400.02,DONE,7.0191,23.4736,103.87,0.0000,0.0000,20.6871,0,0.0,0.0,0.0,0.0,0.000,3.7608,0.6130,1.7288,245.59,17.8803,10.4765,56.21,0.0000,0.00,0,0,0,245.51,0,0.000,0.0000
2026-08-22T21:38:35.033032,401.02,DONE,7.0191,23.4736,103.87,0.0000,0.0000,20.6871,0,0.0,0.0,0.0,0.0,0.000,3.7608,0.6130,1.7288,246.59,17.8803,10.4765,56.21,0.0000,0.00,0,0,0,246.51,0,0.000,0.0000
2026-08-22T21:38:36.033089,402.02,DONE,7.0191,23.4736,103.87,0.0000,0.0000,20.6871,0,0.0,0.0,0.0,0.0,0.000,3.7608,0.6130,1.7288,247.59,17.8803,10.4765,56.21,0.0000,0.00,0,0,0,247.51,0,0.000,0.0000
2026-08-22T21:38:37.033195,403.02,DONE,7.0191,23.4736,103.87,0.0000,0.0000,20.6871,0,0.0,0.0,0.0,0.0,0.000,3.7608,0.6130,1.7288,248.59,17.8803,10.4765,56.21,0.0000,0.00,0,0,0,248.51,0,0.000,0.0000
2026-08-22T21:38:38.033060,404.02,DONE,7.0191,23.4736,103.87,0.0000,0.0000,20.6871,0,0.0,0.0,0.0,0.0,0.000,3.7608,0.6130,1.7288,249.59,17.8803,10.4765,56.21,0.0000,0.00,0,0,0,249.51,0,0.000,0.0000
2026-08-22T21:38:39.033003,405.02,DONE,7.0191,23.4736,103.87,0.0000,0.0000,20.6871,0,0.0,0.0,0.0,0.0,0.000,3.7608,0.6130,1.7288,250.59,17.8803,10.4765,56.21,0.0000,0.00,0,0,0,250.51,0,0.000,0.0000
2026-08-22T21:38:40.033073,406.02,DONE,7.0191,23.4736,103.87,0.0000,0.0000,20.6871,0,0.0,0.0,0.0,0.0,0.000,3.7608,0.6130,1.7288,251.59,17.8803,10.4765,56.21,0.0000,0.00,0,0,0,251.51,0,0.000,0.0000
2026-08-22T21:38:41.033118,407.02,DONE,7.0191,23.4736,103.87,0.0000,0.0000,20.6871,0,0.0,0.0,0.0,0.0,0.000,3.7608,0.6130,1.7288,252.59,17.8803,10.4765,56.21,0.0000,0.00,0,0,0,252.51,0,0.000,0.0000
2026-08-22T21:38:42.033128,408.02,DONE,7.0191,23.4736,103.87,0.0000,0.0000,20.6871,0,0.0,0.0,0.0,0.0,0.000,3.7608,0.6130,1.7288,253.59,17.8803,10.4765,56.21,0.0000,0.00,0,0,0,253.51,0,0.000,0.0000
2026-08-22T21:38:43.033146,409.02,DONE,7.0191,23.4736,103.87,0.0000,0.0000,20.6871,0,0.0,0.0,0.0,0.0,0.000,3.7608,0.6130,1.7288,254.59,17.8803,10.4765,56.21,0.0000,0.00,0,0,0,254.51,0,0.000,0.0000
2026-08-22T21:38:44.032975,410.02,DONE,7.0191,23.4736,103.87,0.0000,0.0000,20.6871,0,0.0,0.0,0.0,0.0,0.000,3.7608,0.6130,1.7288,255.59,17.8803,10.4765,56.21,0.0000,0.00,0,0,0,255.51,0,0.000,0.0000
2026-08-22T21:38:45.033133,411.02,DONE,7.0191,23.4736,103.87,0.0000,0.0000,20.6871,0,0.0,0.0,0.0,0.0,0.000,3.7608,0.6130,1.7288,256.59,17.8803,10.4765,56.21,0.0000,0.00,0,0,0,256.51,0,0.000,0.0000
2026-08-22T21:38:46.033199,412.02,DONE,7.0191,23.4736,103.87,0.0000,0.0000,20.6871,0,0.0,0.0,0.0,0.0,0.000,3.7608,0.6130,1.7288,257.59,17.8803,10.4765,56.21,0.0000,0.00,0,0,0,257.51,0,0.000,0.0000
2026-08-22T21:38:47.033183,413.02,DONE,7.0191,23.4736,103.87,0.0000,0.0000,20.6871,0,0.0,0.0,0.0,0.0,0.000,3.7608,0.6130,1.7288,258.59,17.8803,10.4765,56.21,0.0000,0.00,0,0,0,258.51,0,0.000,0.0000
2026-08-22T21:38:48.033153,414.02,DONE,7.0191,23.4736,103.87,0.0000,0.0000,20.6871,0,0.0,0.0,0.0,0.0,0.000,3.7608,0.6130,1.7288,259.59,17.8803,10.4765,56.21,0.0000,0.00,0,0,0,259.51,0,0.000,0.0000
2026-08-22T21:38:49.033182,415.02,DONE,7.0191,23.4736,103.87,0.0000,0.0000,20.6871,0,0.0,0.0,0.0,0.0,0.000,3.7608,0.6130,1.7288,260.59,17.8803,10.4765,56.21,0.0000,0.00,0,0,0,260.51,0,0.000,0.0000
2026-08-22T21:38:50.033183,416.02,DONE,7.0191,23.4736,103.87,0.0000,0.0000,20.6871,0,0.0,0.0,0.0,0.0,0.000,3.7608,0.6130,1.7288,261.59,17.8803,10.4765,56.21,0.0000,0.00,0,0,0,261.51,0,0.000,0.0000
2026-08-22T21:38:51.033225,417.02,DONE,7.0191,23.4736,103.87,0.0000,0.0000,20.6871,0,0.0,0.0,0.0,0.0,0.000,3.7608,0.6130,1.7288,262.59,17.8803,10.4765,56.21,0.0000,0.00,0,0,0,262.51,0,0.000,0.0000
2026-08-22T21:38:52.033063,418.02,DONE,7.0191,23.4736,103.87,0.0000,0.0000,20.6871,0,0.0,0.0,0.0,0.0,0.000,3.7608,0.6130,1.7288,263.59,17.8803,10.4765,56.21,0.0000,0.00,0,0,0,263.51,0,0.000,0.0000
2026-08-22T21:38:53.033088,419.02,DONE,7.0191,23.4736,103.87,0.0000,0.0000,20.6871,0,0.0,0.0,0.0,0.0,0.000,3.7608,0.6130,1.7288,264.59,17.8803,10.4765,56.21,0.0000,0.00,0,0,0,264.51,0,0.000,0.0000
2026-08-22T21:38:54.033082,420.02,DONE,7.0191,23.4736,103.87,0.0000,0.0000,20.6871,0,0.0,0.0,0.0,0.0,0.000,3.7608,0.6130,1.7288,265.59,17.8803,10.4765,56.21,0.0000,0.00,0,0,0,265.51,0,0.000,0.0000
2026-08-22T21:38:55.033064,421.02,DONE,7.0191,23.4736,103.87,0.0000,0.0000,20.6871,0,0.0,0.0,0.0,0.0,0.000,3.7608,0.6130,1.7288,266.59,17.8803,10.4765,56.21,0.0000,0.00,0,0,0,266.51,0,0.000,0.0000
2026-08-22T21:38:56.033195,422.02,DONE,7.0191,23.4736,103.87,0.0000,0.0000,20.6871,0,0.0,0.0,0.0,0.0,0.000,3.7608,0.6130,1.7288,267.59,17.8803,10.4765,56.21,0.0000,0.00,0,0,0,267.51,0,0.000,0.0000
2026-08-22T21:38:57.033004,423.02,DONE,7.0191,23.4736,103.87,0.0000,0.0000,20.6871,0,0.0,0.0,0.0,0.0,0.000,3.7608,0.6130,1.7288,268.59,17.8803,10.4765,56.21,0.0000,0.00,0,0,0,268.51,0,0.000,0.0000
2026-08-22T21:38:58.033114,424.02,DONE,7.0191,23.4736,103.87,0.0000,0.0000,20.6871,0,0.0,0.0,0.0,0.0,0.000,3.7608,0.6130,1.7288,269.59,17.8803,10.4765,56.21,0.0000,0.00,0,0,0,269.51,0,0.000,0.0000
2026-08-22T21:38:59.033270,425.02,DONE,7.0191,23.4736,103.87,0.0000,0.0000,20.6871,0,0.0,0.0,0.0,0.0,0.000,3.7608,0.6130,1.7288,270.59,17.8803,10.4765,56.21,0.0000,0.00,0,0,0,270.51,0,0.000,0.0000
2026-08-22T21:39:00.033368,426.02,DONE,7.0191,23.4736,103.87,0.0000,0.0000,20.6871,0,0.0,0.0,0.0,0.0,0.000,3.7608,0.6130,1.7288,271.59,17.8803,10.4765,56.21,0.0000,0.00,0,0,0,271.51,0,0.000,0.0000
2026-08-22T21:39:01.033248,427.02,DONE,7.0191,23.4736,103.87,0.0000,0.0000,20.6871,0,0.0,0.0,0.0,0.0,0.000,3.7608,0.6130,1.7288,272.59,17.8803,10.4765,56.21,0.0000,0.00,0,0,0,272.51,0,0.000,0.0000
2026-08-22T21:39:02.033157,428.02,DONE,7.0191,23.4736,103.87,0.0000,0.0000,20.6871,0,0.0,0.0,0.0,0.0,0.000,3.7608,0.6130,1.7288,273.59,17.8803,10.4765,56.21,0.0000,0.00,0,0,0,273.51,0,0.000,0.0000
2026-08-22T21:39:03.033070,429.02,DONE,7.0191,23.4736,103.87,0.0000,0.0000,20.6871,0,0.0,0.0,0.0,0.0,0.000,3.7608,0.6130,1.7288,274.59,17.8803,10.4765,56.21,0.0000,0.00,0,0,0,274.51,0,0.000,0.0000
2026-08-22T21:39:04.033970,430.02,DONE,7.0191,23.4736,103.87,0.0000,0.0000,20.6871,0,0.0,0.0,0.0,0.0,0.000,3.7608,0.6130,1.7288,275.59,17.8803,10.4765,56.21,0.0000,0.00,0,0,0,275.51,0,0.000,0.0000
2026-08-22T21:39:05.033006,431.02,DONE,7.0191,23.4736,103.87,0.0000,0.0000,20.6871,0,0.0,0.0,0.0,0.0,0.000,3.7608,0.6130,1.7288,276.59,17.8803,10.4765,56.21,0.0000,0.00,0,0,0,276.51,0,0.000,0.0000
2026-08-22T21:39:06.033235,432.02,DONE,7.0191,23.4736,103.87,0.0000,0.0000,20.6871,0,0.0,0.0,0.0,0.0,0.000,3.7608,0.6130,1.7288,277.59,17.8803,10.4765,56.21,0.0000,0.00,0,0,0,277.51,0,0.000,0.0000
2026-08-22T21:39:07.033245,433.02,DONE,7.0191,23.4736,103.87,0.0000,0.0000,20.6871,0,0.0,0.0,0.0,0.0,0.000,3.7608,0.6130,1.7288,278.59,17.8803,10.4765,56.21,0.0000,0.00,0,0,0,278.51,0,0.000,0.0000
2026-08-22T21:39:08.033205,434.02,DONE,7.0191,23.4736,103.87,0.0000,0.0000,20.6871,0,0.0,0.0,0.0,0.0,0.000,3.7608,0.6130,1.7288,279.59,17.8803,10.4765,56.21,0.0000,0.00,0,0,0,279.51,0,0.000,0.0000
2026-08-22T21:39:09.033270,435.02,DONE,7.0191,23.4736,103.87,0.0000,0.0000,20.6871,0,0.0,0.0,0.0,0.0,0.000,3.7608,0.6130,1.7288,280.59,17.8803,10.4765,56.21,0.0000,0.00,0,0,0,280.51,0,0.000,0.0000
2026-08-22T21:39:10.033224,436.02,DONE,7.0191,23.4736,103.87,0.0000,0.0000,20.6871,0,0.0,0.0,0.0,0.0,0.000,3.7608,0.6130,1.7288,281.59,17.8803,10.4765,56.21,0.0000,0.00,0,0,0,281.51,0,0.000,0.0000
2026-08-22T21:39:11.033316,437.02,DONE,7.0191,23.4736,103.87,0.0000,0.0000,20.6871,0,0.0,0.0,0.0,0.0,0.000,3.7608,0.6130,1.7288,282.59,17.8803,10.4765,56.21,0.0000,0.00,0,0,0,282.51,0,0.000,0.0000
2026-08-22T21:39:12.033619,438.02,DONE,7.0191,23.4736,103.87,0.0000,0.0000,20.6871,0,0.0,0.0,0.0,0.0,0.000,3.7608,0.6130,1.7288,283.59,17.8803,10.4765,56.21,0.0000,0.00,0,0,0,283.51,0,0.000,0.0000
2026-08-22T21:39:13.033057,439.02,DONE,7.0191,23.4736,103.87,0.0000,0.0000,20.6871,0,0.0,0.0,0.0,0.0,0.000,3.7608,0.6130,1.7288,284.59,17.8803,10.4765,56.21,0.0000,0.00,0,0,0,284.51,0,0.000,0.0000
2026-08-22T21:39:14.033225,440.02,DONE,7.0191,23.4736,103.87,0.0000,0.0000,20.6871,0,0.0,0.0,0.0,0.0,0.000,3.7608,0.6130,1.7288,285.59,17.8803,10.4765,56.21,0.0000,0.00,0,0,0,285.51,0,0.000,0.0000
2026-08-22T21:39:15.033108,441.02,DONE,7.0191,23.4736,103.87,0.0000,0.0000,20.6871,0,0.0,0.0,0.0,0.0,0.000,3.7608,0.6130,1.7288,286.59,17.8803,10.4765,56.21,0.0000,0.00,0,0,0,286.51,0,0.000,0.0000
2026-08-22T21:39:16.033148,442.02,DONE,7.0191,23.4736,103.87,0.0000,0.0000,20.6871,0,0.0,0.0,0.0,0.0,0.000,3.7608,0.6130,1.7288,287.59,17.8803,10.4765,56.21,0.0000,0.00,0,0,0,287.51,0,0.000,0.0000
2026-08-22T21:39:17.033109,443.02,DONE,7.0191,23.4736,103.87,0.0000,0.0000,20.6871,0,0.0,0.0,0.0,0.0,0.000,3.7608,0.6130,1.7288,288.59,17.8803,10.4765,56.21,0.0000,0.00,0,0,0,288.51,0,0.000,0.0000
2026-08-22T21:39:18.033277,444.02,DONE,7.0191,23.4736,103.87,0.0000,0.0000,20.6871,0,0.0,0.0,0.0,0.0,0.000,3.7608,0.6130,1.7288,289.59,17.8803,10.4765,56.21,0.0000,0.00,0,0,0,289.51,0,0.000,0.0000
2026-08-22T21:39:19.033089,445.02,DONE,7.0191,23.4736,103.87,0.0000,0.0000,20.6871,0,0.0,0.0,0.0,0.0,0.000,3.7608,0.6130,1.7288,290.59,17.8803,10.4765,56.21,0.0000,0.00,0,0,0,290.51,0,0.000,0.0000
2026-08-22T21:39:20.034162,446.02,DONE,7.0191,23.4736,103.87,0.0000,0.0000,20.6871,0,0.0,0.0,0.0,0.0,0.000,3.7608,0.6130,1.7288,291.59,17.8803,10.4765,56.21,0.0000,0.00,0,0,0,291.51,0,0.000,0.0000
2026-08-22T21:39:21.033189,447.02,DONE,7.0191,23.4736,103.87,0.0000,0.0000,20.6871,0,0.0,0.0,0.0,0.0,0.000,3.7608,0.6130,1.7288,292.59,17.8803,10.4765,56.21,0.0000,0.00,0,0,0,292.51,0,0.000,0.0000
2026-08-22T21:39:22.033155,448.02,DONE,7.0191,23.4736,103.87,0.0000,0.0000,20.6871,0,0.0,0.0,0.0,0.0,0.000,3.7608,0.6130,1.7288,293.59,17.8803,10.4765,56.21,0.0000,0.00,0,0,0,293.51,0,0.000,0.0000
2026-08-22T21:39:23.033207,449.02,DONE,7.0191,23.4736,103.87,0.0000,0.0000,20.6871,0,0.0,0.0,0.0,0.0,0.000,3.7608,0.6130,1.7288,294.59,17.8803,10.4765,56.21,0.0000,0.00,0,0,0,294.51,0,0.000,0.0000
2026-08-22T21:39:24.033070,450.02,DONE,7.0191,23.4736,103.87,0.0000,0.0000,20.6871,0,0.0,0.0,0.0,0.0,0.000,3.7608,0.6130,1.7288,295.59,17.8803,10.4765,56.21,0.0000,0.00,0,0,0,295.51,0,0.000,0.0000
2026-08-22T21:39:25.033111,451.02,DONE,7.0191,23.4736,103.87,0.0000,0.0000,20.6871,0,0.0,0.0,0.0,0.0,0.000,3.7608,0.6130,1.7288,296.59,17.8803,10.4765,56.21,0.0000,0.00,0,0,0,296.51,0,0.000,0.0000
2026-08-22T21:39:26.033143,452.02,DONE,7.0191,23.4736,103.87,0.0000,0.0000,20.6871,0,0.0,0.0,0.0,0.0,0.000,3.7608,0.6130,1.7288,297.59,17.8803,10.4765,56.21,0.0000,0.00,0,0,0,297.51,0,0.000,0.0000
2026-08-22T21:39:27.033167,453.02,DONE,7.0191,23.4736,103.87,0.0000,0.0000,20.6871,0,0.0,0.0,0.0,0.0,0.000,3.7608,0.6130,1.7288,298.59,17.8803,10.4765,56.21,0.0000,0.00,0,0,0,298.51,0,0.000,0.0000
2026-08-22T21:39:28.033046,454.02,DONE,7.0191,23.4736,103.87,0.0000,0.0000,20.6871,0,0.0,0.0,0.0,0.0,0.000,3.7608,0.6130,1.7288,299.59,17.8803,10.4765,56.21,0.0000,0.00,0,0,0,299.51,0,0.000,0.0000
2026-08-22T21:39:29.033231,455.02,DONE,7.0191,23.4736,103.87,0.0000,0.0000,20.6871,0,0.0,0.0,0.0,0.0,0.000,3.7608,0.6130,1.7288,300.59,17.8803,10.4765,56.21,0.0000,0.00,0,0,0,300.51,0,0.000,0.0000
2026-08-22T21:39:30.033055,456.02,DONE,7.0191,23.4736,103.87,0.0000,0.0000,20.6871,0,0.0,0.0,0.0,0.0,0.000,3.7608,0.6130,1.7288,301.59,17.8803,10.4765,56.21,0.0000,0.00,0,0,0,301.51,0,0.000,0.0000
2026-08-22T21:39:31.033139,457.02,DONE,7.0191,23.4736,103.87,0.0000,0.0000,20.6871,0,0.0,0.0,0.0,0.0,0.000,3.7608,0.6130,1.7288,302.59,17.8803,10.4765,56.21,0.0000,0.00,0,0,0,302.51,0,0.000,0.0000
2026-08-22T21:39:32.033042,458.02,DONE,7.0191,23.4736,103.87,0.0000,0.0000,20.6871,0,0.0,0.0,0.0,0.0,0.000,3.7608,0.6130,1.7288,303.59,17.8803,10.4765,56.21,0.0000,0.00,0,0,0,303.51,0,0.000,0.0000
2026-08-22T21:39:33.033053,459.02,DONE,7.0191,23.4736,103.87,0.0000,0.0000,20.6871,0,0.0,0.0,0.0,0.0,0.000,3.7608,0.6130,1.7288,304.59,17.8803,10.4765,56.21,0.0000,0.00,0,0,0,304.51,0,0.000,0.0000
2026-08-22T21:39:34.033099,460.02,DONE,7.0191,23.4736,103.87,0.0000,0.0000,20.6871,0,0.0,0.0,0.0,0.0,0.000,3.7608,0.6130,1.7288,305.59,17.8803,10.4765,56.21,0.0000,0.00,0,0,0,305.51,0,0.000,0.0000
2026-08-22T21:39:35.033264,461.02,DONE,7.0191,23.4736,103.87,0.0000,0.0000,20.6871,0,0.0,0.0,0.0,0.0,0.000,3.7608,0.6130,1.7288,306.59,17.8803,10.4765,56.21,0.0000,0.00,0,0,0,306.51,0,0.000,0.0000
2026-08-22T21:39:36.033231,462.02,DONE,7.0191,23.4736,103.87,0.0000,0.0000,20.6871,0,0.0,0.0,0.0,0.0,0.000,3.7608,0.6130,1.7288,307.59,17.8803,10.4765,56.21,0.0000,0.00,0,0,0,307.51,0,0.000,0.0000
2026-08-22T21:39:37.033084,463.02,DONE,7.0191,23.4736,103.87,0.0000,0.0000,20.6871,0,0.0,0.0,0.0,0.0,0.000,3.7608,0.6130,1.7288,308.59,17.8803,10.4765,56.21,0.0000,0.00,0,0,0,308.51,0,0.000,0.0000
2026-08-22T21:39:38.033369,464.02,DONE,7.0191,23.4736,103.87,0.0000,0.0000,20.6871,0,0.0,0.0,0.0,0.0,0.000,3.7608,0.6130,1.7288,309.59,17.8803,10.4765,56.21,0.0000,0.00,0,0,0,309.51,0,0.000,0.0000
2026-08-22T21:39:39.033120,465.02,DONE,7.0191,23.4736,103.87,0.0000,0.0000,20.6871,0,0.0,0.0,0.0,0.0,0.000,3.7608,0.6130,1.7288,310.59,17.8803,10.4765,56.21,0.0000,0.00,0,0,0,310.51,0,0.000,0.0000
2026-08-22T21:39:40.033313,466.02,DONE,7.0191,23.4736,103.87,0.0000,0.0000,20.6871,0,0.0,0.0,0.0,0.0,0.000,3.7608,0.6130,1.7288,311.59,17.8803,10.4765,56.21,0.0000,0.00,0,0,0,311.51,0,0.000,0.0000
2026-08-22T21:39:41.033192,467.02,DONE,7.0191,23.4736,103.87,0.0000,0.0000,20.6871,0,0.0,0.0,0.0,0.0,0.000,3.7608,0.6130,1.7288,312.59,17.8803,10.4765,56.21,0.0000,0.00,0,0,0,312.51,0,0.000,0.0000
2026-08-22T21:39:42.033202,468.02,DONE,7.0191,23.4736,103.87,0.0000,0.0000,20.6871,0,0.0,0.0,0.0,0.0,0.000,3.7608,0.6130,1.7288,313.59,17.8803,10.4765,56.21,0.0000,0.00,0,0,0,313.51,0,0.000,0.0000
2026-08-22T21:39:43.033310,469.02,DONE,7.0191,23.4736,103.87,0.0000,0.0000,20.6871,0,0.0,0.0,0.0,0.0,0.000,3.7608,0.6130,1.7288,314.59,17.8803,10.4765,56.21,0.0000,0.00,0,0,0,314.51,0,0.000,0.0000
2026-08-22T21:39:44.033228,470.02,DONE,7.0191,23.4736,103.87,0.0000,0.0000,20.6871,0,0.0,0.0,0.0,0.0,0.000,3.7608,0.6130,1.7288,315.59,17.8803,10.4765,56.21,0.0000,0.00,0,0,0,315.51,0,0.000,0.0000
2026-08-22T21:39:45.033284,471.02,DONE,7.0191,23.4736,103.87,0.0000,0.0000,20.6871,0,0.0,0.0,0.0,0.0,0.000,3.7608,0.6130,1.7288,316.59,17.8803,10.4765,56.21,0.0000,0.00,0,0,0,316.51,0,0.000,0.0000
2026-08-22T21:39:46.033266,472.02,DONE,7.0191,23.4736,103.87,0.0000,0.0000,20.6871,0,0.0,0.0,0.0,0.0,0.000,3.7608,0.6130,1.7288,317.59,17.8803,10.4765,56.21,0.0000,0.00,0,0,0,317.51,0,0.000,0.0000
2026-08-22T21:39:47.033119,473.02,DONE,7.0191,23.4736,103.87,0.0000,0.0000,20.6871,0,0.0,0.0,0.0,0.0,0.000,3.7608,0.6130,1.7288,318.59,17.8803,10.4765,56.21,0.0000,0.00,0,0,0,318.51,0,0.000,0.0000
2026-08-22T21:39:48.033083,474.02,DONE,7.0191,23.4736,103.87,0.0000,0.0000,20.6871,0,0.0,0.0,0.0,0.0,0.000,3.7608,0.6130,1.7288,319.59,17.8803,10.4765,56.21,0.0000,0.00,0,0,0,319.51,0,0.000,0.0000
2026-08-22T21:39:49.033058,475.02,DONE,7.0191,23.4736,103.87,0.0000,0.0000,20.6871,0,0.0,0.0,0.0,0.0,0.000,3.7608,0.6130,1.7288,320.59,17.8803,10.4765,56.21,0.0000,0.00,0,0,0,320.51,0,0.000,0.0000
2026-08-22T21:39:50.033071,476.02,DONE,7.0191,23.4736,103.87,0.0000,0.0000,20.6871,0,0.0,0.0,0.0,0.0,0.000,3.7608,0.6130,1.7288,321.59,17.8803,10.4765,56.21,0.0000,0.00,0,0,0,321.51,0,0.000,0.0000
2026-08-22T21:39:51.033123,477.02,DONE,7.0191,23.4736,103.87,0.0000,0.0000,20.6871,0,0.0,0.0,0.0,0.0,0.000,3.7608,0.6130,1.7288,322.59,17.8803,10.4765,56.21,0.0000,0.00,0,0,0,322.51,0,0.000,0.0000
2026-08-22T21:39:52.033149,478.02,DONE,7.0191,23.4736,103.87,0.0000,0.0000,20.6871,0,0.0,0.0,0.0,0.0,0.000,3.7608,0.6130,1.7288,323.59,17.8803,10.4765,56.21,0.0000,0.00,0,0,0,323.51,0,0.000,0.0000
2026-08-22T21:39:53.033058,479.02,DONE,7.0191,23.4736,103.87,0.0000,0.0000,20.6871,0,0.0,0.0,0.0,0.0,0.000,3.7608,0.6130,1.7288,324.59,17.8803,10.4765,56.21,0.0000,0.00,0,0,0,324.51,0,0.000,0.0000
2026-08-22T21:39:54.033121,480.02,DONE,7.0191,23.4736,103.87,0.0000,0.0000,20.6871,0,0.0,0.0,0.0,0.0,0.000,3.7608,0.6130,1.7288,325.59,17.8803,10.4765,56.21,0.0000,0.00,0,0,0,325.51,0,0.000,0.0000
2026-08-22T21:39:55.033020,481.02,DONE,7.0191,23.4736,103.87,0.0000,0.0000,20.6871,0,0.0,0.0,0.0,0.0,0.000,3.7608,0.6130,1.7288,326.59,17.8803,10.4765,56.21,0.0000,0.00,0,0,0,326.51,0,0.000,0.0000
2026-08-22T21:39:56.033384,482.02,DONE,7.0191,23.4736,103.87,0.0000,0.0000,20.6871,0,0.0,0.0,0.0,0.0,0.000,3.7608,0.6130,1.7288,327.59,17.8803,10.4765,56.21,0.0000,0.00,0,0,0,327.51,0,0.000,0.0000
2026-08-22T21:39:57.032968,483.02,DONE,7.0191,23.4736,103.87,0.0000,0.0000,20.6871,0,0.0,0.0,0.0,0.0,0.000,3.7608,0.6130,1.7288,328.59,17.8803,10.4765,56.21,0.0000,0.00,0,0,0,328.51,0,0.000,0.0000
2026-08-22T21:39:58.033344,484.02,DONE,7.0191,23.4736,103.87,0.0000,0.0000,20.6871,0,0.0,0.0,0.0,0.0,0.000,3.7608,0.6130,1.7288,329.59,17.8803,10.4765,56.21,0.0000,0.00,0,0,0,329.51,0,0.000,0.0000
2026-08-22T21:39:59.033274,485.02,DONE,7.0191,23.4736,103.87,0.0000,0.0000,20.6871,0,0.0,0.0,0.0,0.0,0.000,3.7608,0.6130,1.7288,330.59,17.8803,10.4765,56.21,0.0000,0.00,0,0,0,330.51,0,0.000,0.0000
2026-08-22T21:40:00.033084,486.02,DONE,7.0191,23.4736,103.87,0.0000,0.0000,20.6871,0,0.0,0.0,0.0,0.0,0.000,3.7608,0.6130,1.7288,331.59,17.8803,10.4765,56.21,0.0000,0.00,0,0,0,331.51,0,0.000,0.0000
2026-08-22T21:40:01.033032,487.02,DONE,7.0191,23.4736,103.87,0.0000,0.0000,20.6871,0,0.0,0.0,0.0,0.0,0.000,3.7608,0.6130,1.7288,332.59,17.8803,10.4765,56.21,0.0000,0.00,0,0,0,332.51,0,0.000,0.0000
2026-08-22T21:40:02.033072,488.02,DONE,7.0191,23.4736,103.87,0.0000,0.0000,20.6871,0,0.0,0.0,0.0,0.0,0.000,3.7608,0.6130,1.7288,333.59,17.8803,10.4765,56.21,0.0000,0.00,0,0,0,333.51,0,0.000,0.0000
2026-08-22T21:40:03.033040,489.02,DONE,7.0191,23.4736,103.87,0.0000,0.0000,20.6871,0,0.0,0.0,0.0,0.0,0.000,3.7608,0.6130,1.7288,334.59,17.8803,10.4765,56.21,0.0000,0.00,0,0,0,334.51,0,0.000,0.0000
2026-08-22T21:40:04.033074,490.02,DONE,7.0191,23.4736,103.87,0.0000,0.0000,20.6871,0,0.0,0.0,0.0,0.0,0.000,3.7608,0.6130,1.7288,335.59,17.8803,10.4765,56.21,0.0000,0.00,0,0,0,335.51,0,0.000,0.0000
2026-08-22T21:40:05.033049,491.02,DONE,7.0191,23.4736,103.87,0.0000,0.0000,20.6871,0,0.0,0.0,0.0,0.0,0.000,3.7608,0.6130,1.7288,336.59,17.8803,10.4765,56.21,0.0000,0.00,0,0,0,336.51,0,0.000,0.0000
2026-08-22T21:40:06.033097,492.02,DONE,7.0191,23.4736,103.87,0.0000,0.0000,20.6871,0,0.0,0.0,0.0,0.0,0.000,3.7608,0.6130,1.7288,337.59,17.8803,10.4765,56.21,0.0000,0.00,0,0,0,337.51,0,0.000,0.0000
2026-08-22T21:40:07.033081,493.02,DONE,7.0191,23.4736,103.87,0.0000,0.0000,20.6871,0,0.0,0.0,0.0,0.0,0.000,3.7608,0.6130,1.7288,338.59,17.8803,10.4765,56.21,0.0000,0.00,0,0,0,338.51,0,0.000,0.0000
2026-08-22T21:40:08.033445,494.02,DONE,7.0191,23.4736,103.87,0.0000,0.0000,20.6871,0,0.0,0.0,0.0,0.0,0.000,3.7608,0.6130,1.7288,339.59,17.8803,10.4765,56.21,0.0000,0.00,0,0,0,339.51,0,0.000,0.0000
2026-08-22T21:40:09.033186,495.02,DONE,7.0191,23.4736,103.87,0.0000,0.0000,20.6871,0,0.0,0.0,0.0,0.0,0.000,3.7608,0.6130,1.7288,340.59,17.8803,10.4765,56.21,0.0000,0.00,0,0,0,340.51,0,0.000,0.0000
2026-08-22T21:40:10.033271,496.02,DONE,7.0191,23.4736,103.87,0.0000,0.0000,20.6871,0,0.0,0.0,0.0,0.0,0.000,3.7608,0.6130,1.7288,341.59,17.8803,10.4765,56.21,0.0000,0.00,0,0,0,341.51,0,0.000,0.0000
2026-08-22T21:40:11.033195,497.02,DONE,7.0191,23.4736,103.87,0.0000,0.0000,20.6871,0,0.0,0.0,0.0,0.0,0.000,3.7608,0.6130,1.7288,342.59,17.8803,10.4765,56.21,0.0000,0.00,0,0,0,342.51,0,0.000,0.0000
2026-08-22T21:40:12.033279,498.02,DONE,7.0191,23.4736,103.87,0.0000,0.0000,20.6871,0,0.0,0.0,0.0,0.0,0.000,3.7608,0.6130,1.7288,343.59,17.8803,10.4765,56.21,0.0000,0.00,0,0,0,343.51,0,0.000,0.0000
2026-08-22T21:40:13.033193,499.02,DONE,7.0191,23.4736,103.87,0.0000,0.0000,20.6871,0,0.0,0.0,0.0,0.0,0.000,3.7608,0.6130,1.7288,344.59,17.8803,10.4765,56.21,0.0000,0.00,0,0,0,344.51,0,0.000,0.0000
2026-08-22T21:40:14.033123,500.02,DONE,7.0191,23.4736,103.87,0.0000,0.0000,20.6871,0,0.0,0.0,0.0,0.0,0.000,3.7608,0.6130,1.7288,345.59,17.8803,10.4765,56.21,0.0000,0.00,0,0,0,345.51,0,0.000,0.0000
2026-08-22T21:40:15.033013,501.02,DONE,7.0191,23.4736,103.87,0.0000,0.0000,20.6871,0,0.0,0.0,0.0,0.0,0.000,3.7608,0.6130,1.7288,346.59,17.8803,10.4765,56.21,0.0000,0.00,0,0,0,346.51,0,0.000,0.0000
2026-08-22T21:40:16.033082,502.02,DONE,7.0191,23.4736,103.87,0.0000,0.0000,20.6871,0,0.0,0.0,0.0,0.0,0.000,3.7608,0.6130,1.7288,347.59,17.8803,10.4765,56.21,0.0000,0.00,0,0,0,347.51,0,0.000,0.0000
2026-08-22T21:40:17.033101,503.02,DONE,7.0191,23.4736,103.87,0.0000,0.0000,20.6871,0,0.0,0.0,0.0,0.0,0.000,3.7608,0.6130,1.7288,348.59,17.8803,10.4765,56.21,0.0000,0.00,0,0,0,348.51,0,0.000,0.0000
2026-08-22T21:40:18.033153,504.02,DONE,7.0191,23.4736,103.87,0.0000,0.0000,20.6871,0,0.0,0.0,0.0,0.0,0.000,3.7608,0.6130,1.7288,349.59,17.8803,10.4765,56.21,0.0000,0.00,0,0,0,349.51,0,0.000,0.0000
2026-08-22T21:40:19.033116,505.02,DONE,7.0191,23.4736,103.87,0.0000,0.0000,20.6871,0,0.0,0.0,0.0,0.0,0.000,3.7608,0.6130,1.7288,350.59,17.8803,10.4765,56.21,0.0000,0.00,0,0,0,350.51,0,0.000,0.0000
2026-08-22T21:40:20.033043,506.02,DONE,7.0191,23.4736,103.87,0.0000,0.0000,20.6871,0,0.0,0.0,0.0,0.0,0.000,3.7608,0.6130,1.7288,351.59,17.8803,10.4765,56.21,0.0000,0.00,0,0,0,351.51,0,0.000,0.0000
2026-08-22T21:40:21.033402,507.02,DONE,7.0191,23.4736,103.87,0.0000,0.0000,20.6871,0,0.0,0.0,0.0,0.0,0.000,3.7608,0.6130,1.7288,352.59,17.8803,10.4765,56.21,0.0000,0.00,0,0,0,352.51,0,0.000,0.0000
2026-08-22T21:40:22.033129,508.02,DONE,7.0191,23.4736,103.87,0.0000,0.0000,20.6871,0,0.0,0.0,0.0,0.0,0.000,3.7608,0.6130,1.7288,353.59,17.8803,10.4765,56.21,0.0000,0.00,0,0,0,353.51,0,0.000,0.0000
2026-08-22T21:40:23.032995,509.02,DONE,7.0191,23.4736,103.87,0.0000,0.0000,20.6871,0,0.0,0.0,0.0,0.0,0.000,3.7608,0.6130,1.7288,354.59,17.8803,10.4765,56.21,0.0000,0.00,0,0,0,354.51,0,0.000,0.0000
2026-08-22T21:40:24.033237,510.02,DONE,7.0191,23.4736,103.87,0.0000,0.0000,20.6871,0,0.0,0.0,0.0,0.0,0.000,3.7608,0.6130,1.7288,355.59,17.8803,10.4765,56.21,0.0000,0.00,0,0,0,355.51,0,0.000,0.0000
2026-08-22T21:40:25.033185,511.02,DONE,7.0191,23.4736,103.87,0.0000,0.0000,20.6871,0,0.0,0.0,0.0,0.0,0.000,3.7608,0.6130,1.7288,356.59,17.8803,10.4765,56.21,0.0000,0.00,0,0,0,356.51,0,0.000,0.0000
2026-08-22T21:40:26.033088,512.02,DONE,7.0191,23.4736,103.87,0.0000,0.0000,20.6871,0,0.0,0.0,0.0,0.0,0.000,3.7608,0.6130,1.7288,357.59,17.8803,10.4765,56.21,0.0000,0.00,0,0,0,357.51,0,0.000,0.0000
2026-08-22T21:40:27.033535,513.02,DONE,7.0191,23.4736,103.87,0.0000,0.0000,20.6871,0,0.0,0.0,0.0,0.0,0.000,3.7608,0.6130,1.7288,358.59,17.8803,10.4765,56.21,0.0000,0.00,0,0,0,358.51,0,0.000,0.0000
2026-08-22T21:40:28.033443,514.02,DONE,7.0191,23.4736,103.87,0.0000,0.0000,20.6871,0,0.0,0.0,0.0,0.0,0.000,3.7608,0.6130,1.7288,359.59,17.8803,10.4765,56.21,0.0000,0.00,0,0,0,359.51,0,0.000,0.0000
2026-08-22T21:40:29.033100,515.02,DONE,7.0191,23.4736,103.87,0.0000,0.0000,20.6871,0,0.0,0.0,0.0,0.0,0.000,3.7608,0.6130,1.7288,360.59,17.8803,10.4765,56.21,0.0000,0.00,0,0,0,360.51,0,0.000,0.0000
2026-08-22T21:40:30.033103,516.02,DONE,7.0191,23.4736,103.87,0.0000,0.0000,20.6871,0,0.0,0.0,0.0,0.0,0.000,3.7608,0.6130,1.7288,361.59,17.8803,10.4765,56.21,0.0000,0.00,0,0,0,361.51,0,0.000,0.0000
2026-08-22T21:40:31.033097,517.02,DONE,7.0191,23.4736,103.87,0.0000,0.0000,20.6871,0,0.0,0.0,0.0,0.0,0.000,3.7608,0.6130,1.7288,362.59,17.8803,10.4765,56.21,0.0000,0.00,0,0,0,362.51,0,0.000,0.0000
2026-08-22T21:40:32.033028,518.02,DONE,7.0191,23.4736,103.87,0.0000,0.0000,20.6871,0,0.0,0.0,0.0,0.0,0.000,3.7608,0.6130,1.7288,363.59,17.8803,10.4765,56.21,0.0000,0.00,0,0,0,363.51,0,0.000,0.0000
2026-08-22T21:40:33.033103,519.02,DONE,7.0191,23.4736,103.87,0.0000,0.0000,20.6871,0,0.0,0.0,0.0,0.0,0.000,3.7608,0.6130,1.7288,364.59,17.8803,10.4765,56.21,0.0000,0.00,0,0,0,364.51,0,0.000,0.0000
2026-08-22T21:40:34.033053,520.02,DONE,7.0191,23.4736,103.87,0.0000,0.0000,20.6871,0,0.0,0.0,0.0,0.0,0.000,3.7608,0.6130,1.7288,365.59,17.8803,10.4765,56.21,0.0000,0.00,0,0,0,365.51,0,0.000,0.0000
2026-08-22T21:40:35.033214,521.02,DONE,7.0191,23.4736,103.87,0.0000,0.0000,20.6871,0,0.0,0.0,0.0,0.0,0.000,3.7608,0.6130,1.7288,366.59,17.8803,10.4765,56.21,0.0000,0.00,0,0,0,366.51,0,0.000,0.0000
2026-08-22T21:40:36.033361,522.02,DONE,7.0191,23.4736,103.87,0.0000,0.0000,20.6871,0,0.0,0.0,0.0,0.0,0.000,3.7608,0.6130,1.7288,367.59,17.8803,10.4765,56.21,0.0000,0.00,0,0,0,367.51,0,0.000,0.0000
2026-08-22T21:40:37.033213,523.02,DONE,7.0191,23.4736,103.87,0.0000,0.0000,20.6871,0,0.0,0.0,0.0,0.0,0.000,3.7608,0.6130,1.7288,368.59,17.8803,10.4765,56.21,0.0000,0.00,0,0,0,368.51,0,0.000,0.0000
2026-08-22T21:40:38.033296,524.02,DONE,7.0191,23.4736,103.87,0.0000,0.0000,20.6871,0,0.0,0.0,0.0,0.0,0.000,3.7608,0.6130,1.7288,369.59,17.8803,10.4765,56.21,0.0000,0.00,0,0,0,369.51,0,0.000,0.0000
2026-08-22T21:40:39.033214,525.02,DONE,7.0191,23.4736,103.87,0.0000,0.0000,20.6871,0,0.0,0.0,0.0,0.0,0.000,3.7608,0.6130,1.7288,370.59,17.8803,10.4765,56.21,0.0000,0.00,0,0,0,370.51,0,0.000,0.0000
2026-08-22T21:40:40.033232,526.02,DONE,7.0191,23.4736,103.87,0.0000,0.0000,20.6871,0,0.0,0.0,0.0,0.0,0.000,3.7608,0.6130,1.7288,371.59,17.8803,10.4765,56.21,0.0000,0.00,0,0,0,371.51,0,0.000,0.0000
2026-08-22T21:40:41.033106,527.02,DONE,7.0191,23.4736,103.87,0.0000,0.0000,20.6871,0,0.0,0.0,0.0,0.0,0.000,3.7608,0.6130,1.7288,372.59,17.8803,10.4765,56.21,0.0000,0.00,0,0,0,372.51,0,0.000,0.0000
2026-08-22T21:40:42.033124,528.02,DONE,7.0191,23.4736,103.87,0.0000,0.0000,20.6871,0,0.0,0.0,0.0,0.0,0.000,3.7608,0.6130,1.7288,373.59,17.8803,10.4765,56.21,0.0000,0.00,0,0,0,373.51,0,0.000,0.0000
2026-08-22T21:40:43.033031,529.02,DONE,7.0191,23.4736,103.87,0.0000,0.0000,20.6871,0,0.0,0.0,0.0,0.0,0.000,3.7608,0.6130,1.7288,374.59,17.8803,10.4765,56.21,0.0000,0.00,0,0,0,374.51,0,0.000,0.0000
2026-08-22T21:40:44.033062,530.02,DONE,7.0191,23.4736,103.87,0.0000,0.0000,20.6871,0,0.0,0.0,0.0,0.0,0.000,3.7608,0.6130,1.7288,375.59,17.8803,10.4765,56.21,0.0000,0.00,0,0,0,375.51,0,0.000,0.0000
2026-08-22T21:40:45.033104,531.02,DONE,7.0191,23.4736,103.87,0.0000,0.0000,20.6871,0,0.0,0.0,0.0,0.0,0.000,3.7608,0.6130,1.7288,376.59,17.8803,10.4765,56.21,0.0000,0.00,0,0,0,376.51,0,0.000,0.0000
2026-08-22T21:40:46.033201,532.02,DONE,7.0191,23.4736,103.87,0.0000,0.0000,20.6871,0,0.0,0.0,0.0,0.0,0.000,3.7608,0.6130,1.7288,377.59,17.8803,10.4765,56.21,0.0000,0.00,0,0,0,377.51,0,0.000,0.0000
2026-08-22T21:40:47.033030,533.02,DONE,7.0191,23.4736,103.87,0.0000,0.0000,20.6871,0,0.0,0.0,0.0,0.0,0.000,3.7608,0.6130,1.7288,378.59,17.8803,10.4765,56.21,0.0000,0.00,0,0,0,378.51,0,0.000,0.0000
2026-08-22T21:40:48.033027,534.02,DONE,7.0191,23.4736,103.87,0.0000,0.0000,20.6871,0,0.0,0.0,0.0,0.0,0.000,3.7608,0.6130,1.7288,379.59,17.8803,10.4765,56.21,0.0000,0.00,0,0,0,379.51,0,0.000,0.0000
2026-08-22T21:40:49.033331,535.02,DONE,7.0191,23.4736,103.87,0.0000,0.0000,20.6871,0,0.0,0.0,0.0,0.0,0.000,3.7608,0.6130,1.7288,380.59,17.8803,10.4765,56.21,0.0000,0.00,0,0,0,380.51,0,0.000,0.0000
2026-08-22T21:40:50.033142,536.02,DONE,7.0191,23.4736,103.87,0.0000,0.0000,20.6871,0,0.0,0.0,0.0,0.0,0.000,3.7608,0.6130,1.7288,381.59,17.8803,10.4765,56.21,0.0000,0.00,0,0,0,381.51,0,0.000,0.0000
2026-08-22T21:40:51.033259,537.02,DONE,7.0191,23.4736,103.87,0.0000,0.0000,20.6871,0,0.0,0.0,0.0,0.0,0.000,3.7608,0.6130,1.7288,382.59,17.8803,10.4765,56.21,0.0000,0.00,0,0,0,382.51,0,0.000,0.0000
2026-08-22T21:40:52.033190,538.02,DONE,7.0191,23.4736,103.87,0.0000,0.0000,20.6871,0,0.0,0.0,0.0,0.0,0.000,3.7608,0.6130,1.7288,383.59,17.8803,10.4765,56.21,0.0000,0.00,0,0,0,383.51,0,0.000,0.0000
2026-08-22T21:40:53.033180,539.02,DONE,7.0191,23.4736,103.87,0.0000,0.0000,20.6871,0,0.0,0.0,0.0,0.0,0.000,3.7608,0.6130,1.7288,384.59,17.8803,10.4765,56.21,0.0000,0.00,0,0,0,384.51,0,0.000,0.0000
2026-08-22T21:40:54.033257,540.02,DONE,7.0191,23.4736,103.87,0.0000,0.0000,20.6871,0,0.0,0.0,0.0,0.0,0.000,3.7608,0.6130,1.7288,385.59,17.8803,10.4765,56.21,0.0000,0.00,0,0,0,385.51,0,0.000,0.0000
2026-08-22T21:40:55.033102,541.02,DONE,7.0191,23.4736,103.87,0.0000,0.0000,20.6871,0,0.0,0.0,0.0,0.0,0.000,3.7608,0.6130,1.7288,386.59,17.8803,10.4765,56.21,0.0000,0.00,0,0,0,386.51,0,0.000,0.0000
2026-08-22T21:40:56.033265,542.02,DONE,7.0191,23.4736,103.87,0.0000,0.0000,20.6871,0,0.0,0.0,0.0,0.0,0.000,3.7608,0.6130,1.7288,387.59,17.8803,10.4765,56.21,0.0000,0.00,0,0,0,387.51,0,0.000,0.0000
2026-08-22T21:40:57.033116,543.02,DONE,7.0191,23.4736,103.87,0.0000,0.0000,20.6871,0,0.0,0.0,0.0,0.0,0.000,3.7608,0.6130,1.7288,388.59,17.8803,10.4765,56.21,0.0000,0.00,0,0,0,388.51,0,0.000,0.0000
2026-08-22T21:40:58.033240,544.02,DONE,7.0191,23.4736,103.87,0.0000,0.0000,20.6871,0,0.0,0.0,0.0,0.0,0.000,3.7608,0.6130,1.7288,389.59,17.8803,10.4765,56.21,0.0000,0.00,0,0,0,389.51,0,0.000,0.0000
2026-08-22T21:40:59.033179,545.02,DONE,7.0191,23.4736,103.87,0.0000,0.0000,20.6871,0,0.0,0.0,0.0,0.0,0.000,3.7608,0.6130,1.7288,390.59,17.8803,10.4765,56.21,0.0000,0.00,0,0,0,390.51,0,0.000,0.0000
2026-08-22T21:41:00.033520,546.02,DONE,7.0191,23.4736,103.87,0.0000,0.0000,20.6871,0,0.0,0.0,0.0,0.0,0.000,3.7608,0.6130,1.7288,391.59,17.8803,10.4765,56.21,0.0000,0.00,0,0,0,391.51,0,0.000,0.0000
2026-08-22T21:41:01.033409,547.02,DONE,7.0191,23.4736,103.87,0.0000,0.0000,20.6871,0,0.0,0.0,0.0,0.0,0.000,3.7608,0.6130,1.7288,392.59,17.8803,10.4765,56.21,0.0000,0.00,0,0,0,392.51,0,0.000,0.0000
2026-08-22T21:41:02.033768,548.02,DONE,7.0191,23.4736,103.87,0.0000,0.0000,20.6871,0,0.0,0.0,0.0,0.0,0.000,3.7608,0.6130,1.7288,393.59,17.8803,10.4765,56.21,0.0000,0.00,0,0,0,393.51,0,0.000,0.0000
2026-08-22T21:41:03.033209,549.02,DONE,7.0191,23.4736,103.87,0.0000,0.0000,20.6871,0,0.0,0.0,0.0,0.0,0.000,3.7608,0.6130,1.7288,394.59,17.8803,10.4765,56.21,0.0000,0.00,0,0,0,394.51,0,0.000,0.0000
2026-08-22T21:41:04.033228,550.02,DONE,7.0191,23.4736,103.87,0.0000,0.0000,20.6871,0,0.0,0.0,0.0,0.0,0.000,3.7608,0.6130,1.7288,395.59,17.8803,10.4765,56.21,0.0000,0.00,0,0,0,395.51,0,0.000,0.0000
2026-08-22T21:41:05.033253,551.02,DONE,7.0191,23.4736,103.87,0.0000,0.0000,20.6871,0,0.0,0.0,0.0,0.0,0.000,3.7608,0.6130,1.7288,396.59,17.8803,10.4765,56.21,0.0000,0.00,0,0,0,396.51,0,0.000,0.0000
2026-08-22T21:41:06.033260,552.02,DONE,7.0191,23.4736,103.87,0.0000,0.0000,20.6871,0,0.0,0.0,0.0,0.0,0.000,3.7608,0.6130,1.7288,397.59,17.8803,10.4765,56.21,0.0000,0.00,0,0,0,397.51,0,0.000,0.0000
2026-08-22T21:41:07.033065,553.02,DONE,7.0191,23.4736,103.87,0.0000,0.0000,20.6871,0,0.0,0.0,0.0,0.0,0.000,3.7608,0.6130,1.7288,398.59,17.8803,10.4765,56.21,0.0000,0.00,0,0,0,398.51,0,0.000,0.0000
2026-08-22T21:41:08.033122,554.02,DONE,7.0191,23.4736,103.87,0.0000,0.0000,20.6871,0,0.0,0.0,0.0,0.0,0.000,3.7608,0.6130,1.7288,399.59,17.8803,10.4765,56.21,0.0000,0.00,0,0,0,399.51,0,0.000,0.0000
2026-08-22T21:41:09.033169,555.02,DONE,7.0191,23.4736,103.87,0.0000,0.0000,20.6871,0,0.0,0.0,0.0,0.0,0.000,3.7608,0.6130,1.7288,400.59,17.8803,10.4765,56.21,0.0000,0.00,0,0,0,400.51,0,0.000,0.0000
2026-08-22T21:41:10.033142,556.02,DONE,7.0191,23.4736,103.87,0.0000,0.0000,20.6871,0,0.0,0.0,0.0,0.0,0.000,3.7608,0.6130,1.7288,401.59,17.8803,10.4765,56.21,0.0000,0.00,0,0,0,401.51,0,0.000,0.0000
2026-08-22T21:41:11.033114,557.02,DONE,7.0191,23.4736,103.87,0.0000,0.0000,20.6871,0,0.0,0.0,0.0,0.0,0.000,3.7608,0.6130,1.7288,402.59,17.8803,10.4765,56.21,0.0000,0.00,0,0,0,402.51,0,0.000,0.0000
2026-08-22T21:41:12.033266,558.02,DONE,7.0191,23.4736,103.87,0.0000,0.0000,20.6871,0,0.0,0.0,0.0,0.0,0.000,3.7608,0.6130,1.7288,403.59,17.8803,10.4765,56.21,0.0000,0.00,0,0,0,403.51,0,0.000,0.0000
2026-08-22T21:41:13.033569,559.02,DONE,7.0191,23.4736,103.87,0.0000,0.0000,20.6871,0,0.0,0.0,0.0,0.0,0.000,3.7608,0.6130,1.7288,404.59,17.8803,10.4765,56.21,0.0000,0.00,0,0,0,404.51,0,0.000,0.0000
2026-08-22T21:41:14.033221,560.02,DONE,7.0191,23.4736,103.87,0.0000,0.0000,20.6871,0,0.0,0.0,0.0,0.0,0.000,3.7608,0.6130,1.7288,405.59,17.8803,10.4765,56.21,0.0000,0.00,0,0,0,405.51,0,0.000,0.0000
2026-08-22T21:41:15.033445,561.02,DONE,7.0191,23.4736,103.87,0.0000,0.0000,20.6871,0,0.0,0.0,0.0,0.0,0.000,3.7608,0.6130,1.7288,406.59,17.8803,10.4765,56.21,0.0000,0.00,0,0,0,406.51,0,0.000,0.0000
2026-08-22T21:41:16.033133,562.02,DONE,7.0191,23.4736,103.87,0.0000,0.0000,20.6871,0,0.0,0.0,0.0,0.0,0.000,3.7608,0.6130,1.7288,407.59,17.8803,10.4765,56.21,0.0000,0.00,0,0,0,407.51,0,0.000,0.0000
2026-08-22T21:41:17.033031,563.02,DONE,7.0191,23.4736,103.87,0.0000,0.0000,20.6871,0,0.0,0.0,0.0,0.0,0.000,3.7608,0.6130,1.7288,408.59,17.8803,10.4765,56.21,0.0000,0.00,0,0,0,408.51,0,0.000,0.0000
2026-08-22T21:41:18.033132,564.02,DONE,7.0191,23.4736,103.87,0.0000,0.0000,20.6871,0,0.0,0.0,0.0,0.0,0.000,3.7608,0.6130,1.7288,409.59,17.8803,10.4765,56.21,0.0000,0.00,0,0,0,409.51,0,0.000,0.0000
2026-08-22T21:41:19.033067,565.02,DONE,7.0191,23.4736,103.87,0.0000,0.0000,20.6871,0,0.0,0.0,0.0,0.0,0.000,3.7608,0.6130,1.7288,410.59,17.8803,10.4765,56.21,0.0000,0.00,0,0,0,410.51,0,0.000,0.0000
2026-08-22T21:41:20.033121,566.02,DONE,7.0191,23.4736,103.87,0.0000,0.0000,20.6871,0,0.0,0.0,0.0,0.0,0.000,3.7608,0.6130,1.7288,411.59,17.8803,10.4765,56.21,0.0000,0.00,0,0,0,411.51,0,0.000,0.0000
2026-08-22T21:41:21.033109,567.02,DONE,7.0191,23.4736,103.87,0.0000,0.0000,20.6871,0,0.0,0.0,0.0,0.0,0.000,3.7608,0.6130,1.7288,412.59,17.8803,10.4765,56.21,0.0000,0.00,0,0,0,412.51,0,0.000,0.0000
2026-08-22T21:41:22.033231,568.02,DONE,7.0191,23.4736,103.87,0.0000,0.0000,20.6871,0,0.0,0.0,0.0,0.0,0.000,3.7608,0.6130,1.7288,413.59,17.8803,10.4765,56.21,0.0000,0.00,0,0,0,413.51,0,0.000,0.0000
2026-08-22T21:41:23.033107,569.02,DONE,7.0191,23.4736,103.87,0.0000,0.0000,20.6871,0,0.0,0.0,0.0,0.0,0.000,3.7608,0.6130,1.7288,414.59,17.8803,10.4765,56.21,0.0000,0.00,0,0,0,414.51,0,0.000,0.0000
2026-08-22T21:41:24.033120,570.02,DONE,7.0191,23.4736,103.87,0.0000,0.0000,20.6871,0,0.0,0.0,0.0,0.0,0.000,3.7608,0.6130,1.7288,415.59,17.8803,10.4765,56.21,0.0000,0.00,0,0,0,415.51,0,0.000,0.0000
2026-08-22T21:41:25.033177,571.02,DONE,7.0191,23.4736,103.87,0.0000,0.0000,20.6871,0,0.0,0.0,0.0,0.0,0.000,3.7608,0.6130,1.7288,416.59,17.8803,10.4765,56.21,0.0000,0.00,0,0,0,416.51,0,0.000,0.0000
2026-08-22T21:41:26.033173,572.02,DONE,7.0191,23.4736,103.87,0.0000,0.0000,20.6871,0,0.0,0.0,0.0,0.0,0.000,3.7608,0.6130,1.7288,417.59,17.8803,10.4765,56.21,0.0000,0.00,0,0,0,417.51,0,0.000,0.0000
2026-08-22T21:41:27.033468,573.02,DONE,7.0191,23.4736,103.87,0.0000,0.0000,20.6871,0,0.0,0.0,0.0,0.0,0.000,3.7608,0.6130,1.7288,418.59,17.8803,10.4765,56.21,0.0000,0.00,0,0,0,418.51,0,0.000,0.0000
2026-08-22T21:41:28.033316,574.02,DONE,7.0191,23.4736,103.87,0.0000,0.0000,20.6871,0,0.0,0.0,0.0,0.0,0.000,3.7608,0.6130,1.7288,419.59,17.8803,10.4765,56.21,0.0000,0.00,0,0,0,419.51,0,0.000,0.0000
2026-08-22T21:41:29.032972,575.02,DONE,7.0191,23.4736,103.87,0.0000,0.0000,20.6871,0,0.0,0.0,0.0,0.0,0.000,3.7608,0.6130,1.7288,420.59,17.8803,10.4765,56.21,0.0000,0.00,0,0,0,420.51,0,0.000,0.0000
2026-08-22T21:41:30.033076,576.02,DONE,7.0191,23.4736,103.87,0.0000,0.0000,20.6871,0,0.0,0.0,0.0,0.0,0.000,3.7608,0.6130,1.7288,421.59,17.8803,10.4765,56.21,0.0000,0.00,0,0,0,421.51,0,0.000,0.0000
2026-08-22T21:41:31.033122,577.02,DONE,7.0191,23.4736,103.87,0.0000,0.0000,20.6871,0,0.0,0.0,0.0,0.0,0.000,3.7608,0.6130,1.7288,422.59,17.8803,10.4765,56.21,0.0000,0.00,0,0,0,422.51,0,0.000,0.0000
2026-08-22T21:41:32.033036,578.02,DONE,7.0191,23.4736,103.87,0.0000,0.0000,20.6871,0,0.0,0.0,0.0,0.0,0.000,3.7608,0.6130,1.7288,423.59,17.8803,10.4765,56.21,0.0000,0.00,0,0,0,423.51,0,0.000,0.0000
2026-08-22T21:41:33.033199,579.02,DONE,7.0191,23.4736,103.87,0.0000,0.0000,20.6871,0,0.0,0.0,0.0,0.0,0.000,3.7608,0.6130,1.7288,424.59,17.8803,10.4765,56.21,0.0000,0.00,0,0,0,424.51,0,0.000,0.0000
2026-08-22T21:41:34.033140,580.02,DONE,7.0191,23.4736,103.87,0.0000,0.0000,20.6871,0,0.0,0.0,0.0,0.0,0.000,3.7608,0.6130,1.7288,425.59,17.8803,10.4765,56.21,0.0000,0.00,0,0,0,425.51,0,0.000,0.0000
2026-08-22T21:41:35.033120,581.02,DONE,7.0191,23.4736,103.87,0.0000,0.0000,20.6871,0,0.0,0.0,0.0,0.0,0.000,3.7608,0.6130,1.7288,426.59,17.8803,10.4765,56.21,0.0000,0.00,0,0,0,426.51,0,0.000,0.0000
2026-08-22T21:41:36.033149,582.02,DONE,7.0191,23.4736,103.87,0.0000,0.0000,20.6871,0,0.0,0.0,0.0,0.0,0.000,3.7608,0.6130,1.7288,427.59,17.8803,10.4765,56.21,0.0000,0.00,0,0,0,427.51,0,0.000,0.0000
2026-08-22T21:41:37.033124,583.02,DONE,7.0191,23.4736,103.87,0.0000,0.0000,20.6871,0,0.0,0.0,0.0,0.0,0.000,3.7608,0.6130,1.7288,428.59,17.8803,10.4765,56.21,0.0000,0.00,0,0,0,428.51,0,0.000,0.0000
2026-08-22T21:41:38.033087,584.02,DONE,7.0191,23.4736,103.87,0.0000,0.0000,20.6871,0,0.0,0.0,0.0,0.0,0.000,3.7608,0.6130,1.7288,429.59,17.8803,10.4765,56.21,0.0000,0.00,0,0,0,429.51,0,0.000,0.0000
2026-08-22T21:41:39.033088,585.02,DONE,7.0191,23.4736,103.87,0.0000,0.0000,20.6871,0,0.0,0.0,0.0,0.0,0.000,3.7608,0.6130,1.7288,430.59,17.8803,10.4765,56.21,0.0000,0.00,0,0,0,430.51,0,0.000,0.0000
2026-08-22T21:41:40.033123,586.02,DONE,7.0191,23.4736,103.87,0.0000,0.0000,20.6871,0,0.0,0.0,0.0,0.0,0.000,3.7608,0.6130,1.7288,431.59,17.8803,10.4765,56.21,0.0000,0.00,0,0,0,431.51,0,0.000,0.0000
2026-08-22T21:41:41.033079,587.02,DONE,7.0191,23.4736,103.87,0.0000,0.0000,20.6871,0,0.0,0.0,0.0,0.0,0.000,3.7608,0.6130,1.7288,432.59,17.8803,10.4765,56.21,0.0000,0.00,0,0,0,432.51,0,0.000,0.0000
2026-08-22T21:41:42.033032,588.02,DONE,7.0191,23.4736,103.87,0.0000,0.0000,20.6871,0,0.0,0.0,0.0,0.0,0.000,3.7608,0.6130,1.7288,433.59,17.8803,10.4765,56.21,0.0000,0.00,0,0,0,433.51,0,0.000,0.0000
2026-08-22T21:41:43.033183,589.02,DONE,7.0191,23.4736,103.87,0.0000,0.0000,20.6871,0,0.0,0.0,0.0,0.0,0.000,3.7608,0.6130,1.7288,434.59,17.8803,10.4765,56.21,0.0000,0.00,0,0,0,434.51,0,0.000,0.0000
2026-08-22T21:41:44.033035,590.02,DONE,7.0191,23.4736,103.87,0.0000,0.0000,20.6871,0,0.0,0.0,0.0,0.0,0.000,3.7608,0.6130,1.7288,435.59,17.8803,10.4765,56.21,0.0000,0.00,0,0,0,435.51,0,0.000,0.0000
2026-08-22T21:41:45.033099,591.02,DONE,7.0191,23.4736,103.87,0.0000,0.0000,20.6871,0,0.0,0.0,0.0,0.0,0.000,3.7608,0.6130,1.7288,436.59,17.8803,10.4765,56.21,0.0000,0.00,0,0,0,436.51,0,0.000,0.0000
2026-08-22T21:41:46.033181,592.02,DONE,7.0191,23.4736,103.87,0.0000,0.0000,20.6871,0,0.0,0.0,0.0,0.0,0.000,3.7608,0.6130,1.7288,437.59,17.8803,10.4765,56.21,0.0000,0.00,0,0,0,437.51,0,0.000,0.0000
2026-08-22T21:41:47.033051,593.02,DONE,7.0191,23.4736,103.87,0.0000,0.0000,20.6871,0,0.0,0.0,0.0,0.0,0.000,3.7608,0.6130,1.7288,438.59,17.8803,10.4765,56.21,0.0000,0.00,0,0,0,438.51,0,0.000,0.0000
2026-08-22T21:41:48.033320,594.02,DONE,7.0191,23.4736,103.87,0.0000,0.0000,20.6871,0,0.0,0.0,0.0,0.0,0.000,3.7608,0.6130,1.7288,439.59,17.8803,10.4765,56.21,0.0000,0.00,0,0,0,439.51,0,0.000,0.0000
2026-08-22T21:41:49.033242,595.02,DONE,7.0191,23.4736,103.87,0.0000,0.0000,20.6871,0,0.0,0.0,0.0,0.0,0.000,3.7608,0.6130,1.7288,440.59,17.8803,10.4765,56.21,0.0000,0.00,0,0,0,440.51,0,0.000,0.0000
2026-08-22T21:41:50.033074,596.02,DONE,7.0191,23.4736,103.87,0.0000,0.0000,20.6871,0,0.0,0.0,0.0,0.0,0.000,3.7608,0.6130,1.7288,441.59,17.8803,10.4765,56.21,0.0000,0.00,0,0,0,441.51,0,0.000,0.0000
2026-08-22T21:41:51.033027,597.02,DONE,7.0191,23.4736,103.87,0.0000,0.0000,20.6871,0,0.0,0.0,0.0,0.0,0.000,3.7608,0.6130,1.7288,442.59,17.8803,10.4765,56.21,0.0000,0.00,0,0,0,442.51,0,0.000,0.0000
2026-08-22T21:41:52.033147,598.02,DONE,7.0191,23.4736,103.87,0.0000,0.0000,20.6871,0,0.0,0.0,0.0,0.0,0.000,3.7608,0.6130,1.7288,443.59,17.8803,10.4765,56.21,0.0000,0.00,0,0,0,443.51,0,0.000,0.0000
2026-08-22T21:41:53.033102,599.02,DONE,7.0191,23.4736,103.87,0.0000,0.0000,20.6871,0,0.0,0.0,0.0,0.0,0.000,3.7608,0.6130,1.7288,444.59,17.8803,10.4765,56.21,0.0000,0.00,0,0,0,444.51,0,0.000,0.0000
2026-08-22T21:41:54.033130,600.02,DONE,7.0191,23.4736,103.87,0.0000,0.0000,20.6871,0,0.0,0.0,0.0,0.0,0.000,3.7608,0.6130,1.7288,445.59,17.8803,10.4765,56.21,0.0000,0.00,0,0,0,445.51,0,0.000,0.0000
2026-08-22T21:41:55.033191,601.02,DONE,7.0191,23.4736,103.87,0.0000,0.0000,20.6871,0,0.0,0.0,0.0,0.0,0.000,3.7608,0.6130,1.7288,446.59,17.8803,10.4765,56.21,0.0000,0.00,0,0,0,446.51,0,0.000,0.0000
2026-08-22T21:41:56.033179,602.02,DONE,7.0191,23.4736,103.87,0.0000,0.0000,20.6871,0,0.0,0.0,0.0,0.0,0.000,3.7608,0.6130,1.7288,447.59,17.8803,10.4765,56.21,0.0000,0.00,0,0,0,447.51,0,0.000,0.0000
2026-08-22T21:41:57.033101,603.02,DONE,7.0191,23.4736,103.87,0.0000,0.0000,20.6871,0,0.0,0.0,0.0,0.0,0.000,3.7608,0.6130,1.7288,448.59,17.8803,10.4765,56.21,0.0000,0.00,0,0,0,448.51,0,0.000,0.0000
2026-08-22T21:41:58.033110,604.02,DONE,7.0191,23.4736,103.87,0.0000,0.0000,20.6871,0,0.0,0.0,0.0,0.0,0.000,3.7608,0.6130,1.7288,449.59,17.8803,10.4765,56.21,0.0000,0.00,0,0,0,449.51,0,0.000,0.0000
2026-08-22T21:41:59.033118,605.02,DONE,7.0191,23.4736,103.87,0.0000,0.0000,20.6871,0,0.0,0.0,0.0,0.0,0.000,3.7608,0.6130,1.7288,450.59,17.8803,10.4765,56.21,0.0000,0.00,0,0,0,450.51,0,0.000,0.0000
2026-08-22T21:42:00.033415,606.02,DONE,7.0191,23.4736,103.87,0.0000,0.0000,20.6871,0,0.0,0.0,0.0,0.0,0.000,3.7608,0.6130,1.7288,451.59,17.8803,10.4765,56.21,0.0000,0.00,0,0,0,451.51,0,0.000,0.0000
2026-08-22T21:42:01.033115,607.02,DONE,7.0191,23.4736,103.87,0.0000,0.0000,20.6871,0,0.0,0.0,0.0,0.0,0.000,3.7608,0.6130,1.7288,452.59,17.8803,10.4765,56.21,0.0000,0.00,0,0,0,452.51,0,0.000,0.0000
2026-08-22T21:42:02.033121,608.02,DONE,7.0191,23.4736,103.87,0.0000,0.0000,20.6871,0,0.0,0.0,0.0,0.0,0.000,3.7608,0.6130,1.7288,453.59,17.8803,10.4765,56.21,0.0000,0.00,0,0,0,453.51,0,0.000,0.0000
2026-08-22T21:42:03.033083,609.02,DONE,7.0191,23.4736,103.87,0.0000,0.0000,20.6871,0,0.0,0.0,0.0,0.0,0.000,3.7608,0.6130,1.7288,454.59,17.8803,10.4765,56.21,0.0000,0.00,0,0,0,454.51,0,0.000,0.0000
2026-08-22T21:42:04.033327,610.02,DONE,7.0191,23.4736,103.87,0.0000,0.0000,20.6871,0,0.0,0.0,0.0,0.0,0.000,3.7608,0.6130,1.7288,455.59,17.8803,10.4765,56.21,0.0000,0.00,0,0,0,455.51,0,0.000,0.0000
2026-08-22T21:42:05.033071,611.02,DONE,7.0191,23.4736,103.87,0.0000,0.0000,20.6871,0,0.0,0.0,0.0,0.0,0.000,3.7608,0.6130,1.7288,456.59,17.8803,10.4765,56.21,0.0000,0.00,0,0,0,456.51,0,0.000,0.0000
2026-08-22T21:42:06.033112,612.02,DONE,7.0191,23.4736,103.87,0.0000,0.0000,20.6871,0,0.0,0.0,0.0,0.0,0.000,3.7608,0.6130,1.7288,457.59,17.8803,10.4765,56.21,0.0000,0.00,0,0,0,457.51,0,0.000,0.0000
2026-08-22T21:42:07.033082,613.02,DONE,7.0191,23.4736,103.87,0.0000,0.0000,20.6871,0,0.0,0.0,0.0,0.0,0.000,3.7608,0.6130,1.7288,458.59,17.8803,10.4765,56.21,0.0000,0.00,0,0,0,458.51,0,0.000,0.0000
