wall_time,sim_time_sec,mission_state,odom_x,odom_y,odom_yaw_deg,odom_vel_x,odom_vel_yaw,dist_from_start,gate_2d_detected,gate_2d_px_x,gate_2d_px_y,gate_2d_w_px,gate_2d_h_px,gate_2d_conf,gate_3d_x,gate_3d_y,gate_3d_z,gate_3d_age_sec,nav_gate_odom_x,nav_gate_odom_y,nav_approach_yaw_deg,nav_distance_m,nav_bearing_err_deg,nav_commit_ticks,nav_align_ticks,nav_yolo_fresh,nav_yolo_age_sec,nav_source,cmd_linear_x,cmd_angular_z
2026-08-14T00:54:11.691714,1.01,UNKNOWN,-5.0000,-4.0000,156.88,0.0000,0.0460,0.0000,,,,,,,,,,,,,,,,,,,,,,
2026-08-14T00:54:11.981334,1.30,SEARCH,-5.0000,-4.0000,157.72,0.0000,0.0454,0.0000,,,,,,,,,,,,,,,,,,,,,0.000,0.1500
2026-08-14T00:54:12.691640,2.01,SEARCH,-5.0000,-4.0000,159.21,0.0000,0.0443,0.0000,,,,,,,,,,,nan,nan,nan,0.0000,0.00,0,0,0,-1.00,0,0.000,0.1500
2026-08-14T00:54:13.691530,3.01,SEARCH,-5.0000,-4.0000,162.04,0.0000,0.0424,0.0000,,,,,,,,,,,nan,nan,nan,0.0000,0.00,0,0,0,-1.00,0,0.000,0.1500
2026-08-14T00:54:14.691653,4.01,SEARCH,-5.0000,-4.0000,164.43,0.0000,0.0411,0.0000,,,,,,,,,,,nan,nan,nan,0.0000,0.00,0,0,0,-1.00,0,0.000,0.1500
2026-08-14T00:54:15.692009,5.01,SEARCH,-5.0000,-4.0000,166.75,0.0000,0.0399,0.0000,,,,,,,,,,,nan,nan,nan,0.0000,0.00,0,0,0,-1.00,0,0.000,0.1500
2026-08-14T00:54:16.691837,6.01,SEARCH,-5.0000,-4.0000,169.01,0.0000,0.0390,0.0000,0,0.0,0.0,0.0,0.0,0.000,,,,,nan,nan,nan,0.0000,0.00,0,0,0,-1.00,0,0.000,0.1500
2026-08-14T00:54:17.691853,7.01,SEARCH,-5.0000,-4.0000,171.18,0.0000,0.0383,0.0000,0,0.0,0.0,0.0,0.0,0.000,,,,,nan,nan,nan,0.0000,0.00,0,0,0,-1.00,0,0.000,0.1500
2026-08-14T00:54:18.691652,8.01,SEARCH,-5.0000,-4.0000,173.35,0.0000,0.0377,0.0000,0,0.0,0.0,0.0,0.0,0.000,,,,,nan,nan,nan,0.0000,0.00,0,0,0,-1.00,0,0.000,0.1500
2026-08-14T00:54:19.691595,9.01,SEARCH,-5.0000,-4.0000,175.50,0.0000,0.0373,0.0000,0,0.0,0.0,0.0,0.0,0.000,,,,,nan,nan,nan,0.0000,0.00,0,0,0,-1.00,0,0.000,0.1500
2026-08-14T00:54:20.691610,10.01,SEARCH,-5.0000,-4.0000,177.63,0.0000,0.0370,0.0000,0,0.0,0.0,0.0,0.0,0.000,,,,,nan,nan,nan,0.0000,0.00,0,0,0,-1.00,0,0.000,0.1500
2026-08-14T00:54:21.691636,11.01,SEARCH,-5.0000,-4.0000,179.75,0.0000,0.0369,0.0000,0,0.0,0.0,0.0,0.0,0.000,,,,,nan,nan,nan,0.0000,0.00,0,0,0,-1.00,0,0.000,0.1500
2026-08-14T00:54:22.691594,12.01,SEARCH,-5.0000,-4.0000,-178.14,-0.0000,0.0370,0.0000,0,0.0,0.0,0.0,0.0,0.000,,,,,nan,nan,nan,0.0000,0.00,0,0,0,-1.00,0,0.000,0.1500
2026-08-14T00:54:23.691604,13.01,SEARCH,-5.0000,-4.0000,-176.01,-0.0000,0.0372,0.0000,0,0.0,0.0,0.0,0.0,0.000,,,,,nan,nan,nan,0.0000,0.00,0,0,0,-1.00,0,0.000,0.1500
2026-08-14T00:54:24.691595,14.01,SEARCH,-5.0000,-4.0000,-173.87,-0.0000,0.0376,0.0000,0,0.0,0.0,0.0,0.0,0.000,,,,,nan,nan,nan,0.0000,0.00,0,0,0,-1.00,0,0.000,0.1500
2026-08-14T00:54:25.691719,15.01,SEARCH,-5.0000,-4.0000,-171.70,-0.0000,0.0381,0.0000,0,0.0,0.0,0.0,0.0,0.000,,,,,nan,nan,nan,0.0000,0.00,0,0,0,-1.00,0,0.000,0.1500
2026-08-14T00:54:26.691547,16.01,SEARCH,-5.0000,-4.0000,-169.50,-0.0000,0.0388,0.0000,0,0.0,0.0,0.0,0.0,0.000,,,,,nan,nan,nan,0.0000,0.00,0,0,0,-1.00,0,0.000,0.1500
2026-08-14T00:54:27.691549,17.01,SEARCH,-5.0000,-4.0000,-167.25,-0.0000,0.0397,0.0000,0,0.0,0.0,0.0,0.0,0.000,,,,,nan,nan,nan,0.0000,0.00,0,0,0,-1.00,0,0.000,0.1500
2026-08-14T00:54:28.691716,18.01,SEARCH,-5.0000,-4.0000,-164.95,-0.0000,0.0408,0.0000,0,0.0,0.0,0.0,0.0,0.000,,,,,nan,nan,nan,0.0000,0.00,0,0,0,-1.00,0,0.000,0.1500
2026-08-14T00:54:29.691788,19.01,SEARCH,-5.0000,-4.0000,-162.57,-0.0000,0.0421,0.0000,0,0.0,0.0,0.0,0.0,0.000,,,,,nan,nan,nan,0.0000,0.00,0,0,0,-1.00,0,0.000,0.1500
2026-08-14T00:54:30.691606,20.01,SEARCH,-5.0000,-4.0000,-160.16,-0.0000,0.0436,0.0000,0,0.0,0.0,0.0,0.0,0.000,,,,,nan,nan,nan,0.0000,0.00,0,0,0,-1.00,0,0.000,0.1500
2026-08-14T00:54:31.691618,21.01,SEARCH,-5.0000,-4.0000,-157.61,-0.0000,0.0454,0.0000,0,0.0,0.0,0.0,0.0,0.000,,,,,nan,nan,nan,0.0000,0.00,0,0,0,-1.00,0,0.000,0.1500
2026-08-14T00:54:32.691794,22.01,SEARCH,-5.0000,-4.0000,-154.95,-0.0000,0.0476,0.0000,0,0.0,0.0,0.0,0.0,0.000,,,,,nan,nan,nan,0.0000,0.00,0,0,0,-1.00,0,0.000,0.1500
2026-08-14T00:54:33.691644,23.01,SEARCH,-5.0000,-4.0000,-152.16,-0.0000,0.0500,0.0000,0,0.0,0.0,0.0,0.0,0.000,,,,,nan,nan,nan,0.0000,0.00,0,0,0,-1.00,0,0.000,0.1500
2026-08-14T00:54:34.691723,24.01,SEARCH,-5.0000,-4.0000,-149.21,-0.0000,0.0528,0.0000,0,0.0,0.0,0.0,0.0,0.000,,,,,nan,nan,nan,0.0000,0.00,0,0,0,-1.00,0,0.000,0.1500
2026-08-14T00:54:35.691655,25.01,SEARCH,-5.0000,-4.0000,-146.09,0.0000,0.0559,0.0000,0,0.0,0.0,0.0,0.0,0.000,,,,,nan,nan,nan,0.0000,0.00,0,0,0,-1.00,0,0.000,0.1500
2026-08-14T00:54:36.691660,26.01,SEARCH,-5.0000,-4.0000,-142.98,0.0000,0.0550,0.0000,0,0.0,0.0,0.0,0.0,0.000,,,,,nan,nan,nan,0.0000,0.00,0,0,0,-1.00,0,0.000,0.1500
2026-08-14T00:54:37.691733,27.01,SEARCH,-5.0000,-4.0000,-139.85,0.0000,0.0544,0.0000,0,0.0,0.0,0.0,0.0,0.000,,,,,nan,nan,nan,0.0000,0.00,0,0,0,-1.00,0,0.000,0.1500
2026-08-14T00:54:38.691616,28.01,SEARCH,-5.0000,-4.0000,-136.74,0.0000,0.0541,0.0000,0,0.0,0.0,0.0,0.0,0.000,,,,,nan,nan,nan,0.0000,0.00,0,0,0,-1.00,0,0.000,0.1500
2026-08-14T00:54:39.691584,29.01,SEARCH,-5.0000,-4.0000,-133.64,-0.0000,0.0541,0.0000,0,0.0,0.0,0.0,0.0,0.000,,,,,nan,nan,nan,0.0000,0.00,0,0,0,-1.00,0,0.000,0.1500
2026-08-14T00:54:40.691541,30.01,SEARCH,-5.0000,-4.0000,-130.54,-0.0000,0.0543,0.0000,0,0.0,0.0,0.0,0.0,0.000,,,,,nan,nan,nan,0.0000,0.00,0,0,0,-1.00,0,0.000,0.1500
2026-08-14T00:54:41.691529,31.01,SEARCH,-5.0000,-4.0000,-127.41,-0.0000,0.0549,0.0000,0,0.0,0.0,0.0,0.0,0.000,,,,,nan,nan,nan,0.0000,0.00,0,0,0,-1.00,0,0.000,0.1500
2026-08-14T00:54:42.691773,32.01,SEARCH,-5.0000,-4.0000,-124.24,-0.0000,0.0557,0.0000,0,0.0,0.0,0.0,0.0,0.000,,,,,nan,nan,nan,0.0000,0.00,0,0,0,-1.00,0,0.000,0.1500
2026-08-14T00:54:43.691665,33.01,SEARCH,-5.0000,-4.0000,-121.17,0.0000,0.0533,0.0000,0,0.0,0.0,0.0,0.0,0.000,,,,,nan,nan,nan,0.0000,0.00,0,0,0,-1.00,0,0.000,0.1500
2026-08-14T00:54:44.691548,34.01,SEARCH,-5.0000,-4.0000,-118.20,0.0000,0.0504,0.0000,0,0.0,0.0,0.0,0.0,0.000,,,,,nan,nan,nan,0.0000,0.00,0,0,0,-1.00,0,0.000,0.1500
2026-08-14T00:54:45.691557,35.01,SEARCH,-5.0000,-4.0000,-115.39,0.0000,0.0479,0.0000,0,0.0,0.0,0.0,0.0,0.000,,,,,nan,nan,nan,0.0000,0.00,0,0,0,-1.00,0,0.000,0.1500
2026-08-14T00:54:46.691613,36.01,SEARCH,-5.0000,-4.0000,-112.71,0.0000,0.0457,0.0000,0,0.0,0.0,0.0,0.0,0.000,,,,,nan,nan,nan,0.0000,0.00,0,0,0,-1.00,0,0.000,0.1500
2026-08-14T00:54:47.691593,37.01,SEARCH,-5.0000,-4.0000,-110.15,0.0000,0.0439,0.0000,0,0.0,0.0,0.0,0.0,0.000,,,,,nan,nan,nan,0.0000,0.00,0,0,0,-1.00,0,0.000,0.1500
2026-08-14T00:54:48.691609,38.01,SEARCH,-5.0000,-4.0000,-107.68,0.0000,0.0423,0.0000,0,0.0,0.0,0.0,0.0,0.000,,,,,nan,nan,nan,0.0000,0.00,0,0,0,-1.00,0,0.000,0.1500
2026-08-14T00:54:49.691589,39.01,SEARCH,-5.0000,-4.0000,-105.30,0.0000,0.0409,0.0000,0,0.0,0.0,0.0,0.0,0.000,,,,,nan,nan,nan,0.0000,0.00,0,0,0,-1.00,0,0.000,0.1500
2026-08-14T00:54:50.691770,40.01,SEARCH,-5.0000,-4.0000,-102.99,0.0000,0.0398,0.0000,0,0.0,0.0,0.0,0.0,0.000,,,,,nan,nan,nan,0.0000,0.00,0,0,0,-1.00,0,0.000,0.1500
2026-08-14T00:54:51.691638,41.01,SEARCH,-5.0000,-4.0000,-100.73,0.0000,0.0389,0.0000,0,0.0,0.0,0.0,0.0,0.000,,,,,nan,nan,nan,0.0000,0.00,0,0,0,-1.00,0,0.000,0.1500
2026-08-14T00:54:52.691533,42.01,SEARCH,-5.0000,-4.0000,-98.53,0.0000,0.0382,0.0000,0,0.0,0.0,0.0,0.0,0.000,,,,,nan,nan,nan,0.0000,0.00,0,0,0,-1.00,0,0.000,0.1500
2026-08-14T00:54:53.691566,43.01,SEARCH,-5.0000,-4.0000,-96.40,0.0000,0.0376,0.0000,0,0.0,0.0,0.0,0.0,0.000,,,,,nan,nan,nan,0.0000,0.00,0,0,0,-1.00,0,0.000,0.1500
2026-08-14T00:54:54.691575,44.01,SEARCH,-5.0000,-4.0000,-94.25,0.0000,0.0372,0.0000,0,0.0,0.0,0.0,0.0,0.000,,,,,nan,nan,nan,0.0000,0.00,0,0,0,-1.00,0,0.000,0.1500
2026-08-14T00:54:55.691604,45.01,SEARCH,-5.0000,-4.0000,-92.13,0.0000,0.0370,0.0000,0,0.0,0.0,0.0,0.0,0.000,,,,,nan,nan,nan,0.0000,0.00,0,0,0,-1.00,0,0.000,0.1500
2026-08-14T00:54:56.691639,46.01,SEARCH,-5.0000,-4.0000,-90.01,0.0000,0.0369,0.0000,0,0.0,0.0,0.0,0.0,0.000,,,,,nan,nan,nan,0.0000,0.00,0,0,0,-1.00,0,0.000,0.1500
2026-08-14T00:54:57.691549,47.01,SEARCH,-5.0000,-4.0000,-87.89,-0.0000,0.0370,0.0000,0,0.0,0.0,0.0,0.0,0.000,,,,,nan,nan,nan,0.0000,0.00,0,0,0,-1.00,0,0.000,0.1500
2026-08-14T00:54:58.691761,48.01,SEARCH,-5.0000,-4.0000,-85.77,-0.0000,0.0372,0.0000,0,0.0,0.0,0.0,0.0,0.000,,,,,nan,nan,nan,0.0000,0.00,0,0,0,-1.00,0,0.000,0.1500
2026-08-14T00:54:59.691637,49.01,SEARCH,-5.0000,-4.0000,-83.62,-0.0000,0.0376,0.0000,0,0.0,0.0,0.0,0.0,0.000,,,,,nan,nan,nan,0.0000,0.00,0,0,0,-1.00,0,0.000,0.1500
2026-08-14T00:55:00.691559,50.01,SEARCH,-5.0000,-4.0000,-81.45,-0.0000,0.0382,0.0000,0,0.0,0.0,0.0,0.0,0.000,,,,,nan,nan,nan,0.0000,0.00,0,0,0,-1.00,0,0.000,0.1500
2026-08-14T00:55:01.691612,51.01,SEARCH,-5.0000,-4.0000,-79.24,-0.0000,0.0389,0.0000,0,0.0,0.0,0.0,0.0,0.000,,,,,nan,nan,nan,0.0000,0.00,0,0,0,-1.00,0,0.000,0.1500
2026-08-14T00:55:02.691544,52.01,SEARCH,-5.0000,-4.0000,-77.08,-0.0000,0.0398,0.0000,0,0.0,0.0,0.0,0.0,0.000,,,,,nan,nan,nan,0.0000,0.00,0,0,0,-1.00,0,0.000,0.1500
2026-08-14T00:55:03.691648,53.01,SEARCH,-5.0000,-4.0000,-75.00,-0.0000,0.0408,0.0000,0,0.0,0.0,0.0,0.0,0.000,,,,,nan,nan,nan,0.0000,0.00,0,0,0,-1.00,0,0.000,0.1500
2026-08-14T00:55:04.692102,54.01,SEARCH,-5.0000,-4.0000,-72.92,-0.0000,0.0419,0.0000,0,0.0,0.0,0.0,0.0,0.000,,,,,nan,nan,nan,0.0000,0.00,0,0,0,-1.00,0,0.000,0.1500
2026-08-14T00:55:05.691657,55.01,SEARCH,-5.0000,-4.0000,-70.72,-0.0000,0.0433,0.0000,0,0.0,0.0,0.0,0.0,0.000,,,,,nan,nan,nan,0.0000,0.00,0,0,0,-1.00,0,0.000,0.1500
2026-08-14T00:55:06.691652,56.01,SEARCH,-5.0000,-4.0000,-68.35,-0.0000,0.0449,0.0000,0,0.0,0.0,0.0,0.0,0.000,,,,,nan,nan,nan,0.0000,0.00,0,0,0,-1.00,0,0.000,0.1500
2026-08-14T00:55:07.691590,57.01,SEARCH,-5.0000,-4.0000,-65.99,-0.0000,0.0467,0.0000,0,0.0,0.0,0.0,0.0,0.000,,,,,nan,nan,nan,0.0000,0.00,0,0,0,-1.00,0,0.000,0.1500
2026-08-14T00:55:08.691757,58.01,SEARCH,-5.0000,-4.0000,-63.47,-0.0000,0.0488,0.0000,0,0.0,0.0,0.0,0.0,0.000,,,,,nan,nan,nan,0.0000,0.00,0,0,0,-1.00,0,0.000,0.1500
2026-08-14T00:55:09.691645,59.01,SEARCH,-5.0000,-4.0000,-60.95,-0.0000,0.0511,0.0000,0,0.0,0.0,0.0,0.0,0.000,,,,,nan,nan,nan,0.0000,0.00,0,0,0,-1.00,0,0.000,0.1500
2026-08-14T00:55:10.691618,60.01,SEARCH,-5.0000,-4.0000,-58.12,-0.0000,0.0540,0.0000,0,0.0,0.0,0.0,0.0,0.000,,,,,nan,nan,nan,0.0000,0.00,0,0,0,-1.00,0,0.000,0.1500
2026-08-14T00:55:11.691672,61.01,SEARCH,-5.0000,-4.0000,-55.15,0.0000,0.0556,0.0000,0,0.0,0.0,0.0,0.0,0.000,,,,,nan,nan,nan,0.0000,0.00,0,0,0,-1.00,0,0.000,0.1500
2026-08-14T00:55:12.691568,62.01,SEARCH,-5.0000,-4.0000,-52.30,0.0000,0.0548,0.0000,0,0.0,0.0,0.0,0.0,0.000,,,,,nan,nan,nan,0.0000,0.00,0,0,0,-1.00,0,0.000,0.1500
2026-08-14T00:55:13.691914,63.01,SEARCH,-5.0000,-4.0000,-49.49,0.0000,0.0544,0.0000,0,0.0,0.0,0.0,0.0,0.000,,,,,nan,nan,nan,0.0000,0.00,0,0,0,-1.00,0,0.000,0.1500
2026-08-14T00:55:14.691650,64.01,SEARCH,-5.0000,-4.0000,-46.88,0.0000,0.0541,0.0000,0,0.0,0.0,0.0,0.0,0.000,,,,,nan,nan,nan,0.0000,0.00,0,0,0,-1.00,0,0.000,0.1500
2026-08-14T00:55:15.691656,65.01,SEARCH,-5.0000,-4.0000,-44.09,-0.0000,0.0541,0.0000,0,0.0,0.0,0.0,0.0,0.000,,,,,nan,nan,nan,0.0000,0.00,0,0,0,-1.00,0,0.000,0.1500
2026-08-14T00:55:16.691764,66.01,SEARCH,-5.0000,-4.0000,-41.24,-0.0000,0.0543,0.0000,0,0.0,0.0,0.0,0.0,0.000,,,,,nan,nan,nan,0.0000,0.00,0,0,0,-1.00,0,0.000,0.1500
2026-08-14T00:55:17.691541,67.01,SEARCH,-5.0000,-4.0000,-38.43,-0.0000,0.0547,0.0000,0,0.0,0.0,0.0,0.0,0.000,,,,,nan,nan,nan,0.0000,0.00,0,0,0,-1.00,0,0.000,0.1500
2026-08-14T00:55:18.691675,68.01,SEARCH,-5.0000,-4.0000,-35.60,-0.0000,0.0553,0.0000,0,0.0,0.0,0.0,0.0,0.000,,,,,nan,nan,nan,0.0000,0.00,0,0,0,-1.00,0,0.000,0.1500
2026-08-14T00:55:19.691593,69.01,SEARCH,-5.0000,-4.0000,-32.73,0.0000,0.0549,0.0000,0,0.0,0.0,0.0,0.0,0.000,,,,,nan,nan,nan,0.0000,0.00,0,0,0,-1.00,0,0.000,0.1500
2026-08-14T00:55:20.691637,70.01,SEARCH,-5.0000,-4.0000,-29.98,0.0000,0.0521,0.0000,0,0.0,0.0,0.0,0.0,0.000,,,,,nan,nan,nan,0.0000,0.00,0,0,0,-1.00,0,0.000,0.1500
2026-08-14T00:55:21.691686,71.01,SEARCH,-5.0000,-4.0000,-27.36,0.0000,0.0496,0.0000,0,0.0,0.0,0.0,0.0,0.000,,,,,nan,nan,nan,0.0000,0.00,0,0,0,-1.00,0,0.000,0.1500
2026-08-14T00:55:22.691621,72.01,SEARCH,-5.0000,-4.0000,-24.91,0.0000,0.0475,0.0000,0,0.0,0.0,0.0,0.0,0.000,,,,,nan,nan,nan,0.0000,0.00,0,0,0,-1.00,0,0.000,0.1500
2026-08-14T00:55:23.691666,73.01,SEARCH,-5.0000,-4.0000,-22.46,0.0000,0.0455,0.0000,0,0.0,0.0,0.0,0.0,0.000,,,,,nan,nan,nan,0.0000,0.00,0,0,0,-1.00,0,0.000,0.1500
2026-08-14T00:55:24.691670,74.01,SEARCH,-5.0000,-4.0000,-20.11,0.0000,0.0438,0.0000,0,0.0,0.0,0.0,0.0,0.000,,,,,nan,nan,nan,0.0000,0.00,0,0,0,-1.00,0,0.000,0.1500
2026-08-14T00:55:25.691645,75.01,SEARCH,-5.0000,-4.0000,-17.89,0.0000,0.0424,0.0000,0,0.0,0.0,0.0,0.0,0.000,,,,,nan,nan,nan,0.0000,0.00,0,0,0,-1.00,0,0.000,0.1500
2026-08-14T00:55:26.691636,76.01,SEARCH,-5.0000,-4.0000,-15.69,0.0000,0.0411,0.0000,0,0.0,0.0,0.0,0.0,0.000,,,,,nan,nan,nan,0.0000,0.00,0,0,0,-1.00,0,0.000,0.1500
2026-08-14T00:55:27.691876,77.01,SEARCH,-5.0000,-4.0000,-13.73,0.0000,0.0402,0.0000,0,0.0,0.0,0.0,0.0,0.000,,,,,nan,nan,nan,0.0000,0.00,0,0,0,-1.00,0,0.000,0.1500
2026-08-14T00:55:28.691603,78.01,SEARCH,-5.0000,-4.0000,-11.59,0.0000,0.0392,0.0000,0,0.0,0.0,0.0,0.0,0.000,,,,,nan,nan,nan,0.0000,0.00,0,0,0,-1.00,0,0.000,0.1500
2026-08-14T00:55:29.691558,79.01,SEARCH,-5.0000,-4.0000,-9.59,0.0000,0.0385,0.0000,0,0.0,0.0,0.0,0.0,0.000,,,,,nan,nan,nan,0.0000,0.00,0,0,0,-1.00,0,0.000,0.1500
2026-08-14T00:55:30.691895,80.01,SEARCH,-5.0000,-4.0000,-7.62,0.0000,0.0379,0.0000,0,0.0,0.0,0.0,0.0,0.000,,,,,nan,nan,nan,0.0000,0.00,0,0,0,-1.00,0,0.000,0.1500
2026-08-14T00:55:31.691487,81.01,SEARCH,-5.0000,-4.0000,-5.68,0.0000,0.0375,0.0000,0,0.0,0.0,0.0,0.0,0.000,,,,,nan,nan,nan,0.0000,0.00,0,0,0,-1.00,0,0.000,0.1500
2026-08-14T00:55:32.691588,82.01,SEARCH,-5.0000,-4.0000,-3.71,0.0000,0.0372,0.0000,0,0.0,0.0,0.0,0.0,0.000,,,,,nan,nan,nan,0.0000,0.00,0,0,0,-1.00,0,0.000,0.1500
2026-08-14T00:55:33.217951,82.54,TRACK,-5.0000,-4.0000,-2.73,0.0000,0.0371,0.0000,0,0.0,0.0,0.0,0.0,0.000,8.5543,3.8685,0.8895,0.09,3.7351,-0.5285,nan,0.0000,0.00,0,0,1,0.04,0,0.000,0.1500
2026-08-14T00:55:33.691618,83.01,TRACK,-4.9409,-3.9999,2.92,0.1402,0.2322,0.0591,1,103.6,184.8,204.9,129.2,0.288,8.5543,3.8685,0.8895,0.57,3.4365,-0.6141,nan,8.5543,24.33,0,0,1,0.49,1,0.150,0.3000
2026-08-14T00:55:34.691696,84.01,TRACK,-4.8166,-3.9790,14.94,0.1405,0.2344,0.1846,1,224.3,185.5,180.7,126.1,0.537,9.4709,1.7581,0.9421,0.06,3.6435,-0.0061,nan,9.4709,11.54,0,0,1,0.05,1,0.150,0.3000
2026-08-14T00:55:35.691661,85.01,TRACK,-4.6978,-3.9407,21.83,0.1373,0.0582,0.3079,1,304.5,183.3,179.1,130.8,0.694,9.6431,0.3640,0.9834,0.01,3.8679,-0.2239,nan,9.6431,2.22,0,0,1,0.02,1,0.150,0.0582
2026-08-14T00:55:36.691601,86.01,TRACK,-4.5873,-3.8993,23.23,0.1371,0.0035,0.4248,1,317.3,182.0,184.9,133.7,0.556,10.1994,0.0495,1.0677,0.03,3.8466,-0.3252,nan,9.4709,0.13,0,0,1,0.02,1,0.150,0.0035
2026-08-14T00:55:37.691618,87.01,TRACK,-4.4696,-3.8537,23.39,0.1371,0.0034,0.5502,1,318.6,180.4,188.8,137.5,0.601,9.4709,0.0222,1.0210,0.02,3.9534,-0.2538,nan,9.4709,0.13,0,0,1,0.01,1,0.150,0.0034
2026-08-14T00:55:38.691643,88.01,TRACK,-4.3495,-3.8067,23.60,0.1371,0.0024,0.6786,1,318.8,179.2,186.5,139.6,0.516,9.4709,0.0114,1.0390,0.04,4.0608,-0.1842,nan,9.4709,0.09,0,0,1,0.03,1,0.150,0.0024
2026-08-14T00:55:39.691616,89.01,TRACK,-4.2321,-3.7604,23.61,0.1371,-0.0046,0.8044,1,320.6,178.5,191.1,141.5,0.683,9.1443,-0.0101,1.0182,0.03,4.1957,-0.1710,nan,9.4709,-0.18,0,0,1,0.02,1,0.150,-0.0046
2026-08-14T00:55:40.691578,90.01,TRACK,-4.1146,-3.7143,23.51,0.1371,0.0000,0.9303,1,319.3,177.5,194.1,143.9,0.658,8.9893,0.0108,1.0146,0.10,3.8631,-0.2978,nan,8.9893,0.07,0,0,1,0.02,1,0.150,0.0018
2026-08-14T00:55:41.691893,91.01,TRACK,-4.0022,-3.6702,23.50,0.1371,-0.0054,1.0509,1,321.8,176.9,196.3,146.0,0.465,8.9138,-0.0273,1.0169,0.04,3.9893,-0.2924,nan,8.9893,-0.21,0,0,1,0.05,1,0.150,-0.0054
2026-08-14T00:55:42.691636,92.01,TRACK,-3.8872,-3.6254,23.39,0.1371,0.0000,1.1742,1,320.4,175.6,198.9,148.5,0.554,8.6239,-0.0058,1.0059,0.03,4.1029,-0.2378,nan,8.9893,-0.02,0,0,1,0.02,1,0.150,-0.0005
2026-08-14T00:55:43.691500,93.01,TRACK,-3.7696,-3.5795,23.50,0.1371,-0.0066,1.3003,1,321.7,174.5,206.2,150.3,0.707,8.8395,-0.0273,1.0475,0.01,3.8918,-0.3520,nan,8.6239,-0.25,0,0,1,0.02,1,0.150,-0.0066
2026-08-14T00:55:44.691576,94.01,TRACK,-3.6545,-3.5347,23.37,0.1371,-0.0043,1.4237,1,320.7,174.4,208.2,151.2,0.619,8.3523,-0.0241,0.9900,0.08,3.7621,-0.4190,nan,8.3523,-0.17,0,0,1,0.00,1,0.150,-0.0043
2026-08-14T00:55:45.691647,95.01,TRACK,-3.5369,-3.4890,23.44,0.1371,0.0053,1.5498,1,317.8,174.8,205.0,151.0,0.223,8.6946,0.0342,1.0259,0.01,4.1634,-0.1874,nan,8.6946,0.20,0,0,1,0.07,1,0.150,0.0053
2026-08-14T00:55:46.691678,96.01,TRACK,-3.4245,-3.4449,23.60,0.1371,0.0000,1.6705,1,319.4,173.9,211.7,152.1,0.430,8.8395,0.0383,1.0659,0.02,4.2819,-0.1434,nan,8.6946,0.00,0,0,1,0.02,1,0.150,0.0000
2026-08-14T00:55:47.691639,97.01,TRACK,-3.3071,-3.3985,23.69,0.1371,0.0000,1.7966,1,319.9,171.3,214.2,160.1,0.780,8.2870,0.0231,1.0055,0.02,4.0189,-0.2441,nan,8.2870,0.04,0,0,1,0.00,1,0.150,0.0010
2026-08-14T00:55:48.691632,98.01,TRACK,-3.1948,-3.3541,23.62,0.1371,0.0000,1.9172,1,317.8,171.2,217.0,157.2,0.830,8.2870,0.0424,1.0292,0.04,4.1380,-0.2223,nan,8.2870,-0.07,0,0,1,0.03,1,0.150,-0.0018
2026-08-14T00:55:49.691494,99.01,TRACK,-3.0851,-3.3108,23.73,0.1371,0.0051,2.0351,1,316.7,170.2,219.1,160.6,0.701,8.2870,0.0501,1.0473,0.00,4.1141,-0.1848,nan,8.1595,0.19,0,0,1,0.03,1,0.150,0.0051
2026-08-14T00:55:50.692357,100.01,TRACK,-2.9679,-3.2640,23.89,0.1371,0.0054,2.1612,1,318.2,169.3,222.5,161.5,0.739,7.7995,0.0275,0.9990,0.04,4.1060,-0.1669,nan,8.0359,0.21,0,0,1,0.02,1,0.150,0.0054
2026-08-14T00:55:51.691676,101.01,TRACK,-2.8559,-3.2190,23.93,0.1371,-0.0089,2.2819,1,323.3,167.8,227.4,165.4,0.791,7.8573,-0.0466,1.0195,0.06,4.1331,-0.2258,nan,7.9159,-0.34,0,0,1,0.03,1,0.150,-0.0089
2026-08-14T00:55:52.691673,102.01,TRACK,-2.7413,-3.1733,23.84,0.1371,0.0048,2.4053,0,0.0,0.0,0.0,0.0,0.000,7.9159,0.0252,1.0312,0.35,4.2066,-0.1488,nan,7.9159,0.18,0,0,1,0.27,1,0.150,0.0048
2026-08-14T00:55:53.691610,103.01,TRACK,-2.6240,-3.1267,23.65,0.1371,0.0000,2.5314,1,319.2,164.2,234.9,173.1,0.766,7.5767,0.0093,1.0376,0.03,4.1016,-0.2362,nan,7.6312,0.06,0,0,1,0.01,1,0.150,0.0017
2026-08-14T00:55:54.691600,104.01,TRACK,-2.5067,-3.0803,23.72,0.1371,0.0000,2.6576,0,0.0,0.0,0.0,0.0,0.000,7.4177,0.0066,1.0230,0.10,4.0214,-0.2707,nan,7.4177,0.05,0,0,1,0.01,1,0.150,0.0013
2026-08-14T00:55:55.691825,105.01,TRACK,-2.3945,-3.0357,23.83,0.1371,0.0000,2.7782,1,320.5,162.4,239.1,177.1,0.813,7.3662,0.0036,1.0336,0.06,4.1267,-0.2170,nan,7.4177,0.03,0,0,1,0.05,1,0.150,0.0007
2026-08-14T00:55:56.691588,106.01,TRACK,-2.2773,-2.9889,23.98,0.1371,0.0054,2.9044,1,321.0,160.5,246.6,181.1,0.834,7.1671,0.0242,1.0255,0.03,4.1816,-0.1567,nan,7.3662,0.21,0,0,1,0.02,1,0.150,0.0054
2026-08-14T00:55:57.691674,107.01,TRACK,-2.1629,-2.9427,24.20,0.1370,0.0064,3.0278,1,320.8,158.9,247.5,184.6,0.467,7.2159,0.0307,1.0375,0.52,4.1071,-0.1769,nan,7.2159,0.24,0,0,1,0.44,1,0.150,0.0064
2026-08-14T00:55:58.691752,108.01,TRACK,-2.0485,-2.8964,23.99,0.1371,0.0000,3.1511,1,318.4,156.4,252.4,188.7,0.715,6.9785,0.0231,1.0530,0.07,4.0195,-0.2580,nan,6.9329,0.01,0,0,1,0.05,1,0.150,0.0002
2026-08-14T00:55:59.691621,109.01,TRACK,-1.9340,-2.8503,23.90,0.1371,-0.0040,3.2745,0,0.0,0.0,0.0,0.0,0.000,6.6296,-0.0045,1.0197,0.04,4.0689,-0.2724,nan,6.8435,-0.15,0,0,1,0.02,1,0.150,-0.0040
2026-08-14T00:56:00.691465,110.01,TRACK,-1.8169,-2.8033,24.03,0.1371,0.0030,3.4007,1,319.3,153.4,261.1,194.2,0.398,6.7996,0.0090,1.0664,0.01,4.1265,-0.2060,nan,6.7996,0.11,0,0,1,0.02,1,0.150,0.0030
2026-08-14T00:56:01.691583,111.01,TRACK,-1.7049,-2.7581,24.03,0.1371,0.0000,3.5213,0,0.0,0.0,0.0,0.0,0.000,6.7996,-0.0027,1.0653,0.86,4.1596,-0.2061,nan,6.7996,-0.02,0,0,1,0.78,1,0.150,-0.0006
2026-08-14T00:56:02.691552,112.01,TRACK,-1.5879,-2.7111,23.91,0.1371,0.0000,3.6475,1,319.3,149.8,272.4,202.5,0.183,6.4679,0.0028,1.1176,0.04,4.0614,-0.2690,nan,6.4679,0.02,0,0,1,0.02,1,0.150,0.0005
2026-08-14T00:56:03.691581,113.01,TRACK,-1.4734,-2.6650,24.12,0.1370,0.0022,3.7709,1,319.1,150.0,281.6,201.4,0.340,6.3139,0.0094,1.0308,0.02,4.1668,-0.1955,nan,6.4679,0.09,0,0,1,0.01,1,0.150,0.0022
2026-08-14T00:56:04.691550,114.01,TRACK,-1.3565,-2.6175,24.11,0.1370,0.0000,3.8970,0,0.0,0.0,0.0,0.0,0.000,6.3139,-0.0067,1.0133,0.73,4.0717,-0.2524,nan,6.3139,-0.06,0,0,1,0.65,1,0.150,-0.0016
2026-08-14T00:56:05.691530,115.01,TRACK,-1.2420,-2.5713,23.98,0.1371,0.0000,4.0204,1,320.0,138.6,292.2,224.5,0.135,6.2031,-0.0044,1.1335,0.06,4.1992,-0.2020,nan,6.2031,-0.04,0,0,1,0.04,1,0.150,-0.0011
2026-08-14T00:56:06.691617,116.01,TRACK,-1.1275,-2.5253,24.00,0.1371,0.0000,4.1438,0,0.0,0.0,0.0,0.0,0.000,6.1671,0.0038,1.1091,0.82,4.1992,-0.2020,nan,6.1671,0.04,0,0,1,0.74,1,0.150,0.0009
2026-08-14T00:56:07.691657,117.01,TRACK,-1.0131,-2.4791,24.17,0.1370,0.0048,4.2672,1,321.7,128.1,301.5,247.2,0.257,6.0269,0.0052,1.2012,0.01,4.1992,-0.2020,nan,6.0269,0.18,0,0,1,0.58,1,0.150,0.0048
2026-08-14T00:56:08.691692,118.01,TRACK,-0.8985,-2.4324,21.71,0.1395,-0.2543,4.3909,0,0.0,0.0,0.0,0.0,0.000,4.5721,-1.8676,0.9427,0.12,4.1992,-0.2020,nan,4.5721,-22.22,2,0,1,0.04,1,0.150,-0.3000
2026-08-14T00:56:09.014751,118.34,ALIGN,-0.8700,-2.4215,18.70,0.0000,0.0000,4.4214,0,0.0,0.0,0.0,0.0,0.000,4.5721,-1.8676,0.9427,0.44,4.1992,-0.2020,23.64,4.5721,-22.22,0,0,1,0.34,1,0.000,0.0000
2026-08-14T00:56:09.691587,119.01,ALIGN,-0.8700,-2.4215,21.08,0.0000,0.0000,4.4214,0,0.0,0.0,0.0,0.0,0.000,4.5721,-1.8676,0.9427,1.12,4.1992,-0.2020,23.64,5.5338,2.56,0,4,1,1.04,0,0.000,0.0000
2026-08-14T00:56:10.114709,119.44,CROSS,-0.8700,-2.4215,21.08,0.0000,0.0000,4.4214,0,0.0,0.0,0.0,0.0,0.000,4.5721,-1.8676,0.9427,1.54,4.1992,-0.2020,23.64,5.5338,2.56,0,8,1,1.44,0,0.000,0.0000
2026-08-14T00:56:10.691595,120.01,CROSS,-0.7816,-2.3904,21.08,0.1873,0.0000,4.5150,0,0.0,0.0,0.0,0.0,0.000,4.5721,-1.8676,0.9427,2.12,4.1992,-0.2020,23.64,7.9551,0.00,0,0,0,2.04,0,0.200,0.0000
2026-08-14T00:56:11.691640,121.01,CROSS,-0.6225,-2.3345,21.08,0.1873,0.0000,4.6836,1,535.0,126.2,210.0,252.4,0.120,4.4197,-1.7198,0.9103,0.08,4.1992,-0.2020,23.64,7.7827,0.00,0,0,1,0.06,0,0.200,0.0000
2026-08-14T00:56:12.691662,122.01,CROSS,-0.4599,-2.2773,21.08,0.1873,0.0000,4.8560,0,0.0,0.0,0.0,0.0,0.000,4.1926,-1.6591,0.8644,0.21,4.1992,-0.2020,23.64,7.6140,0.00,0,0,1,0.13,0,0.200,0.0000
2026-08-14T00:56:13.691647,123.01,CROSS,-0.2937,-2.2189,21.08,0.1873,0.0000,5.0321,0,0.0,0.0,0.0,0.0,0.000,4.0798,-1.6503,0.8433,0.29,4.1992,-0.2020,23.64,7.4379,0.00,0,0,1,0.21,0,0.200,0.0000
2026-08-14T00:56:14.691553,124.01,CROSS,-0.1310,-2.1618,21.08,0.1873,0.0000,5.2044,1,543.8,125.5,192.5,251.1,0.657,3.7883,-1.5345,0.7849,0.00,4.1992,-0.2020,23.64,7.2655,0.00,0,0,1,0.06,0,0.200,0.0000
2026-08-14T00:56:15.691622,125.01,CROSS,0.0246,-2.1071,21.08,0.1873,0.0000,5.3693,0,0.0,0.0,0.0,0.0,0.000,3.6831,-1.5043,0.7620,0.25,4.1992,-0.2020,23.64,7.0968,0.00,0,0,1,0.18,0,0.200,0.0000
2026-08-14T00:56:16.691679,126.01,CROSS,0.1837,-2.0512,21.08,0.1873,0.0000,5.5379,0,0.0,0.0,0.0,0.0,0.000,3.5240,-1.4435,0.7302,0.50,4.1992,-0.2020,23.64,6.9319,0.00,0,0,1,0.43,0,0.200,0.0000
2026-08-14T00:56:17.691735,127.01,CROSS,0.3428,-1.9953,21.08,0.1873,0.0000,5.7066,0,0.0,0.0,0.0,0.0,0.000,3.3148,-1.3803,0.6820,0.26,4.1992,-0.2020,23.64,6.7595,0.00,0,0,1,0.18,0,0.200,0.0000
2026-08-14T00:56:18.691662,128.01,CROSS,0.5020,-1.9394,21.08,0.1873,0.0000,5.8752,0,0.0,0.0,0.0,0.0,0.000,3.1570,-1.3409,0.6395,0.16,4.1992,-0.2020,23.64,6.5946,0.00,0,0,1,0.08,0,0.200,0.0000
2026-08-14T00:56:19.691656,129.01,CROSS,0.6611,-1.8835,21.08,0.1873,0.0000,6.0438,0,0.0,0.0,0.0,0.0,0.000,3.0135,-1.2994,0.6014,0.35,4.1992,-0.2020,23.64,6.4259,0.00,0,0,1,0.27,0,0.200,0.0000
2026-08-14T00:56:20.691597,130.01,CROSS,0.8202,-1.8275,21.08,0.1873,0.0000,6.2124,0,0.0,0.0,0.0,0.0,0.000,3.0135,-1.2994,0.6014,1.35,4.1992,-0.2020,23.64,6.2573,0.00,0,0,1,1.27,0,0.200,0.0000
2026-08-14T00:56:21.691663,131.01,CROSS,0.9829,-1.7704,21.08,0.1873,0.0000,6.3848,0,0.0,0.0,0.0,0.0,0.000,3.0135,-1.2994,0.6014,2.35,4.1992,-0.2020,23.64,6.0849,0.00,0,0,0,2.27,0,0.200,0.0000
2026-08-14T00:56:22.691548,132.01,CROSS,1.1455,-1.7132,21.08,0.1873,0.0000,6.5572,0,0.0,0.0,0.0,0.0,0.000,2.5017,-1.1480,0.4868,0.40,4.1992,-0.2020,23.64,5.9124,0.00,0,0,1,0.32,0,0.200,0.0000
2026-08-14T00:56:23.691634,133.01,CROSS,1.3046,-1.6573,21.08,0.1873,0.0000,6.7258,0,0.0,0.0,0.0,0.0,0.000,2.5017,-1.1480,0.4868,1.40,4.1992,-0.2020,23.64,5.7438,0.00,0,0,1,1.32,0,0.200,0.0000
2026-08-14T00:56:24.691643,134.01,CROSS,1.4708,-1.5989,21.08,0.1873,0.0000,6.9019,0,0.0,0.0,0.0,0.0,0.000,2.5017,-1.1480,0.4868,2.40,4.1992,-0.2020,23.64,5.5676,0.00,0,0,0,2.32,0,0.200,0.0000
2026-08-14T00:56:25.691642,135.01,CROSS,1.6370,-1.5405,21.08,0.1873,0.0000,7.0781,0,0.0,0.0,0.0,0.0,0.000,2.5017,-1.1480,0.4868,3.40,4.1992,-0.2020,23.64,5.3915,0.00,0,0,0,3.32,0,0.200,0.0000
2026-08-14T00:56:26.691609,136.01,CROSS,1.7997,-1.4834,21.08,0.1873,0.0000,7.2505,0,0.0,0.0,0.0,0.0,0.000,2.5017,-1.1480,0.4868,4.40,4.1992,-0.2020,23.64,5.2191,0.00,0,0,0,4.32,0,0.200,0.0000
2026-08-14T00:56:27.691738,137.01,CROSS,1.9553,-1.4287,21.08,0.1873,0.0000,7.4153,0,0.0,0.0,0.0,0.0,0.000,2.5017,-1.1480,0.4868,5.40,4.1992,-0.2020,23.64,5.0504,0.00,0,0,0,5.32,0,0.200,0.0000
2026-08-14T00:56:28.691681,138.01,CROSS,2.1144,-1.3728,21.08,0.1873,0.0000,7.5840,0,0.0,0.0,0.0,0.0,0.000,2.5017,-1.1480,0.4868,6.40,4.1992,-0.2020,23.64,4.8817,0.00,0,0,0,6.32,0,0.200,0.0000
2026-08-14T00:56:29.691640,139.01,CROSS,2.2806,-1.3144,21.08,0.1873,0.0000,7.7601,0,0.0,0.0,0.0,0.0,0.000,2.5017,-1.1480,0.4868,7.40,4.1992,-0.2020,23.64,4.7093,0.00,0,0,0,7.32,0,0.200,0.0000
2026-08-14T00:56:30.691797,140.01,CROSS,2.4362,-1.2597,21.08,0.1873,0.0000,7.9250,0,0.0,0.0,0.0,0.0,0.000,2.5017,-1.1480,0.4868,8.40,4.1992,-0.2020,23.64,4.5407,0.00,0,0,0,8.32,0,0.200,0.0000
2026-08-14T00:56:31.691661,141.01,CROSS,2.6094,-1.1988,21.08,0.1873,0.0000,8.1086,0,0.0,0.0,0.0,0.0,0.000,2.5017,-1.1480,0.4868,9.40,4.1992,-0.2020,23.64,4.3608,0.00,0,0,0,9.32,0,0.200,0.0000
2026-08-14T00:56:32.691699,142.01,CROSS,2.7650,-1.1442,21.08,0.1873,0.0000,8.2735,0,0.0,0.0,0.0,0.0,0.000,2.5017,-1.1480,0.4868,10.40,4.1992,-0.2020,23.64,4.1921,0.00,0,0,0,10.32,0,0.200,0.0000
2026-08-14T00:56:33.692660,143.01,CROSS,2.9277,-1.0870,21.08,0.1873,0.0000,8.4459,0,0.0,0.0,0.0,0.0,0.000,2.5017,-1.1480,0.4868,11.40,4.1992,-0.2020,23.64,4.0235,0.00,0,0,0,11.32,0,0.200,0.0000
2026-08-14T00:56:34.691648,144.01,CROSS,3.0868,-1.0311,21.08,0.1873,0.0000,8.6146,0,0.0,0.0,0.0,0.0,0.000,2.5017,-1.1480,0.4868,12.40,4.1992,-0.2020,23.64,3.8510,0.00,0,0,0,12.32,0,0.200,0.0000
2026-08-14T00:56:35.691529,145.01,CROSS,3.2565,-0.9715,21.08,0.1873,0.0000,8.7945,0,0.0,0.0,0.0,0.0,0.000,2.5017,-1.1480,0.4868,13.40,4.1992,-0.2020,23.64,3.6749,0.00,0,0,0,13.32,0,0.200,0.0000
2026-08-14T00:56:36.691597,146.01,CROSS,3.4192,-0.9143,21.08,0.1873,0.0000,8.9668,0,0.0,0.0,0.0,0.0,0.000,2.5017,-1.1480,0.4868,14.40,4.1992,-0.2020,23.64,3.5025,0.00,0,0,0,14.32,0,0.200,0.0000
2026-08-14T00:56:37.693646,147.01,CROSS,3.5783,-0.8584,21.08,0.1873,0.0000,9.1355,0,0.0,0.0,0.0,0.0,0.000,2.5017,-1.1480,0.4868,15.40,4.1992,-0.2020,23.64,3.3301,0.00,0,0,0,15.32,0,0.200,0.0000
2026-08-14T00:56:38.692030,148.01,CROSS,3.7374,-0.8025,21.08,0.1873,0.0000,9.3041,0,0.0,0.0,0.0,0.0,0.000,2.5017,-1.1480,0.4868,16.40,4.1992,-0.2020,23.64,3.1614,0.00,0,0,0,16.32,0,0.200,0.0000
2026-08-14T00:56:39.691687,149.01,CROSS,3.8895,-0.7490,21.08,0.1873,0.0000,9.4653,0,0.0,0.0,0.0,0.0,0.000,2.5017,-1.1480,0.4868,17.40,4.1992,-0.2020,23.64,3.0003,0.00,0,0,0,17.32,0,0.200,0.0000
2026-08-14T00:56:40.691672,150.01,CROSS,4.0486,-0.6931,21.08,0.1873,0.0000,9.6339,0,0.0,0.0,0.0,0.0,0.000,2.5017,-1.1480,0.4868,18.40,4.1992,-0.2020,23.64,2.8316,0.00,0,0,0,18.32,0,0.200,0.0000
2026-08-14T00:56:41.691918,151.01,CROSS,4.2148,-0.6347,21.08,0.1873,0.0000,9.8101,0,0.0,0.0,0.0,0.0,0.000,2.5017,-1.1480,0.4868,19.40,4.1992,-0.2020,23.64,2.6592,0.00,0,0,0,19.32,0,0.200,0.0000
2026-08-14T00:56:42.691726,152.01,CROSS,4.3810,-0.5763,21.08,0.1873,0.0000,9.9862,0,0.0,0.0,0.0,0.0,0.000,2.5017,-1.1480,0.4868,20.40,4.1992,-0.2020,23.64,2.4793,0.00,0,0,0,20.32,0,0.200,0.0000
2026-08-14T00:56:43.691673,153.01,CROSS,4.5401,-0.5204,21.08,0.1873,0.0000,10.1549,0,0.0,0.0,0.0,0.0,0.000,2.5017,-1.1480,0.4868,21.40,4.1992,-0.2020,23.64,2.3106,0.00,0,0,0,21.32,0,0.200,0.0000
2026-08-14T00:56:44.691943,154.01,CROSS,4.7063,-0.4620,21.08,0.1873,0.0000,10.3310,0,0.0,0.0,0.0,0.0,0.000,2.5017,-1.1480,0.4868,22.40,4.1992,-0.2020,23.64,2.1382,0.00,0,0,0,22.32,0,0.200,0.0000
2026-08-14T00:56:45.691628,155.01,CROSS,4.8690,-0.4049,21.08,0.1873,0.0000,10.5034,0,0.0,0.0,0.0,0.0,0.000,2.5017,-1.1480,0.4868,23.40,4.1992,-0.2020,23.64,1.9658,0.00,0,0,0,23.32,0,0.200,0.0000
2026-08-14T00:56:46.691617,156.01,CROSS,5.0281,-0.3490,21.08,0.1873,0.0000,10.6721,0,0.0,0.0,0.0,0.0,0.000,2.5017,-1.1480,0.4868,24.40,4.1992,-0.2020,23.64,1.7972,0.00,0,0,0,24.32,0,0.200,0.0000
2026-08-14T00:56:47.691665,157.01,CROSS,5.1978,-0.2893,21.08,0.1873,0.0000,10.8519,0,0.0,0.0,0.0,0.0,0.000,2.5017,-1.1480,0.4868,25.40,4.1992,-0.2020,23.64,1.6172,0.00,0,0,0,25.32,0,0.200,0.0000
2026-08-14T00:56:48.691733,158.01,CROSS,5.3605,-0.2322,21.08,0.1873,0.0000,11.0243,0,0.0,0.0,0.0,0.0,0.000,2.5017,-1.1480,0.4868,26.40,4.1992,-0.2020,23.64,1.4411,0.00,0,0,0,26.32,0,0.200,0.0000
2026-08-14T00:56:49.691629,159.01,CROSS,5.5231,-0.1750,21.08,0.1873,0.0000,11.1967,0,0.0,0.0,0.0,0.0,0.000,2.5017,-1.1480,0.4868,27.40,4.1992,-0.2020,23.64,1.2687,0.00,0,0,0,27.32,0,0.200,0.0000
2026-08-14T00:56:50.691763,160.01,CROSS,5.6823,-0.1191,21.08,0.1873,0.0000,11.3654,0,0.0,0.0,0.0,0.0,0.000,2.5017,-1.1480,0.4868,28.40,4.1992,-0.2020,23.64,1.1038,0.00,0,0,0,28.32,0,0.200,0.0000
2026-08-14T00:56:51.691690,161.01,CROSS,5.8414,-0.0632,21.08,0.1873,0.0000,11.5340,0,0.0,0.0,0.0,0.0,0.000,2.5017,-1.1480,0.4868,29.40,4.1992,-0.2020,23.64,0.9314,0.00,0,0,0,29.32,0,0.200,0.0000
2026-08-14T00:56:52.691650,162.01,CROSS,5.9970,-0.0085,21.08,0.1873,0.0000,11.6989,0,0.0,0.0,0.0,0.0,0.000,2.5017,-1.1480,0.4868,30.40,4.1992,-0.2020,23.64,0.7665,0.00,0,0,0,30.32,0,0.200,0.0000
2026-08-14T00:56:53.691631,163.01,CROSS,6.1561,0.0474,21.08,0.1873,0.0000,11.8676,0,0.0,0.0,0.0,0.0,0.000,2.5017,-1.1480,0.4868,31.40,4.1992,-0.2020,23.64,0.6015,0.00,0,0,0,31.32,0,0.200,0.0000
2026-08-14T00:56:54.691586,164.01,CROSS,6.3117,0.1021,21.08,0.1873,0.0000,12.0325,0,0.0,0.0,0.0,0.0,0.000,2.5017,-1.1480,0.4868,32.40,4.1992,-0.2020,23.64,0.4366,0.00,0,0,0,32.32,0,0.200,0.0000
2026-08-14T00:56:55.691576,165.01,CROSS,6.4708,0.1580,21.08,0.1873,0.0000,12.2011,0,0.0,0.0,0.0,0.0,0.000,2.5017,-1.1480,0.4868,33.40,4.1992,-0.2020,23.64,0.2680,0.00,0,0,0,33.32,0,0.200,0.0000
2026-08-14T00:56:56.691626,166.01,CROSS,6.6264,0.2127,21.08,0.1873,0.0000,12.3661,0,0.0,0.0,0.0,0.0,0.000,2.5017,-1.1480,0.4868,34.40,4.1992,-0.2020,23.64,0.0993,0.00,0,0,0,34.32,0,0.200,0.0000
2026-08-14T00:56:57.315553,166.64,STOP,6.7155,0.2440,21.08,0.0000,0.0000,12.4605,0,0.0,0.0,0.0,0.0,0.000,2.5017,-1.1480,0.4868,35.02,4.1992,-0.2020,23.64,0.0000,0.00,0,0,0,34.92,0,0.000,0.0000
2026-08-14T00:56:57.691977,167.01,STOP,6.7155,0.2440,21.08,0.0000,0.0000,12.4605,0,0.0,0.0,0.0,0.0,0.000,2.5017,-1.1480,0.4868,35.40,4.1992,-0.2020,23.64,0.0000,0.00,0,0,0,35.32,0,0.000,0.0000
2026-08-14T00:56:58.691760,168.01,STOP,6.7155,0.2440,21.08,0.0000,0.0000,12.4605,0,0.0,0.0,0.0,0.0,0.000,2.5017,-1.1480,0.4868,36.40,4.1992,-0.2020,23.64,0.0000,0.00,0,0,0,36.32,0,0.000,0.0000
2026-08-14T00:56:59.314446,168.64,RETURN_ALIGN,6.7155,0.2440,21.08,0.0000,0.0000,12.4605,0,0.0,0.0,0.0,0.0,0.000,2.5017,-1.1480,0.4868,37.02,4.1992,-0.2020,23.64,0.0000,0.00,0,0,0,36.92,0,0.000,0.0000
2026-08-14T00:56:59.691701,169.01,RETURN_ALIGN,6.7155,0.2440,17.54,0.0000,-0.1922,12.4605,0,0.0,0.0,0.0,0.0,0.000,2.5017,-1.1480,0.4868,37.40,4.1992,-0.2020,23.64,2.5555,-174.77,0,0,0,37.32,0,0.000,-0.3000
2026-08-14T00:57:00.691766,170.01,RETURN_ALIGN,6.7155,0.2440,7.75,0.0000,-0.1879,12.4605,0,0.0,0.0,0.0,0.0,0.000,2.5017,-1.1480,0.4868,38.40,4.1992,-0.2020,23.64,2.5555,-164.97,0,0,0,38.32,0,0.000,-0.3000
2026-08-14T00:57:01.691631,171.01,RETURN_ALIGN,6.7155,0.2440,-1.90,-0.0000,-0.1869,12.4605,0,0.0,0.0,0.0,0.0,0.000,2.5017,-1.1480,0.4868,39.40,4.1992,-0.2020,23.64,2.5555,-155.31,0,0,0,39.32,0,0.000,-0.3000
2026-08-14T00:57:02.691763,172.01,RETURN_ALIGN,6.7155,0.2440,-11.15,-0.0000,-0.1890,12.4605,0,0.0,0.0,0.0,0.0,0.000,2.5017,-1.1480,0.4868,40.40,4.1992,-0.2020,23.64,2.5555,-145.85,0,0,0,40.32,0,0.000,-0.3000
2026-08-14T00:57:03.691565,173.01,RETURN_ALIGN,6.7155,0.2440,-21.25,-0.0000,-0.1945,12.4605,0,0.0,0.0,0.0,0.0,0.000,2.5017,-1.1480,0.4868,41.40,4.1992,-0.2020,23.64,2.5555,-136.00,0,0,0,41.32,0,0.000,-0.3000
2026-08-14T00:57:04.691659,174.01,RETURN_ALIGN,6.7155,0.2440,-31.49,-0.0000,-0.2035,12.4605,0,0.0,0.0,0.0,0.0,0.000,2.5017,-1.1480,0.4868,42.40,4.1992,-0.2020,23.64,2.5555,-125.56,0,0,0,42.32,0,0.000,-0.3000
2026-08-14T00:57:05.691798,175.01,RETURN_ALIGN,6.7155,0.2440,-42.05,0.0000,-0.2041,12.4605,0,0.0,0.0,0.0,0.0,0.000,2.5017,-1.1480,0.4868,43.40,4.1992,-0.2020,23.64,2.5555,-115.24,0,0,0,43.32,0,0.000,-0.3000
2026-08-14T00:57:06.691622,176.01,RETURN_ALIGN,6.7155,0.2440,-52.12,-0.0000,-0.2047,12.4605,0,0.0,0.0,0.0,0.0,0.000,2.5017,-1.1480,0.4868,44.40,4.1992,-0.2020,23.64,2.5555,-104.94,0,0,0,44.32,0,0.000,-0.3000
2026-08-14T00:57:07.691600,177.01,RETURN_ALIGN,6.7155,0.2440,-62.85,0.0000,-0.1994,12.4605,0,0.0,0.0,0.0,0.0,0.000,2.5017,-1.1480,0.4868,45.40,4.1992,-0.2020,23.64,2.5555,-94.43,0,0,0,45.32,0,0.000,-0.3000
2026-08-14T00:57:08.691610,178.01,RETURN_ALIGN,6.7155,0.2440,-72.48,0.0000,-0.1922,12.4605,0,0.0,0.0,0.0,0.0,0.000,2.5017,-1.1480,0.4868,46.40,4.1992,-0.2020,23.64,2.5555,-84.54,0,0,0,46.32,0,0.000,-0.3000
2026-08-14T00:57:09.691721,179.01,RETURN_ALIGN,6.7155,0.2440,-82.48,0.0000,-0.1879,12.4605,0,0.0,0.0,0.0,0.0,0.000,2.5017,-1.1480,0.4868,47.40,4.1992,-0.2020,23.64,2.5555,-74.52,0,0,0,47.32,0,0.000,-0.3000
2026-08-14T00:57:10.691673,180.01,RETURN_ALIGN,6.7155,0.2440,-92.13,-0.0000,-0.1870,12.4605,0,0.0,0.0,0.0,0.0,0.000,2.5017,-1.1480,0.4868,48.40,4.1992,-0.2020,23.64,2.5555,-65.08,0,0,0,48.32,0,0.000,-0.3000
2026-08-14T00:57:11.691659,181.01,RETURN_ALIGN,6.7155,0.2440,-101.60,-0.0000,-0.1892,12.4605,0,0.0,0.0,0.0,0.0,0.000,2.5017,-1.1480,0.4868,49.40,4.1992,-0.2020,23.64,2.5555,-55.41,0,0,0,49.32,0,0.000,-0.3000
2026-08-14T00:57:12.691580,182.01,RETURN_ALIGN,6.7155,0.2440,-111.71,-0.0000,-0.1949,12.4605,0,0.0,0.0,0.0,0.0,0.000,2.5017,-1.1480,0.4868,50.40,4.1992,-0.2020,23.64,2.5555,-45.54,0,0,0,50.32,0,0.000,-0.3000
2026-08-14T00:57:13.691646,183.01,RETURN_ALIGN,6.7155,0.2440,-121.74,-0.0000,-0.2037,12.4605,0,0.0,0.0,0.0,0.0,0.000,2.5017,-1.1480,0.4868,51.40,4.1992,-0.2020,23.64,2.5555,-35.31,0,0,0,51.32,0,0.000,-0.3000
2026-08-14T00:57:14.694011,184.02,RETURN_ALIGN,6.7155,0.2440,-132.54,0.0000,-0.2041,12.4605,0,0.0,0.0,0.0,0.0,0.000,2.5017,-1.1480,0.4868,52.40,4.1992,-0.2020,23.64,2.5555,-24.75,0,0,0,52.32,0,0.000,-0.3000
2026-08-14T00:57:15.691585,185.01,RETURN_ALIGN,6.7155,0.2440,-142.84,-0.0000,-0.2049,12.4605,0,0.0,0.0,0.0,0.0,0.000,2.5017,-1.1480,0.4868,53.40,4.1992,-0.2020,23.64,2.5555,-14.23,0,0,0,53.32,0,0.000,-0.3000
2026-08-14T00:57:16.691664,186.01,RETURN_ALIGN,6.7155,0.2440,-152.84,0.0000,-0.1914,12.4605,0,0.0,0.0,0.0,0.0,0.000,2.5017,-1.1480,0.4868,54.40,4.1992,-0.2020,23.64,2.5555,-4.18,0,0,0,54.32,0,0.000,-0.2920
2026-08-14T00:57:17.614918,186.94,RETURN_TRACK,6.7155,0.2440,-153.96,0.0000,0.0000,12.4605,0,0.0,0.0,0.0,0.0,0.000,2.5017,-1.1480,0.4868,55.32,4.1992,-0.2020,23.64,2.5555,-2.40,0,0,0,55.22,0,0.000,0.0000
2026-08-14T00:57:17.691641,187.01,RETURN_TRACK,6.7087,0.2407,-154.76,0.1390,-0.2596,12.4530,0,0.0,0.0,0.0,0.0,0.000,2.5017,-1.1480,0.4868,55.40,4.1992,-0.2020,23.64,2.5555,-15.99,1,0,0,55.32,2,0.150,-0.3000
2026-08-14T00:57:18.114816,187.44,RETURN_ALIGN2,6.6693,0.2241,-159.28,0.0000,0.0000,12.4103,1,106.2,130.8,212.4,261.3,0.162,2.5017,-1.1480,0.4868,55.82,4.1992,-0.2020,23.64,2.5076,-11.03,0,0,0,55.72,2,0.000,0.0000
2026-08-14T00:57:18.691553,188.01,RETURN_ALIGN2,6.6693,0.2241,-165.04,0.0000,-0.1907,12.4103,0,0.0,0.0,0.0,0.0,0.000,2.8211,1.0917,0.5578,0.47,4.1992,-0.2020,23.64,2.5066,-6.04,0,0,1,0.39,0,0.000,-0.3000
2026-08-14T00:57:19.691607,189.01,RETURN_ALIGN2,6.6693,0.2241,-167.85,0.0000,0.0000,12.4103,0,0.0,0.0,0.0,0.0,0.000,2.8211,1.0917,0.5578,1.47,4.1992,-0.2020,23.64,2.5066,-2.36,0,7,1,1.39,0,0.000,0.0000
2026-08-14T00:57:19.816522,189.14,RETURN_CROSS,6.6693,0.2241,-167.85,0.0000,0.0000,12.4103,0,0.0,0.0,0.0,0.0,0.000,2.8211,1.0917,0.5578,1.60,4.1992,-0.2020,23.64,2.5066,-2.36,0,8,1,1.49,0,0.000,0.0000
2026-08-14T00:57:20.691677,190.01,RETURN_CROSS,6.5226,0.1986,-167.85,0.1883,0.0000,12.2637,0,0.0,0.0,0.0,0.0,0.000,2.8211,1.0917,0.5578,2.47,4.1992,-0.2020,23.64,4.8728,0.00,0,0,0,2.39,0,0.200,0.0000
2026-08-14T00:57:21.691764,191.01,RETURN_CROSS,6.3592,0.1701,-167.85,0.1883,0.0000,12.1005,0,0.0,0.0,0.0,0.0,0.000,2.8211,1.0917,0.5578,3.47,4.1992,-0.2020,23.64,4.7032,0.00,0,0,0,3.39,0,0.200,0.0000
2026-08-14T00:57:22.691741,192.01,RETURN_CROSS,6.1884,0.1404,-167.85,0.1883,0.0000,11.9299,0,0.0,0.0,0.0,0.0,0.000,2.8211,1.0917,0.5578,4.47,4.1992,-0.2020,23.64,4.5297,0.00,0,0,0,4.39,0,0.200,0.0000
2026-08-14T00:57:23.691599,193.01,RETURN_CROSS,6.0250,0.1120,-167.85,0.1883,0.0000,11.7668,0,0.0,0.0,0.0,0.0,0.000,2.8211,1.0917,0.5578,5.47,4.1992,-0.2020,23.64,4.3639,0.00,0,0,0,5.39,0,0.200,0.0000
2026-08-14T00:57:24.692323,194.01,RETURN_CROSS,5.8578,0.0829,-167.85,0.1883,0.0000,11.6001,0,0.0,0.0,0.0,0.0,0.000,2.8211,1.0917,0.5578,6.47,4.1992,-0.2020,23.64,4.1942,0.00,0,0,0,6.39,0,0.200,0.0000
2026-08-14T00:57:25.691668,195.01,RETURN_CROSS,5.6944,0.0545,-167.85,0.1883,0.0000,11.4372,0,0.0,0.0,0.0,0.0,0.000,2.8211,1.0917,0.5578,7.47,4.1992,-0.2020,23.64,4.0321,0.00,0,0,0,7.39,0,0.200,0.0000
2026-08-14T00:57:26.691768,196.01,RETURN_CROSS,5.5236,0.0248,-167.85,0.1883,0.0000,11.2669,0,0.0,0.0,0.0,0.0,0.000,2.8211,1.0917,0.5578,8.47,4.1992,-0.2020,23.64,3.8587,0.00,0,0,0,8.39,0,0.200,0.0000
2026-08-14T00:57:27.691657,197.01,RETURN_CROSS,5.3527,-0.0049,-167.85,0.1883,0.0000,11.0968,0,0.0,0.0,0.0,0.0,0.000,2.8211,1.0917,0.5578,9.47,4.1992,-0.2020,23.64,3.6815,0.00,0,0,0,9.39,0,0.200,0.0000
2026-08-14T00:57:28.691556,198.01,RETURN_CROSS,5.1819,-0.0347,-167.85,0.1883,0.0000,10.9268,0,0.0,0.0,0.0,0.0,0.000,2.8211,1.0917,0.5578,10.47,4.1992,-0.2020,23.64,3.5119,0.00,0,0,0,10.39,0,0.200,0.0000
2026-08-14T00:57:29.691613,199.01,RETURN_CROSS,5.0147,-0.0637,-167.85,0.1883,0.0000,10.7605,0,0.0,0.0,0.0,0.0,0.000,2.8211,1.0917,0.5578,11.47,4.1992,-0.2020,23.64,3.3385,0.00,0,0,0,11.39,0,0.200,0.0000
2026-08-14T00:57:30.691615,200.01,RETURN_CROSS,4.8476,-0.0928,-167.85,0.1883,0.0000,10.5944,0,0.0,0.0,0.0,0.0,0.000,2.8211,1.0917,0.5578,12.47,4.1992,-0.2020,23.64,3.1688,0.00,0,0,0,12.39,0,0.200,0.0000
2026-08-14T00:57:31.691787,201.01,RETURN_CROSS,4.6768,-0.1225,-167.85,0.1883,0.0000,10.4247,0,0.0,0.0,0.0,0.0,0.000,2.8211,1.0917,0.5578,13.47,4.1992,-0.2020,23.64,2.9954,0.00,0,0,0,13.39,0,0.200,0.0000
2026-08-14T00:57:32.691842,202.01,RETURN_CROSS,4.5059,-0.1522,-167.85,0.1883,0.0000,10.2551,0,0.0,0.0,0.0,0.0,0.000,2.8211,1.0917,0.5578,14.47,4.1992,-0.2020,23.64,2.8220,0.00,0,0,0,14.39,0,0.200,0.0000
2026-08-14T00:57:33.691815,203.01,RETURN_CROSS,4.3351,-0.1820,-167.85,0.1883,0.0000,10.0857,0,0.0,0.0,0.0,0.0,0.000,2.8211,1.0917,0.5578,15.47,4.1992,-0.2020,23.64,2.6524,0.00,0,0,0,15.39,0,0.200,0.0000
2026-08-14T00:57:34.691725,204.01,RETURN_CROSS,4.1716,-0.2104,-167.85,0.1883,0.0000,9.9237,0,0.0,0.0,0.0,0.0,0.000,2.8211,1.0917,0.5578,16.47,4.1992,-0.2020,23.64,2.4865,0.00,0,0,0,16.39,0,0.200,0.0000
2026-08-14T00:57:35.691604,205.01,RETURN_CROSS,4.0008,-0.2401,-167.85,0.1883,0.0000,9.7545,0,0.0,0.0,0.0,0.0,0.000,2.8211,1.0917,0.5578,17.47,4.1992,-0.2020,23.64,2.3131,0.00,0,0,0,17.39,0,0.200,0.0000
2026-08-14T00:57:36.691745,206.01,RETURN_CROSS,3.8411,-0.2679,-167.85,0.1883,0.0000,9.5965,0,0.0,0.0,0.0,0.0,0.000,2.8211,1.0917,0.5578,18.47,4.1992,-0.2020,23.64,2.1472,0.00,0,0,0,18.39,0,0.200,0.0000
2026-08-14T00:57:37.692474,207.01,RETURN_CROSS,3.6740,-0.2970,-167.85,0.1883,0.0000,9.4313,0,0.0,0.0,0.0,0.0,0.000,2.8211,1.0917,0.5578,19.47,4.1992,-0.2020,23.64,1.9813,0.00,0,0,0,19.39,0,0.200,0.0000
2026-08-14T00:57:38.691662,208.01,RETURN_CROSS,3.5106,-0.3254,-167.85,0.1883,0.0000,9.2700,0,0.0,0.0,0.0,0.0,0.000,2.8211,1.0917,0.5578,20.47,4.1992,-0.2020,23.64,1.8117,0.00,0,0,0,20.39,0,0.200,0.0000
2026-08-14T00:57:39.691819,209.01,RETURN_CROSS,3.3434,-0.3545,-167.85,0.1883,0.0000,9.1051,0,0.0,0.0,0.0,0.0,0.000,2.8211,1.0917,0.5578,21.47,4.1992,-0.2020,23.64,1.6421,0.00,0,0,0,21.39,0,0.200,0.0000
2026-08-14T00:57:40.692052,210.01,RETURN_CROSS,3.1726,-0.3842,-167.85,0.1883,0.0000,8.9367,0,0.0,0.0,0.0,0.0,0.000,2.8211,1.0917,0.5578,22.47,4.1992,-0.2020,23.64,1.4687,0.00,0,0,0,22.39,0,0.200,0.0000
2026-08-14T00:57:41.691672,211.01,RETURN_CROSS,3.0092,-0.4126,-167.85,0.1883,0.0000,8.7759,0,0.0,0.0,0.0,0.0,0.000,2.8211,1.0917,0.5578,23.47,4.1992,-0.2020,23.64,1.3028,0.00,0,0,0,23.39,0,0.200,0.0000
2026-08-14T00:57:42.691718,212.01,RETURN_CROSS,2.8383,-0.4423,-167.85,0.1883,0.0000,8.6079,0,0.0,0.0,0.0,0.0,0.000,2.8211,1.0917,0.5578,24.47,4.1992,-0.2020,23.64,1.1331,0.00,0,0,0,24.39,0,0.200,0.0000
2026-08-14T00:57:43.691692,213.01,RETURN_CROSS,2.6749,-0.4708,-167.85,0.1883,0.0000,8.4475,0,0.0,0.0,0.0,0.0,0.000,2.8211,1.0917,0.5578,25.47,4.1992,-0.2020,23.64,0.9635,0.00,0,0,0,25.39,0,0.200,0.0000
2026-08-14T00:57:44.691723,214.01,RETURN_CROSS,2.5040,-0.5005,-167.85,0.1883,0.0000,8.2799,0,0.0,0.0,0.0,0.0,0.000,2.8211,1.0917,0.5578,26.47,4.1992,-0.2020,23.64,0.7939,0.00,0,0,0,26.39,0,0.200,0.0000
2026-08-14T00:57:45.691711,215.01,RETURN_CROSS,2.3406,-0.5289,-167.85,0.1883,0.0000,8.1199,0,0.0,0.0,0.0,0.0,0.000,2.8211,1.0917,0.5578,27.47,4.1992,-0.2020,23.64,0.6242,0.00,0,0,0,27.39,0,0.200,0.0000
2026-08-14T00:57:46.691918,216.01,RETURN_CROSS,2.1735,-0.5580,-167.85,0.1883,0.0000,7.9565,0,0.0,0.0,0.0,0.0,0.000,2.8211,1.0917,0.5578,28.47,4.1992,-0.2020,23.64,0.4546,0.00,0,0,0,28.39,0,0.200,0.0000
2026-08-14T00:57:47.691784,217.01,RETURN_CROSS,2.0064,-0.5871,-167.85,0.1883,0.0000,7.7934,0,0.0,0.0,0.0,0.0,0.000,2.8211,1.0917,0.5578,29.47,4.1992,-0.2020,23.64,0.2849,0.00,0,0,0,29.39,0,0.200,0.0000
2026-08-14T00:57:48.691781,218.01,RETURN_CROSS,1.8392,-0.6161,-167.85,0.1883,0.0000,7.6306,0,0.0,0.0,0.0,0.0,0.000,2.8211,1.0917,0.5578,30.47,4.1992,-0.2020,23.64,0.1153,0.00,0,0,0,30.39,0,0.200,0.0000
2026-08-14T00:57:49.415608,218.74,DONE,1.7302,-0.6351,-167.85,0.0000,0.0000,7.5245,0,0.0,0.0,0.0,0.0,0.000,2.8211,1.0917,0.5578,31.19,4.1992,-0.2020,23.64,0.0000,0.00,0,0,0,31.09,0,0.000,0.0000
2026-08-14T00:57:49.691660,219.01,DONE,1.7302,-0.6351,-167.85,0.0000,0.0000,7.5245,0,0.0,0.0,0.0,0.0,0.000,2.8211,1.0917,0.5578,31.47,4.1992,-0.2020,23.64,0.0000,0.00,0,0,0,31.39,0,0.000,0.0000
2026-08-14T00:57:50.691678,220.01,DONE,1.7302,-0.6351,-167.85,0.0000,0.0000,7.5245,0,0.0,0.0,0.0,0.0,0.000,2.8211,1.0917,0.5578,32.47,4.1992,-0.2020,23.64,0.0000,0.00,0,0,0,32.39,0,0.000,0.0000
2026-08-14T00:57:51.691823,221.01,DONE,1.7302,-0.6351,-167.85,0.0000,0.0000,7.5245,0,0.0,0.0,0.0,0.0,0.000,2.8211,1.0917,0.5578,33.47,4.1992,-0.2020,23.64,0.0000,0.00,0,0,0,33.39,0,0.000,0.0000
2026-08-14T00:57:52.692081,222.01,DONE,1.7302,-0.6351,-167.85,0.0000,0.0000,7.5245,0,0.0,0.0,0.0,0.0,0.000,2.8211,1.0917,0.5578,34.47,4.1992,-0.2020,23.64,0.0000,0.00,0,0,0,34.39,0,0.000,0.0000
2026-08-14T00:57:53.691748,223.01,DONE,1.7302,-0.6351,-167.85,0.0000,0.0000,7.5245,0,0.0,0.0,0.0,0.0,0.000,2.8211,1.0917,0.5578,35.47,4.1992,-0.2020,23.64,0.0000,0.00,0,0,0,35.39,0,0.000,0.0000
2026-08-14T00:57:54.691704,224.01,DONE,1.7302,-0.6351,-167.85,0.0000,0.0000,7.5245,0,0.0,0.0,0.0,0.0,0.000,2.8211,1.0917,0.5578,36.47,4.1992,-0.2020,23.64,0.0000,0.00,0,0,0,36.39,0,0.000,0.0000
2026-08-14T00:57:55.691692,225.01,DONE,1.7302,-0.6351,-167.85,0.0000,0.0000,7.5245,0,0.0,0.0,0.0,0.0,0.000,2.8211,1.0917,0.5578,37.47,4.1992,-0.2020,23.64,0.0000,0.00,0,0,0,37.39,0,0.000,0.0000
2026-08-14T00:57:56.691701,226.01,DONE,1.7302,-0.6351,-167.85,0.0000,0.0000,7.5245,0,0.0,0.0,0.0,0.0,0.000,2.8211,1.0917,0.5578,38.47,4.1992,-0.2020,23.64,0.0000,0.00,0,0,0,38.39,0,0.000,0.0000
2026-08-14T00:57:57.691665,227.01,DONE,1.7302,-0.6351,-167.85,0.0000,0.0000,7.5245,0,0.0,0.0,0.0,0.0,0.000,2.8211,1.0917,0.5578,39.47,4.1992,-0.2020,23.64,0.0000,0.00,0,0,0,39.39,0,0.000,0.0000
2026-08-14T00:57:58.691724,228.01,DONE,1.7302,-0.6351,-167.85,0.0000,0.0000,7.5245,0,0.0,0.0,0.0,0.0,0.000,2.8211,1.0917,0.5578,40.47,4.1992,-0.2020,23.64,0.0000,0.00,0,0,0,40.39,0,0.000,0.0000
2026-08-14T00:57:59.691711,229.01,DONE,1.7302,-0.6351,-167.85,0.0000,0.0000,7.5245,0,0.0,0.0,0.0,0.0,0.000,2.8211,1.0917,0.5578,41.47,4.1992,-0.2020,23.64,0.0000,0.00,0,0,0,41.39,0,0.000,0.0000
2026-08-14T00:58:00.691631,230.01,DONE,1.7302,-0.6351,-167.85,0.0000,0.0000,7.5245,0,0.0,0.0,0.0,0.0,0.000,2.8211,1.0917,0.5578,42.47,4.1992,-0.2020,23.64,0.0000,0.00,0,0,0,42.39,0,0.000,0.0000
2026-08-14T00:58:01.691635,231.01,DONE,1.7302,-0.6351,-167.85,0.0000,0.0000,7.5245,0,0.0,0.0,0.0,0.0,0.000,2.8211,1.0917,0.5578,43.47,4.1992,-0.2020,23.64,0.0000,0.00,0,0,0,43.39,0,0.000,0.0000
2026-08-14T00:58:02.691708,232.01,DONE,1.7302,-0.6351,-167.85,0.0000,0.0000,7.5245,0,0.0,0.0,0.0,0.0,0.000,2.8211,1.0917,0.5578,44.47,4.1992,-0.2020,23.64,0.0000,0.00,0,0,0,44.39,0,0.000,0.0000
2026-08-14T00:58:03.691577,233.01,DONE,1.7302,-0.6351,-167.85,0.0000,0.0000,7.5245,0,0.0,0.0,0.0,0.0,0.000,2.8211,1.0917,0.5578,45.47,4.1992,-0.2020,23.64,0.0000,0.00,0,0,0,45.39,0,0.000,0.0000
2026-08-14T00:58:04.691768,234.01,DONE,1.7302,-0.6351,-167.85,0.0000,0.0000,7.5245,0,0.0,0.0,0.0,0.0,0.000,2.8211,1.0917,0.5578,46.47,4.1992,-0.2020,23.64,0.0000,0.00,0,0,0,46.39,0,0.000,0.0000
2026-08-14T00:58:05.691698,235.01,DONE,1.7302,-0.6351,-167.85,0.0000,0.0000,7.5245,0,0.0,0.0,0.0,0.0,0.000,2.8211,1.0917,0.5578,47.47,4.1992,-0.2020,23.64,0.0000,0.00,0,0,0,47.39,0,0.000,0.0000
2026-08-14T00:58:06.691574,236.01,DONE,1.7302,-0.6351,-167.85,0.0000,0.0000,7.5245,0,0.0,0.0,0.0,0.0,0.000,2.8211,1.0917,0.5578,48.47,4.1992,-0.2020,23.64,0.0000,0.00,0,0,0,48.39,0,0.000,0.0000
2026-08-14T00:58:07.691623,237.01,DONE,1.7302,-0.6351,-167.85,0.0000,0.0000,7.5245,0,0.0,0.0,0.0,0.0,0.000,2.8211,1.0917,0.5578,49.47,4.1992,-0.2020,23.64,0.0000,0.00,0,0,0,49.39,0,0.000,0.0000
2026-08-14T00:58:08.691514,238.01,DONE,1.7302,-0.6351,-167.85,0.0000,0.0000,7.5245,0,0.0,0.0,0.0,0.0,0.000,2.8211,1.0917,0.5578,50.47,4.1992,-0.2020,23.64,0.0000,0.00,0,0,0,50.39,0,0.000,0.0000
2026-08-14T00:58:09.691502,239.01,DONE,1.7302,-0.6351,-167.85,0.0000,0.0000,7.5245,0,0.0,0.0,0.0,0.0,0.000,2.8211,1.0917,0.5578,51.47,4.1992,-0.2020,23.64,0.0000,0.00,0,0,0,51.39,0,0.000,0.0000
2026-08-14T00:58:10.691649,240.01,DONE,1.7302,-0.6351,-167.85,0.0000,0.0000,7.5245,0,0.0,0.0,0.0,0.0,0.000,2.8211,1.0917,0.5578,52.47,4.1992,-0.2020,23.64,0.0000,0.00,0,0,0,52.39,0,0.000,0.0000
2026-08-14T00:58:11.691936,241.01,DONE,1.7302,-0.6351,-167.85,0.0000,0.0000,7.5245,0,0.0,0.0,0.0,0.0,0.000,2.8211,1.0917,0.5578,53.47,4.1992,-0.2020,23.64,0.0000,0.00,0,0,0,53.39,0,0.000,0.0000
2026-08-14T00:58:12.691669,242.01,DONE,1.7302,-0.6351,-167.85,0.0000,0.0000,7.5245,0,0.0,0.0,0.0,0.0,0.000,2.8211,1.0917,0.5578,54.47,4.1992,-0.2020,23.64,0.0000,0.00,0,0,0,54.39,0,0.000,0.0000
2026-08-14T00:58:13.691682,243.01,DONE,1.7302,-0.6351,-167.85,0.0000,0.0000,7.5245,0,0.0,0.0,0.0,0.0,0.000,2.8211,1.0917,0.5578,55.47,4.1992,-0.2020,23.64,0.0000,0.00,0,0,0,55.39,0,0.000,0.0000
2026-08-14T00:58:14.691596,244.01,DONE,1.7302,-0.6351,-167.85,0.0000,0.0000,7.5245,0,0.0,0.0,0.0,0.0,0.000,2.8211,1.0917,0.5578,56.47,4.1992,-0.2020,23.64,0.0000,0.00,0,0,0,56.39,0,0.000,0.0000
2026-08-14T00:58:15.691659,245.01,DONE,1.7302,-0.6351,-167.85,0.0000,0.0000,7.5245,0,0.0,0.0,0.0,0.0,0.000,2.8211,1.0917,0.5578,57.47,4.1992,-0.2020,23.64,0.0000,0.00,0,0,0,57.39,0,0.000,0.0000
2026-08-14T00:58:16.691594,246.01,DONE,1.7302,-0.6351,-167.85,0.0000,0.0000,7.5245,0,0.0,0.0,0.0,0.0,0.000,2.8211,1.0917,0.5578,58.47,4.1992,-0.2020,23.64,0.0000,0.00,0,0,0,58.39,0,0.000,0.0000
2026-08-14T00:58:17.691620,247.01,DONE,1.7302,-0.6351,-167.85,0.0000,0.0000,7.5245,0,0.0,0.0,0.0,0.0,0.000,2.8211,1.0917,0.5578,59.47,4.1992,-0.2020,23.64,0.0000,0.00,0,0,0,59.39,0,0.000,0.0000
2026-08-14T00:58:18.691639,248.01,DONE,1.7302,-0.6351,-167.85,0.0000,0.0000,7.5245,0,0.0,0.0,0.0,0.0,0.000,2.8211,1.0917,0.5578,60.47,4.1992,-0.2020,23.64,0.0000,0.00,0,0,0,60.39,0,0.000,0.0000
2026-08-14T00:58:19.691603,249.01,DONE,1.7302,-0.6351,-167.85,0.0000,0.0000,7.5245,0,0.0,0.0,0.0,0.0,0.000,2.8211,1.0917,0.5578,61.47,4.1992,-0.2020,23.64,0.0000,0.00,0,0,0,61.39,0,0.000,0.0000
2026-08-14T00:58:20.691769,250.01,DONE,1.7302,-0.6351,-167.85,0.0000,0.0000,7.5245,0,0.0,0.0,0.0,0.0,0.000,2.8211,1.0917,0.5578,62.47,4.1992,-0.2020,23.64,0.0000,0.00,0,0,0,62.39,0,0.000,0.0000
2026-08-14T00:58:21.691724,251.01,DONE,1.7302,-0.6351,-167.85,0.0000,0.0000,7.5245,0,0.0,0.0,0.0,0.0,0.000,2.8211,1.0917,0.5578,63.47,4.1992,-0.2020,23.64,0.0000,0.00,0,0,0,63.39,0,0.000,0.0000
2026-08-14T00:58:22.691588,252.01,DONE,1.7302,-0.6351,-167.85,0.0000,0.0000,7.5245,0,0.0,0.0,0.0,0.0,0.000,2.8211,1.0917,0.5578,64.47,4.1992,-0.2020,23.64,0.0000,0.00,0,0,0,64.39,0,0.000,0.0000
2026-08-14T00:58:23.691507,253.01,DONE,1.7302,-0.6351,-167.85,0.0000,0.0000,7.5245,0,0.0,0.0,0.0,0.0,0.000,2.8211,1.0917,0.5578,65.47,4.1992,-0.2020,23.64,0.0000,0.00,0,0,0,65.39,0,0.000,0.0000
2026-08-14T00:58:24.691483,254.01,DONE,1.7302,-0.6351,-167.85,0.0000,0.0000,7.5245,0,0.0,0.0,0.0,0.0,0.000,2.8211,1.0917,0.5578,66.47,4.1992,-0.2020,23.64,0.0000,0.00,0,0,0,66.39,0,0.000,0.0000
2026-08-14T00:58:25.691548,255.01,DONE,1.7302,-0.6351,-167.85,0.0000,0.0000,7.5245,0,0.0,0.0,0.0,0.0,0.000,2.8211,1.0917,0.5578,67.47,4.1992,-0.2020,23.64,0.0000,0.00,0,0,0,67.39,0,0.000,0.0000
2026-08-14T00:58:26.691512,256.01,DONE,1.7302,-0.6351,-167.85,0.0000,0.0000,7.5245,0,0.0,0.0,0.0,0.0,0.000,2.8211,1.0917,0.5578,68.47,4.1992,-0.2020,23.64,0.0000,0.00,0,0,0,68.39,0,0.000,0.0000
2026-08-14T00:58:27.691659,257.01,DONE,1.7302,-0.6351,-167.85,0.0000,0.0000,7.5245,0,0.0,0.0,0.0,0.0,0.000,2.8211,1.0917,0.5578,69.47,4.1992,-0.2020,23.64,0.0000,0.00,0,0,0,69.39,0,0.000,0.0000
2026-08-14T00:58:28.691609,258.01,DONE,1.7302,-0.6351,-167.85,0.0000,0.0000,7.5245,0,0.0,0.0,0.0,0.0,0.000,2.8211,1.0917,0.5578,70.47,4.1992,-0.2020,23.64,0.0000,0.00,0,0,0,70.39,0,0.000,0.0000
2026-08-14T00:58:29.691606,259.01,DONE,1.7302,-0.6351,-167.85,0.0000,0.0000,7.5245,0,0.0,0.0,0.0,0.0,0.000,2.8211,1.0917,0.5578,71.47,4.1992,-0.2020,23.64,0.0000,0.00,0,0,0,71.39,0,0.000,0.0000
2026-08-14T00:58:30.691679,260.01,DONE,1.7302,-0.6351,-167.85,0.0000,0.0000,7.5245,0,0.0,0.0,0.0,0.0,0.000,2.8211,1.0917,0.5578,72.47,4.1992,-0.2020,23.64,0.0000,0.00,0,0,0,72.39,0,0.000,0.0000
2026-08-14T00:58:31.691595,261.01,DONE,1.7302,-0.6351,-167.85,0.0000,0.0000,7.5245,0,0.0,0.0,0.0,0.0,0.000,2.8211,1.0917,0.5578,73.47,4.1992,-0.2020,23.64,0.0000,0.00,0,0,0,73.39,0,0.000,0.0000
2026-08-14T00:58:32.691606,262.01,DONE,1.7302,-0.6351,-167.85,0.0000,0.0000,7.5245,0,0.0,0.0,0.0,0.0,0.000,2.8211,1.0917,0.5578,74.47,4.1992,-0.2020,23.64,0.0000,0.00,0,0,0,74.39,0,0.000,0.0000
2026-08-14T00:58:33.691595,263.01,DONE,1.7302,-0.6351,-167.85,0.0000,0.0000,7.5245,0,0.0,0.0,0.0,0.0,0.000,2.8211,1.0917,0.5578,75.47,4.1992,-0.2020,23.64,0.0000,0.00,0,0,0,75.39,0,0.000,0.0000
2026-08-14T00:58:34.691691,264.01,DONE,1.7302,-0.6351,-167.85,0.0000,0.0000,7.5245,0,0.0,0.0,0.0,0.0,0.000,2.8211,1.0917,0.5578,76.47,4.1992,-0.2020,23.64,0.0000,0.00,0,0,0,76.39,0,0.000,0.0000
2026-08-14T00:58:35.691671,265.01,DONE,1.7302,-0.6351,-167.85,0.0000,0.0000,7.5245,0,0.0,0.0,0.0,0.0,0.000,2.8211,1.0917,0.5578,77.47,4.1992,-0.2020,23.64,0.0000,0.00,0,0,0,77.39,0,0.000,0.0000
2026-08-14T00:58:36.691609,266.01,DONE,1.7302,-0.6351,-167.85,0.0000,0.0000,7.5245,0,0.0,0.0,0.0,0.0,0.000,2.8211,1.0917,0.5578,78.47,4.1992,-0.2020,23.64,0.0000,0.00,0,0,0,78.39,0,0.000,0.0000
2026-08-14T00:58:37.691512,267.01,DONE,1.7302,-0.6351,-167.85,0.0000,0.0000,7.5245,0,0.0,0.0,0.0,0.0,0.000,2.8211,1.0917,0.5578,79.47,4.1992,-0.2020,23.64,0.0000,0.00,0,0,0,79.39,0,0.000,0.0000
2026-08-14T00:58:38.691543,268.01,DONE,1.7302,-0.6351,-167.85,0.0000,0.0000,7.5245,0,0.0,0.0,0.0,0.0,0.000,2.8211,1.0917,0.5578,80.47,4.1992,-0.2020,23.64,0.0000,0.00,0,0,0,80.39,0,0.000,0.0000
2026-08-14T00:58:39.691514,269.01,DONE,1.7302,-0.6351,-167.85,0.0000,0.0000,7.5245,0,0.0,0.0,0.0,0.0,0.000,2.8211,1.0917,0.5578,81.47,4.1992,-0.2020,23.64,0.0000,0.00,0,0,0,81.39,0,0.000,0.0000
2026-08-14T00:58:40.691575,270.01,DONE,1.7302,-0.6351,-167.85,0.0000,0.0000,7.5245,0,0.0,0.0,0.0,0.0,0.000,2.8211,1.0917,0.5578,82.47,4.1992,-0.2020,23.64,0.0000,0.00,0,0,0,82.39,0,0.000,0.0000
2026-08-14T00:58:41.691644,271.01,DONE,1.7302,-0.6351,-167.85,0.0000,0.0000,7.5245,0,0.0,0.0,0.0,0.0,0.000,2.8211,1.0917,0.5578,83.47,4.1992,-0.2020,23.64,0.0000,0.00,0,0,0,83.39,0,0.000,0.0000
2026-08-14T00:58:42.691555,272.01,DONE,1.7302,-0.6351,-167.85,0.0000,0.0000,7.5245,0,0.0,0.0,0.0,0.0,0.000,2.8211,1.0917,0.5578,84.47,4.1992,-0.2020,23.64,0.0000,0.00,0,0,0,84.39,0,0.000,0.0000
2026-08-14T00:58:43.691736,273.01,DONE,1.7302,-0.6351,-167.85,0.0000,0.0000,7.5245,0,0.0,0.0,0.0,0.0,0.000,2.8211,1.0917,0.5578,85.47,4.1992,-0.2020,23.64,0.0000,0.00,0,0,0,85.39,0,0.000,0.0000
2026-08-14T00:58:44.691794,274.01,DONE,1.7302,-0.6351,-167.85,0.0000,0.0000,7.5245,0,0.0,0.0,0.0,0.0,0.000,2.8211,1.0917,0.5578,86.47,4.1992,-0.2020,23.64,0.0000,0.00,0,0,0,86.39,0,0.000,0.0000
2026-08-14T00:58:45.691660,275.01,DONE,1.7302,-0.6351,-167.85,0.0000,0.0000,7.5245,0,0.0,0.0,0.0,0.0,0.000,2.8211,1.0917,0.5578,87.47,4.1992,-0.2020,23.64,0.0000,0.00,0,0,0,87.39,0,0.000,0.0000
2026-08-14T00:58:46.691563,276.01,DONE,1.7302,-0.6351,-167.85,0.0000,0.0000,7.5245,0,0.0,0.0,0.0,0.0,0.000,2.8211,1.0917,0.5578,88.47,4.1992,-0.2020,23.64,0.0000,0.00,0,0,0,88.39,0,0.000,0.0000
2026-08-14T00:58:47.691803,277.01,DONE,1.7302,-0.6351,-167.85,0.0000,0.0000,7.5245,0,0.0,0.0,0.0,0.0,0.000,2.8211,1.0917,0.5578,89.47,4.1992,-0.2020,23.64,0.0000,0.00,0,0,0,89.39,0,0.000,0.0000
2026-08-14T00:58:48.691597,278.01,DONE,1.7302,-0.6351,-167.85,0.0000,0.0000,7.5245,0,0.0,0.0,0.0,0.0,0.000,2.8211,1.0917,0.5578,90.47,4.1992,-0.2020,23.64,0.0000,0.00,0,0,0,90.39,0,0.000,0.0000
2026-08-14T00:58:49.691623,279.01,DONE,1.7302,-0.6351,-167.85,0.0000,0.0000,7.5245,0,0.0,0.0,0.0,0.0,0.000,2.8211,1.0917,0.5578,91.47,4.1992,-0.2020,23.64,0.0000,0.00,0,0,0,91.39,0,0.000,0.0000
2026-08-14T00:58:50.691676,280.01,DONE,1.7302,-0.6351,-167.85,0.0000,0.0000,7.5245,0,0.0,0.0,0.0,0.0,0.000,2.8211,1.0917,0.5578,92.47,4.1992,-0.2020,23.64,0.0000,0.00,0,0,0,92.39,0,0.000,0.0000
2026-08-14T00:58:51.691631,281.01,DONE,1.7302,-0.6351,-167.85,0.0000,0.0000,7.5245,0,0.0,0.0,0.0,0.0,0.000,2.8211,1.0917,0.5578,93.47,4.1992,-0.2020,23.64,0.0000,0.00,0,0,0,93.39,0,0.000,0.0000
2026-08-14T00:58:52.691626,282.01,DONE,1.7302,-0.6351,-167.85,0.0000,0.0000,7.5245,0,0.0,0.0,0.0,0.0,0.000,2.8211,1.0917,0.5578,94.47,4.1992,-0.2020,23.64,0.0000,0.00,0,0,0,94.39,0,0.000,0.0000
2026-08-14T00:58:53.691871,283.01,DONE,1.7302,-0.6351,-167.85,0.0000,0.0000,7.5245,0,0.0,0.0,0.0,0.0,0.000,2.8211,1.0917,0.5578,95.47,4.1992,-0.2020,23.64,0.0000,0.00,0,0,0,95.39,0,0.000,0.0000
2026-08-14T00:58:54.691643,284.01,DONE,1.7302,-0.6351,-167.85,0.0000,0.0000,7.5245,0,0.0,0.0,0.0,0.0,0.000,2.8211,1.0917,0.5578,96.47,4.1992,-0.2020,23.64,0.0000,0.00,0,0,0,96.39,0,0.000,0.0000
2026-08-14T00:58:55.691646,285.01,DONE,1.7302,-0.6351,-167.85,0.0000,0.0000,7.5245,0,0.0,0.0,0.0,0.0,0.000,2.8211,1.0917,0.5578,97.47,4.1992,-0.2020,23.64,0.0000,0.00,0,0,0,97.39,0,0.000,0.0000
2026-08-14T00:58:56.691811,286.01,DONE,1.7302,-0.6351,-167.85,0.0000,0.0000,7.5245,0,0.0,0.0,0.0,0.0,0.000,2.8211,1.0917,0.5578,98.47,4.1992,-0.2020,23.64,0.0000,0.00,0,0,0,98.39,0,0.000,0.0000
2026-08-14T00:58:57.691849,287.01,DONE,1.7302,-0.6351,-167.85,0.0000,0.0000,7.5245,0,0.0,0.0,0.0,0.0,0.000,2.8211,1.0917,0.5578,99.47,4.1992,-0.2020,23.64,0.0000,0.00,0,0,0,99.39,0,0.000,0.0000
2026-08-14T00:58:58.691706,288.01,DONE,1.7302,-0.6351,-167.85,0.0000,0.0000,7.5245,0,0.0,0.0,0.0,0.0,0.000,2.8211,1.0917,0.5578,100.47,4.1992,-0.2020,23.64,0.0000,0.00,0,0,0,100.39,0,0.000,0.0000
2026-08-14T00:58:59.691553,289.01,DONE,1.7302,-0.6351,-167.85,0.0000,0.0000,7.5245,0,0.0,0.0,0.0,0.0,0.000,2.8211,1.0917,0.5578,101.47,4.1992,-0.2020,23.64,0.0000,0.00,0,0,0,101.39,0,0.000,0.0000
2026-08-14T00:59:00.691610,290.01,DONE,1.7302,-0.6351,-167.85,0.0000,0.0000,7.5245,0,0.0,0.0,0.0,0.0,0.000,2.8211,1.0917,0.5578,102.47,4.1992,-0.2020,23.64,0.0000,0.00,0,0,0,102.39,0,0.000,0.0000
2026-08-14T00:59:01.691659,291.01,DONE,1.7302,-0.6351,-167.85,0.0000,0.0000,7.5245,0,0.0,0.0,0.0,0.0,0.000,2.8211,1.0917,0.5578,103.47,4.1992,-0.2020,23.64,0.0000,0.00,0,0,0,103.39,0,0.000,0.0000
2026-08-14T00:59:02.691863,292.01,DONE,1.7302,-0.6351,-167.85,0.0000,0.0000,7.5245,0,0.0,0.0,0.0,0.0,0.000,2.8211,1.0917,0.5578,104.47,4.1992,-0.2020,23.64,0.0000,0.00,0,0,0,104.39,0,0.000,0.0000
2026-08-14T00:59:03.691910,293.01,DONE,1.7302,-0.6351,-167.85,0.0000,0.0000,7.5245,0,0.0,0.0,0.0,0.0,0.000,2.8211,1.0917,0.5578,105.47,4.1992,-0.2020,23.64,0.0000,0.00,0,0,0,105.39,0,0.000,0.0000
2026-08-14T00:59:04.692135,294.01,DONE,1.7302,-0.6351,-167.85,0.0000,0.0000,7.5245,0,0.0,0.0,0.0,0.0,0.000,2.8211,1.0917,0.5578,106.47,4.1992,-0.2020,23.64,0.0000,0.00,0,0,0,106.39,0,0.000,0.0000
2026-08-14T00:59:05.691898,295.01,DONE,1.7302,-0.6351,-167.85,0.0000,0.0000,7.5245,0,0.0,0.0,0.0,0.0,0.000,2.8211,1.0917,0.5578,107.47,4.1992,-0.2020,23.64,0.0000,0.00,0,0,0,107.39,0,0.000,0.0000
2026-08-14T00:59:06.691964,296.01,DONE,1.7302,-0.6351,-167.85,0.0000,0.0000,7.5245,0,0.0,0.0,0.0,0.0,0.000,2.8211,1.0917,0.5578,108.47,4.1992,-0.2020,23.64,0.0000,0.00,0,0,0,108.39,0,0.000,0.0000
2026-08-14T00:59:07.691899,297.01,DONE,1.7302,-0.6351,-167.85,0.0000,0.0000,7.5245,0,0.0,0.0,0.0,0.0,0.000,2.8211,1.0917,0.5578,109.47,4.1992,-0.2020,23.64,0.0000,0.00,0,0,0,109.39,0,0.000,0.0000
2026-08-14T00:59:08.691894,298.01,DONE,1.7302,-0.6351,-167.85,0.0000,0.0000,7.5245,0,0.0,0.0,0.0,0.0,0.000,2.8211,1.0917,0.5578,110.47,4.1992,-0.2020,23.64,0.0000,0.00,0,0,0,110.39,0,0.000,0.0000
2026-08-14T00:59:09.691834,299.01,DONE,1.7302,-0.6351,-167.85,0.0000,0.0000,7.5245,0,0.0,0.0,0.0,0.0,0.000,2.8211,1.0917,0.5578,111.47,4.1992,-0.2020,23.64,0.0000,0.00,0,0,0,111.39,0,0.000,0.0000
2026-08-14T00:59:10.691958,300.01,DONE,1.7302,-0.6351,-167.85,0.0000,0.0000,7.5245,0,0.0,0.0,0.0,0.0,0.000,2.8211,1.0917,0.5578,112.47,4.1992,-0.2020,23.64,0.0000,0.00,0,0,0,112.39,0,0.000,0.0000
2026-08-14T00:59:11.691806,301.01,DONE,1.7302,-0.6351,-167.85,0.0000,0.0000,7.5245,0,0.0,0.0,0.0,0.0,0.000,2.8211,1.0917,0.5578,113.47,4.1992,-0.2020,23.64,0.0000,0.00,0,0,0,113.39,0,0.000,0.0000
2026-08-14T00:59:12.692249,302.01,DONE,1.7302,-0.6351,-167.85,0.0000,0.0000,7.5245,0,0.0,0.0,0.0,0.0,0.000,2.8211,1.0917,0.5578,114.47,4.1992,-0.2020,23.64,0.0000,0.00,0,0,0,114.39,0,0.000,0.0000
2026-08-14T00:59:13.691904,303.01,DONE,1.7302,-0.6351,-167.85,0.0000,0.0000,7.5245,0,0.0,0.0,0.0,0.0,0.000,2.8211,1.0917,0.5578,115.47,4.1992,-0.2020,23.64,0.0000,0.00,0,0,0,115.39,0,0.000,0.0000
2026-08-14T00:59:14.691874,304.01,DONE,1.7302,-0.6351,-167.85,0.0000,0.0000,7.5245,0,0.0,0.0,0.0,0.0,0.000,2.8211,1.0917,0.5578,116.47,4.1992,-0.2020,23.64,0.0000,0.00,0,0,0,116.39,0,0.000,0.0000
2026-08-14T00:59:15.692338,305.01,DONE,1.7302,-0.6351,-167.85,0.0000,0.0000,7.5245,0,0.0,0.0,0.0,0.0,0.000,2.8211,1.0917,0.5578,117.47,4.1992,-0.2020,23.64,0.0000,0.00,0,0,0,117.39,0,0.000,0.0000
2026-08-14T00:59:16.691799,306.01,DONE,1.7302,-0.6351,-167.85,0.0000,0.0000,7.5245,0,0.0,0.0,0.0,0.0,0.000,2.8211,1.0917,0.5578,118.47,4.1992,-0.2020,23.64,0.0000,0.00,0,0,0,118.39,0,0.000,0.0000
2026-08-14T00:59:17.691976,307.01,DONE,1.7302,-0.6351,-167.85,0.0000,0.0000,7.5245,0,0.0,0.0,0.0,0.0,0.000,2.8211,1.0917,0.5578,119.47,4.1992,-0.2020,23.64,0.0000,0.00,0,0,0,119.39,0,0.000,0.0000
2026-08-14T00:59:18.691835,308.01,DONE,1.7302,-0.6351,-167.85,0.0000,0.0000,7.5245,0,0.0,0.0,0.0,0.0,0.000,2.8211,1.0917,0.5578,120.47,4.1992,-0.2020,23.64,0.0000,0.00,0,0,0,120.39,0,0.000,0.0000
2026-08-14T00:59:19.691899,309.01,DONE,1.7302,-0.6351,-167.85,0.0000,0.0000,7.5245,0,0.0,0.0,0.0,0.0,0.000,2.8211,1.0917,0.5578,121.47,4.1992,-0.2020,23.64,0.0000,0.00,0,0,0,121.39,0,0.000,0.0000
2026-08-14T00:59:20.692067,310.01,DONE,1.7302,-0.6351,-167.85,0.0000,0.0000,7.5245,0,0.0,0.0,0.0,0.0,0.000,2.8211,1.0917,0.5578,122.47,4.1992,-0.2020,23.64,0.0000,0.00,0,0,0,122.39,0,0.000,0.0000
2026-08-14T00:59:21.691956,311.01,DONE,1.7302,-0.6351,-167.85,0.0000,0.0000,7.5245,0,0.0,0.0,0.0,0.0,0.000,2.8211,1.0917,0.5578,123.47,4.1992,-0.2020,23.64,0.0000,0.00,0,0,0,123.39,0,0.000,0.0000
2026-08-14T00:59:22.691881,312.01,DONE,1.7302,-0.6351,-167.85,0.0000,0.0000,7.5245,0,0.0,0.0,0.0,0.0,0.000,2.8211,1.0917,0.5578,124.47,4.1992,-0.2020,23.64,0.0000,0.00,0,0,0,124.39,0,0.000,0.0000
2026-08-14T00:59:23.692723,313.01,DONE,1.7302,-0.6351,-167.85,0.0000,0.0000,7.5245,0,0.0,0.0,0.0,0.0,0.000,2.8211,1.0917,0.5578,125.47,4.1992,-0.2020,23.64,0.0000,0.00,0,0,0,125.39,0,0.000,0.0000
2026-08-14T00:59:24.691833,314.01,DONE,1.7302,-0.6351,-167.85,0.0000,0.0000,7.5245,0,0.0,0.0,0.0,0.0,0.000,2.8211,1.0917,0.5578,126.47,4.1992,-0.2020,23.64,0.0000,0.00,0,0,0,126.39,0,0.000,0.0000
2026-08-14T00:59:25.691756,315.01,DONE,1.7302,-0.6351,-167.85,0.0000,0.0000,7.5245,0,0.0,0.0,0.0,0.0,0.000,2.8211,1.0917,0.5578,127.47,4.1992,-0.2020,23.64,0.0000,0.00,0,0,0,127.39,0,0.000,0.0000
2026-08-14T00:59:26.691726,316.01,DONE,1.7302,-0.6351,-167.85,0.0000,0.0000,7.5245,0,0.0,0.0,0.0,0.0,0.000,2.8211,1.0917,0.5578,128.47,4.1992,-0.2020,23.64,0.0000,0.00,0,0,0,128.39,0,0.000,0.0000
2026-08-14T00:59:27.691828,317.01,DONE,1.7302,-0.6351,-167.85,0.0000,0.0000,7.5245,0,0.0,0.0,0.0,0.0,0.000,2.8211,1.0917,0.5578,129.47,4.1992,-0.2020,23.64,0.0000,0.00,0,0,0,129.39,0,0.000,0.0000
2026-08-14T00:59:28.691754,318.01,DONE,1.7302,-0.6351,-167.85,0.0000,0.0000,7.5245,0,0.0,0.0,0.0,0.0,0.000,2.8211,1.0917,0.5578,130.47,4.1992,-0.2020,23.64,0.0000,0.00,0,0,0,130.39,0,0.000,0.0000
2026-08-14T00:59:29.691799,319.01,DONE,1.7302,-0.6351,-167.85,0.0000,0.0000,7.5245,0,0.0,0.0,0.0,0.0,0.000,2.8211,1.0917,0.5578,131.47,4.1992,-0.2020,23.64,0.0000,0.00,0,0,0,131.39,0,0.000,0.0000
2026-08-14T00:59:30.691809,320.01,DONE,1.7302,-0.6351,-167.85,0.0000,0.0000,7.5245,0,0.0,0.0,0.0,0.0,0.000,2.8211,1.0917,0.5578,132.47,4.1992,-0.2020,23.64,0.0000,0.00,0,0,0,132.39,0,0.000,0.0000
2026-08-14T00:59:31.691827,321.01,DONE,1.7302,-0.6351,-167.85,0.0000,0.0000,7.5245,0,0.0,0.0,0.0,0.0,0.000,2.8211,1.0917,0.5578,133.47,4.1992,-0.2020,23.64,0.0000,0.00,0,0,0,133.39,0,0.000,0.0000
2026-08-14T00:59:32.691882,322.01,DONE,1.7302,-0.6351,-167.85,0.0000,0.0000,7.5245,0,0.0,0.0,0.0,0.0,0.000,2.8211,1.0917,0.5578,134.47,4.1992,-0.2020,23.64,0.0000,0.00,0,0,0,134.39,0,0.000,0.0000
2026-08-14T00:59:33.691766,323.01,DONE,1.7302,-0.6351,-167.85,0.0000,0.0000,7.5245,0,0.0,0.0,0.0,0.0,0.000,2.8211,1.0917,0.5578,135.47,4.1992,-0.2020,23.64,0.0000,0.00,0,0,0,135.39,0,0.000,0.0000
2026-08-14T00:59:34.691901,324.01,DONE,1.7302,-0.6351,-167.85,0.0000,0.0000,7.5245,0,0.0,0.0,0.0,0.0,0.000,2.8211,1.0917,0.5578,136.47,4.1992,-0.2020,23.64,0.0000,0.00,0,0,0,136.39,0,0.000,0.0000
2026-08-14T00:59:35.691595,325.01,DONE,1.7302,-0.6351,-167.85,0.0000,0.0000,7.5245,0,0.0,0.0,0.0,0.0,0.000,2.8211,1.0917,0.5578,137.47,4.1992,-0.2020,23.64,0.0000,0.00,0,0,0,137.39,0,0.000,0.0000
2026-08-14T00:59:36.691896,326.01,DONE,1.7302,-0.6351,-167.85,0.0000,0.0000,7.5245,0,0.0,0.0,0.0,0.0,0.000,2.8211,1.0917,0.5578,138.47,4.1992,-0.2020,23.64,0.0000,0.00,0,0,0,138.39,0,0.000,0.0000
2026-08-14T00:59:37.691869,327.01,DONE,1.7302,-0.6351,-167.85,0.0000,0.0000,7.5245,0,0.0,0.0,0.0,0.0,0.000,2.8211,1.0917,0.5578,139.47,4.1992,-0.2020,23.64,0.0000,0.00,0,0,0,139.39,0,0.000,0.0000
2026-08-14T00:59:38.691662,328.01,DONE,1.7302,-0.6351,-167.85,0.0000,0.0000,7.5245,0,0.0,0.0,0.0,0.0,0.000,2.8211,1.0917,0.5578,140.47,4.1992,-0.2020,23.64,0.0000,0.00,0,0,0,140.39,0,0.000,0.0000
2026-08-14T00:59:39.691610,329.01,DONE,1.7302,-0.6351,-167.85,0.0000,0.0000,7.5245,0,0.0,0.0,0.0,0.0,0.000,2.8211,1.0917,0.5578,141.47,4.1992,-0.2020,23.64,0.0000,0.00,0,0,0,141.39,0,0.000,0.0000
2026-08-14T00:59:40.691576,330.01,DONE,1.7302,-0.6351,-167.85,0.0000,0.0000,7.5245,0,0.0,0.0,0.0,0.0,0.000,2.8211,1.0917,0.5578,142.47,4.1992,-0.2020,23.64,0.0000,0.00,0,0,0,142.39,0,0.000,0.0000
2026-08-14T00:59:41.691701,331.01,DONE,1.7302,-0.6351,-167.85,0.0000,0.0000,7.5245,0,0.0,0.0,0.0,0.0,0.000,2.8211,1.0917,0.5578,143.47,4.1992,-0.2020,23.64,0.0000,0.00,0,0,0,143.39,0,0.000,0.0000
2026-08-14T00:59:42.691622,332.01,DONE,1.7302,-0.6351,-167.85,0.0000,0.0000,7.5245,0,0.0,0.0,0.0,0.0,0.000,2.8211,1.0917,0.5578,144.47,4.1992,-0.2020,23.64,0.0000,0.00,0,0,0,144.39,0,0.000,0.0000
2026-08-14T00:59:43.691579,333.01,DONE,1.7302,-0.6351,-167.85,0.0000,0.0000,7.5245,0,0.0,0.0,0.0,0.0,0.000,2.8211,1.0917,0.5578,145.47,4.1992,-0.2020,23.64,0.0000,0.00,0,0,0,145.39,0,0.000,0.0000
2026-08-14T00:59:44.691625,334.01,DONE,1.7302,-0.6351,-167.85,0.0000,0.0000,7.5245,0,0.0,0.0,0.0,0.0,0.000,2.8211,1.0917,0.5578,146.47,4.1992,-0.2020,23.64,0.0000,0.00,0,0,0,146.39,0,0.000,0.0000
2026-08-14T00:59:45.691535,335.01,DONE,1.7302,-0.6351,-167.85,0.0000,0.0000,7.5245,0,0.0,0.0,0.0,0.0,0.000,2.8211,1.0917,0.5578,147.47,4.1992,-0.2020,23.64,0.0000,0.00,0,0,0,147.39,0,0.000,0.0000
2026-08-14T00:59:46.691603,336.01,DONE,1.7302,-0.6351,-167.85,0.0000,0.0000,7.5245,0,0.0,0.0,0.0,0.0,0.000,2.8211,1.0917,0.5578,148.47,4.1992,-0.2020,23.64,0.0000,0.00,0,0,0,148.39,0,0.000,0.0000
2026-08-14T00:59:47.691567,337.01,DONE,1.7302,-0.6351,-167.85,0.0000,0.0000,7.5245,0,0.0,0.0,0.0,0.0,0.000,2.8211,1.0917,0.5578,149.47,4.1992,-0.2020,23.64,0.0000,0.00,0,0,0,149.39,0,0.000,0.0000
2026-08-14T00:59:48.691486,338.01,DONE,1.7302,-0.6351,-167.85,0.0000,0.0000,7.5245,0,0.0,0.0,0.0,0.0,0.000,2.8211,1.0917,0.5578,150.47,4.1992,-0.2020,23.64,0.0000,0.00,0,0,0,150.39,0,0.000,0.0000
2026-08-14T00:59:49.691733,339.01,DONE,1.7302,-0.6351,-167.85,0.0000,0.0000,7.5245,0,0.0,0.0,0.0,0.0,0.000,2.8211,1.0917,0.5578,151.47,4.1992,-0.2020,23.64,0.0000,0.00,0,0,0,151.39,0,0.000,0.0000
2026-08-14T00:59:50.691690,340.01,DONE,1.7302,-0.6351,-167.85,0.0000,0.0000,7.5245,0,0.0,0.0,0.0,0.0,0.000,2.8211,1.0917,0.5578,152.47,4.1992,-0.2020,23.64,0.0000,0.00,0,0,0,152.39,0,0.000,0.0000
2026-08-14T00:59:51.691630,341.01,DONE,1.7302,-0.6351,-167.85,0.0000,0.0000,7.5245,0,0.0,0.0,0.0,0.0,0.000,2.8211,1.0917,0.5578,153.47,4.1992,-0.2020,23.64,0.0000,0.00,0,0,0,153.39,0,0.000,0.0000
2026-08-14T00:59:52.691564,342.01,DONE,1.7302,-0.6351,-167.85,0.0000,0.0000,7.5245,0,0.0,0.0,0.0,0.0,0.000,2.8211,1.0917,0.5578,154.47,4.1992,-0.2020,23.64,0.0000,0.00,0,0,0,154.39,0,0.000,0.0000
2026-08-14T00:59:53.691558,343.01,DONE,1.7302,-0.6351,-167.85,0.0000,0.0000,7.5245,0,0.0,0.0,0.0,0.0,0.000,2.8211,1.0917,0.5578,155.47,4.1992,-0.2020,23.64,0.0000,0.00,0,0,0,155.39,0,0.000,0.0000
2026-08-14T00:59:54.691493,344.01,DONE,1.7302,-0.6351,-167.85,0.0000,0.0000,7.5245,0,0.0,0.0,0.0,0.0,0.000,2.8211,1.0917,0.5578,156.47,4.1992,-0.2020,23.64,0.0000,0.00,0,0,0,156.39,0,0.000,0.0000
2026-08-14T00:59:55.691540,345.01,DONE,1.7302,-0.6351,-167.85,0.0000,0.0000,7.5245,0,0.0,0.0,0.0,0.0,0.000,2.8211,1.0917,0.5578,157.47,4.1992,-0.2020,23.64,0.0000,0.00,0,0,0,157.39,0,0.000,0.0000
2026-08-14T00:59:56.691577,346.01,DONE,1.7302,-0.6351,-167.85,0.0000,0.0000,7.5245,0,0.0,0.0,0.0,0.0,0.000,2.8211,1.0917,0.5578,158.47,4.1992,-0.2020,23.64,0.0000,0.00,0,0,0,158.39,0,0.000,0.0000
2026-08-14T00:59:57.691867,347.01,DONE,1.7302,-0.6351,-167.85,0.0000,0.0000,7.5245,0,0.0,0.0,0.0,0.0,0.000,2.8211,1.0917,0.5578,159.47,4.1992,-0.2020,23.64,0.0000,0.00,0,0,0,159.39,0,0.000,0.0000
2026-08-14T00:59:58.691824,348.01,DONE,1.7302,-0.6351,-167.85,0.0000,0.0000,7.5245,0,0.0,0.0,0.0,0.0,0.000,2.8211,1.0917,0.5578,160.47,4.1992,-0.2020,23.64,0.0000,0.00,0,0,0,160.39,0,0.000,0.0000
2026-08-14T00:59:59.691886,349.01,DONE,1.7302,-0.6351,-167.85,0.0000,0.0000,7.5245,0,0.0,0.0,0.0,0.0,0.000,2.8211,1.0917,0.5578,161.47,4.1992,-0.2020,23.64,0.0000,0.00,0,0,0,161.39,0,0.000,0.0000
2026-08-14T01:00:00.693116,350.01,DONE,1.7302,-0.6351,-167.85,0.0000,0.0000,7.5245,0,0.0,0.0,0.0,0.0,0.000,2.8211,1.0917,0.5578,162.47,4.1992,-0.2020,23.64,0.0000,0.00,0,0,0,162.39,0,0.000,0.0000
2026-08-14T01:00:01.691622,351.01,DONE,1.7302,-0.6351,-167.85,0.0000,0.0000,7.5245,0,0.0,0.0,0.0,0.0,0.000,2.8211,1.0917,0.5578,163.47,4.1992,-0.2020,23.64,0.0000,0.00,0,0,0,163.39,0,0.000,0.0000
2026-08-14T01:00:02.691670,352.01,DONE,1.7302,-0.6351,-167.85,0.0000,0.0000,7.5245,0,0.0,0.0,0.0,0.0,0.000,2.8211,1.0917,0.5578,164.47,4.1992,-0.2020,23.64,0.0000,0.00,0,0,0,164.39,0,0.000,0.0000
2026-08-14T01:00:03.691946,353.01,DONE,1.7302,-0.6351,-167.85,0.0000,0.0000,7.5245,0,0.0,0.0,0.0,0.0,0.000,2.8211,1.0917,0.5578,165.47,4.1992,-0.2020,23.64,0.0000,0.00,0,0,0,165.39,0,0.000,0.0000
2026-08-14T01:00:04.691784,354.01,DONE,1.7302,-0.6351,-167.85,0.0000,0.0000,7.5245,0,0.0,0.0,0.0,0.0,0.000,2.8211,1.0917,0.5578,166.47,4.1992,-0.2020,23.64,0.0000,0.00,0,0,0,166.39,0,0.000,0.0000
2026-08-14T01:00:05.691813,355.01,DONE,1.7302,-0.6351,-167.85,0.0000,0.0000,7.5245,0,0.0,0.0,0.0,0.0,0.000,2.8211,1.0917,0.5578,167.47,4.1992,-0.2020,23.64,0.0000,0.00,0,0,0,167.39,0,0.000,0.0000
2026-08-14T01:00:06.691794,356.01,DONE,1.7302,-0.6351,-167.85,0.0000,0.0000,7.5245,0,0.0,0.0,0.0,0.0,0.000,2.8211,1.0917,0.5578,168.47,4.1992,-0.2020,23.64,0.0000,0.00,0,0,0,168.39,0,0.000,0.0000
2026-08-14T01:00:07.691743,357.01,DONE,1.7302,-0.6351,-167.85,0.0000,0.0000,7.5245,0,0.0,0.0,0.0,0.0,0.000,2.8211,1.0917,0.5578,169.47,4.1992,-0.2020,23.64,0.0000,0.00,0,0,0,169.39,0,0.000,0.0000
2026-08-14T01:00:08.691776,358.01,DONE,1.7302,-0.6351,-167.85,0.0000,0.0000,7.5245,0,0.0,0.0,0.0,0.0,0.000,2.8211,1.0917,0.5578,170.47,4.1992,-0.2020,23.64,0.0000,0.00,0,0,0,170.39,0,0.000,0.0000
2026-08-14T01:00:09.691958,359.01,DONE,1.7302,-0.6351,-167.85,0.0000,0.0000,7.5245,0,0.0,0.0,0.0,0.0,0.000,2.8211,1.0917,0.5578,171.47,4.1992,-0.2020,23.64,0.0000,0.00,0,0,0,171.39,0,0.000,0.0000
2026-08-14T01:00:10.691802,360.01,DONE,1.7302,-0.6351,-167.85,0.0000,0.0000,7.5245,0,0.0,0.0,0.0,0.0,0.000,2.8211,1.0917,0.5578,172.47,4.1992,-0.2020,23.64,0.0000,0.00,0,0,0,172.39,0,0.000,0.0000
2026-08-14T01:00:11.691816,361.01,DONE,1.7302,-0.6351,-167.85,0.0000,0.0000,7.5245,0,0.0,0.0,0.0,0.0,0.000,2.8211,1.0917,0.5578,173.47,4.1992,-0.2020,23.64,0.0000,0.00,0,0,0,173.39,0,0.000,0.0000
2026-08-14T01:00:12.691911,362.01,DONE,1.7302,-0.6351,-167.85,0.0000,0.0000,7.5245,0,0.0,0.0,0.0,0.0,0.000,2.8211,1.0917,0.5578,174.47,4.1992,-0.2020,23.64,0.0000,0.00,0,0,0,174.39,0,0.000,0.0000
2026-08-14T01:00:13.691738,363.01,DONE,1.7302,-0.6351,-167.85,0.0000,0.0000,7.5245,0,0.0,0.0,0.0,0.0,0.000,2.8211,1.0917,0.5578,175.47,4.1992,-0.2020,23.64,0.0000,0.00,0,0,0,175.39,0,0.000,0.0000
2026-08-14T01:00:14.692317,364.01,DONE,1.7302,-0.6351,-167.85,0.0000,0.0000,7.5245,0,0.0,0.0,0.0,0.0,0.000,2.8211,1.0917,0.5578,176.47,4.1992,-0.2020,23.64,0.0000,0.00,0,0,0,176.39,0,0.000,0.0000
2026-08-14T01:00:15.691748,365.01,DONE,1.7302,-0.6351,-167.85,0.0000,0.0000,7.5245,0,0.0,0.0,0.0,0.0,0.000,2.8211,1.0917,0.5578,177.47,4.1992,-0.2020,23.64,0.0000,0.00,0,0,0,177.39,0,0.000,0.0000
2026-08-14T01:00:16.691786,366.01,DONE,1.7302,-0.6351,-167.85,0.0000,0.0000,7.5245,0,0.0,0.0,0.0,0.0,0.000,2.8211,1.0917,0.5578,178.47,4.1992,-0.2020,23.64,0.0000,0.00,0,0,0,178.39,0,0.000,0.0000
2026-08-14T01:00:17.691825,367.01,DONE,1.7302,-0.6351,-167.85,0.0000,0.0000,7.5245,0,0.0,0.0,0.0,0.0,0.000,2.8211,1.0917,0.5578,179.47,4.1992,-0.2020,23.64,0.0000,0.00,0,0,0,179.39,0,0.000,0.0000
2026-08-14T01:00:18.691942,368.01,DONE,1.7302,-0.6351,-167.85,0.0000,0.0000,7.5245,0,0.0,0.0,0.0,0.0,0.000,2.8211,1.0917,0.5578,180.47,4.1992,-0.2020,23.64,0.0000,0.00,0,0,0,180.39,0,0.000,0.0000
2026-08-14T01:00:19.691933,369.01,DONE,1.7302,-0.6351,-167.85,0.0000,0.0000,7.5245,0,0.0,0.0,0.0,0.0,0.000,2.8211,1.0917,0.5578,181.47,4.1992,-0.2020,23.64,0.0000,0.00,0,0,0,181.39,0,0.000,0.0000
2026-08-14T01:00:20.691760,370.01,DONE,1.7302,-0.6351,-167.85,0.0000,0.0000,7.5245,0,0.0,0.0,0.0,0.0,0.000,2.8211,1.0917,0.5578,182.47,4.1992,-0.2020,23.64,0.0000,0.00,0,0,0,182.39,0,0.000,0.0000
2026-08-14T01:00:21.691935,371.01,DONE,1.7302,-0.6351,-167.85,0.0000,0.0000,7.5245,0,0.0,0.0,0.0,0.0,0.000,2.8211,1.0917,0.5578,183.47,4.1992,-0.2020,23.64,0.0000,0.00,0,0,0,183.39,0,0.000,0.0000
2026-08-14T01:00:22.691686,372.01,DONE,1.7302,-0.6351,-167.85,0.0000,0.0000,7.5245,0,0.0,0.0,0.0,0.0,0.000,2.8211,1.0917,0.5578,184.47,4.1992,-0.2020,23.64,0.0000,0.00,0,0,0,184.39,0,0.000,0.0000
2026-08-14T01:00:23.691757,373.01,DONE,1.7302,-0.6351,-167.85,0.0000,0.0000,7.5245,0,0.0,0.0,0.0,0.0,0.000,2.8211,1.0917,0.5578,185.47,4.1992,-0.2020,23.64,0.0000,0.00,0,0,0,185.39,0,0.000,0.0000
2026-08-14T01:00:24.691523,374.01,DONE,1.7302,-0.6351,-167.85,0.0000,0.0000,7.5245,0,0.0,0.0,0.0,0.0,0.000,2.8211,1.0917,0.5578,186.47,4.1992,-0.2020,23.64,0.0000,0.00,0,0,0,186.39,0,0.000,0.0000
2026-08-14T01:00:25.691524,375.01,DONE,1.7302,-0.6351,-167.85,0.0000,0.0000,7.5245,0,0.0,0.0,0.0,0.0,0.000,2.8211,1.0917,0.5578,187.47,4.1992,-0.2020,23.64,0.0000,0.00,0,0,0,187.39,0,0.000,0.0000
2026-08-14T01:00:26.691761,376.01,DONE,1.7302,-0.6351,-167.85,0.0000,0.0000,7.5245,0,0.0,0.0,0.0,0.0,0.000,2.8211,1.0917,0.5578,188.47,4.1992,-0.2020,23.64,0.0000,0.00,0,0,0,188.39,0,0.000,0.0000
2026-08-14T01:00:27.691613,377.01,DONE,1.7302,-0.6351,-167.85,0.0000,0.0000,7.5245,0,0.0,0.0,0.0,0.0,0.000,2.8211,1.0917,0.5578,189.47,4.1992,-0.2020,23.64,0.0000,0.00,0,0,0,189.39,0,0.000,0.0000
2026-08-14T01:00:28.691712,378.01,DONE,1.7302,-0.6351,-167.85,0.0000,0.0000,7.5245,0,0.0,0.0,0.0,0.0,0.000,2.8211,1.0917,0.5578,190.47,4.1992,-0.2020,23.64,0.0000,0.00,0,0,0,190.39,0,0.000,0.0000
2026-08-14T01:00:29.691608,379.01,DONE,1.7302,-0.6351,-167.85,0.0000,0.0000,7.5245,0,0.0,0.0,0.0,0.0,0.000,2.8211,1.0917,0.5578,191.47,4.1992,-0.2020,23.64,0.0000,0.00,0,0,0,191.39,0,0.000,0.0000
2026-08-14T01:00:30.691611,380.01,DONE,1.7302,-0.6351,-167.85,0.0000,0.0000,7.5245,0,0.0,0.0,0.0,0.0,0.000,2.8211,1.0917,0.5578,192.47,4.1992,-0.2020,23.64,0.0000,0.00,0,0,0,192.39,0,0.000,0.0000
2026-08-14T01:00:31.691750,381.01,DONE,1.7302,-0.6351,-167.85,0.0000,0.0000,7.5245,0,0.0,0.0,0.0,0.0,0.000,2.8211,1.0917,0.5578,193.47,4.1992,-0.2020,23.64,0.0000,0.00,0,0,0,193.39,0,0.000,0.0000
2026-08-14T01:00:32.691598,382.01,DONE,1.7302,-0.6351,-167.85,0.0000,0.0000,7.5245,0,0.0,0.0,0.0,0.0,0.000,2.8211,1.0917,0.5578,194.47,4.1992,-0.2020,23.64,0.0000,0.00,0,0,0,194.39,0,0.000,0.0000
2026-08-14T01:00:33.691547,383.01,DONE,1.7302,-0.6351,-167.85,0.0000,0.0000,7.5245,0,0.0,0.0,0.0,0.0,0.000,2.8211,1.0917,0.5578,195.47,4.1992,-0.2020,23.64,0.0000,0.00,0,0,0,195.39,0,0.000,0.0000
2026-08-14T01:00:34.691534,384.01,DONE,1.7302,-0.6351,-167.85,0.0000,0.0000,7.5245,0,0.0,0.0,0.0,0.0,0.000,2.8211,1.0917,0.5578,196.47,4.1992,-0.2020,23.64,0.0000,0.00,0,0,0,196.39,0,0.000,0.0000
2026-08-14T01:00:35.691528,385.01,DONE,1.7302,-0.6351,-167.85,0.0000,0.0000,7.5245,0,0.0,0.0,0.0,0.0,0.000,2.8211,1.0917,0.5578,197.47,4.1992,-0.2020,23.64,0.0000,0.00,0,0,0,197.39,0,0.000,0.0000
2026-08-14T01:00:36.691614,386.01,DONE,1.7302,-0.6351,-167.85,0.0000,0.0000,7.5245,0,0.0,0.0,0.0,0.0,0.000,2.8211,1.0917,0.5578,198.47,4.1992,-0.2020,23.64,0.0000,0.00,0,0,0,198.39,0,0.000,0.0000
2026-08-14T01:00:37.691597,387.01,DONE,1.7302,-0.6351,-167.85,0.0000,0.0000,7.5245,0,0.0,0.0,0.0,0.0,0.000,2.8211,1.0917,0.5578,199.47,4.1992,-0.2020,23.64,0.0000,0.00,0,0,0,199.39,0,0.000,0.0000
2026-08-14T01:00:38.691726,388.01,DONE,1.7302,-0.6351,-167.85,0.0000,0.0000,7.5245,0,0.0,0.0,0.0,0.0,0.000,2.8211,1.0917,0.5578,200.47,4.1992,-0.2020,23.64,0.0000,0.00,0,0,0,200.39,0,0.000,0.0000
2026-08-14T01:00:39.691699,389.01,DONE,1.7302,-0.6351,-167.85,0.0000,0.0000,7.5245,0,0.0,0.0,0.0,0.0,0.000,2.8211,1.0917,0.5578,201.47,4.1992,-0.2020,23.64,0.0000,0.00,0,0,0,201.39,0,0.000,0.0000
2026-08-14T01:00:40.691656,390.01,DONE,1.7302,-0.6351,-167.85,0.0000,0.0000,7.5245,0,0.0,0.0,0.0,0.0,0.000,2.8211,1.0917,0.5578,202.47,4.1992,-0.2020,23.64,0.0000,0.00,0,0,0,202.39,0,0.000,0.0000
2026-08-14T01:00:41.691680,391.01,DONE,1.7302,-0.6351,-167.85,0.0000,0.0000,7.5245,0,0.0,0.0,0.0,0.0,0.000,2.8211,1.0917,0.5578,203.47,4.1992,-0.2020,23.64,0.0000,0.00,0,0,0,203.39,0,0.000,0.0000
2026-08-14T01:00:42.691486,392.01,DONE,1.7302,-0.6351,-167.85,0.0000,0.0000,7.5245,0,0.0,0.0,0.0,0.0,0.000,2.8211,1.0917,0.5578,204.47,4.1992,-0.2020,23.64,0.0000,0.00,0,0,0,204.39,0,0.000,0.0000
2026-08-14T01:00:43.691620,393.01,DONE,1.7302,-0.6351,-167.85,0.0000,0.0000,7.5245,0,0.0,0.0,0.0,0.0,0.000,2.8211,1.0917,0.5578,205.47,4.1992,-0.2020,23.64,0.0000,0.00,0,0,0,205.39,0,0.000,0.0000
2026-08-14T01:00:44.691583,394.01,DONE,1.7302,-0.6351,-167.85,0.0000,0.0000,7.5245,0,0.0,0.0,0.0,0.0,0.000,2.8211,1.0917,0.5578,206.47,4.1992,-0.2020,23.64,0.0000,0.00,0,0,0,206.39,0,0.000,0.0000
2026-08-14T01:00:45.691542,395.01,DONE,1.7302,-0.6351,-167.85,0.0000,0.0000,7.5245,0,0.0,0.0,0.0,0.0,0.000,2.8211,1.0917,0.5578,207.47,4.1992,-0.2020,23.64,0.0000,0.00,0,0,0,207.39,0,0.000,0.0000
2026-08-14T01:00:46.691508,396.01,DONE,1.7302,-0.6351,-167.85,0.0000,0.0000,7.5245,0,0.0,0.0,0.0,0.0,0.000,2.8211,1.0917,0.5578,208.47,4.1992,-0.2020,23.64,0.0000,0.00,0,0,0,208.39,0,0.000,0.0000
2026-08-14T01:00:47.691506,397.01,DONE,1.7302,-0.6351,-167.85,0.0000,0.0000,7.5245,0,0.0,0.0,0.0,0.0,0.000,2.8211,1.0917,0.5578,209.47,4.1992,-0.2020,23.64,0.0000,0.00,0,0,0,209.39,0,0.000,0.0000
2026-08-14T01:00:48.691731,398.01,DONE,1.7302,-0.6351,-167.85,0.0000,0.0000,7.5245,0,0.0,0.0,0.0,0.0,0.000,2.8211,1.0917,0.5578,210.47,4.1992,-0.2020,23.64,0.0000,0.00,0,0,0,210.39,0,0.000,0.0000
2026-08-14T01:00:49.691547,399.01,DONE,1.7302,-0.6351,-167.85,0.0000,0.0000,7.5245,0,0.0,0.0,0.0,0.0,0.000,2.8211,1.0917,0.5578,211.47,4.1992,-0.2020,23.64,0.0000,0.00,0,0,0,211.39,0,0.000,0.0000
2026-08-14T01:00:50.691896,400.01,DONE,1.7302,-0.6351,-167.85,0.0000,0.0000,7.5245,0,0.0,0.0,0.0,0.0,0.000,2.8211,1.0917,0.5578,212.47,4.1992,-0.2020,23.64,0.0000,0.00,0,0,0,212.39,0,0.000,0.0000
2026-08-14T01:00:51.691597,401.01,DONE,1.7302,-0.6351,-167.85,0.0000,0.0000,7.5245,0,0.0,0.0,0.0,0.0,0.000,2.8211,1.0917,0.5578,213.47,4.1992,-0.2020,23.64,0.0000,0.00,0,0,0,213.39,0,0.000,0.0000
2026-08-14T01:00:52.691578,402.01,DONE,1.7302,-0.6351,-167.85,0.0000,0.0000,7.5245,0,0.0,0.0,0.0,0.0,0.000,2.8211,1.0917,0.5578,214.47,4.1992,-0.2020,23.64,0.0000,0.00,0,0,0,214.39,0,0.000,0.0000
2026-08-14T01:00:53.691548,403.01,DONE,1.7302,-0.6351,-167.85,0.0000,0.0000,7.5245,0,0.0,0.0,0.0,0.0,0.000,2.8211,1.0917,0.5578,215.47,4.1992,-0.2020,23.64,0.0000,0.00,0,0,0,215.39,0,0.000,0.0000
2026-08-14T01:00:54.691574,404.01,DONE,1.7302,-0.6351,-167.85,0.0000,0.0000,7.5245,0,0.0,0.0,0.0,0.0,0.000,2.8211,1.0917,0.5578,216.47,4.1992,-0.2020,23.64,0.0000,0.00,0,0,0,216.39,0,0.000,0.0000
2026-08-14T01:00:55.691738,405.01,DONE,1.7302,-0.6351,-167.85,0.0000,0.0000,7.5245,0,0.0,0.0,0.0,0.0,0.000,2.8211,1.0917,0.5578,217.47,4.1992,-0.2020,23.64,0.0000,0.00,0,0,0,217.39,0,0.000,0.0000
2026-08-14T01:00:56.691623,406.01,DONE,1.7302,-0.6351,-167.85,0.0000,0.0000,7.5245,0,0.0,0.0,0.0,0.0,0.000,2.8211,1.0917,0.5578,218.47,4.1992,-0.2020,23.64,0.0000,0.00,0,0,0,218.39,0,0.000,0.0000
2026-08-14T01:00:57.691616,407.01,DONE,1.7302,-0.6351,-167.85,0.0000,0.0000,7.5245,0,0.0,0.0,0.0,0.0,0.000,2.8211,1.0917,0.5578,219.47,4.1992,-0.2020,23.64,0.0000,0.00,0,0,0,219.39,0,0.000,0.0000
2026-08-14T01:00:58.691597,408.01,DONE,1.7302,-0.6351,-167.85,0.0000,0.0000,7.5245,0,0.0,0.0,0.0,0.0,0.000,2.8211,1.0917,0.5578,220.47,4.1992,-0.2020,23.64,0.0000,0.00,0,0,0,220.39,0,0.000,0.0000
2026-08-14T01:00:59.691564,409.01,DONE,1.7302,-0.6351,-167.85,0.0000,0.0000,7.5245,0,0.0,0.0,0.0,0.0,0.000,2.8211,1.0917,0.5578,221.47,4.1992,-0.2020,23.64,0.0000,0.00,0,0,0,221.39,0,0.000,0.0000
2026-08-14T01:01:00.691569,410.01,DONE,1.7302,-0.6351,-167.85,0.0000,0.0000,7.5245,0,0.0,0.0,0.0,0.0,0.000,2.8211,1.0917,0.5578,222.47,4.1992,-0.2020,23.64,0.0000,0.00,0,0,0,222.39,0,0.000,0.0000
2026-08-14T01:01:01.691571,411.01,DONE,1.7302,-0.6351,-167.85,0.0000,0.0000,7.5245,0,0.0,0.0,0.0,0.0,0.000,2.8211,1.0917,0.5578,223.47,4.1992,-0.2020,23.64,0.0000,0.00,0,0,0,223.39,0,0.000,0.0000
2026-08-14T01:01:02.691651,412.01,DONE,1.7302,-0.6351,-167.85,0.0000,0.0000,7.5245,0,0.0,0.0,0.0,0.0,0.000,2.8211,1.0917,0.5578,224.47,4.1992,-0.2020,23.64,0.0000,0.00,0,0,0,224.39,0,0.000,0.0000
2026-08-14T01:01:03.691663,413.01,DONE,1.7302,-0.6351,-167.85,0.0000,0.0000,7.5245,0,0.0,0.0,0.0,0.0,0.000,2.8211,1.0917,0.5578,225.47,4.1992,-0.2020,23.64,0.0000,0.00,0,0,0,225.39,0,0.000,0.0000
2026-08-14T01:01:04.691506,414.01,DONE,1.7302,-0.6351,-167.85,0.0000,0.0000,7.5245,0,0.0,0.0,0.0,0.0,0.000,2.8211,1.0917,0.5578,226.47,4.1992,-0.2020,23.64,0.0000,0.00,0,0,0,226.39,0,0.000,0.0000
2026-08-14T01:01:05.691505,415.01,DONE,1.7302,-0.6351,-167.85,0.0000,0.0000,7.5245,0,0.0,0.0,0.0,0.0,0.000,2.8211,1.0917,0.5578,227.47,4.1992,-0.2020,23.64,0.0000,0.00,0,0,0,227.39,0,0.000,0.0000
2026-08-14T01:01:06.691551,416.01,DONE,1.7302,-0.6351,-167.85,0.0000,0.0000,7.5245,0,0.0,0.0,0.0,0.0,0.000,2.8211,1.0917,0.5578,228.47,4.1992,-0.2020,23.64,0.0000,0.00,0,0,0,228.39,0,0.000,0.0000
2026-08-14T01:01:07.691580,417.01,DONE,1.7302,-0.6351,-167.85,0.0000,0.0000,7.5245,0,0.0,0.0,0.0,0.0,0.000,2.8211,1.0917,0.5578,229.47,4.1992,-0.2020,23.64,0.0000,0.00,0,0,0,229.39,0,0.000,0.0000
2026-08-14T01:01:08.691595,418.01,DONE,1.7302,-0.6351,-167.85,0.0000,0.0000,7.5245,0,0.0,0.0,0.0,0.0,0.000,2.8211,1.0917,0.5578,230.47,4.1992,-0.2020,23.64,0.0000,0.00,0,0,0,230.39,0,0.000,0.0000
2026-08-14T01:01:09.691555,419.01,DONE,1.7302,-0.6351,-167.85,0.0000,0.0000,7.5245,0,0.0,0.0,0.0,0.0,0.000,2.8211,1.0917,0.5578,231.47,4.1992,-0.2020,23.64,0.0000,0.00,0,0,0,231.39,0,0.000,0.0000
2026-08-14T01:01:10.691557,420.01,DONE,1.7302,-0.6351,-167.85,0.0000,0.0000,7.5245,0,0.0,0.0,0.0,0.0,0.000,2.8211,1.0917,0.5578,232.47,4.1992,-0.2020,23.64,0.0000,0.00,0,0,0,232.39,0,0.000,0.0000
2026-08-14T01:01:11.691708,421.01,DONE,1.7302,-0.6351,-167.85,0.0000,0.0000,7.5245,0,0.0,0.0,0.0,0.0,0.000,2.8211,1.0917,0.5578,233.47,4.1992,-0.2020,23.64,0.0000,0.00,0,0,0,233.39,0,0.000,0.0000
2026-08-14T01:01:12.691671,422.01,DONE,1.7302,-0.6351,-167.85,0.0000,0.0000,7.5245,0,0.0,0.0,0.0,0.0,0.000,2.8211,1.0917,0.5578,234.47,4.1992,-0.2020,23.64,0.0000,0.00,0,0,0,234.39,0,0.000,0.0000
2026-08-14T01:01:13.691730,423.01,DONE,1.7302,-0.6351,-167.85,0.0000,0.0000,7.5245,0,0.0,0.0,0.0,0.0,0.000,2.8211,1.0917,0.5578,235.47,4.1992,-0.2020,23.64,0.0000,0.00,0,0,0,235.39,0,0.000,0.0000
2026-08-14T01:01:14.691775,424.01,DONE,1.7302,-0.6351,-167.85,0.0000,0.0000,7.5245,0,0.0,0.0,0.0,0.0,0.000,2.8211,1.0917,0.5578,236.47,4.1992,-0.2020,23.64,0.0000,0.00,0,0,0,236.39,0,0.000,0.0000
2026-08-14T01:01:15.691550,425.01,DONE,1.7302,-0.6351,-167.85,0.0000,0.0000,7.5245,0,0.0,0.0,0.0,0.0,0.000,2.8211,1.0917,0.5578,237.47,4.1992,-0.2020,23.64,0.0000,0.00,0,0,0,237.39,0,0.000,0.0000
2026-08-14T01:01:16.691497,426.01,DONE,1.7302,-0.6351,-167.85,0.0000,0.0000,7.5245,0,0.0,0.0,0.0,0.0,0.000,2.8211,1.0917,0.5578,238.47,4.1992,-0.2020,23.64,0.0000,0.00,0,0,0,238.39,0,0.000,0.0000
2026-08-14T01:01:17.691578,427.01,DONE,1.7302,-0.6351,-167.85,0.0000,0.0000,7.5245,0,0.0,0.0,0.0,0.0,0.000,2.8211,1.0917,0.5578,239.47,4.1992,-0.2020,23.64,0.0000,0.00,0,0,0,239.39,0,0.000,0.0000
2026-08-14T01:01:18.691567,428.01,DONE,1.7302,-0.6351,-167.85,0.0000,0.0000,7.5245,0,0.0,0.0,0.0,0.0,0.000,2.8211,1.0917,0.5578,240.47,4.1992,-0.2020,23.64,0.0000,0.00,0,0,0,240.39,0,0.000,0.0000
2026-08-14T01:01:19.691533,429.01,DONE,1.7302,-0.6351,-167.85,0.0000,0.0000,7.5245,0,0.0,0.0,0.0,0.0,0.000,2.8211,1.0917,0.5578,241.47,4.1992,-0.2020,23.64,0.0000,0.00,0,0,0,241.39,0,0.000,0.0000
2026-08-14T01:01:20.691612,430.01,DONE,1.7302,-0.6351,-167.85,0.0000,0.0000,7.5245,0,0.0,0.0,0.0,0.0,0.000,2.8211,1.0917,0.5578,242.47,4.1992,-0.2020,23.64,0.0000,0.00,0,0,0,242.39,0,0.000,0.0000
2026-08-14T01:01:21.691635,431.01,DONE,1.7302,-0.6351,-167.85,0.0000,0.0000,7.5245,0,0.0,0.0,0.0,0.0,0.000,2.8211,1.0917,0.5578,243.47,4.1992,-0.2020,23.64,0.0000,0.00,0,0,0,243.39,0,0.000,0.0000
2026-08-14T01:01:22.691531,432.01,DONE,1.7302,-0.6351,-167.85,0.0000,0.0000,7.5245,0,0.0,0.0,0.0,0.0,0.000,2.8211,1.0917,0.5578,244.47,4.1992,-0.2020,23.64,0.0000,0.00,0,0,0,244.39,0,0.000,0.0000
2026-08-14T01:01:23.691582,433.01,DONE,1.7302,-0.6351,-167.85,0.0000,0.0000,7.5245,0,0.0,0.0,0.0,0.0,0.000,2.8211,1.0917,0.5578,245.47,4.1992,-0.2020,23.64,0.0000,0.00,0,0,0,245.39,0,0.000,0.0000
2026-08-14T01:01:24.691585,434.01,DONE,1.7302,-0.6351,-167.85,0.0000,0.0000,7.5245,0,0.0,0.0,0.0,0.0,0.000,2.8211,1.0917,0.5578,246.47,4.1992,-0.2020,23.64,0.0000,0.00,0,0,0,246.39,0,0.000,0.0000
2026-08-14T01:01:25.691575,435.01,DONE,1.7302,-0.6351,-167.85,0.0000,0.0000,7.5245,0,0.0,0.0,0.0,0.0,0.000,2.8211,1.0917,0.5578,247.47,4.1992,-0.2020,23.64,0.0000,0.00,0,0,0,247.39,0,0.000,0.0000
2026-08-14T01:01:26.691578,436.01,DONE,1.7302,-0.6351,-167.85,0.0000,0.0000,7.5245,0,0.0,0.0,0.0,0.0,0.000,2.8211,1.0917,0.5578,248.47,4.1992,-0.2020,23.64,0.0000,0.00,0,0,0,248.39,0,0.000,0.0000
2026-08-14T01:01:27.691577,437.01,DONE,1.7302,-0.6351,-167.85,0.0000,0.0000,7.5245,0,0.0,0.0,0.0,0.0,0.000,2.8211,1.0917,0.5578,249.47,4.1992,-0.2020,23.64,0.0000,0.00,0,0,0,249.39,0,0.000,0.0000
2026-08-14T01:01:28.691732,438.01,DONE,1.7302,-0.6351,-167.85,0.0000,0.0000,7.5245,0,0.0,0.0,0.0,0.0,0.000,2.8211,1.0917,0.5578,250.47,4.1992,-0.2020,23.64,0.0000,0.00,0,0,0,250.39,0,0.000,0.0000
2026-08-14T01:01:29.691579,439.01,DONE,1.7302,-0.6351,-167.85,0.0000,0.0000,7.5245,0,0.0,0.0,0.0,0.0,0.000,2.8211,1.0917,0.5578,251.47,4.1992,-0.2020,23.64,0.0000,0.00,0,0,0,251.39,0,0.000,0.0000
2026-08-14T01:01:30.691574,440.01,DONE,1.7302,-0.6351,-167.85,0.0000,0.0000,7.5245,0,0.0,0.0,0.0,0.0,0.000,2.8211,1.0917,0.5578,252.47,4.1992,-0.2020,23.64,0.0000,0.00,0,0,0,252.39,0,0.000,0.0000
2026-08-14T01:01:31.691572,441.01,DONE,1.7302,-0.6351,-167.85,0.0000,0.0000,7.5245,0,0.0,0.0,0.0,0.0,0.000,2.8211,1.0917,0.5578,253.47,4.1992,-0.2020,23.64,0.0000,0.00,0,0,0,253.39,0,0.000,0.0000
2026-08-14T01:01:32.691580,442.01,DONE,1.7302,-0.6351,-167.85,0.0000,0.0000,7.5245,0,0.0,0.0,0.0,0.0,0.000,2.8211,1.0917,0.5578,254.47,4.1992,-0.2020,23.64,0.0000,0.00,0,0,0,254.39,0,0.000,0.0000
2026-08-14T01:01:33.691569,443.01,DONE,1.7302,-0.6351,-167.85,0.0000,0.0000,7.5245,0,0.0,0.0,0.0,0.0,0.000,2.8211,1.0917,0.5578,255.47,4.1992,-0.2020,23.64,0.0000,0.00,0,0,0,255.39,0,0.000,0.0000
2026-08-14T01:01:34.691536,444.01,DONE,1.7302,-0.6351,-167.85,0.0000,0.0000,7.5245,0,0.0,0.0,0.0,0.0,0.000,2.8211,1.0917,0.5578,256.47,4.1992,-0.2020,23.64,0.0000,0.00,0,0,0,256.39,0,0.000,0.0000
2026-08-14T01:01:35.691748,445.01,DONE,1.7302,-0.6351,-167.85,0.0000,0.0000,7.5245,0,0.0,0.0,0.0,0.0,0.000,2.8211,1.0917,0.5578,257.47,4.1992,-0.2020,23.64,0.0000,0.00,0,0,0,257.39,0,0.000,0.0000
2026-08-14T01:01:36.691629,446.01,DONE,1.7302,-0.6351,-167.85,0.0000,0.0000,7.5245,0,0.0,0.0,0.0,0.0,0.000,2.8211,1.0917,0.5578,258.47,4.1992,-0.2020,23.64,0.0000,0.00,0,0,0,258.39,0,0.000,0.0000
2026-08-14T01:01:37.692075,447.01,DONE,1.7302,-0.6351,-167.85,0.0000,0.0000,7.5245,0,0.0,0.0,0.0,0.0,0.000,2.8211,1.0917,0.5578,259.47,4.1992,-0.2020,23.64,0.0000,0.00,0,0,0,259.39,0,0.000,0.0000
2026-08-14T01:01:38.691603,448.01,DONE,1.7302,-0.6351,-167.85,0.0000,0.0000,7.5245,0,0.0,0.0,0.0,0.0,0.000,2.8211,1.0917,0.5578,260.47,4.1992,-0.2020,23.64,0.0000,0.00,0,0,0,260.39,0,0.000,0.0000
2026-08-14T01:01:39.691663,449.01,DONE,1.7302,-0.6351,-167.85,0.0000,0.0000,7.5245,0,0.0,0.0,0.0,0.0,0.000,2.8211,1.0917,0.5578,261.47,4.1992,-0.2020,23.64,0.0000,0.00,0,0,0,261.39,0,0.000,0.0000
2026-08-14T01:01:40.691596,450.01,DONE,1.7302,-0.6351,-167.85,0.0000,0.0000,7.5245,0,0.0,0.0,0.0,0.0,0.000,2.8211,1.0917,0.5578,262.47,4.1992,-0.2020,23.64,0.0000,0.00,0,0,0,262.39,0,0.000,0.0000
2026-08-14T01:01:41.691589,451.01,DONE,1.7302,-0.6351,-167.85,0.0000,0.0000,7.5245,0,0.0,0.0,0.0,0.0,0.000,2.8211,1.0917,0.5578,263.47,4.1992,-0.2020,23.64,0.0000,0.00,0,0,0,263.39,0,0.000,0.0000
2026-08-14T01:01:42.691616,452.01,DONE,1.7302,-0.6351,-167.85,0.0000,0.0000,7.5245,0,0.0,0.0,0.0,0.0,0.000,2.8211,1.0917,0.5578,264.47,4.1992,-0.2020,23.64,0.0000,0.00,0,0,0,264.39,0,0.000,0.0000
2026-08-14T01:01:43.691571,453.01,DONE,1.7302,-0.6351,-167.85,0.0000,0.0000,7.5245,0,0.0,0.0,0.0,0.0,0.000,2.8211,1.0917,0.5578,265.47,4.1992,-0.2020,23.64,0.0000,0.00,0,0,0,265.39,0,0.000,0.0000
2026-08-14T01:01:44.691587,454.01,DONE,1.7302,-0.6351,-167.85,0.0000,0.0000,7.5245,0,0.0,0.0,0.0,0.0,0.000,2.8211,1.0917,0.5578,266.47,4.1992,-0.2020,23.64,0.0000,0.00,0,0,0,266.39,0,0.000,0.0000
2026-08-14T01:01:45.691760,455.01,DONE,1.7302,-0.6351,-167.85,0.0000,0.0000,7.5245,0,0.0,0.0,0.0,0.0,0.000,2.8211,1.0917,0.5578,267.47,4.1992,-0.2020,23.64,0.0000,0.00,0,0,0,267.39,0,0.000,0.0000
2026-08-14T01:01:46.691859,456.01,DONE,1.7302,-0.6351,-167.85,0.0000,0.0000,7.5245,0,0.0,0.0,0.0,0.0,0.000,2.8211,1.0917,0.5578,268.47,4.1992,-0.2020,23.64,0.0000,0.00,0,0,0,268.39,0,0.000,0.0000
2026-08-14T01:01:47.691534,457.01,DONE,1.7302,-0.6351,-167.85,0.0000,0.0000,7.5245,0,0.0,0.0,0.0,0.0,0.000,2.8211,1.0917,0.5578,269.47,4.1992,-0.2020,23.64,0.0000,0.00,0,0,0,269.39,0,0.000,0.0000
2026-08-14T01:01:48.691598,458.01,DONE,1.7302,-0.6351,-167.85,0.0000,0.0000,7.5245,0,0.0,0.0,0.0,0.0,0.000,2.8211,1.0917,0.5578,270.47,4.1992,-0.2020,23.64,0.0000,0.00,0,0,0,270.39,0,0.000,0.0000
2026-08-14T01:01:49.691612,459.01,DONE,1.7302,-0.6351,-167.85,0.0000,0.0000,7.5245,0,0.0,0.0,0.0,0.0,0.000,2.8211,1.0917,0.5578,271.47,4.1992,-0.2020,23.64,0.0000,0.00,0,0,0,271.39,0,0.000,0.0000
2026-08-14T01:01:50.691519,460.01,DONE,1.7302,-0.6351,-167.85,0.0000,0.0000,7.5245,0,0.0,0.0,0.0,0.0,0.000,2.8211,1.0917,0.5578,272.47,4.1992,-0.2020,23.64,0.0000,0.00,0,0,0,272.39,0,0.000,0.0000
2026-08-14T01:01:51.691548,461.01,DONE,1.7302,-0.6351,-167.85,0.0000,0.0000,7.5245,0,0.0,0.0,0.0,0.0,0.000,2.8211,1.0917,0.5578,273.47,4.1992,-0.2020,23.64,0.0000,0.00,0,0,0,273.39,0,0.000,0.0000
2026-08-14T01:01:52.691514,462.01,DONE,1.7302,-0.6351,-167.85,0.0000,0.0000,7.5245,0,0.0,0.0,0.0,0.0,0.000,2.8211,1.0917,0.5578,274.47,4.1992,-0.2020,23.64,0.0000,0.00,0,0,0,274.39,0,0.000,0.0000
2026-08-14T01:01:53.691805,463.01,DONE,1.7302,-0.6351,-167.85,0.0000,0.0000,7.5245,0,0.0,0.0,0.0,0.0,0.000,2.8211,1.0917,0.5578,275.47,4.1992,-0.2020,23.64,0.0000,0.00,0,0,0,275.39,0,0.000,0.0000
2026-08-14T01:01:54.691658,464.01,DONE,1.7302,-0.6351,-167.85,0.0000,0.0000,7.5245,0,0.0,0.0,0.0,0.0,0.000,2.8211,1.0917,0.5578,276.47,4.1992,-0.2020,23.64,0.0000,0.00,0,0,0,276.39,0,0.000,0.0000
2026-08-14T01:01:55.691617,465.01,DONE,1.7302,-0.6351,-167.85,0.0000,0.0000,7.5245,0,0.0,0.0,0.0,0.0,0.000,2.8211,1.0917,0.5578,277.47,4.1992,-0.2020,23.64,0.0000,0.00,0,0,0,277.39,0,0.000,0.0000
2026-08-14T01:01:56.691595,466.01,DONE,1.7302,-0.6351,-167.85,0.0000,0.0000,7.5245,0,0.0,0.0,0.0,0.0,0.000,2.8211,1.0917,0.5578,278.47,4.1992,-0.2020,23.64,0.0000,0.00,0,0,0,278.39,0,0.000,0.0000
2026-08-14T01:01:57.691516,467.01,DONE,1.7302,-0.6351,-167.85,0.0000,0.0000,7.5245,0,0.0,0.0,0.0,0.0,0.000,2.8211,1.0917,0.5578,279.47,4.1992,-0.2020,23.64,0.0000,0.00,0,0,0,279.39,0,0.000,0.0000
2026-08-14T01:01:58.691549,468.01,DONE,1.7302,-0.6351,-167.85,0.0000,0.0000,7.5245,0,0.0,0.0,0.0,0.0,0.000,2.8211,1.0917,0.5578,280.47,4.1992,-0.2020,23.64,0.0000,0.00,0,0,0,280.39,0,0.000,0.0000
2026-08-14T01:01:59.691470,469.01,DONE,1.7302,-0.6351,-167.85,0.0000,0.0000,7.5245,0,0.0,0.0,0.0,0.0,0.000,2.8211,1.0917,0.5578,281.47,4.1992,-0.2020,23.64,0.0000,0.00,0,0,0,281.39,0,0.000,0.0000
2026-08-14T01:02:00.691552,470.01,DONE,1.7302,-0.6351,-167.85,0.0000,0.0000,7.5245,0,0.0,0.0,0.0,0.0,0.000,2.8211,1.0917,0.5578,282.47,4.1992,-0.2020,23.64,0.0000,0.00,0,0,0,282.39,0,0.000,0.0000
2026-08-14T01:02:01.691594,471.01,DONE,1.7302,-0.6351,-167.85,0.0000,0.0000,7.5245,0,0.0,0.0,0.0,0.0,0.000,2.8211,1.0917,0.5578,283.47,4.1992,-0.2020,23.64,0.0000,0.00,0,0,0,283.39,0,0.000,0.0000
2026-08-14T01:02:02.691705,472.01,DONE,1.7302,-0.6351,-167.85,0.0000,0.0000,7.5245,0,0.0,0.0,0.0,0.0,0.000,2.8211,1.0917,0.5578,284.47,4.1992,-0.2020,23.64,0.0000,0.00,0,0,0,284.39,0,0.000,0.0000
2026-08-14T01:02:03.691624,473.01,DONE,1.7302,-0.6351,-167.85,0.0000,0.0000,7.5245,0,0.0,0.0,0.0,0.0,0.000,2.8211,1.0917,0.5578,285.47,4.1992,-0.2020,23.64,0.0000,0.00,0,0,0,285.39,0,0.000,0.0000
2026-08-14T01:02:04.691557,474.01,DONE,1.7302,-0.6351,-167.85,0.0000,0.0000,7.5245,0,0.0,0.0,0.0,0.0,0.000,2.8211,1.0917,0.5578,286.47,4.1992,-0.2020,23.64,0.0000,0.00,0,0,0,286.39,0,0.000,0.0000
2026-08-14T01:02:05.691582,475.01,DONE,1.7302,-0.6351,-167.85,0.0000,0.0000,7.5245,0,0.0,0.0,0.0,0.0,0.000,2.8211,1.0917,0.5578,287.47,4.1992,-0.2020,23.64,0.0000,0.00,0,0,0,287.39,0,0.000,0.0000
2026-08-14T01:02:06.691540,476.01,DONE,1.7302,-0.6351,-167.85,0.0000,0.0000,7.5245,0,0.0,0.0,0.0,0.0,0.000,2.8211,1.0917,0.5578,288.47,4.1992,-0.2020,23.64,0.0000,0.00,0,0,0,288.39,0,0.000,0.0000
2026-08-14T01:02:07.691575,477.01,DONE,1.7302,-0.6351,-167.85,0.0000,0.0000,7.5245,0,0.0,0.0,0.0,0.0,0.000,2.8211,1.0917,0.5578,289.47,4.1992,-0.2020,23.64,0.0000,0.00,0,0,0,289.39,0,0.000,0.0000
2026-08-14T01:02:08.691536,478.01,DONE,1.7302,-0.6351,-167.85,0.0000,0.0000,7.5245,0,0.0,0.0,0.0,0.0,0.000,2.8211,1.0917,0.5578,290.47,4.1992,-0.2020,23.64,0.0000,0.00,0,0,0,290.39,0,0.000,0.0000
2026-08-14T01:02:09.691565,479.01,DONE,1.7302,-0.6351,-167.85,0.0000,0.0000,7.5245,0,0.0,0.0,0.0,0.0,0.000,2.8211,1.0917,0.5578,291.47,4.1992,-0.2020,23.64,0.0000,0.00,0,0,0,291.39,0,0.000,0.0000
2026-08-14T01:02:10.691709,480.01,DONE,1.7302,-0.6351,-167.85,0.0000,0.0000,7.5245,0,0.0,0.0,0.0,0.0,0.000,2.8211,1.0917,0.5578,292.47,4.1992,-0.2020,23.64,0.0000,0.00,0,0,0,292.39,0,0.000,0.0000
2026-08-14T01:02:11.691540,481.01,DONE,1.7302,-0.6351,-167.85,0.0000,0.0000,7.5245,0,0.0,0.0,0.0,0.0,0.000,2.8211,1.0917,0.5578,293.47,4.1992,-0.2020,23.64,0.0000,0.00,0,0,0,293.39,0,0.000,0.0000
2026-08-14T01:02:12.691557,482.01,DONE,1.7302,-0.6351,-167.85,0.0000,0.0000,7.5245,0,0.0,0.0,0.0,0.0,0.000,2.8211,1.0917,0.5578,294.47,4.1992,-0.2020,23.64,0.0000,0.00,0,0,0,294.39,0,0.000,0.0000
2026-08-14T01:02:13.691585,483.01,DONE,1.7302,-0.6351,-167.85,0.0000,0.0000,7.5245,0,0.0,0.0,0.0,0.0,0.000,2.8211,1.0917,0.5578,295.47,4.1992,-0.2020,23.64,0.0000,0.00,0,0,0,295.39,0,0.000,0.0000
2026-08-14T01:02:14.691560,484.01,DONE,1.7302,-0.6351,-167.85,0.0000,0.0000,7.5245,0,0.0,0.0,0.0,0.0,0.000,2.8211,1.0917,0.5578,296.47,4.1992,-0.2020,23.64,0.0000,0.00,0,0,0,296.39,0,0.000,0.0000
2026-08-14T01:02:15.691562,485.01,DONE,1.7302,-0.6351,-167.85,0.0000,0.0000,7.5245,0,0.0,0.0,0.0,0.0,0.000,2.8211,1.0917,0.5578,297.47,4.1992,-0.2020,23.64,0.0000,0.00,0,0,0,297.39,0,0.000,0.0000
2026-08-14T01:02:16.691608,486.01,DONE,1.7302,-0.6351,-167.85,0.0000,0.0000,7.5245,0,0.0,0.0,0.0,0.0,0.000,2.8211,1.0917,0.5578,298.47,4.1992,-0.2020,23.64,0.0000,0.00,0,0,0,298.39,0,0.000,0.0000
2026-08-14T01:02:17.691800,487.01,DONE,1.7302,-0.6351,-167.85,0.0000,0.0000,7.5245,0,0.0,0.0,0.0,0.0,0.000,2.8211,1.0917,0.5578,299.47,4.1992,-0.2020,23.64,0.0000,0.00,0,0,0,299.39,0,0.000,0.0000
2026-08-14T01:02:18.691704,488.01,DONE,1.7302,-0.6351,-167.85,0.0000,0.0000,7.5245,0,0.0,0.0,0.0,0.0,0.000,2.8211,1.0917,0.5578,300.47,4.1992,-0.2020,23.64,0.0000,0.00,0,0,0,300.39,0,0.000,0.0000
2026-08-14T01:02:19.691627,489.01,DONE,1.7302,-0.6351,-167.85,0.0000,0.0000,7.5245,0,0.0,0.0,0.0,0.0,0.000,2.8211,1.0917,0.5578,301.47,4.1992,-0.2020,23.64,0.0000,0.00,0,0,0,301.39,0,0.000,0.0000
2026-08-14T01:02:20.691480,490.01,DONE,1.7302,-0.6351,-167.85,0.0000,0.0000,7.5245,0,0.0,0.0,0.0,0.0,0.000,2.8211,1.0917,0.5578,302.47,4.1992,-0.2020,23.64,0.0000,0.00,0,0,0,302.39,0,0.000,0.0000
2026-08-14T01:02:21.691561,491.01,DONE,1.7302,-0.6351,-167.85,0.0000,0.0000,7.5245,0,0.0,0.0,0.0,0.0,0.000,2.8211,1.0917,0.5578,303.47,4.1992,-0.2020,23.64,0.0000,0.00,0,0,0,303.39,0,0.000,0.0000
2026-08-14T01:02:22.691592,492.01,DONE,1.7302,-0.6351,-167.85,0.0000,0.0000,7.5245,0,0.0,0.0,0.0,0.0,0.000,2.8211,1.0917,0.5578,304.47,4.1992,-0.2020,23.64,0.0000,0.00,0,0,0,304.39,0,0.000,0.0000
2026-08-14T01:02:23.691566,493.01,DONE,1.7302,-0.6351,-167.85,0.0000,0.0000,7.5245,0,0.0,0.0,0.0,0.0,0.000,2.8211,1.0917,0.5578,305.47,4.1992,-0.2020,23.64,0.0000,0.00,0,0,0,305.39,0,0.000,0.0000
2026-08-14T01:02:24.691547,494.01,DONE,1.7302,-0.6351,-167.85,0.0000,0.0000,7.5245,0,0.0,0.0,0.0,0.0,0.000,2.8211,1.0917,0.5578,306.47,4.1992,-0.2020,23.64,0.0000,0.00,0,0,0,306.39,0,0.000,0.0000
2026-08-14T01:02:25.691596,495.01,DONE,1.7302,-0.6351,-167.85,0.0000,0.0000,7.5245,0,0.0,0.0,0.0,0.0,0.000,2.8211,1.0917,0.5578,307.47,4.1992,-0.2020,23.64,0.0000,0.00,0,0,0,307.39,0,0.000,0.0000
2026-08-14T01:02:26.691768,496.01,DONE,1.7302,-0.6351,-167.85,0.0000,0.0000,7.5245,0,0.0,0.0,0.0,0.0,0.000,2.8211,1.0917,0.5578,308.47,4.1992,-0.2020,23.64,0.0000,0.00,0,0,0,308.39,0,0.000,0.0000
2026-08-14T01:02:27.691634,497.01,DONE,1.7302,-0.6351,-167.85,0.0000,0.0000,7.5245,0,0.0,0.0,0.0,0.0,0.000,2.8211,1.0917,0.5578,309.47,4.1992,-0.2020,23.64,0.0000,0.00,0,0,0,309.39,0,0.000,0.0000
2026-08-14T01:02:28.691697,498.01,DONE,1.7302,-0.6351,-167.85,0.0000,0.0000,7.5245,0,0.0,0.0,0.0,0.0,0.000,2.8211,1.0917,0.5578,310.47,4.1992,-0.2020,23.64,0.0000,0.00,0,0,0,310.39,0,0.000,0.0000
2026-08-14T01:02:29.691568,499.01,DONE,1.7302,-0.6351,-167.85,0.0000,0.0000,7.5245,0,0.0,0.0,0.0,0.0,0.000,2.8211,1.0917,0.5578,311.47,4.1992,-0.2020,23.64,0.0000,0.00,0,0,0,311.39,0,0.000,0.0000
2026-08-14T01:02:30.691568,500.01,DONE,1.7302,-0.6351,-167.85,0.0000,0.0000,7.5245,0,0.0,0.0,0.0,0.0,0.000,2.8211,1.0917,0.5578,312.47,4.1992,-0.2020,23.64,0.0000,0.00,0,0,0,312.39,0,0.000,0.0000
2026-08-14T01:02:31.691507,501.01,DONE,1.7302,-0.6351,-167.85,0.0000,0.0000,7.5245,0,0.0,0.0,0.0,0.0,0.000,2.8211,1.0917,0.5578,313.47,4.1992,-0.2020,23.64,0.0000,0.00,0,0,0,313.39,0,0.000,0.0000
2026-08-14T01:02:32.691583,502.01,DONE,1.7302,-0.6351,-167.85,0.0000,0.0000,7.5245,0,0.0,0.0,0.0,0.0,0.000,2.8211,1.0917,0.5578,314.47,4.1992,-0.2020,23.64,0.0000,0.00,0,0,0,314.39,0,0.000,0.0000
2026-08-14T01:02:33.691579,503.01,DONE,1.7302,-0.6351,-167.85,0.0000,0.0000,7.5245,0,0.0,0.0,0.0,0.0,0.000,2.8211,1.0917,0.5578,315.47,4.1992,-0.2020,23.64,0.0000,0.00,0,0,0,315.39,0,0.000,0.0000
2026-08-14T01:02:34.691675,504.01,DONE,1.7302,-0.6351,-167.85,0.0000,0.0000,7.5245,0,0.0,0.0,0.0,0.0,0.000,2.8211,1.0917,0.5578,316.47,4.1992,-0.2020,23.64,0.0000,0.00,0,0,0,316.39,0,0.000,0.0000
2026-08-14T01:02:35.691595,505.01,DONE,1.7302,-0.6351,-167.85,0.0000,0.0000,7.5245,0,0.0,0.0,0.0,0.0,0.000,2.8211,1.0917,0.5578,317.47,4.1992,-0.2020,23.64,0.0000,0.00,0,0,0,317.39,0,0.000,0.0000
2026-08-14T01:02:36.691688,506.01,DONE,1.7302,-0.6351,-167.85,0.0000,0.0000,7.5245,0,0.0,0.0,0.0,0.0,0.000,2.8211,1.0917,0.5578,318.47,4.1992,-0.2020,23.64,0.0000,0.00,0,0,0,318.39,0,0.000,0.0000
2026-08-14T01:02:37.691630,507.01,DONE,1.7302,-0.6351,-167.85,0.0000,0.0000,7.5245,0,0.0,0.0,0.0,0.0,0.000,2.8211,1.0917,0.5578,319.47,4.1992,-0.2020,23.64,0.0000,0.00,0,0,0,319.39,0,0.000,0.0000
2026-08-14T01:02:38.691622,508.01,DONE,1.7302,-0.6351,-167.85,0.0000,0.0000,7.5245,0,0.0,0.0,0.0,0.0,0.000,2.8211,1.0917,0.5578,320.47,4.1992,-0.2020,23.64,0.0000,0.00,0,0,0,320.39,0,0.000,0.0000
2026-08-14T01:02:39.691597,509.01,DONE,1.7302,-0.6351,-167.85,0.0000,0.0000,7.5245,0,0.0,0.0,0.0,0.0,0.000,2.8211,1.0917,0.5578,321.47,4.1992,-0.2020,23.64,0.0000,0.00,0,0,0,321.39,0,0.000,0.0000
2026-08-14T01:02:40.691591,510.01,DONE,1.7302,-0.6351,-167.85,0.0000,0.0000,7.5245,0,0.0,0.0,0.0,0.0,0.000,2.8211,1.0917,0.5578,322.47,4.1992,-0.2020,23.64,0.0000,0.00,0,0,0,322.39,0,0.000,0.0000
2026-08-14T01:02:41.691590,511.01,DONE,1.7302,-0.6351,-167.85,0.0000,0.0000,7.5245,0,0.0,0.0,0.0,0.0,0.000,2.8211,1.0917,0.5578,323.47,4.1992,-0.2020,23.64,0.0000,0.00,0,0,0,323.39,0,0.000,0.0000
2026-08-14T01:02:42.691616,512.01,DONE,1.7302,-0.6351,-167.85,0.0000,0.0000,7.5245,0,0.0,0.0,0.0,0.0,0.000,2.8211,1.0917,0.5578,324.47,4.1992,-0.2020,23.64,0.0000,0.00,0,0,0,324.39,0,0.000,0.0000
2026-08-14T01:02:43.691645,513.01,DONE,1.7302,-0.6351,-167.85,0.0000,0.0000,7.5245,0,0.0,0.0,0.0,0.0,0.000,2.8211,1.0917,0.5578,325.47,4.1992,-0.2020,23.64,0.0000,0.00,0,0,0,325.39,0,0.000,0.0000
2026-08-14T01:02:44.691729,514.01,DONE,1.7302,-0.6351,-167.85,0.0000,0.0000,7.5245,0,0.0,0.0,0.0,0.0,0.000,2.8211,1.0917,0.5578,326.47,4.1992,-0.2020,23.64,0.0000,0.00,0,0,0,326.39,0,0.000,0.0000
2026-08-14T01:02:45.691514,515.01,DONE,1.7302,-0.6351,-167.85,0.0000,0.0000,7.5245,0,0.0,0.0,0.0,0.0,0.000,2.8211,1.0917,0.5578,327.47,4.1992,-0.2020,23.64,0.0000,0.00,0,0,0,327.39,0,0.000,0.0000
2026-08-14T01:02:46.691486,516.01,DONE,1.7302,-0.6351,-167.85,0.0000,0.0000,7.5245,0,0.0,0.0,0.0,0.0,0.000,2.8211,1.0917,0.5578,328.47,4.1992,-0.2020,23.64,0.0000,0.00,0,0,0,328.39,0,0.000,0.0000
2026-08-14T01:02:47.691693,517.01,DONE,1.7302,-0.6351,-167.85,0.0000,0.0000,7.5245,0,0.0,0.0,0.0,0.0,0.000,2.8211,1.0917,0.5578,329.47,4.1992,-0.2020,23.64,0.0000,0.00,0,0,0,329.39,0,0.000,0.0000
2026-08-14T01:02:48.691590,518.01,DONE,1.7302,-0.6351,-167.85,0.0000,0.0000,7.5245,0,0.0,0.0,0.0,0.0,0.000,2.8211,1.0917,0.5578,330.47,4.1992,-0.2020,23.64,0.0000,0.00,0,0,0,330.39,0,0.000,0.0000
2026-08-14T01:02:49.691564,519.01,DONE,1.7302,-0.6351,-167.85,0.0000,0.0000,7.5245,0,0.0,0.0,0.0,0.0,0.000,2.8211,1.0917,0.5578,331.47,4.1992,-0.2020,23.64,0.0000,0.00,0,0,0,331.39,0,0.000,0.0000
2026-08-14T01:02:50.691583,520.01,DONE,1.7302,-0.6351,-167.85,0.0000,0.0000,7.5245,0,0.0,0.0,0.0,0.0,0.000,2.8211,1.0917,0.5578,332.47,4.1992,-0.2020,23.64,0.0000,0.00,0,0,0,332.39,0,0.000,0.0000
2026-08-14T01:02:51.691616,521.01,DONE,1.7302,-0.6351,-167.85,0.0000,0.0000,7.5245,0,0.0,0.0,0.0,0.0,0.000,2.8211,1.0917,0.5578,333.47,4.1992,-0.2020,23.64,0.0000,0.00,0,0,0,333.39,0,0.000,0.0000
2026-08-14T01:02:52.691614,522.01,DONE,1.7302,-0.6351,-167.85,0.0000,0.0000,7.5245,0,0.0,0.0,0.0,0.0,0.000,2.8211,1.0917,0.5578,334.47,4.1992,-0.2020,23.64,0.0000,0.00,0,0,0,334.39,0,0.000,0.0000
2026-08-14T01:02:53.691666,523.01,DONE,1.7302,-0.6351,-167.85,0.0000,0.0000,7.5245,0,0.0,0.0,0.0,0.0,0.000,2.8211,1.0917,0.5578,335.47,4.1992,-0.2020,23.64,0.0000,0.00,0,0,0,335.39,0,0.000,0.0000
2026-08-14T01:02:54.691859,524.01,DONE,1.7302,-0.6351,-167.85,0.0000,0.0000,7.5245,0,0.0,0.0,0.0,0.0,0.000,2.8211,1.0917,0.5578,336.47,4.1992,-0.2020,23.64,0.0000,0.00,0,0,0,336.39,0,0.000,0.0000
2026-08-14T01:02:55.691682,525.01,DONE,1.7302,-0.6351,-167.85,0.0000,0.0000,7.5245,0,0.0,0.0,0.0,0.0,0.000,2.8211,1.0917,0.5578,337.47,4.1992,-0.2020,23.64,0.0000,0.00,0,0,0,337.39,0,0.000,0.0000
2026-08-14T01:02:56.691676,526.01,DONE,1.7302,-0.6351,-167.85,0.0000,0.0000,7.5245,0,0.0,0.0,0.0,0.0,0.000,2.8211,1.0917,0.5578,338.47,4.1992,-0.2020,23.64,0.0000,0.00,0,0,0,338.39,0,0.000,0.0000
2026-08-14T01:02:57.691616,527.01,DONE,1.7302,-0.6351,-167.85,0.0000,0.0000,7.5245,0,0.0,0.0,0.0,0.0,0.000,2.8211,1.0917,0.5578,339.47,4.1992,-0.2020,23.64,0.0000,0.00,0,0,0,339.39,0,0.000,0.0000
2026-08-14T01:02:58.691504,528.01,DONE,1.7302,-0.6351,-167.85,0.0000,0.0000,7.5245,0,0.0,0.0,0.0,0.0,0.000,2.8211,1.0917,0.5578,340.47,4.1992,-0.2020,23.64,0.0000,0.00,0,0,0,340.39,0,0.000,0.0000
2026-08-14T01:02:59.691624,529.01,DONE,1.7302,-0.6351,-167.85,0.0000,0.0000,7.5245,0,0.0,0.0,0.0,0.0,0.000,2.8211,1.0917,0.5578,341.47,4.1992,-0.2020,23.64,0.0000,0.00,0,0,0,341.39,0,0.000,0.0000
2026-08-14T01:03:00.691591,530.01,DONE,1.7302,-0.6351,-167.85,0.0000,0.0000,7.5245,0,0.0,0.0,0.0,0.0,0.000,2.8211,1.0917,0.5578,342.47,4.1992,-0.2020,23.64,0.0000,0.00,0,0,0,342.39,0,0.000,0.0000
2026-08-14T01:03:01.691592,531.01,DONE,1.7302,-0.6351,-167.85,0.0000,0.0000,7.5245,0,0.0,0.0,0.0,0.0,0.000,2.8211,1.0917,0.5578,343.47,4.1992,-0.2020,23.64,0.0000,0.00,0,0,0,343.39,0,0.000,0.0000
2026-08-14T01:03:02.691631,532.01,DONE,1.7302,-0.6351,-167.85,0.0000,0.0000,7.5245,0,0.0,0.0,0.0,0.0,0.000,2.8211,1.0917,0.5578,344.47,4.1992,-0.2020,23.64,0.0000,0.00,0,0,0,344.39,0,0.000,0.0000
2026-08-14T01:03:03.691930,533.01,DONE,1.7302,-0.6351,-167.85,0.0000,0.0000,7.5245,0,0.0,0.0,0.0,0.0,0.000,2.8211,1.0917,0.5578,345.47,4.1992,-0.2020,23.64,0.0000,0.00,0,0,0,345.39,0,0.000,0.0000
2026-08-14T01:03:04.691614,534.01,DONE,1.7302,-0.6351,-167.85,0.0000,0.0000,7.5245,0,0.0,0.0,0.0,0.0,0.000,2.8211,1.0917,0.5578,346.47,4.1992,-0.2020,23.64,0.0000,0.00,0,0,0,346.39,0,0.000,0.0000
2026-08-14T01:03:05.691570,535.01,DONE,1.7302,-0.6351,-167.85,0.0000,0.0000,7.5245,0,0.0,0.0,0.0,0.0,0.000,2.8211,1.0917,0.5578,347.47,4.1992,-0.2020,23.64,0.0000,0.00,0,0,0,347.39,0,0.000,0.0000
2026-08-14T01:03:06.691585,536.01,DONE,1.7302,-0.6351,-167.85,0.0000,0.0000,7.5245,0,0.0,0.0,0.0,0.0,0.000,2.8211,1.0917,0.5578,348.47,4.1992,-0.2020,23.64,0.0000,0.00,0,0,0,348.39,0,0.000,0.0000
2026-08-14T01:03:07.691496,537.01,DONE,1.7302,-0.6351,-167.85,0.0000,0.0000,7.5245,0,0.0,0.0,0.0,0.0,0.000,2.8211,1.0917,0.5578,349.47,4.1992,-0.2020,23.64,0.0000,0.00,0,0,0,349.39,0,0.000,0.0000
2026-08-14T01:03:08.691592,538.01,DONE,1.7302,-0.6351,-167.85,0.0000,0.0000,7.5245,0,0.0,0.0,0.0,0.0,0.000,2.8211,1.0917,0.5578,350.47,4.1992,-0.2020,23.64,0.0000,0.00,0,0,0,350.39,0,0.000,0.0000
2026-08-14T01:03:09.691590,539.01,DONE,1.7302,-0.6351,-167.85,0.0000,0.0000,7.5245,0,0.0,0.0,0.0,0.0,0.000,2.8211,1.0917,0.5578,351.47,4.1992,-0.2020,23.64,0.0000,0.00,0,0,0,351.39,0,0.000,0.0000
2026-08-14T01:03:10.691619,540.01,DONE,1.7302,-0.6351,-167.85,0.0000,0.0000,7.5245,0,0.0,0.0,0.0,0.0,0.000,2.8211,1.0917,0.5578,352.47,4.1992,-0.2020,23.64,0.0000,0.00,0,0,0,352.39,0,0.000,0.0000
2026-08-14T01:03:11.691762,541.01,DONE,1.7302,-0.6351,-167.85,0.0000,0.0000,7.5245,0,0.0,0.0,0.0,0.0,0.000,2.8211,1.0917,0.5578,353.47,4.1992,-0.2020,23.64,0.0000,0.00,0,0,0,353.39,0,0.000,0.0000
2026-08-14T01:03:12.691657,542.01,DONE,1.7302,-0.6351,-167.85,0.0000,0.0000,7.5245,0,0.0,0.0,0.0,0.0,0.000,2.8211,1.0917,0.5578,354.47,4.1992,-0.2020,23.64,0.0000,0.00,0,0,0,354.39,0,0.000,0.0000
2026-08-14T01:03:13.691506,543.01,DONE,1.7302,-0.6351,-167.85,0.0000,0.0000,7.5245,0,0.0,0.0,0.0,0.0,0.000,2.8211,1.0917,0.5578,355.47,4.1992,-0.2020,23.64,0.0000,0.00,0,0,0,355.39,0,0.000,0.0000
2026-08-14T01:03:14.691587,544.01,DONE,1.7302,-0.6351,-167.85,0.0000,0.0000,7.5245,0,0.0,0.0,0.0,0.0,0.000,2.8211,1.0917,0.5578,356.47,4.1992,-0.2020,23.64,0.0000,0.00,0,0,0,356.39,0,0.000,0.0000
2026-08-14T01:03:15.691583,545.01,DONE,1.7302,-0.6351,-167.85,0.0000,0.0000,7.5245,0,0.0,0.0,0.0,0.0,0.000,2.8211,1.0917,0.5578,357.47,4.1992,-0.2020,23.64,0.0000,0.00,0,0,0,357.39,0,0.000,0.0000
2026-08-14T01:03:16.691562,546.01,DONE,1.7302,-0.6351,-167.85,0.0000,0.0000,7.5245,0,0.0,0.0,0.0,0.0,0.000,2.8211,1.0917,0.5578,358.47,4.1992,-0.2020,23.64,0.0000,0.00,0,0,0,358.39,0,0.000,0.0000
2026-08-14T01:03:17.691593,547.01,DONE,1.7302,-0.6351,-167.85,0.0000,0.0000,7.5245,0,0.0,0.0,0.0,0.0,0.000,2.8211,1.0917,0.5578,359.47,4.1992,-0.2020,23.64,0.0000,0.00,0,0,0,359.39,0,0.000,0.0000
2026-08-14T01:03:18.691528,548.01,DONE,1.7302,-0.6351,-167.85,0.0000,0.0000,7.5245,0,0.0,0.0,0.0,0.0,0.000,2.8211,1.0917,0.5578,360.47,4.1992,-0.2020,23.64,0.0000,0.00,0,0,0,360.39,0,0.000,0.0000
2026-08-14T01:03:19.691640,549.01,DONE,1.7302,-0.6351,-167.85,0.0000,0.0000,7.5245,0,0.0,0.0,0.0,0.0,0.000,2.8211,1.0917,0.5578,361.47,4.1992,-0.2020,23.64,0.0000,0.00,0,0,0,361.39,0,0.000,0.0000
2026-08-14T01:03:20.691744,550.01,DONE,1.7302,-0.6351,-167.85,0.0000,0.0000,7.5245,0,0.0,0.0,0.0,0.0,0.000,2.8211,1.0917,0.5578,362.47,4.1992,-0.2020,23.64,0.0000,0.00,0,0,0,362.39,0,0.000,0.0000
2026-08-14T01:03:21.691544,551.01,DONE,1.7302,-0.6351,-167.85,0.0000,0.0000,7.5245,0,0.0,0.0,0.0,0.0,0.000,2.8211,1.0917,0.5578,363.47,4.1992,-0.2020,23.64,0.0000,0.00,0,0,0,363.39,0,0.000,0.0000
2026-08-14T01:03:22.691615,552.01,DONE,1.7302,-0.6351,-167.85,0.0000,0.0000,7.5245,0,0.0,0.0,0.0,0.0,0.000,2.8211,1.0917,0.5578,364.47,4.1992,-0.2020,23.64,0.0000,0.00,0,0,0,364.39,0,0.000,0.0000
2026-08-14T01:03:23.691615,553.01,DONE,1.7302,-0.6351,-167.85,0.0000,0.0000,7.5245,0,0.0,0.0,0.0,0.0,0.000,2.8211,1.0917,0.5578,365.47,4.1992,-0.2020,23.64,0.0000,0.00,0,0,0,365.39,0,0.000,0.0000
2026-08-14T01:03:24.691650,554.01,DONE,1.7302,-0.6351,-167.85,0.0000,0.0000,7.5245,0,0.0,0.0,0.0,0.0,0.000,2.8211,1.0917,0.5578,366.47,4.1992,-0.2020,23.64,0.0000,0.00,0,0,0,366.39,0,0.000,0.0000
2026-08-14T01:03:25.691667,555.01,DONE,1.7302,-0.6351,-167.85,0.0000,0.0000,7.5245,0,0.0,0.0,0.0,0.0,0.000,2.8211,1.0917,0.5578,367.47,4.1992,-0.2020,23.64,0.0000,0.00,0,0,0,367.39,0,0.000,0.0000
2026-08-14T01:03:26.691631,556.01,DONE,1.7302,-0.6351,-167.85,0.0000,0.0000,7.5245,0,0.0,0.0,0.0,0.0,0.000,2.8211,1.0917,0.5578,368.47,4.1992,-0.2020,23.64,0.0000,0.00,0,0,0,368.39,0,0.000,0.0000
2026-08-14T01:03:27.691756,557.01,DONE,1.7302,-0.6351,-167.85,0.0000,0.0000,7.5245,0,0.0,0.0,0.0,0.0,0.000,2.8211,1.0917,0.5578,369.47,4.1992,-0.2020,23.64,0.0000,0.00,0,0,0,369.39,0,0.000,0.0000
2026-08-14T01:03:28.691545,558.01,DONE,1.7302,-0.6351,-167.85,0.0000,0.0000,7.5245,0,0.0,0.0,0.0,0.0,0.000,2.8211,1.0917,0.5578,370.47,4.1992,-0.2020,23.64,0.0000,0.00,0,0,0,370.39,0,0.000,0.0000
2026-08-14T01:03:29.691702,559.01,DONE,1.7302,-0.6351,-167.85,0.0000,0.0000,7.5245,0,0.0,0.0,0.0,0.0,0.000,2.8211,1.0917,0.5578,371.47,4.1992,-0.2020,23.64,0.0000,0.00,0,0,0,371.39,0,0.000,0.0000
2026-08-14T01:03:30.691581,560.01,DONE,1.7302,-0.6351,-167.85,0.0000,0.0000,7.5245,0,0.0,0.0,0.0,0.0,0.000,2.8211,1.0917,0.5578,372.47,4.1992,-0.2020,23.64,0.0000,0.00,0,0,0,372.39,0,0.000,0.0000
2026-08-14T01:03:31.691623,561.01,DONE,1.7302,-0.6351,-167.85,0.0000,0.0000,7.5245,0,0.0,0.0,0.0,0.0,0.000,2.8211,1.0917,0.5578,373.47,4.1992,-0.2020,23.64,0.0000,0.00,0,0,0,373.39,0,0.000,0.0000
2026-08-14T01:03:32.691633,562.01,DONE,1.7302,-0.6351,-167.85,0.0000,0.0000,7.5245,0,0.0,0.0,0.0,0.0,0.000,2.8211,1.0917,0.5578,374.47,4.1992,-0.2020,23.64,0.0000,0.00,0,0,0,374.39,0,0.000,0.0000
2026-08-14T01:03:33.691622,563.01,DONE,1.7302,-0.6351,-167.85,0.0000,0.0000,7.5245,0,0.0,0.0,0.0,0.0,0.000,2.8211,1.0917,0.5578,375.47,4.1992,-0.2020,23.64,0.0000,0.00,0,0,0,375.39,0,0.000,0.0000
2026-08-14T01:03:34.691615,564.01,DONE,1.7302,-0.6351,-167.85,0.0000,0.0000,7.5245,0,0.0,0.0,0.0,0.0,0.000,2.8211,1.0917,0.5578,376.47,4.1992,-0.2020,23.64,0.0000,0.00,0,0,0,376.39,0,0.000,0.0000
2026-08-14T01:03:35.691791,565.01,DONE,1.7302,-0.6351,-167.85,0.0000,0.0000,7.5245,0,0.0,0.0,0.0,0.0,0.000,2.8211,1.0917,0.5578,377.47,4.1992,-0.2020,23.64,0.0000,0.00,0,0,0,377.39,0,0.000,0.0000
2026-08-14T01:03:36.691648,566.01,DONE,1.7302,-0.6351,-167.85,0.0000,0.0000,7.5245,0,0.0,0.0,0.0,0.0,0.000,2.8211,1.0917,0.5578,378.47,4.1992,-0.2020,23.64,0.0000,0.00,0,0,0,378.39,0,0.000,0.0000
2026-08-14T01:03:37.691593,567.01,DONE,1.7302,-0.6351,-167.85,0.0000,0.0000,7.5245,0,0.0,0.0,0.0,0.0,0.000,2.8211,1.0917,0.5578,379.47,4.1992,-0.2020,23.64,0.0000,0.00,0,0,0,379.39,0,0.000,0.0000
2026-08-14T01:03:38.691526,568.01,DONE,1.7302,-0.6351,-167.85,0.0000,0.0000,7.5245,0,0.0,0.0,0.0,0.0,0.000,2.8211,1.0917,0.5578,380.47,4.1992,-0.2020,23.64,0.0000,0.00,0,0,0,380.39,0,0.000,0.0000
2026-08-14T01:03:39.691555,569.01,DONE,1.7302,-0.6351,-167.85,0.0000,0.0000,7.5245,0,0.0,0.0,0.0,0.0,0.000,2.8211,1.0917,0.5578,381.47,4.1992,-0.2020,23.64,0.0000,0.00,0,0,0,381.39,0,0.000,0.0000
2026-08-14T01:03:40.691768,570.01,DONE,1.7302,-0.6351,-167.85,0.0000,0.0000,7.5245,0,0.0,0.0,0.0,0.0,0.000,2.8211,1.0917,0.5578,382.47,4.1992,-0.2020,23.64,0.0000,0.00,0,0,0,382.39,0,0.000,0.0000
2026-08-14T01:03:41.691679,571.01,DONE,1.7302,-0.6351,-167.85,0.0000,0.0000,7.5245,0,0.0,0.0,0.0,0.0,0.000,2.8211,1.0917,0.5578,383.47,4.1992,-0.2020,23.64,0.0000,0.00,0,0,0,383.39,0,0.000,0.0000
2026-08-14T01:03:42.691648,572.01,DONE,1.7302,-0.6351,-167.85,0.0000,0.0000,7.5245,0,0.0,0.0,0.0,0.0,0.000,2.8211,1.0917,0.5578,384.47,4.1992,-0.2020,23.64,0.0000,0.00,0,0,0,384.39,0,0.000,0.0000
2026-08-14T01:03:43.691663,573.01,DONE,1.7302,-0.6351,-167.85,0.0000,0.0000,7.5245,0,0.0,0.0,0.0,0.0,0.000,2.8211,1.0917,0.5578,385.47,4.1992,-0.2020,23.64,0.0000,0.00,0,0,0,385.39,0,0.000,0.0000
2026-08-14T01:03:44.691715,574.01,DONE,1.7302,-0.6351,-167.85,0.0000,0.0000,7.5245,0,0.0,0.0,0.0,0.0,0.000,2.8211,1.0917,0.5578,386.47,4.1992,-0.2020,23.64,0.0000,0.00,0,0,0,386.39,0,0.000,0.0000
2026-08-14T01:03:45.691573,575.01,DONE,1.7302,-0.6351,-167.85,0.0000,0.0000,7.5245,0,0.0,0.0,0.0,0.0,0.000,2.8211,1.0917,0.5578,387.47,4.1992,-0.2020,23.64,0.0000,0.00,0,0,0,387.39,0,0.000,0.0000
2026-08-14T01:03:46.691596,576.01,DONE,1.7302,-0.6351,-167.85,0.0000,0.0000,7.5245,0,0.0,0.0,0.0,0.0,0.000,2.8211,1.0917,0.5578,388.47,4.1992,-0.2020,23.64,0.0000,0.00,0,0,0,388.39,0,0.000,0.0000
2026-08-14T01:03:47.691609,577.01,DONE,1.7302,-0.6351,-167.85,0.0000,0.0000,7.5245,0,0.0,0.0,0.0,0.0,0.000,2.8211,1.0917,0.5578,389.47,4.1992,-0.2020,23.64,0.0000,0.00,0,0,0,389.39,0,0.000,0.0000
2026-08-14T01:03:48.691617,578.01,DONE,1.7302,-0.6351,-167.85,0.0000,0.0000,7.5245,0,0.0,0.0,0.0,0.0,0.000,2.8211,1.0917,0.5578,390.47,4.1992,-0.2020,23.64,0.0000,0.00,0,0,0,390.39,0,0.000,0.0000
2026-08-14T01:03:49.691618,579.01,DONE,1.7302,-0.6351,-167.85,0.0000,0.0000,7.5245,0,0.0,0.0,0.0,0.0,0.000,2.8211,1.0917,0.5578,391.47,4.1992,-0.2020,23.64,0.0000,0.00,0,0,0,391.39,0,0.000,0.0000
2026-08-14T01:03:50.691787,580.01,DONE,1.7302,-0.6351,-167.85,0.0000,0.0000,7.5245,0,0.0,0.0,0.0,0.0,0.000,2.8211,1.0917,0.5578,392.47,4.1992,-0.2020,23.64,0.0000,0.00,0,0,0,392.39,0,0.000,0.0000
2026-08-14T01:03:51.691697,581.01,DONE,1.7302,-0.6351,-167.85,0.0000,0.0000,7.5245,0,0.0,0.0,0.0,0.0,0.000,2.8211,1.0917,0.5578,393.47,4.1992,-0.2020,23.64,0.0000,0.00,0,0,0,393.39,0,0.000,0.0000
2026-08-14T01:03:52.691600,582.01,DONE,1.7302,-0.6351,-167.85,0.0000,0.0000,7.5245,0,0.0,0.0,0.0,0.0,0.000,2.8211,1.0917,0.5578,394.47,4.1992,-0.2020,23.64,0.0000,0.00,0,0,0,394.39,0,0.000,0.0000
2026-08-14T01:03:53.691565,583.01,DONE,1.7302,-0.6351,-167.85,0.0000,0.0000,7.5245,0,0.0,0.0,0.0,0.0,0.000,2.8211,1.0917,0.5578,395.47,4.1992,-0.2020,23.64,0.0000,0.00,0,0,0,395.39,0,0.000,0.0000
2026-08-14T01:03:54.691537,584.01,DONE,1.7302,-0.6351,-167.85,0.0000,0.0000,7.5245,0,0.0,0.0,0.0,0.0,0.000,2.8211,1.0917,0.5578,396.47,4.1992,-0.2020,23.64,0.0000,0.00,0,0,0,396.39,0,0.000,0.0000
2026-08-14T01:03:55.691517,585.01,DONE,1.7302,-0.6351,-167.85,0.0000,0.0000,7.5245,0,0.0,0.0,0.0,0.0,0.000,2.8211,1.0917,0.5578,397.47,4.1992,-0.2020,23.64,0.0000,0.00,0,0,0,397.39,0,0.000,0.0000
2026-08-14T01:03:56.691538,586.01,DONE,1.7302,-0.6351,-167.85,0.0000,0.0000,7.5245,0,0.0,0.0,0.0,0.0,0.000,2.8211,1.0917,0.5578,398.47,4.1992,-0.2020,23.64,0.0000,0.00,0,0,0,398.39,0,0.000,0.0000
2026-08-14T01:03:57.691537,587.01,DONE,1.7302,-0.6351,-167.85,0.0000,0.0000,7.5245,0,0.0,0.0,0.0,0.0,0.000,2.8211,1.0917,0.5578,399.47,4.1992,-0.2020,23.64,0.0000,0.00,0,0,0,399.39,0,0.000,0.0000
2026-08-14T01:03:58.691627,588.01,DONE,1.7302,-0.6351,-167.85,0.0000,0.0000,7.5245,0,0.0,0.0,0.0,0.0,0.000,2.8211,1.0917,0.5578,400.47,4.1992,-0.2020,23.64,0.0000,0.00,0,0,0,400.39,0,0.000,0.0000
2026-08-14T01:03:59.691654,589.01,DONE,1.7302,-0.6351,-167.85,0.0000,0.0000,7.5245,0,0.0,0.0,0.0,0.0,0.000,2.8211,1.0917,0.5578,401.47,4.1992,-0.2020,23.64,0.0000,0.00,0,0,0,401.39,0,0.000,0.0000
2026-08-14T01:04:00.691678,590.01,DONE,1.7302,-0.6351,-167.85,0.0000,0.0000,7.5245,0,0.0,0.0,0.0,0.0,0.000,2.8211,1.0917,0.5578,402.47,4.1992,-0.2020,23.64,0.0000,0.00,0,0,0,402.39,0,0.000,0.0000
2026-08-14T01:04:01.691607,591.01,DONE,1.7302,-0.6351,-167.85,0.0000,0.0000,7.5245,0,0.0,0.0,0.0,0.0,0.000,2.8211,1.0917,0.5578,403.47,4.1992,-0.2020,23.64,0.0000,0.00,0,0,0,403.39,0,0.000,0.0000
2026-08-14T01:04:02.691611,592.01,DONE,1.7302,-0.6351,-167.85,0.0000,0.0000,7.5245,0,0.0,0.0,0.0,0.0,0.000,2.8211,1.0917,0.5578,404.47,4.1992,-0.2020,23.64,0.0000,0.00,0,0,0,404.39,0,0.000,0.0000
2026-08-14T01:04:03.691487,593.01,DONE,1.7302,-0.6351,-167.85,0.0000,0.0000,7.5245,0,0.0,0.0,0.0,0.0,0.000,2.8211,1.0917,0.5578,405.47,4.1992,-0.2020,23.64,0.0000,0.00,0,0,0,405.39,0,0.000,0.0000
2026-08-14T01:04:04.691588,594.01,DONE,1.7302,-0.6351,-167.85,0.0000,0.0000,7.5245,0,0.0,0.0,0.0,0.0,0.000,2.8211,1.0917,0.5578,406.47,4.1992,-0.2020,23.64,0.0000,0.00,0,0,0,406.39,0,0.000,0.0000
2026-08-14T01:04:05.691567,595.01,DONE,1.7302,-0.6351,-167.85,0.0000,0.0000,7.5245,0,0.0,0.0,0.0,0.0,0.000,2.8211,1.0917,0.5578,407.47,4.1992,-0.2020,23.64,0.0000,0.00,0,0,0,407.39,0,0.000,0.0000
2026-08-14T01:04:06.691575,596.01,DONE,1.7302,-0.6351,-167.85,0.0000,0.0000,7.5245,0,0.0,0.0,0.0,0.0,0.000,2.8211,1.0917,0.5578,408.47,4.1992,-0.2020,23.64,0.0000,0.00,0,0,0,408.39,0,0.000,0.0000
2026-08-14T01:04:07.691676,597.01,DONE,1.7302,-0.6351,-167.85,0.0000,0.0000,7.5245,0,0.0,0.0,0.0,0.0,0.000,2.8211,1.0917,0.5578,409.47,4.1992,-0.2020,23.64,0.0000,0.00,0,0,0,409.39,0,0.000,0.0000
2026-08-14T01:04:08.691668,598.01,DONE,1.7302,-0.6351,-167.85,0.0000,0.0000,7.5245,0,0.0,0.0,0.0,0.0,0.000,2.8211,1.0917,0.5578,410.47,4.1992,-0.2020,23.64,0.0000,0.00,0,0,0,410.39,0,0.000,0.0000
2026-08-14T01:04:09.691463,599.01,DONE,1.7302,-0.6351,-167.85,0.0000,0.0000,7.5245,0,0.0,0.0,0.0,0.0,0.000,2.8211,1.0917,0.5578,411.47,4.1992,-0.2020,23.64,0.0000,0.00,0,0,0,411.39,0,0.000,0.0000
2026-08-14T01:04:10.691532,600.01,DONE,1.7302,-0.6351,-167.85,0.0000,0.0000,7.5245,0,0.0,0.0,0.0,0.0,0.000,2.8211,1.0917,0.5578,412.47,4.1992,-0.2020,23.64,0.0000,0.00,0,0,0,412.39,0,0.000,0.0000
2026-08-14T01:04:11.691552,601.01,DONE,1.7302,-0.6351,-167.85,0.0000,0.0000,7.5245,0,0.0,0.0,0.0,0.0,0.000,2.8211,1.0917,0.5578,413.47,4.1992,-0.2020,23.64,0.0000,0.00,0,0,0,413.39,0,0.000,0.0000
2026-08-14T01:04:12.691545,602.01,DONE,1.7302,-0.6351,-167.85,0.0000,0.0000,7.5245,0,0.0,0.0,0.0,0.0,0.000,2.8211,1.0917,0.5578,414.47,4.1992,-0.2020,23.64,0.0000,0.00,0,0,0,414.39,0,0.000,0.0000
2026-08-14T01:04:13.691536,603.01,DONE,1.7302,-0.6351,-167.85,0.0000,0.0000,7.5245,0,0.0,0.0,0.0,0.0,0.000,2.8211,1.0917,0.5578,415.47,4.1992,-0.2020,23.64,0.0000,0.00,0,0,0,415.39,0,0.000,0.0000
2026-08-14T01:04:14.691519,604.01,DONE,1.7302,-0.6351,-167.85,0.0000,0.0000,7.5245,0,0.0,0.0,0.0,0.0,0.000,2.8211,1.0917,0.5578,416.47,4.1992,-0.2020,23.64,0.0000,0.00,0,0,0,416.39,0,0.000,0.0000
2026-08-14T01:04:15.691519,605.01,DONE,1.7302,-0.6351,-167.85,0.0000,0.0000,7.5245,0,0.0,0.0,0.0,0.0,0.000,2.8211,1.0917,0.5578,417.47,4.1992,-0.2020,23.64,0.0000,0.00,0,0,0,417.39,0,0.000,0.0000
2026-08-14T01:04:16.691521,606.01,DONE,1.7302,-0.6351,-167.85,0.0000,0.0000,7.5245,0,0.0,0.0,0.0,0.0,0.000,2.8211,1.0917,0.5578,418.47,4.1992,-0.2020,23.64,0.0000,0.00,0,0,0,418.39,0,0.000,0.0000
2026-08-14T01:04:17.691581,607.01,DONE,1.7302,-0.6351,-167.85,0.0000,0.0000,7.5245,0,0.0,0.0,0.0,0.0,0.000,2.8211,1.0917,0.5578,419.47,4.1992,-0.2020,23.64,0.0000,0.00,0,0,0,419.39,0,0.000,0.0000
2026-08-14T01:04:18.691586,608.01,DONE,1.7302,-0.6351,-167.85,0.0000,0.0000,7.5245,0,0.0,0.0,0.0,0.0,0.000,2.8211,1.0917,0.5578,420.47,4.1992,-0.2020,23.64,0.0000,0.00,0,0,0,420.39,0,0.000,0.0000
2026-08-14T01:04:19.691594,609.01,DONE,1.7302,-0.6351,-167.85,0.0000,0.0000,7.5245,0,0.0,0.0,0.0,0.0,0.000,2.8211,1.0917,0.5578,421.47,4.1992,-0.2020,23.64,0.0000,0.00,0,0,0,421.39,0,0.000,0.0000
2026-08-14T01:04:20.691590,610.01,DONE,1.7302,-0.6351,-167.85,0.0000,0.0000,7.5245,0,0.0,0.0,0.0,0.0,0.000,2.8211,1.0917,0.5578,422.47,4.1992,-0.2020,23.64,0.0000,0.00,0,0,0,422.39,0,0.000,0.0000
2026-08-14T01:04:21.691521,611.01,DONE,1.7302,-0.6351,-167.85,0.0000,0.0000,7.5245,0,0.0,0.0,0.0,0.0,0.000,2.8211,1.0917,0.5578,423.47,4.1992,-0.2020,23.64,0.0000,0.00,0,0,0,423.39,0,0.000,0.0000
2026-08-14T01:04:22.691594,612.01,DONE,1.7302,-0.6351,-167.85,0.0000,0.0000,7.5245,0,0.0,0.0,0.0,0.0,0.000,2.8211,1.0917,0.5578,424.47,4.1992,-0.2020,23.64,0.0000,0.00,0,0,0,424.39,0,0.000,0.0000
2026-08-14T01:04:23.691767,613.01,DONE,1.7302,-0.6351,-167.85,0.0000,0.0000,7.5245,0,0.0,0.0,0.0,0.0,0.000,2.8211,1.0917,0.5578,425.47,4.1992,-0.2020,23.64,0.0000,0.00,0,0,0,425.39,0,0.000,0.0000
2026-08-14T01:04:24.691676,614.01,DONE,1.7302,-0.6351,-167.85,0.0000,0.0000,7.5245,0,0.0,0.0,0.0,0.0,0.000,2.8211,1.0917,0.5578,426.47,4.1992,-0.2020,23.64,0.0000,0.00,0,0,0,426.39,0,0.000,0.0000
2026-08-14T01:04:25.691683,615.01,DONE,1.7302,-0.6351,-167.85,0.0000,0.0000,7.5245,0,0.0,0.0,0.0,0.0,0.000,2.8211,1.0917,0.5578,427.47,4.1992,-0.2020,23.64,0.0000,0.00,0,0,0,427.39,0,0.000,0.0000
2026-08-14T01:04:26.691550,616.01,DONE,1.7302,-0.6351,-167.85,0.0000,0.0000,7.5245,0,0.0,0.0,0.0,0.0,0.000,2.8211,1.0917,0.5578,428.47,4.1992,-0.2020,23.64,0.0000,0.00,0,0,0,428.39,0,0.000,0.0000
2026-08-14T01:04:27.691625,617.01,DONE,1.7302,-0.6351,-167.85,0.0000,0.0000,7.5245,0,0.0,0.0,0.0,0.0,0.000,2.8211,1.0917,0.5578,429.47,4.1992,-0.2020,23.64,0.0000,0.00,0,0,0,429.39,0,0.000,0.0000
2026-08-14T01:04:28.691552,618.01,DONE,1.7302,-0.6351,-167.85,0.0000,0.0000,7.5245,0,0.0,0.0,0.0,0.0,0.000,2.8211,1.0917,0.5578,430.47,4.1992,-0.2020,23.64,0.0000,0.00,0,0,0,430.39,0,0.000,0.0000
2026-08-14T01:04:29.691508,619.01,DONE,1.7302,-0.6351,-167.85,0.0000,0.0000,7.5245,0,0.0,0.0,0.0,0.0,0.000,2.8211,1.0917,0.5578,431.47,4.1992,-0.2020,23.64,0.0000,0.00,0,0,0,431.39,0,0.000,0.0000
2026-08-14T01:04:30.691768,620.01,DONE,1.7302,-0.6351,-167.85,0.0000,0.0000,7.5245,0,0.0,0.0,0.0,0.0,0.000,2.8211,1.0917,0.5578,432.47,4.1992,-0.2020,23.64,0.0000,0.00,0,0,0,432.39,0,0.000,0.0000
2026-08-14T01:04:31.691596,621.01,DONE,1.7302,-0.6351,-167.85,0.0000,0.0000,7.5245,0,0.0,0.0,0.0,0.0,0.000,2.8211,1.0917,0.5578,433.47,4.1992,-0.2020,23.64,0.0000,0.00,0,0,0,433.39,0,0.000,0.0000
2026-08-14T01:04:32.691584,622.01,DONE,1.7302,-0.6351,-167.85,0.0000,0.0000,7.5245,0,0.0,0.0,0.0,0.0,0.000,2.8211,1.0917,0.5578,434.47,4.1992,-0.2020,23.64,0.0000,0.00,0,0,0,434.39,0,0.000,0.0000
2026-08-14T01:04:33.691685,623.01,DONE,1.7302,-0.6351,-167.85,0.0000,0.0000,7.5245,0,0.0,0.0,0.0,0.0,0.000,2.8211,1.0917,0.5578,435.47,4.1992,-0.2020,23.64,0.0000,0.00,0,0,0,435.39,0,0.000,0.0000
2026-08-14T01:04:34.691646,624.01,DONE,1.7302,-0.6351,-167.85,0.0000,0.0000,7.5245,0,0.0,0.0,0.0,0.0,0.000,2.8211,1.0917,0.5578,436.47,4.1992,-0.2020,23.64,0.0000,0.00,0,0,0,436.39,0,0.000,0.0000
2026-08-14T01:04:35.691549,625.01,DONE,1.7302,-0.6351,-167.85,0.0000,0.0000,7.5245,0,0.0,0.0,0.0,0.0,0.000,2.8211,1.0917,0.5578,437.47,4.1992,-0.2020,23.64,0.0000,0.00,0,0,0,437.39,0,0.000,0.0000
2026-08-14T01:04:36.691606,626.01,DONE,1.7302,-0.6351,-167.85,0.0000,0.0000,7.5245,0,0.0,0.0,0.0,0.0,0.000,2.8211,1.0917,0.5578,438.47,4.1992,-0.2020,23.64,0.0000,0.00,0,0,0,438.39,0,0.000,0.0000
2026-08-14T01:04:37.691539,627.01,DONE,1.7302,-0.6351,-167.85,0.0000,0.0000,7.5245,0,0.0,0.0,0.0,0.0,0.000,2.8211,1.0917,0.5578,439.47,4.1992,-0.2020,23.64,0.0000,0.00,0,0,0,439.39,0,0.000,0.0000
2026-08-14T01:04:38.691554,628.01,DONE,1.7302,-0.6351,-167.85,0.0000,0.0000,7.5245,0,0.0,0.0,0.0,0.0,0.000,2.8211,1.0917,0.5578,440.47,4.1992,-0.2020,23.64,0.0000,0.00,0,0,0,440.39,0,0.000,0.0000
2026-08-14T01:04:39.692434,629.01,DONE,1.7302,-0.6351,-167.85,0.0000,0.0000,7.5245,0,0.0,0.0,0.0,0.0,0.000,2.8211,1.0917,0.5578,441.47,4.1992,-0.2020,23.64,0.0000,0.00,0,0,0,441.39,0,0.000,0.0000
2026-08-14T01:04:40.691619,630.01,DONE,1.7302,-0.6351,-167.85,0.0000,0.0000,7.5245,0,0.0,0.0,0.0,0.0,0.000,2.8211,1.0917,0.5578,442.47,4.1992,-0.2020,23.64,0.0000,0.00,0,0,0,442.39,0,0.000,0.0000
2026-08-14T01:04:41.691690,631.01,DONE,1.7302,-0.6351,-167.85,0.0000,0.0000,7.5245,0,0.0,0.0,0.0,0.0,0.000,2.8211,1.0917,0.5578,443.47,4.1992,-0.2020,23.64,0.0000,0.00,0,0,0,443.39,0,0.000,0.0000
2026-08-14T01:04:42.691733,632.01,DONE,1.7302,-0.6351,-167.85,0.0000,0.0000,7.5245,0,0.0,0.0,0.0,0.0,0.000,2.8211,1.0917,0.5578,444.47,4.1992,-0.2020,23.64,0.0000,0.00,0,0,0,444.39,0,0.000,0.0000
2026-08-14T01:04:43.691537,633.01,DONE,1.7302,-0.6351,-167.85,0.0000,0.0000,7.5245,0,0.0,0.0,0.0,0.0,0.000,2.8211,1.0917,0.5578,445.47,4.1992,-0.2020,23.64,0.0000,0.00,0,0,0,445.39,0,0.000,0.0000
2026-08-14T01:04:44.691597,634.01,DONE,1.7302,-0.6351,-167.85,0.0000,0.0000,7.5245,0,0.0,0.0,0.0,0.0,0.000,2.8211,1.0917,0.5578,446.47,4.1992,-0.2020,23.64,0.0000,0.00,0,0,0,446.39,0,0.000,0.0000
2026-08-14T01:04:45.691578,635.01,DONE,1.7302,-0.6351,-167.85,0.0000,0.0000,7.5245,0,0.0,0.0,0.0,0.0,0.000,2.8211,1.0917,0.5578,447.47,4.1992,-0.2020,23.64,0.0000,0.00,0,0,0,447.39,0,0.000,0.0000
2026-08-14T01:04:46.691657,636.01,DONE,1.7302,-0.6351,-167.85,0.0000,0.0000,7.5245,0,0.0,0.0,0.0,0.0,0.000,2.8211,1.0917,0.5578,448.47,4.1992,-0.2020,23.64,0.0000,0.00,0,0,0,448.39,0,0.000,0.0000
2026-08-14T01:04:47.691637,637.01,DONE,1.7302,-0.6351,-167.85,0.0000,0.0000,7.5245,0,0.0,0.0,0.0,0.0,0.000,2.8211,1.0917,0.5578,449.47,4.1992,-0.2020,23.64,0.0000,0.00,0,0,0,449.39,0,0.000,0.0000
2026-08-14T01:04:48.692097,638.01,DONE,1.7302,-0.6351,-167.85,0.0000,0.0000,7.5245,0,0.0,0.0,0.0,0.0,0.000,2.8211,1.0917,0.5578,450.47,4.1992,-0.2020,23.64,0.0000,0.00,0,0,0,450.39,0,0.000,0.0000
2026-08-14T01:04:49.691634,639.01,DONE,1.7302,-0.6351,-167.85,0.0000,0.0000,7.5245,0,0.0,0.0,0.0,0.0,0.000,2.8211,1.0917,0.5578,451.47,4.1992,-0.2020,23.64,0.0000,0.00,0,0,0,451.39,0,0.000,0.0000
2026-08-14T01:04:50.691911,640.01,DONE,1.7302,-0.6351,-167.85,0.0000,0.0000,7.5245,0,0.0,0.0,0.0,0.0,0.000,2.8211,1.0917,0.5578,452.47,4.1992,-0.2020,23.64,0.0000,0.00,0,0,0,452.39,0,0.000,0.0000
2026-08-14T01:04:51.691701,641.01,DONE,1.7302,-0.6351,-167.85,0.0000,0.0000,7.5245,0,0.0,0.0,0.0,0.0,0.000,2.8211,1.0917,0.5578,453.47,4.1992,-0.2020,23.64,0.0000,0.00,0,0,0,453.39,0,0.000,0.0000
2026-08-14T01:04:52.691524,642.01,DONE,1.7302,-0.6351,-167.85,0.0000,0.0000,7.5245,0,0.0,0.0,0.0,0.0,0.000,2.8211,1.0917,0.5578,454.47,4.1992,-0.2020,23.64,0.0000,0.00,0,0,0,454.39,0,0.000,0.0000
2026-08-14T01:04:53.691478,643.01,DONE,1.7302,-0.6351,-167.85,0.0000,0.0000,7.5245,0,0.0,0.0,0.0,0.0,0.000,2.8211,1.0917,0.5578,455.47,4.1992,-0.2020,23.64,0.0000,0.00,0,0,0,455.39,0,0.000,0.0000
2026-08-14T01:04:54.691751,644.01,DONE,1.7302,-0.6351,-167.85,0.0000,0.0000,7.5245,0,0.0,0.0,0.0,0.0,0.000,2.8211,1.0917,0.5578,456.47,4.1992,-0.2020,23.64,0.0000,0.00,0,0,0,456.39,0,0.000,0.0000
2026-08-14T01:04:55.691697,645.01,DONE,1.7302,-0.6351,-167.85,0.0000,0.0000,7.5245,0,0.0,0.0,0.0,0.0,0.000,2.8211,1.0917,0.5578,457.47,4.1992,-0.2020,23.64,0.0000,0.00,0,0,0,457.39,0,0.000,0.0000
2026-08-14T01:04:56.691604,646.01,DONE,1.7302,-0.6351,-167.85,0.0000,0.0000,7.5245,0,0.0,0.0,0.0,0.0,0.000,2.8211,1.0917,0.5578,458.47,4.1992,-0.2020,23.64,0.0000,0.00,0,0,0,458.39,0,0.000,0.0000
2026-08-14T01:04:57.691558,647.01,DONE,1.7302,-0.6351,-167.85,0.0000,0.0000,7.5245,0,0.0,0.0,0.0,0.0,0.000,2.8211,1.0917,0.5578,459.47,4.1992,-0.2020,23.64,0.0000,0.00,0,0,0,459.39,0,0.000,0.0000
2026-08-14T01:04:58.691497,648.01,DONE,1.7302,-0.6351,-167.85,0.0000,0.0000,7.5245,0,0.0,0.0,0.0,0.0,0.000,2.8211,1.0917,0.5578,460.47,4.1992,-0.2020,23.64,0.0000,0.00,0,0,0,460.39,0,0.000,0.0000
2026-08-14T01:04:59.691692,649.01,DONE,1.7302,-0.6351,-167.85,0.0000,0.0000,7.5245,0,0.0,0.0,0.0,0.0,0.000,2.8211,1.0917,0.5578,461.47,4.1992,-0.2020,23.64,0.0000,0.00,0,0,0,461.39,0,0.000,0.0000
2026-08-14T01:05:00.691750,650.01,DONE,1.7302,-0.6351,-167.85,0.0000,0.0000,7.5245,0,0.0,0.0,0.0,0.0,0.000,2.8211,1.0917,0.5578,462.47,4.1992,-0.2020,23.64,0.0000,0.00,0,0,0,462.39,0,0.000,0.0000
2026-08-14T01:05:01.691623,651.01,DONE,1.7302,-0.6351,-167.85,0.0000,0.0000,7.5245,0,0.0,0.0,0.0,0.0,0.000,2.8211,1.0917,0.5578,463.47,4.1992,-0.2020,23.64,0.0000,0.00,0,0,0,463.39,0,0.000,0.0000
2026-08-14T01:05:02.691694,652.01,DONE,1.7302,-0.6351,-167.85,0.0000,0.0000,7.5245,0,0.0,0.0,0.0,0.0,0.000,2.8211,1.0917,0.5578,464.47,4.1992,-0.2020,23.64,0.0000,0.00,0,0,0,464.39,0,0.000,0.0000
2026-08-14T01:05:03.691552,653.01,DONE,1.7302,-0.6351,-167.85,0.0000,0.0000,7.5245,0,0.0,0.0,0.0,0.0,0.000,2.8211,1.0917,0.5578,465.47,4.1992,-0.2020,23.64,0.0000,0.00,0,0,0,465.39,0,0.000,0.0000
2026-08-14T01:05:04.691645,654.01,DONE,1.7302,-0.6351,-167.85,0.0000,0.0000,7.5245,0,0.0,0.0,0.0,0.0,0.000,2.8211,1.0917,0.5578,466.47,4.1992,-0.2020,23.64,0.0000,0.00,0,0,0,466.39,0,0.000,0.0000
2026-08-14T01:05:05.691677,655.01,DONE,1.7302,-0.6351,-167.85,0.0000,0.0000,7.5245,0,0.0,0.0,0.0,0.0,0.000,2.8211,1.0917,0.5578,467.47,4.1992,-0.2020,23.64,0.0000,0.00,0,0,0,467.39,0,0.000,0.0000
2026-08-14T01:05:06.691586,656.01,DONE,1.7302,-0.6351,-167.85,0.0000,0.0000,7.5245,0,0.0,0.0,0.0,0.0,0.000,2.8211,1.0917,0.5578,468.47,4.1992,-0.2020,23.64,0.0000,0.00,0,0,0,468.39,0,0.000,0.0000
2026-08-14T01:05:07.691639,657.01,DONE,1.7302,-0.6351,-167.85,0.0000,0.0000,7.5245,0,0.0,0.0,0.0,0.0,0.000,2.8211,1.0917,0.5578,469.47,4.1992,-0.2020,23.64,0.0000,0.00,0,0,0,469.39,0,0.000,0.0000
2026-08-14T01:05:08.691690,658.01,DONE,1.7302,-0.6351,-167.85,0.0000,0.0000,7.5245,0,0.0,0.0,0.0,0.0,0.000,2.8211,1.0917,0.5578,470.47,4.1992,-0.2020,23.64,0.0000,0.00,0,0,0,470.39,0,0.000,0.0000
2026-08-14T01:05:09.691888,659.01,DONE,1.7302,-0.6351,-167.85,0.0000,0.0000,7.5245,0,0.0,0.0,0.0,0.0,0.000,2.8211,1.0917,0.5578,471.47,4.1992,-0.2020,23.64,0.0000,0.00,0,0,0,471.39,0,0.000,0.0000
2026-08-14T01:05:10.691522,660.01,DONE,1.7302,-0.6351,-167.85,0.0000,0.0000,7.5245,0,0.0,0.0,0.0,0.0,0.000,2.8211,1.0917,0.5578,472.47,4.1992,-0.2020,23.64,0.0000,0.00,0,0,0,472.39,0,0.000,0.0000
2026-08-14T01:05:11.691590,661.01,DONE,1.7302,-0.6351,-167.85,0.0000,0.0000,7.5245,0,0.0,0.0,0.0,0.0,0.000,2.8211,1.0917,0.5578,473.47,4.1992,-0.2020,23.64,0.0000,0.00,0,0,0,473.39,0,0.000,0.0000
2026-08-14T01:05:12.691582,662.01,DONE,1.7302,-0.6351,-167.85,0.0000,0.0000,7.5245,0,0.0,0.0,0.0,0.0,0.000,2.8211,1.0917,0.5578,474.47,4.1992,-0.2020,23.64,0.0000,0.00,0,0,0,474.39,0,0.000,0.0000
2026-08-14T01:05:13.691617,663.01,DONE,1.7302,-0.6351,-167.85,0.0000,0.0000,7.5245,0,0.0,0.0,0.0,0.0,0.000,2.8211,1.0917,0.5578,475.47,4.1992,-0.2020,23.64,0.0000,0.00,0,0,0,475.39,0,0.000,0.0000
2026-08-14T01:05:14.691513,664.01,DONE,1.7302,-0.6351,-167.85,0.0000,0.0000,7.5245,0,0.0,0.0,0.0,0.0,0.000,2.8211,1.0917,0.5578,476.47,4.1992,-0.2020,23.64,0.0000,0.00,0,0,0,476.39,0,0.000,0.0000
2026-08-14T01:05:15.691607,665.01,DONE,1.7302,-0.6351,-167.85,0.0000,0.0000,7.5245,0,0.0,0.0,0.0,0.0,0.000,2.8211,1.0917,0.5578,477.47,4.1992,-0.2020,23.64,0.0000,0.00,0,0,0,477.39,0,0.000,0.0000
2026-08-14T01:05:16.691597,666.01,DONE,1.7302,-0.6351,-167.85,0.0000,0.0000,7.5245,0,0.0,0.0,0.0,0.0,0.000,2.8211,1.0917,0.5578,478.47,4.1992,-0.2020,23.64,0.0000,0.00,0,0,0,478.39,0,0.000,0.0000
2026-08-14T01:05:17.691590,667.01,DONE,1.7302,-0.6351,-167.85,0.0000,0.0000,7.5245,0,0.0,0.0,0.0,0.0,0.000,2.8211,1.0917,0.5578,479.47,4.1992,-0.2020,23.64,0.0000,0.00,0,0,0,479.39,0,0.000,0.0000
2026-08-14T01:05:18.691587,668.01,DONE,1.7302,-0.6351,-167.85,0.0000,0.0000,7.5245,0,0.0,0.0,0.0,0.0,0.000,2.8211,1.0917,0.5578,480.47,4.1992,-0.2020,23.64,0.0000,0.00,0,0,0,480.39,0,0.000,0.0000
2026-08-14T01:05:19.691705,669.01,DONE,1.7302,-0.6351,-167.85,0.0000,0.0000,7.5245,0,0.0,0.0,0.0,0.0,0.000,2.8211,1.0917,0.5578,481.47,4.1992,-0.2020,23.64,0.0000,0.00,0,0,0,481.39,0,0.000,0.0000
2026-08-14T01:05:20.691691,670.01,DONE,1.7302,-0.6351,-167.85,0.0000,0.0000,7.5245,0,0.0,0.0,0.0,0.0,0.000,2.8211,1.0917,0.5578,482.47,4.1992,-0.2020,23.64,0.0000,0.00,0,0,0,482.39,0,0.000,0.0000
2026-08-14T01:05:21.691636,671.01,DONE,1.7302,-0.6351,-167.85,0.0000,0.0000,7.5245,0,0.0,0.0,0.0,0.0,0.000,2.8211,1.0917,0.5578,483.47,4.1992,-0.2020,23.64,0.0000,0.00,0,0,0,483.39,0,0.000,0.0000
2026-08-14T01:05:22.691582,672.01,DONE,1.7302,-0.6351,-167.85,0.0000,0.0000,7.5245,0,0.0,0.0,0.0,0.0,0.000,2.8211,1.0917,0.5578,484.47,4.1992,-0.2020,23.64,0.0000,0.00,0,0,0,484.39,0,0.000,0.0000
2026-08-14T01:05:23.691615,673.01,DONE,1.7302,-0.6351,-167.85,0.0000,0.0000,7.5245,0,0.0,0.0,0.0,0.0,0.000,2.8211,1.0917,0.5578,485.47,4.1992,-0.2020,23.64,0.0000,0.00,0,0,0,485.39,0,0.000,0.0000
2026-08-14T01:05:24.691577,674.01,DONE,1.7302,-0.6351,-167.85,0.0000,0.0000,7.5245,0,0.0,0.0,0.0,0.0,0.000,2.8211,1.0917,0.5578,486.47,4.1992,-0.2020,23.64,0.0000,0.00,0,0,0,486.39,0,0.000,0.0000
2026-08-14T01:05:25.691610,675.01,DONE,1.7302,-0.6351,-167.85,0.0000,0.0000,7.5245,0,0.0,0.0,0.0,0.0,0.000,2.8211,1.0917,0.5578,487.47,4.1992,-0.2020,23.64,0.0000,0.00,0,0,0,487.39,0,0.000,0.0000
2026-08-14T01:05:26.691576,676.01,DONE,1.7302,-0.6351,-167.85,0.0000,0.0000,7.5245,0,0.0,0.0,0.0,0.0,0.000,2.8211,1.0917,0.5578,488.47,4.1992,-0.2020,23.64,0.0000,0.00,0,0,0,488.39,0,0.000,0.0000
2026-08-14T01:05:27.691625,677.01,DONE,1.7302,-0.6351,-167.85,0.0000,0.0000,7.5245,0,0.0,0.0,0.0,0.0,0.000,2.8211,1.0917,0.5578,489.47,4.1992,-0.2020,23.64,0.0000,0.00,0,0,0,489.39,0,0.000,0.0000
2026-08-14T01:05:28.691533,678.01,DONE,1.7302,-0.6351,-167.85,0.0000,0.0000,7.5245,0,0.0,0.0,0.0,0.0,0.000,2.8211,1.0917,0.5578,490.47,4.1992,-0.2020,23.64,0.0000,0.00,0,0,0,490.39,0,0.000,0.0000
2026-08-14T01:05:29.691579,679.01,DONE,1.7302,-0.6351,-167.85,0.0000,0.0000,7.5245,0,0.0,0.0,0.0,0.0,0.000,2.8211,1.0917,0.5578,491.47,4.1992,-0.2020,23.64,0.0000,0.00,0,0,0,491.39,0,0.000,0.0000
2026-08-14T01:05:30.691542,680.01,DONE,1.7302,-0.6351,-167.85,0.0000,0.0000,7.5245,0,0.0,0.0,0.0,0.0,0.000,2.8211,1.0917,0.5578,492.47,4.1992,-0.2020,23.64,0.0000,0.00,0,0,0,492.39,0,0.000,0.0000
2026-08-14T01:05:31.691570,681.01,DONE,1.7302,-0.6351,-167.85,0.0000,0.0000,7.5245,0,0.0,0.0,0.0,0.0,0.000,2.8211,1.0917,0.5578,493.47,4.1992,-0.2020,23.64,0.0000,0.00,0,0,0,493.39,0,0.000,0.0000
2026-08-14T01:05:32.691515,682.01,DONE,1.7302,-0.6351,-167.85,0.0000,0.0000,7.5245,0,0.0,0.0,0.0,0.0,0.000,2.8211,1.0917,0.5578,494.47,4.1992,-0.2020,23.64,0.0000,0.00,0,0,0,494.39,0,0.000,0.0000
2026-08-14T01:05:33.691553,683.01,DONE,1.7302,-0.6351,-167.85,0.0000,0.0000,7.5245,0,0.0,0.0,0.0,0.0,0.000,2.8211,1.0917,0.5578,495.47,4.1992,-0.2020,23.64,0.0000,0.00,0,0,0,495.39,0,0.000,0.0000
2026-08-14T01:05:34.691696,684.01,DONE,1.7302,-0.6351,-167.85,0.0000,0.0000,7.5245,0,0.0,0.0,0.0,0.0,0.000,2.8211,1.0917,0.5578,496.47,4.1992,-0.2020,23.64,0.0000,0.00,0,0,0,496.39,0,0.000,0.0000
2026-08-14T01:05:35.691742,685.01,DONE,1.7302,-0.6351,-167.85,0.0000,0.0000,7.5245,0,0.0,0.0,0.0,0.0,0.000,2.8211,1.0917,0.5578,497.47,4.1992,-0.2020,23.64,0.0000,0.00,0,0,0,497.39,0,0.000,0.0000
2026-08-14T01:05:36.691662,686.01,DONE,1.7302,-0.6351,-167.85,0.0000,0.0000,7.5245,0,0.0,0.0,0.0,0.0,0.000,2.8211,1.0917,0.5578,498.47,4.1992,-0.2020,23.64,0.0000,0.00,0,0,0,498.39,0,0.000,0.0000
2026-08-14T01:05:37.691546,687.01,DONE,1.7302,-0.6351,-167.85,0.0000,0.0000,7.5245,0,0.0,0.0,0.0,0.0,0.000,2.8211,1.0917,0.5578,499.47,4.1992,-0.2020,23.64,0.0000,0.00,0,0,0,499.39,0,0.000,0.0000
2026-08-14T01:05:38.691581,688.01,DONE,1.7302,-0.6351,-167.85,0.0000,0.0000,7.5245,0,0.0,0.0,0.0,0.0,0.000,2.8211,1.0917,0.5578,500.47,4.1992,-0.2020,23.64,0.0000,0.00,0,0,0,500.39,0,0.000,0.0000
2026-08-14T01:05:39.691598,689.01,DONE,1.7302,-0.6351,-167.85,0.0000,0.0000,7.5245,0,0.0,0.0,0.0,0.0,0.000,2.8211,1.0917,0.5578,501.47,4.1992,-0.2020,23.64,0.0000,0.00,0,0,0,501.39,0,0.000,0.0000
2026-08-14T01:05:40.691629,690.01,DONE,1.7302,-0.6351,-167.85,0.0000,0.0000,7.5245,0,0.0,0.0,0.0,0.0,0.000,2.8211,1.0917,0.5578,502.47,4.1992,-0.2020,23.64,0.0000,0.00,0,0,0,502.39,0,0.000,0.0000
2026-08-14T01:05:41.691566,691.01,DONE,1.7302,-0.6351,-167.85,0.0000,0.0000,7.5245,0,0.0,0.0,0.0,0.0,0.000,2.8211,1.0917,0.5578,503.47,4.1992,-0.2020,23.64,0.0000,0.00,0,0,0,503.39,0,0.000,0.0000
2026-08-14T01:05:42.691578,692.01,DONE,1.7302,-0.6351,-167.85,0.0000,0.0000,7.5245,0,0.0,0.0,0.0,0.0,0.000,2.8211,1.0917,0.5578,504.47,4.1992,-0.2020,23.64,0.0000,0.00,0,0,0,504.39,0,0.000,0.0000
2026-08-14T01:05:43.691786,693.01,DONE,1.7302,-0.6351,-167.85,0.0000,0.0000,7.5245,0,0.0,0.0,0.0,0.0,0.000,2.8211,1.0917,0.5578,505.47,4.1992,-0.2020,23.64,0.0000,0.00,0,0,0,505.39,0,0.000,0.0000
2026-08-14T01:05:44.691733,694.01,DONE,1.7302,-0.6351,-167.85,0.0000,0.0000,7.5245,0,0.0,0.0,0.0,0.0,0.000,2.8211,1.0917,0.5578,506.47,4.1992,-0.2020,23.64,0.0000,0.00,0,0,0,506.39,0,0.000,0.0000
2026-08-14T01:05:45.691545,695.01,DONE,1.7302,-0.6351,-167.85,0.0000,0.0000,7.5245,0,0.0,0.0,0.0,0.0,0.000,2.8211,1.0917,0.5578,507.47,4.1992,-0.2020,23.64,0.0000,0.00,0,0,0,507.39,0,0.000,0.0000
2026-08-14T01:05:46.691558,696.01,DONE,1.7302,-0.6351,-167.85,0.0000,0.0000,7.5245,0,0.0,0.0,0.0,0.0,0.000,2.8211,1.0917,0.5578,508.47,4.1992,-0.2020,23.64,0.0000,0.00,0,0,0,508.39,0,0.000,0.0000
2026-08-14T01:05:47.691622,697.01,DONE,1.7302,-0.6351,-167.85,0.0000,0.0000,7.5245,0,0.0,0.0,0.0,0.0,0.000,2.8211,1.0917,0.5578,509.47,4.1992,-0.2020,23.64,0.0000,0.00,0,0,0,509.39,0,0.000,0.0000
2026-08-14T01:05:48.691817,698.01,DONE,1.7302,-0.6351,-167.85,0.0000,0.0000,7.5245,0,0.0,0.0,0.0,0.0,0.000,2.8211,1.0917,0.5578,510.47,4.1992,-0.2020,23.64,0.0000,0.00,0,0,0,510.39,0,0.000,0.0000
2026-08-14T01:05:49.691538,699.01,DONE,1.7302,-0.6351,-167.85,0.0000,0.0000,7.5245,0,0.0,0.0,0.0,0.0,0.000,2.8211,1.0917,0.5578,511.47,4.1992,-0.2020,23.64,0.0000,0.00,0,0,0,511.39,0,0.000,0.0000
2026-08-14T01:05:50.691546,700.01,DONE,1.7302,-0.6351,-167.85,0.0000,0.0000,7.5245,0,0.0,0.0,0.0,0.0,0.000,2.8211,1.0917,0.5578,512.47,4.1992,-0.2020,23.64,0.0000,0.00,0,0,0,512.39,0,0.000,0.0000
2026-08-14T01:05:51.691510,701.01,DONE,1.7302,-0.6351,-167.85,0.0000,0.0000,7.5245,0,0.0,0.0,0.0,0.0,0.000,2.8211,1.0917,0.5578,513.47,4.1992,-0.2020,23.64,0.0000,0.00,0,0,0,513.39,0,0.000,0.0000
2026-08-14T01:05:52.691477,702.01,DONE,1.7302,-0.6351,-167.85,0.0000,0.0000,7.5245,0,0.0,0.0,0.0,0.0,0.000,2.8211,1.0917,0.5578,514.47,4.1992,-0.2020,23.64,0.0000,0.00,0,0,0,514.39,0,0.000,0.0000
2026-08-14T01:05:53.691594,703.01,DONE,1.7302,-0.6351,-167.85,0.0000,0.0000,7.5245,0,0.0,0.0,0.0,0.0,0.000,2.8211,1.0917,0.5578,515.47,4.1992,-0.2020,23.64,0.0000,0.00,0,0,0,515.39,0,0.000,0.0000
2026-08-14T01:05:54.691798,704.01,DONE,1.7302,-0.6351,-167.85,0.0000,0.0000,7.5245,0,0.0,0.0,0.0,0.0,0.000,2.8211,1.0917,0.5578,516.47,4.1992,-0.2020,23.64,0.0000,0.00,0,0,0,516.39,0,0.000,0.0000
2026-08-14T01:05:55.691741,705.01,DONE,1.7302,-0.6351,-167.85,0.0000,0.0000,7.5245,0,0.0,0.0,0.0,0.0,0.000,2.8211,1.0917,0.5578,517.47,4.1992,-0.2020,23.64,0.0000,0.00,0,0,0,517.39,0,0.000,0.0000
2026-08-14T01:05:56.691526,706.01,DONE,1.7302,-0.6351,-167.85,0.0000,0.0000,7.5245,0,0.0,0.0,0.0,0.0,0.000,2.8211,1.0917,0.5578,518.47,4.1992,-0.2020,23.64,0.0000,0.00,0,0,0,518.39,0,0.000,0.0000
2026-08-14T01:05:57.691616,707.01,DONE,1.7302,-0.6351,-167.85,0.0000,0.0000,7.5245,0,0.0,0.0,0.0,0.0,0.000,2.8211,1.0917,0.5578,519.47,4.1992,-0.2020,23.64,0.0000,0.00,0,0,0,519.39,0,0.000,0.0000
2026-08-14T01:05:58.691597,708.01,DONE,1.7302,-0.6351,-167.85,0.0000,0.0000,7.5245,0,0.0,0.0,0.0,0.0,0.000,2.8211,1.0917,0.5578,520.47,4.1992,-0.2020,23.64,0.0000,0.00,0,0,0,520.39,0,0.000,0.0000
2026-08-14T01:05:59.691550,709.01,DONE,1.7302,-0.6351,-167.85,0.0000,0.0000,7.5245,0,0.0,0.0,0.0,0.0,0.000,2.8211,1.0917,0.5578,521.47,4.1992,-0.2020,23.64,0.0000,0.00,0,0,0,521.39,0,0.000,0.0000
2026-08-14T01:06:00.691482,710.01,DONE,1.7302,-0.6351,-167.85,0.0000,0.0000,7.5245,0,0.0,0.0,0.0,0.0,0.000,2.8211,1.0917,0.5578,522.47,4.1992,-0.2020,23.64,0.0000,0.00,0,0,0,522.39,0,0.000,0.0000
2026-08-14T01:06:01.691659,711.01,DONE,1.7302,-0.6351,-167.85,0.0000,0.0000,7.5245,0,0.0,0.0,0.0,0.0,0.000,2.8211,1.0917,0.5578,523.47,4.1992,-0.2020,23.64,0.0000,0.00,0,0,0,523.39,0,0.000,0.0000
2026-08-14T01:06:02.691612,712.01,DONE,1.7302,-0.6351,-167.85,0.0000,0.0000,7.5245,0,0.0,0.0,0.0,0.0,0.000,2.8211,1.0917,0.5578,524.47,4.1992,-0.2020,23.64,0.0000,0.00,0,0,0,524.39,0,0.000,0.0000
2026-08-14T01:06:03.691614,713.01,DONE,1.7302,-0.6351,-167.85,0.0000,0.0000,7.5245,0,0.0,0.0,0.0,0.0,0.000,2.8211,1.0917,0.5578,525.47,4.1992,-0.2020,23.64,0.0000,0.00,0,0,0,525.39,0,0.000,0.0000
2026-08-14T01:06:04.691558,714.01,DONE,1.7302,-0.6351,-167.85,0.0000,0.0000,7.5245,0,0.0,0.0,0.0,0.0,0.000,2.8211,1.0917,0.5578,526.47,4.1992,-0.2020,23.64,0.0000,0.00,0,0,0,526.39,0,0.000,0.0000
2026-08-14T01:06:05.691639,715.01,DONE,1.7302,-0.6351,-167.85,0.0000,0.0000,7.5245,0,0.0,0.0,0.0,0.0,0.000,2.8211,1.0917,0.5578,527.47,4.1992,-0.2020,23.64,0.0000,0.00,0,0,0,527.39,0,0.000,0.0000
2026-08-14T01:06:06.691553,716.01,DONE,1.7302,-0.6351,-167.85,0.0000,0.0000,7.5245,0,0.0,0.0,0.0,0.0,0.000,2.8211,1.0917,0.5578,528.47,4.1992,-0.2020,23.64,0.0000,0.00,0,0,0,528.39,0,0.000,0.0000
2026-08-14T01:06:07.691594,717.01,DONE,1.7302,-0.6351,-167.85,0.0000,0.0000,7.5245,0,0.0,0.0,0.0,0.0,0.000,2.8211,1.0917,0.5578,529.47,4.1992,-0.2020,23.64,0.0000,0.00,0,0,0,529.39,0,0.000,0.0000
2026-08-14T01:06:08.691643,718.01,DONE,1.7302,-0.6351,-167.85,0.0000,0.0000,7.5245,0,0.0,0.0,0.0,0.0,0.000,2.8211,1.0917,0.5578,530.47,4.1992,-0.2020,23.64,0.0000,0.00,0,0,0,530.39,0,0.000,0.0000
2026-08-14T01:06:09.691578,719.01,DONE,1.7302,-0.6351,-167.85,0.0000,0.0000,7.5245,0,0.0,0.0,0.0,0.0,0.000,2.8211,1.0917,0.5578,531.47,4.1992,-0.2020,23.64,0.0000,0.00,0,0,0,531.39,0,0.000,0.0000
2026-08-14T01:06:10.691711,720.01,DONE,1.7302,-0.6351,-167.85,0.0000,0.0000,7.5245,0,0.0,0.0,0.0,0.0,0.000,2.8211,1.0917,0.5578,532.47,4.1992,-0.2020,23.64,0.0000,0.00,0,0,0,532.39,0,0.000,0.0000
2026-08-14T01:06:11.691539,721.01,DONE,1.7302,-0.6351,-167.85,0.0000,0.0000,7.5245,0,0.0,0.0,0.0,0.0,0.000,2.8211,1.0917,0.5578,533.47,4.1992,-0.2020,23.64,0.0000,0.00,0,0,0,533.39,0,0.000,0.0000
2026-08-14T01:06:12.691531,722.01,DONE,1.7302,-0.6351,-167.85,0.0000,0.0000,7.5245,0,0.0,0.0,0.0,0.0,0.000,2.8211,1.0917,0.5578,534.47,4.1992,-0.2020,23.64,0.0000,0.00,0,0,0,534.39,0,0.000,0.0000
2026-08-14T01:06:13.691513,723.01,DONE,1.7302,-0.6351,-167.85,0.0000,0.0000,7.5245,0,0.0,0.0,0.0,0.0,0.000,2.8211,1.0917,0.5578,535.47,4.1992,-0.2020,23.64,0.0000,0.00,0,0,0,535.39,0,0.000,0.0000
2026-08-14T01:06:14.691594,724.01,DONE,1.7302,-0.6351,-167.85,0.0000,0.0000,7.5245,0,0.0,0.0,0.0,0.0,0.000,2.8211,1.0917,0.5578,536.47,4.1992,-0.2020,23.64,0.0000,0.00,0,0,0,536.39,0,0.000,0.0000
2026-08-14T01:06:15.691641,725.01,DONE,1.7302,-0.6351,-167.85,0.0000,0.0000,7.5245,0,0.0,0.0,0.0,0.0,0.000,2.8211,1.0917,0.5578,537.47,4.1992,-0.2020,23.64,0.0000,0.00,0,0,0,537.39,0,0.000,0.0000
2026-08-14T01:06:16.691558,726.01,DONE,1.7302,-0.6351,-167.85,0.0000,0.0000,7.5245,0,0.0,0.0,0.0,0.0,0.000,2.8211,1.0917,0.5578,538.47,4.1992,-0.2020,23.64,0.0000,0.00,0,0,0,538.39,0,0.000,0.0000
2026-08-14T01:06:17.691584,727.01,DONE,1.7302,-0.6351,-167.85,0.0000,0.0000,7.5245,0,0.0,0.0,0.0,0.0,0.000,2.8211,1.0917,0.5578,539.47,4.1992,-0.2020,23.64,0.0000,0.00,0,0,0,539.39,0,0.000,0.0000
2026-08-14T01:06:18.691590,728.01,DONE,1.7302,-0.6351,-167.85,0.0000,0.0000,7.5245,0,0.0,0.0,0.0,0.0,0.000,2.8211,1.0917,0.5578,540.47,4.1992,-0.2020,23.64,0.0000,0.00,0,0,0,540.39,0,0.000,0.0000
2026-08-14T01:06:19.691630,729.01,DONE,1.7302,-0.6351,-167.85,0.0000,0.0000,7.5245,0,0.0,0.0,0.0,0.0,0.000,2.8211,1.0917,0.5578,541.47,4.1992,-0.2020,23.64,0.0000,0.00,0,0,0,541.39,0,0.000,0.0000
2026-08-14T01:06:20.691613,730.01,DONE,1.7302,-0.6351,-167.85,0.0000,0.0000,7.5245,0,0.0,0.0,0.0,0.0,0.000,2.8211,1.0917,0.5578,542.47,4.1992,-0.2020,23.64,0.0000,0.00,0,0,0,542.39,0,0.000,0.0000
2026-08-14T01:06:21.691566,731.01,DONE,1.7302,-0.6351,-167.85,0.0000,0.0000,7.5245,0,0.0,0.0,0.0,0.0,0.000,2.8211,1.0917,0.5578,543.47,4.1992,-0.2020,23.64,0.0000,0.00,0,0,0,543.39,0,0.000,0.0000
2026-08-14T01:06:22.691511,732.01,DONE,1.7302,-0.6351,-167.85,0.0000,0.0000,7.5245,0,0.0,0.0,0.0,0.0,0.000,2.8211,1.0917,0.5578,544.47,4.1992,-0.2020,23.64,0.0000,0.00,0,0,0,544.39,0,0.000,0.0000
2026-08-14T01:06:23.691592,733.01,DONE,1.7302,-0.6351,-167.85,0.0000,0.0000,7.5245,0,0.0,0.0,0.0,0.0,0.000,2.8211,1.0917,0.5578,545.47,4.1992,-0.2020,23.64,0.0000,0.00,0,0,0,545.39,0,0.000,0.0000
2026-08-14T01:06:24.691586,734.01,DONE,1.7302,-0.6351,-167.85,0.0000,0.0000,7.5245,0,0.0,0.0,0.0,0.0,0.000,2.8211,1.0917,0.5578,546.47,4.1992,-0.2020,23.64,0.0000,0.00,0,0,0,546.39,0,0.000,0.0000
2026-08-14T01:06:25.691582,735.01,DONE,1.7302,-0.6351,-167.85,0.0000,0.0000,7.5245,0,0.0,0.0,0.0,0.0,0.000,2.8211,1.0917,0.5578,547.47,4.1992,-0.2020,23.64,0.0000,0.00,0,0,0,547.39,0,0.000,0.0000
2026-08-14T01:06:26.691585,736.01,DONE,1.7302,-0.6351,-167.85,0.0000,0.0000,7.5245,0,0.0,0.0,0.0,0.0,0.000,2.8211,1.0917,0.5578,548.47,4.1992,-0.2020,23.64,0.0000,0.00,0,0,0,548.39,0,0.000,0.0000
2026-08-14T01:06:27.691756,737.01,DONE,1.7302,-0.6351,-167.85,0.0000,0.0000,7.5245,0,0.0,0.0,0.0,0.0,0.000,2.8211,1.0917,0.5578,549.47,4.1992,-0.2020,23.64,0.0000,0.00,0,0,0,549.39,0,0.000,0.0000
2026-08-14T01:06:28.691658,738.01,DONE,1.7302,-0.6351,-167.85,0.0000,0.0000,7.5245,0,0.0,0.0,0.0,0.0,0.000,2.8211,1.0917,0.5578,550.47,4.1992,-0.2020,23.64,0.0000,0.00,0,0,0,550.39,0,0.000,0.0000
2026-08-14T01:06:29.691547,739.01,DONE,1.7302,-0.6351,-167.85,0.0000,0.0000,7.5245,0,0.0,0.0,0.0,0.0,0.000,2.8211,1.0917,0.5578,551.47,4.1992,-0.2020,23.64,0.0000,0.00,0,0,0,551.39,0,0.000,0.0000
2026-08-14T01:06:30.691543,740.01,DONE,1.7302,-0.6351,-167.85,0.0000,0.0000,7.5245,0,0.0,0.0,0.0,0.0,0.000,2.8211,1.0917,0.5578,552.47,4.1992,-0.2020,23.64,0.0000,0.00,0,0,0,552.39,0,0.000,0.0000
2026-08-14T01:06:31.691572,741.01,DONE,1.7302,-0.6351,-167.85,0.0000,0.0000,7.5245,0,0.0,0.0,0.0,0.0,0.000,2.8211,1.0917,0.5578,553.47,4.1992,-0.2020,23.64,0.0000,0.00,0,0,0,553.39,0,0.000,0.0000
2026-08-14T01:06:32.691599,742.01,DONE,1.7302,-0.6351,-167.85,0.0000,0.0000,7.5245,0,0.0,0.0,0.0,0.0,0.000,2.8211,1.0917,0.5578,554.47,4.1992,-0.2020,23.64,0.0000,0.00,0,0,0,554.39,0,0.000,0.0000
2026-08-14T01:06:33.691563,743.01,DONE,1.7302,-0.6351,-167.85,0.0000,0.0000,7.5245,0,0.0,0.0,0.0,0.0,0.000,2.8211,1.0917,0.5578,555.47,4.1992,-0.2020,23.64,0.0000,0.00,0,0,0,555.39,0,0.000,0.0000
2026-08-14T01:06:34.691519,744.01,DONE,1.7302,-0.6351,-167.85,0.0000,0.0000,7.5245,0,0.0,0.0,0.0,0.0,0.000,2.8211,1.0917,0.5578,556.47,4.1992,-0.2020,23.64,0.0000,0.00,0,0,0,556.39,0,0.000,0.0000
2026-08-14T01:06:35.691645,745.01,DONE,1.7302,-0.6351,-167.85,0.0000,0.0000,7.5245,0,0.0,0.0,0.0,0.0,0.000,2.8211,1.0917,0.5578,557.47,4.1992,-0.2020,23.64,0.0000,0.00,0,0,0,557.39,0,0.000,0.0000
2026-08-14T01:06:36.691737,746.01,DONE,1.7302,-0.6351,-167.85,0.0000,0.0000,7.5245,0,0.0,0.0,0.0,0.0,0.000,2.8211,1.0917,0.5578,558.47,4.1992,-0.2020,23.64,0.0000,0.00,0,0,0,558.39,0,0.000,0.0000
2026-08-14T01:06:37.691528,747.01,DONE,1.7302,-0.6351,-167.85,0.0000,0.0000,7.5245,0,0.0,0.0,0.0,0.0,0.000,2.8211,1.0917,0.5578,559.47,4.1992,-0.2020,23.64,0.0000,0.00,0,0,0,559.39,0,0.000,0.0000
2026-08-14T01:06:38.691538,748.01,DONE,1.7302,-0.6351,-167.85,0.0000,0.0000,7.5245,0,0.0,0.0,0.0,0.0,0.000,2.8211,1.0917,0.5578,560.47,4.1992,-0.2020,23.64,0.0000,0.00,0,0,0,560.39,0,0.000,0.0000
2026-08-14T01:06:39.691550,749.01,DONE,1.7302,-0.6351,-167.85,0.0000,0.0000,7.5245,0,0.0,0.0,0.0,0.0,0.000,2.8211,1.0917,0.5578,561.47,4.1992,-0.2020,23.64,0.0000,0.00,0,0,0,561.39,0,0.000,0.0000
2026-08-14T01:06:40.691595,750.01,DONE,1.7302,-0.6351,-167.85,0.0000,0.0000,7.5245,0,0.0,0.0,0.0,0.0,0.000,2.8211,1.0917,0.5578,562.47,4.1992,-0.2020,23.64,0.0000,0.00,0,0,0,562.39,0,0.000,0.0000
2026-08-14T01:06:41.691560,751.01,DONE,1.7302,-0.6351,-167.85,0.0000,0.0000,7.5245,0,0.0,0.0,0.0,0.0,0.000,2.8211,1.0917,0.5578,563.47,4.1992,-0.2020,23.64,0.0000,0.00,0,0,0,563.39,0,0.000,0.0000
2026-08-14T01:06:42.691516,752.01,DONE,1.7302,-0.6351,-167.85,0.0000,0.0000,7.5245,0,0.0,0.0,0.0,0.0,0.000,2.8211,1.0917,0.5578,564.47,4.1992,-0.2020,23.64,0.0000,0.00,0,0,0,564.39,0,0.000,0.0000
2026-08-14T01:06:43.691750,753.01,DONE,1.7302,-0.6351,-167.85,0.0000,0.0000,7.5245,0,0.0,0.0,0.0,0.0,0.000,2.8211,1.0917,0.5578,565.47,4.1992,-0.2020,23.64,0.0000,0.00,0,0,0,565.39,0,0.000,0.0000
2026-08-14T01:06:44.691518,754.01,DONE,1.7302,-0.6351,-167.85,0.0000,0.0000,7.5245,0,0.0,0.0,0.0,0.0,0.000,2.8211,1.0917,0.5578,566.47,4.1992,-0.2020,23.64,0.0000,0.00,0,0,0,566.39,0,0.000,0.0000
2026-08-14T01:06:45.691506,755.01,DONE,1.7302,-0.6351,-167.85,0.0000,0.0000,7.5245,0,0.0,0.0,0.0,0.0,0.000,2.8211,1.0917,0.5578,567.47,4.1992,-0.2020,23.64,0.0000,0.00,0,0,0,567.39,0,0.000,0.0000
2026-08-14T01:06:46.691578,756.01,DONE,1.7302,-0.6351,-167.85,0.0000,0.0000,7.5245,0,0.0,0.0,0.0,0.0,0.000,2.8211,1.0917,0.5578,568.47,4.1992,-0.2020,23.64,0.0000,0.00,0,0,0,568.39,0,0.000,0.0000
2026-08-14T01:06:47.691635,757.01,DONE,1.7302,-0.6351,-167.85,0.0000,0.0000,7.5245,0,0.0,0.0,0.0,0.0,0.000,2.8211,1.0917,0.5578,569.47,4.1992,-0.2020,23.64,0.0000,0.00,0,0,0,569.39,0,0.000,0.0000
2026-08-14T01:06:48.691549,758.01,DONE,1.7302,-0.6351,-167.85,0.0000,0.0000,7.5245,0,0.0,0.0,0.0,0.0,0.000,2.8211,1.0917,0.5578,570.47,4.1992,-0.2020,23.64,0.0000,0.00,0,0,0,570.39,0,0.000,0.0000
2026-08-14T01:06:49.691541,759.01,DONE,1.7302,-0.6351,-167.85,0.0000,0.0000,7.5245,0,0.0,0.0,0.0,0.0,0.000,2.8211,1.0917,0.5578,571.47,4.1992,-0.2020,23.64,0.0000,0.00,0,0,0,571.39,0,0.000,0.0000
2026-08-14T01:06:50.691675,760.01,DONE,1.7302,-0.6351,-167.85,0.0000,0.0000,7.5245,0,0.0,0.0,0.0,0.0,0.000,2.8211,1.0917,0.5578,572.47,4.1992,-0.2020,23.64,0.0000,0.00,0,0,0,572.39,0,0.000,0.0000
2026-08-14T01:06:51.691692,761.01,DONE,1.7302,-0.6351,-167.85,0.0000,0.0000,7.5245,0,0.0,0.0,0.0,0.0,0.000,2.8211,1.0917,0.5578,573.47,4.1992,-0.2020,23.64,0.0000,0.00,0,0,0,573.39,0,0.000,0.0000
2026-08-14T01:06:52.691601,762.01,DONE,1.7302,-0.6351,-167.85,0.0000,0.0000,7.5245,0,0.0,0.0,0.0,0.0,0.000,2.8211,1.0917,0.5578,574.47,4.1992,-0.2020,23.64,0.0000,0.00,0,0,0,574.39,0,0.000,0.0000
2026-08-14T01:06:53.691610,763.01,DONE,1.7302,-0.6351,-167.85,0.0000,0.0000,7.5245,0,0.0,0.0,0.0,0.0,0.000,2.8211,1.0917,0.5578,575.47,4.1992,-0.2020,23.64,0.0000,0.00,0,0,0,575.39,0,0.000,0.0000
2026-08-14T01:06:54.691550,764.01,DONE,1.7302,-0.6351,-167.85,0.0000,0.0000,7.5245,0,0.0,0.0,0.0,0.0,0.000,2.8211,1.0917,0.5578,576.47,4.1992,-0.2020,23.64,0.0000,0.00,0,0,0,576.39,0,0.000,0.0000
2026-08-14T01:06:55.691594,765.01,DONE,1.7302,-0.6351,-167.85,0.0000,0.0000,7.5245,0,0.0,0.0,0.0,0.0,0.000,2.8211,1.0917,0.5578,577.47,4.1992,-0.2020,23.64,0.0000,0.00,0,0,0,577.39,0,0.000,0.0000
2026-08-14T01:06:56.691614,766.01,DONE,1.7302,-0.6351,-167.85,0.0000,0.0000,7.5245,0,0.0,0.0,0.0,0.0,0.000,2.8211,1.0917,0.5578,578.47,4.1992,-0.2020,23.64,0.0000,0.00,0,0,0,578.39,0,0.000,0.0000
2026-08-14T01:06:57.691549,767.01,DONE,1.7302,-0.6351,-167.85,0.0000,0.0000,7.5245,0,0.0,0.0,0.0,0.0,0.000,2.8211,1.0917,0.5578,579.47,4.1992,-0.2020,23.64,0.0000,0.00,0,0,0,579.39,0,0.000,0.0000
2026-08-14T01:06:58.691589,768.01,DONE,1.7302,-0.6351,-167.85,0.0000,0.0000,7.5245,0,0.0,0.0,0.0,0.0,0.000,2.8211,1.0917,0.5578,580.47,4.1992,-0.2020,23.64,0.0000,0.00,0,0,0,580.39,0,0.000,0.0000
2026-08-14T01:06:59.691504,769.01,DONE,1.7302,-0.6351,-167.85,0.0000,0.0000,7.5245,0,0.0,0.0,0.0,0.0,0.000,2.8211,1.0917,0.5578,581.47,4.1992,-0.2020,23.64,0.0000,0.00,0,0,0,581.39,0,0.000,0.0000
2026-08-14T01:07:00.691782,770.01,DONE,1.7302,-0.6351,-167.85,0.0000,0.0000,7.5245,0,0.0,0.0,0.0,0.0,0.000,2.8211,1.0917,0.5578,582.47,4.1992,-0.2020,23.64,0.0000,0.00,0,0,0,582.39,0,0.000,0.0000
2026-08-14T01:07:01.691572,771.01,DONE,1.7302,-0.6351,-167.85,0.0000,0.0000,7.5245,0,0.0,0.0,0.0,0.0,0.000,2.8211,1.0917,0.5578,583.47,4.1992,-0.2020,23.64,0.0000,0.00,0,0,0,583.39,0,0.000,0.0000
2026-08-14T01:07:02.691573,772.01,DONE,1.7302,-0.6351,-167.85,0.0000,0.0000,7.5245,0,0.0,0.0,0.0,0.0,0.000,2.8211,1.0917,0.5578,584.47,4.1992,-0.2020,23.64,0.0000,0.00,0,0,0,584.39,0,0.000,0.0000
2026-08-14T01:07:03.691587,773.01,DONE,1.7302,-0.6351,-167.85,0.0000,0.0000,7.5245,0,0.0,0.0,0.0,0.0,0.000,2.8211,1.0917,0.5578,585.47,4.1992,-0.2020,23.64,0.0000,0.00,0,0,0,585.39,0,0.000,0.0000
2026-08-14T01:07:04.691597,774.01,DONE,1.7302,-0.6351,-167.85,0.0000,0.0000,7.5245,0,0.0,0.0,0.0,0.0,0.000,2.8211,1.0917,0.5578,586.47,4.1992,-0.2020,23.64,0.0000,0.00,0,0,0,586.39,0,0.000,0.0000
2026-08-14T01:07:05.691637,775.01,DONE,1.7302,-0.6351,-167.85,0.0000,0.0000,7.5245,0,0.0,0.0,0.0,0.0,0.000,2.8211,1.0917,0.5578,587.47,4.1992,-0.2020,23.64,0.0000,0.00,0,0,0,587.39,0,0.000,0.0000
2026-08-14T01:07:06.691908,776.01,DONE,1.7302,-0.6351,-167.85,0.0000,0.0000,7.5245,0,0.0,0.0,0.0,0.0,0.000,2.8211,1.0917,0.5578,588.47,4.1992,-0.2020,23.64,0.0000,0.00,0,0,0,588.39,0,0.000,0.0000
2026-08-14T01:07:07.691893,777.01,DONE,1.7302,-0.6351,-167.85,0.0000,0.0000,7.5245,0,0.0,0.0,0.0,0.0,0.000,2.8211,1.0917,0.5578,589.47,4.1992,-0.2020,23.64,0.0000,0.00,0,0,0,589.39,0,0.000,0.0000
2026-08-14T01:07:08.691696,778.01,DONE,1.7302,-0.6351,-167.85,0.0000,0.0000,7.5245,0,0.0,0.0,0.0,0.0,0.000,2.8211,1.0917,0.5578,590.47,4.1992,-0.2020,23.64,0.0000,0.00,0,0,0,590.39,0,0.000,0.0000
2026-08-14T01:07:09.691571,779.01,DONE,1.7302,-0.6351,-167.85,0.0000,0.0000,7.5245,0,0.0,0.0,0.0,0.0,0.000,2.8211,1.0917,0.5578,591.47,4.1992,-0.2020,23.64,0.0000,0.00,0,0,0,591.39,0,0.000,0.0000
2026-08-14T01:07:10.691668,780.01,DONE,1.7302,-0.6351,-167.85,0.0000,0.0000,7.5245,0,0.0,0.0,0.0,0.0,0.000,2.8211,1.0917,0.5578,592.47,4.1992,-0.2020,23.64,0.0000,0.00,0,0,0,592.39,0,0.000,0.0000
2026-08-14T01:07:11.691605,781.01,DONE,1.7302,-0.6351,-167.85,0.0000,0.0000,7.5245,0,0.0,0.0,0.0,0.0,0.000,2.8211,1.0917,0.5578,593.47,4.1992,-0.2020,23.64,0.0000,0.00,0,0,0,593.39,0,0.000,0.0000
2026-08-14T01:07:12.691755,782.01,DONE,1.7302,-0.6351,-167.85,0.0000,0.0000,7.5245,0,0.0,0.0,0.0,0.0,0.000,2.8211,1.0917,0.5578,594.47,4.1992,-0.2020,23.64,0.0000,0.00,0,0,0,594.39,0,0.000,0.0000
2026-08-14T01:07:13.691794,783.01,DONE,1.7302,-0.6351,-167.85,0.0000,0.0000,7.5245,0,0.0,0.0,0.0,0.0,0.000,2.8211,1.0917,0.5578,595.47,4.1992,-0.2020,23.64,0.0000,0.00,0,0,0,595.39,0,0.000,0.0000
2026-08-14T01:07:14.691560,784.01,DONE,1.7302,-0.6351,-167.85,0.0000,0.0000,7.5245,0,0.0,0.0,0.0,0.0,0.000,2.8211,1.0917,0.5578,596.47,4.1992,-0.2020,23.64,0.0000,0.00,0,0,0,596.39,0,0.000,0.0000
2026-08-14T01:07:15.691694,785.01,DONE,1.7302,-0.6351,-167.85,0.0000,0.0000,7.5245,0,0.0,0.0,0.0,0.0,0.000,2.8211,1.0917,0.5578,597.47,4.1992,-0.2020,23.64,0.0000,0.00,0,0,0,597.39,0,0.000,0.0000
2026-08-14T01:07:16.691649,786.01,DONE,1.7302,-0.6351,-167.85,0.0000,0.0000,7.5245,0,0.0,0.0,0.0,0.0,0.000,2.8211,1.0917,0.5578,598.47,4.1992,-0.2020,23.64,0.0000,0.00,0,0,0,598.39,0,0.000,0.0000
2026-08-14T01:07:17.691567,787.01,DONE,1.7302,-0.6351,-167.85,0.0000,0.0000,7.5245,0,0.0,0.0,0.0,0.0,0.000,2.8211,1.0917,0.5578,599.47,4.1992,-0.2020,23.64,0.0000,0.00,0,0,0,599.39,0,0.000,0.0000
2026-08-14T01:07:18.691557,788.01,DONE,1.7302,-0.6351,-167.85,0.0000,0.0000,7.5245,0,0.0,0.0,0.0,0.0,0.000,2.8211,1.0917,0.5578,600.47,4.1992,-0.2020,23.64,0.0000,0.00,0,0,0,600.39,0,0.000,0.0000
2026-08-14T01:07:19.691593,789.01,DONE,1.7302,-0.6351,-167.85,0.0000,0.0000,7.5245,0,0.0,0.0,0.0,0.0,0.000,2.8211,1.0917,0.5578,601.47,4.1992,-0.2020,23.64,0.0000,0.00,0,0,0,601.39,0,0.000,0.0000
2026-08-14T01:07:20.691583,790.01,DONE,1.7302,-0.6351,-167.85,0.0000,0.0000,7.5245,0,0.0,0.0,0.0,0.0,0.000,2.8211,1.0917,0.5578,602.47,4.1992,-0.2020,23.64,0.0000,0.00,0,0,0,602.39,0,0.000,0.0000
2026-08-14T01:07:21.691484,791.01,DONE,1.7302,-0.6351,-167.85,0.0000,0.0000,7.5245,0,0.0,0.0,0.0,0.0,0.000,2.8211,1.0917,0.5578,603.47,4.1992,-0.2020,23.64,0.0000,0.00,0,0,0,603.39,0,0.000,0.0000
2026-08-14T01:07:22.691801,792.01,DONE,1.7302,-0.6351,-167.85,0.0000,0.0000,7.5245,0,0.0,0.0,0.0,0.0,0.000,2.8211,1.0917,0.5578,604.47,4.1992,-0.2020,23.64,0.0000,0.00,0,0,0,604.39,0,0.000,0.0000
2026-08-14T01:07:23.691687,793.01,DONE,1.7302,-0.6351,-167.85,0.0000,0.0000,7.5245,0,0.0,0.0,0.0,0.0,0.000,2.8211,1.0917,0.5578,605.47,4.1992,-0.2020,23.64,0.0000,0.00,0,0,0,605.39,0,0.000,0.0000
2026-08-14T01:07:24.691844,794.01,DONE,1.7302,-0.6351,-167.85,0.0000,0.0000,7.5245,0,0.0,0.0,0.0,0.0,0.000,2.8211,1.0917,0.5578,606.47,4.1992,-0.2020,23.64,0.0000,0.00,0,0,0,606.39,0,0.000,0.0000
2026-08-14T01:07:25.691675,795.01,DONE,1.7302,-0.6351,-167.85,0.0000,0.0000,7.5245,0,0.0,0.0,0.0,0.0,0.000,2.8211,1.0917,0.5578,607.47,4.1992,-0.2020,23.64,0.0000,0.00,0,0,0,607.39,0,0.000,0.0000
2026-08-14T01:07:26.691593,796.01,DONE,1.7302,-0.6351,-167.85,0.0000,0.0000,7.5245,0,0.0,0.0,0.0,0.0,0.000,2.8211,1.0917,0.5578,608.47,4.1992,-0.2020,23.64,0.0000,0.00,0,0,0,608.39,0,0.000,0.0000
2026-08-14T01:07:27.691640,797.01,DONE,1.7302,-0.6351,-167.85,0.0000,0.0000,7.5245,0,0.0,0.0,0.0,0.0,0.000,2.8211,1.0917,0.5578,609.47,4.1992,-0.2020,23.64,0.0000,0.00,0,0,0,609.39,0,0.000,0.0000
2026-08-14T01:07:28.691543,798.01,DONE,1.7302,-0.6351,-167.85,0.0000,0.0000,7.5245,0,0.0,0.0,0.0,0.0,0.000,2.8211,1.0917,0.5578,610.47,4.1992,-0.2020,23.64,0.0000,0.00,0,0,0,610.39,0,0.000,0.0000
2026-08-14T01:07:29.691549,799.01,DONE,1.7302,-0.6351,-167.85,0.0000,0.0000,7.5245,0,0.0,0.0,0.0,0.0,0.000,2.8211,1.0917,0.5578,611.47,4.1992,-0.2020,23.64,0.0000,0.00,0,0,0,611.39,0,0.000,0.0000
2026-08-14T01:07:30.691679,800.01,DONE,1.7302,-0.6351,-167.85,0.0000,0.0000,7.5245,0,0.0,0.0,0.0,0.0,0.000,2.8211,1.0917,0.5578,612.47,4.1992,-0.2020,23.64,0.0000,0.00,0,0,0,612.39,0,0.000,0.0000
2026-08-14T01:07:31.691772,801.01,DONE,1.7302,-0.6351,-167.85,0.0000,0.0000,7.5245,0,0.0,0.0,0.0,0.0,0.000,2.8211,1.0917,0.5578,613.47,4.1992,-0.2020,23.64,0.0000,0.00,0,0,0,613.39,0,0.000,0.0000
2026-08-14T01:07:32.691626,802.01,DONE,1.7302,-0.6351,-167.85,0.0000,0.0000,7.5245,0,0.0,0.0,0.0,0.0,0.000,2.8211,1.0917,0.5578,614.47,4.1992,-0.2020,23.64,0.0000,0.00,0,0,0,614.39,0,0.000,0.0000
2026-08-14T01:07:33.691569,803.01,DONE,1.7302,-0.6351,-167.85,0.0000,0.0000,7.5245,0,0.0,0.0,0.0,0.0,0.000,2.8211,1.0917,0.5578,615.47,4.1992,-0.2020,23.64,0.0000,0.00,0,0,0,615.39,0,0.000,0.0000
2026-08-14T01:07:34.691641,804.01,DONE,1.7302,-0.6351,-167.85,0.0000,0.0000,7.5245,0,0.0,0.0,0.0,0.0,0.000,2.8211,1.0917,0.5578,616.47,4.1992,-0.2020,23.64,0.0000,0.00,0,0,0,616.39,0,0.000,0.0000
2026-08-14T01:07:35.691574,805.01,DONE,1.7302,-0.6351,-167.85,0.0000,0.0000,7.5245,0,0.0,0.0,0.0,0.0,0.000,2.8211,1.0917,0.5578,617.47,4.1992,-0.2020,23.64,0.0000,0.00,0,0,0,617.39,0,0.000,0.0000
