wall_time,sim_time_sec,mission_state,odom_x,odom_y,odom_yaw_deg,odom_vel_x,odom_vel_yaw,dist_from_start,gate_2d_detected,gate_2d_px_x,gate_2d_px_y,gate_2d_w_px,gate_2d_h_px,gate_2d_conf,gate_3d_x,gate_3d_y,gate_3d_z,gate_3d_age_sec,nav_gate_odom_x,nav_gate_odom_y,nav_approach_yaw_deg,nav_distance_m,nav_bearing_err_deg,nav_commit_ticks,nav_align_ticks,nav_yolo_fresh,nav_yolo_age_sec,nav_source,cmd_linear_x,cmd_angular_z
2026-08-24T00:03:04.869862,0.51,FORWARD,14.0000,4.0002,89.95,0.0200,0.0000,0.0002,,,,,,,,,,,,,,,,,,,,,,
2026-08-24T00:03:05.435822,1.08,FORWARD,14.0000,4.0442,89.95,0.1999,0.0000,0.0442,,,,,,,,,,,nan,nan,nan,3.4638,0.00,0,0,0,-1.00,0,0.200,0.0000
2026-08-24T00:03:06.435814,2.08,FORWARD,14.0001,4.1441,89.95,0.1999,0.0000,0.1441,,,,,,,,,,,nan,nan,nan,3.3639,0.00,0,0,0,-1.00,0,0.200,0.0000
2026-08-24T00:03:07.436028,3.08,FORWARD,14.0002,4.2561,89.95,0.1999,0.0000,0.2561,,,,,,,,,,,nan,nan,nan,3.2519,0.00,0,0,0,-1.00,0,0.200,0.0000
2026-08-24T00:03:08.435852,4.08,FORWARD,14.0003,4.3920,89.95,0.1999,0.0000,0.3920,,,,,,,,,,,nan,nan,nan,3.1160,0.00,0,0,0,-1.00,0,0.200,0.0000
2026-08-24T00:03:09.440656,5.08,FORWARD,14.0004,4.4439,89.95,0.1999,0.0000,0.4439,,,,,,,,,,,nan,nan,nan,3.0561,0.00,0,0,0,-1.00,0,0.200,0.0000
2026-08-24T00:03:10.435768,6.08,FORWARD,14.0004,4.5599,89.95,0.1999,0.0000,0.5599,,,,,,,,,,,nan,nan,nan,2.9521,0.00,0,0,0,-1.00,0,0.200,0.0000
2026-08-24T00:03:11.435724,7.08,FORWARD,14.0006,4.6958,89.95,0.1999,0.0000,0.6958,,,,,,,,,,,nan,nan,nan,2.8162,0.00,0,0,0,-1.00,0,0.200,0.0000
2026-08-24T00:03:12.436116,8.08,FORWARD,14.0007,4.8517,89.95,0.1999,0.0000,0.8517,,,,,,,,,,,nan,nan,nan,2.6643,0.00,0,0,0,-1.00,0,0.200,0.0000
2026-08-24T00:03:13.440908,9.08,FORWARD,14.0007,4.8957,89.95,0.1999,0.0000,0.8957,,,,,,,,,,,nan,nan,nan,2.6043,0.00,0,0,0,-1.00,0,0.200,0.0000
2026-08-24T00:03:14.435661,10.08,FORWARD,14.0008,4.9796,89.95,0.1999,0.0000,0.9796,,,,,,,,,,,nan,nan,nan,2.5324,0.00,0,0,0,-1.00,0,0.200,0.0000
2026-08-24T00:03:15.436916,11.08,FORWARD,14.0009,5.0756,89.95,0.1999,0.0000,1.0756,,,,,,,,,,,nan,nan,nan,2.4244,0.00,0,0,0,-1.00,0,0.200,0.0000
2026-08-24T00:03:16.435896,12.08,FORWARD,14.0009,5.1515,89.95,0.1999,0.0000,1.1515,,,,,,,,,,,nan,nan,nan,2.3605,0.00,0,0,0,-1.00,0,0.200,0.0000
2026-08-24T00:03:17.438016,13.08,FORWARD,14.0010,5.2395,89.95,0.1999,0.0000,1.2395,,,,,,,,,,,nan,nan,nan,2.2605,0.00,0,0,0,-1.00,0,0.200,0.0000
2026-08-24T00:03:18.262619,13.91,TRACK,14.0010,5.2715,89.95,0.1999,0.0000,1.2715,1,597.3,239.0,85.5,113.5,0.900,6.4874,-4.1514,0.0153,0.05,nan,nan,nan,2.2445,0.00,0,0,0,-1.00,0,0.200,0.0000
2026-08-24T00:03:18.435732,14.08,TRACK,14.0011,5.2790,89.18,0.1499,-0.2998,1.2790,1,598.9,239.5,82.1,115.6,0.906,5.8977,-3.7982,0.0080,0.05,17.8273,10.6669,nan,5.8977,-32.69,0,0,1,0.06,1,0.150,-0.3000
2026-08-24T00:03:19.437339,15.08,TRACK,14.0087,5.3595,79.91,0.1499,-0.2998,1.3596,1,557.3,241.5,164.9,112.9,0.856,6.6538,-3.7347,-0.0349,0.33,18.7016,10.8335,nan,6.6538,-29.30,0,0,1,0.25,1,0.150,-0.3000
2026-08-24T00:03:20.435684,16.08,TRACK,14.0186,5.4034,74.75,0.1499,-0.2998,1.4035,1,521.7,242.6,171.2,112.4,0.929,6.4874,-3.2034,-0.0433,0.10,18.5974,10.4276,nan,6.4874,-26.28,0,0,1,0.02,1,0.150,-0.3000
2026-08-24T00:03:21.437013,17.08,TRACK,14.0499,5.4876,64.45,0.1499,-0.2998,1.4884,1,419.7,242.4,153.8,107.9,0.874,6.4874,-1.6338,-0.0173,0.20,18.1108,10.1904,nan,6.4874,-14.14,0,0,1,0.12,1,0.150,-0.3000
2026-08-24T00:03:22.435653,18.08,TRACK,14.0622,5.5116,61.36,0.1499,-0.2998,1.5129,1,390.7,242.4,152.8,108.1,0.855,7.2083,-1.3400,-0.0266,0.02,18.5001,10.7576,nan,7.2083,-11.78,0,0,1,0.03,1,0.150,-0.3000
2026-08-24T00:03:23.437370,19.08,TRACK,14.1189,5.5999,55.03,0.1499,-0.0580,1.6043,1,335.3,241.5,151.4,108.8,0.859,6.4874,-0.2291,-0.0232,0.13,17.7544,10.3571,nan,6.4874,-2.02,0,0,1,0.06,1,0.150,-0.0530
2026-08-24T00:03:24.435640,20.08,TRACK,14.1310,5.6171,54.65,0.1499,-0.0449,1.6224,1,331.8,240.7,152.0,108.2,0.885,6.4874,-0.1768,-0.0101,0.05,17.7474,10.3720,nan,6.4874,-1.72,0,0,1,0.55,1,0.150,-0.0449
2026-08-24T00:03:25.436989,21.08,TRACK,14.1962,5.7068,53.63,0.1499,-0.0102,1.7181,1,322.4,242.5,156.7,115.1,0.843,6.4874,-0.0355,-0.0381,0.00,17.8012,10.4730,nan,6.4874,-0.39,0,0,1,0.03,1,0.150,-0.0102
2026-08-24T00:03:26.439743,22.08,TRACK,14.2051,5.7189,53.58,0.1499,-0.0078,1.7311,1,322.2,242.5,156.4,116.3,0.840,6.4874,-0.0334,-0.0382,0.31,17.8142,10.4931,nan,6.4874,-0.29,0,0,1,0.22,1,0.150,-0.0077
2026-08-24T00:03:27.435830,23.08,TRACK,14.2711,5.8081,53.42,0.1499,0.0000,1.8283,1,320.3,241.6,158.9,116.9,0.823,6.1785,-0.0060,-0.0239,0.12,17.6866,10.3373,nan,6.1785,-0.06,0,0,1,0.04,1,0.150,-0.0015
2026-08-24T00:03:28.437286,24.08,TRACK,14.2818,5.8225,53.41,0.1499,0.0000,1.8442,1,320.2,241.7,159.1,117.0,0.822,6.4874,-0.0034,-0.0252,0.40,17.8802,10.6007,nan,6.4874,-0.03,0,0,1,0.36,1,0.150,-0.0008
2026-08-24T00:03:29.435722,25.08,TRACK,14.3444,5.9068,53.37,0.1499,0.0000,1.9376,1,320.2,243.1,161.3,120.8,0.815,6.4874,-0.0026,-0.0422,0.02,17.5896,10.2051,nan,5.8977,-0.02,0,0,1,0.01,1,0.150,-0.0006
2026-08-24T00:03:30.437417,26.08,TRACK,14.3623,5.9308,53.36,0.1499,0.0000,1.9645,1,320.2,243.3,161.6,121.7,0.810,6.4874,-0.0036,-0.0497,0.06,17.9589,10.6991,nan,6.4874,-0.03,0,0,1,0.79,1,0.150,-0.0008
2026-08-24T00:03:31.435817,27.08,TRACK,14.4214,6.0102,53.37,0.1499,0.0000,2.0539,1,319.7,242.7,161.8,123.4,0.826,6.4874,0.0051,-0.0417,0.09,18.0135,10.7856,nan,6.4874,0.04,0,0,1,0.01,1,0.150,0.0012
2026-08-24T00:03:32.437479,28.08,TRACK,14.4446,6.0415,53.38,0.1499,0.0000,2.0894,1,319.8,242.1,161.9,122.8,0.847,5.9655,0.0024,-0.0284,0.08,17.7328,10.4073,nan,5.9655,0.02,0,0,1,0.01,1,0.150,0.0006
2026-08-24T00:03:33.435784,29.08,TRACK,14.5019,6.1185,53.40,0.1499,0.0000,2.1772,1,319.9,242.0,163.4,124.7,0.856,5.8977,0.0031,-0.0291,0.07,17.5845,10.2107,nan,5.6413,0.03,0,0,1,0.07,1,0.150,0.0008
2026-08-24T00:03:34.437728,30.08,TRACK,14.5269,6.1522,53.41,0.1499,0.0000,2.2158,1,319.9,241.9,165.2,125.9,0.849,6.1785,0.0024,-0.0265,0.72,17.9332,10.6808,nan,6.1785,0.02,0,0,1,0.65,1,0.150,0.0006
2026-08-24T00:03:35.435810,31.08,TRACK,14.5751,6.2173,53.45,0.1499,0.0000,2.2906,1,319.7,241.6,167.3,126.9,0.854,6.1785,0.0045,-0.0230,0.04,17.8895,10.6351,nan,6.0348,0.07,0,0,1,0.04,1,0.150,0.0017
2026-08-24T00:03:36.437542,32.08,TRACK,14.6073,6.2606,53.47,0.1499,0.0000,2.3408,1,319.8,241.6,168.6,127.2,0.857,5.7032,0.0044,-0.0203,0.41,17.7261,10.4144,nan,5.7032,0.04,0,0,1,0.33,1,0.150,0.0011
2026-08-24T00:03:37.435743,33.08,TRACK,14.6430,6.3088,53.49,0.1499,0.0000,2.3967,1,319.6,241.1,170.3,127.2,0.862,5.8977,0.0052,-0.0150,0.06,17.7175,10.4071,nan,5.6413,0.05,0,0,1,0.06,1,0.150,0.0014
2026-08-24T00:03:38.440286,34.08,TRACK,14.6768,6.3546,53.52,0.1499,0.0000,2.4500,1,319.8,240.8,171.6,127.5,0.862,5.8977,0.0035,-0.0118,0.45,17.9100,10.6695,nan,5.8977,0.03,0,0,1,0.36,1,0.150,0.0009
2026-08-24T00:03:39.435638,35.08,TRACK,14.7036,6.3908,53.54,0.1499,0.0000,2.4922,1,319.6,241.2,173.2,129.1,0.838,5.4062,0.0043,-0.0143,0.01,17.6342,10.2995,nan,5.4062,0.05,2,0,1,0.15,1,0.150,0.0012
2026-08-24T00:03:39.668013,35.31,ALIGN,14.7196,6.4125,53.55,0.1499,0.0000,2.5175,1,319.2,241.0,175.0,130.1,0.837,5.4062,0.0052,-0.0163,0.06,17.6504,10.3248,nan,5.4062,0.05,4,0,1,0.04,1,0.150,0.0014
2026-08-24T00:03:40.439334,36.08,ALIGN,14.7200,6.4130,53.55,0.0000,0.0000,2.5181,1,319.6,241.3,173.6,130.6,0.842,5.8977,0.0049,-0.0177,0.40,17.6555,10.3323,53.17,4.8967,-0.38,0,7,1,0.33,0,0.000,0.0000
2026-08-24T00:03:40.534899,36.18,CROSS,14.7200,6.4130,53.55,0.0000,0.0000,2.5181,1,319.6,241.3,173.6,130.6,0.842,5.8977,0.0049,-0.0177,0.50,17.6555,10.3323,53.17,4.8967,-0.38,0,7,1,0.33,0,0.000,0.0000
2026-08-24T00:03:41.435768,37.08,CROSS,14.7621,6.4701,53.55,0.1999,0.0000,2.5850,1,317.0,241.2,180.9,132.2,0.812,5.8977,0.0405,-0.0163,0.03,17.6555,10.3323,53.17,7.3377,0.00,0,0,1,0.04,0,0.200,0.0000
2026-08-24T00:03:42.437280,38.08,CROSS,14.8286,6.5601,53.55,0.1999,0.0000,2.6909,1,314.4,241.0,187.7,134.7,0.817,14.6196,0.2056,-0.0375,0.39,17.6555,10.3323,53.17,7.2138,0.00,0,0,1,0.31,0,0.200,0.0000
2026-08-24T00:03:43.435729,39.08,CROSS,14.8666,6.6116,53.55,0.1999,0.0000,2.7516,1,317.7,241.6,181.5,136.7,0.841,5.5212,0.0286,-0.0180,0.06,17.6555,10.3323,53.17,7.1658,0.00,0,0,1,0.05,0,0.200,0.0000
2026-08-24T00:03:44.442578,40.08,CROSS,14.9426,6.7145,53.55,0.1999,0.0000,2.8735,1,317.7,241.1,184.6,140.2,0.868,5.1386,0.0263,-0.0118,0.25,17.6555,10.3323,53.17,7.0259,0.00,0,0,1,0.18,0,0.200,0.0000
2026-08-24T00:03:45.435571,41.08,CROSS,14.9711,6.7530,53.55,0.1999,0.0000,2.9193,1,317.9,240.2,185.7,140.6,0.877,5.1900,0.0272,-0.0109,0.08,17.6555,10.3323,53.17,6.9899,0.00,0,0,1,0.06,0,0.200,0.0000
2026-08-24T00:03:46.437041,42.08,CROSS,15.0519,6.8624,53.55,0.1999,0.0000,3.0495,1,317.8,239.7,189.5,143.8,0.877,5.0882,0.0259,0.0029,0.15,17.6555,10.3323,53.17,6.8380,0.00,0,0,1,0.07,0,0.200,0.0000
2026-08-24T00:03:47.435980,43.08,CROSS,15.0733,6.8913,53.55,0.1999,0.0000,3.0841,1,318.1,240.0,190.7,144.5,0.882,4.8962,0.0211,-0.0004,0.08,17.6555,10.3323,53.17,6.8140,0.00,0,0,1,0.01,0,0.200,0.0000
2026-08-24T00:03:48.437382,44.08,CROSS,15.1659,7.0167,53.55,0.1999,0.0000,3.2342,1,317.5,240.3,195.3,150.0,0.888,4.5929,0.0251,-0.0010,0.13,17.6555,10.3323,53.17,6.6501,0.00,0,0,1,0.05,0,0.200,0.0000
2026-08-24T00:03:49.435840,45.08,CROSS,15.1801,7.0360,53.55,0.1999,0.0000,3.2573,1,317.1,240.2,195.6,151.6,0.888,4.9903,0.0336,-0.0026,0.11,17.6555,10.3323,53.17,6.6262,0.00,0,0,1,0.05,0,0.200,0.0000
2026-08-24T00:03:50.435863,46.08,CROSS,15.2680,7.1550,53.55,0.1999,0.0000,3.4003,1,316.5,241.4,201.2,158.2,0.898,4.5929,0.0379,-0.0072,0.07,17.6555,10.3323,53.17,6.4862,0.00,0,0,1,0.07,0,0.200,0.0000
2026-08-24T00:03:51.437132,47.08,CROSS,15.2823,7.1743,53.55,0.1999,0.0000,3.4235,1,316.6,241.2,201.5,157.9,0.897,4.7181,0.0375,-0.0126,0.36,17.6555,10.3323,53.17,6.4503,0.00,0,0,1,0.29,0,0.200,0.0000
2026-08-24T00:03:52.435629,48.08,CROSS,15.3630,7.2836,53.55,0.1999,0.0000,3.5553,1,316.4,240.7,206.6,162.3,0.908,4.2892,0.0363,-0.0074,0.01,17.6555,10.3323,53.17,6.3303,0.00,0,0,1,0.02,0,0.200,0.0000
2026-08-24T00:03:53.437494,49.08,CROSS,15.3844,7.3126,53.55,0.1999,0.0000,3.5902,1,316.1,240.6,207.2,162.6,0.913,4.6339,0.0413,-0.0060,0.48,17.6555,10.3323,53.17,6.2784,0.00,0,0,1,0.35,0,0.200,0.0000
2026-08-24T00:03:54.435745,50.08,CROSS,15.4557,7.4090,53.55,0.1999,0.0000,3.7068,1,315.4,239.7,214.0,164.5,0.888,4.6339,0.0455,0.0038,0.06,17.6555,10.3323,53.17,6.1744,0.00,0,0,1,0.06,0,0.200,0.0000
2026-08-24T00:03:55.437232,51.08,CROSS,15.4865,7.4508,53.55,0.1999,0.0000,3.7574,1,314.7,241.3,215.9,167.8,0.885,4.3250,0.0474,-0.0112,0.66,17.6555,10.3323,53.17,6.1065,0.00,0,0,1,0.59,0,0.200,0.0000
2026-08-24T00:03:56.435718,52.08,CROSS,15.5483,7.5345,53.55,0.1999,0.0000,3.8587,1,314.6,241.4,218.2,171.9,0.859,4.3983,0.0555,-0.0155,0.07,17.6555,10.3323,53.17,6.0145,0.00,0,0,1,0.05,0,0.200,0.0000
2026-08-24T00:03:57.437513,53.08,CROSS,15.5887,7.5891,53.55,0.1999,0.0000,3.9250,1,315.0,244.0,222.5,178.9,0.859,4.3250,0.0500,-0.0404,0.49,17.6555,10.3323,53.17,5.9346,0.00,0,0,1,0.37,0,0.200,0.0000
2026-08-24T00:03:58.435740,54.08,CROSS,15.6457,7.6663,53.55,0.1999,0.0000,4.0187,1,313.8,245.5,228.6,186.5,0.826,4.0232,0.0565,-0.0464,0.02,17.6555,10.3323,53.17,5.8506,0.00,0,0,1,0.02,0,0.200,0.0000
2026-08-24T00:03:59.438582,55.08,CROSS,15.6932,7.7306,53.55,0.1999,0.0000,4.0969,1,313.3,243.5,233.6,186.5,0.773,4.0547,0.0628,-0.0326,0.17,17.6555,10.3323,53.17,5.7587,0.00,0,0,1,0.09,0,0.200,0.0000
2026-08-24T00:04:00.436603,56.08,CROSS,15.7430,7.7981,53.55,0.1999,0.0000,4.1790,1,313.7,245.6,236.3,194.2,0.780,4.0547,0.0594,-0.0457,0.07,17.6555,10.3323,53.17,5.6867,0.00,0,0,1,0.05,0,0.200,0.0000
2026-08-24T00:04:01.436896,57.08,CROSS,15.7953,7.8689,53.55,0.1999,0.0000,4.2651,1,313.0,246.6,239.6,202.7,0.730,3.7883,0.0612,-0.0555,0.04,17.6555,10.3323,53.17,5.5908,0.00,0,0,1,0.50,0,0.200,0.0000
2026-08-24T00:04:02.435838,58.08,CROSS,15.8380,7.9268,53.55,0.1999,0.0000,4.3357,1,312.6,243.0,242.2,197.5,0.506,3.6041,0.0619,-0.0248,0.05,17.6555,10.3323,53.17,5.5268,0.00,0,0,1,0.06,0,0.200,0.0000
2026-08-24T00:04:03.437284,59.08,CROSS,15.9022,8.0136,53.55,0.1999,0.0000,4.4415,1,312.0,242.3,250.6,203.8,0.807,3.7883,0.0686,-0.0202,0.46,17.6555,10.3323,53.17,5.4069,0.00,0,0,1,0.38,0,0.200,0.0000
2026-08-24T00:04:04.435871,60.08,CROSS,15.9425,8.0683,53.55,0.1999,0.0000,4.5082,1,311.7,240.5,254.3,200.8,0.873,3.6041,0.0649,0.0000,0.08,17.6555,10.3323,53.17,5.3549,0.00,0,0,1,0.05,0,0.200,0.0000
2026-08-24T00:04:05.437921,61.08,CROSS,16.0138,8.1647,53.55,0.1999,0.0000,4.6261,1,311.0,241.2,260.1,209.0,0.805,3.4144,0.0711,-0.0104,0.15,17.6555,10.3323,53.17,5.2190,0.00,0,0,1,0.06,0,0.200,0.0000
2026-08-24T00:04:06.435741,62.08,CROSS,16.0423,8.2033,53.55,0.1999,0.0000,4.6732,1,310.3,242.7,262.0,209.5,0.829,3.5306,0.0788,-0.0221,0.06,17.6555,10.3323,53.17,5.1790,0.00,0,0,1,0.09,0,0.200,0.0000
2026-08-24T00:04:07.437282,63.08,CROSS,16.1112,8.2966,53.55,0.1999,0.0000,4.7872,1,309.1,241.3,271.4,217.0,0.807,3.3921,0.0869,-0.0172,0.25,17.6555,10.3323,53.17,5.0591,0.00,0,0,1,0.18,0,0.200,0.0000
2026-08-24T00:04:08.435885,64.08,CROSS,16.1349,8.3287,53.55,0.1999,0.0000,4.8266,1,307.7,241.4,276.3,221.6,0.648,3.4144,0.0971,-0.0108,0.04,17.6555,10.3323,53.17,5.0231,0.00,0,0,1,0.06,0,0.200,0.0000
2026-08-24T00:04:09.444438,65.09,CROSS,16.2180,8.4413,53.55,0.1999,0.0000,4.9643,1,306.2,238.0,284.3,233.4,0.518,3.0893,0.0958,0.0128,0.17,17.6555,10.3323,53.17,4.8752,0.00,0,0,1,0.08,0,0.200,0.0000
2026-08-24T00:04:10.435841,66.08,CROSS,16.2394,8.4702,53.55,0.1999,0.0000,4.9998,1,305.9,237.9,286.3,234.7,0.390,3.0893,0.0992,0.0179,0.07,17.6555,10.3323,53.17,4.8512,0.00,0,0,1,0.37,0,0.200,0.0000
2026-08-24T00:04:11.437431,67.08,CROSS,16.3297,8.5924,53.55,0.1999,0.0000,5.1495,1,349.4,262.0,319.1,259.1,0.152,15.7271,-1.0750,-0.7926,0.09,17.6555,10.3323,53.17,4.6913,0.00,0,0,1,0.01,0,0.200,0.0000
2026-08-24T00:04:12.436086,68.08,CROSS,16.3415,8.6085,53.55,0.1999,0.0000,5.1692,1,350.0,260.8,312.0,260.5,0.140,15.7271,-1.0325,-0.7716,0.48,17.6555,10.3323,53.17,4.6673,0.00,0,0,1,0.41,0,0.200,0.0000
2026-08-24T00:04:13.435704,69.08,CROSS,16.4342,8.7339,53.55,0.1999,0.0000,5.3231,1,352.4,260.2,333.9,276.0,0.110,16.2186,-1.2162,-0.7569,0.04,17.6555,10.3323,53.17,4.5274,0.00,0,0,1,0.05,0,0.200,0.0000
2026-08-24T00:04:14.438385,70.08,CROSS,16.4508,8.7564,53.55,0.1999,0.0000,5.3507,1,368.2,272.6,342.5,272.6,0.115,6.2155,-0.6921,-0.4685,0.26,17.6555,10.3323,53.17,4.4874,0.00,0,0,1,0.18,0,0.200,0.0000
2026-08-24T00:04:15.435696,71.08,CROSS,16.5387,8.8754,53.55,0.1999,0.0000,5.4968,1,298.3,233.1,333.6,292.3,0.151,2.4952,0.1264,0.0394,0.01,17.6555,10.3323,53.17,4.3515,0.00,0,0,1,0.01,0,0.200,0.0000
2026-08-24T00:04:16.437090,72.08,CROSS,16.5624,8.9076,53.55,0.1999,0.0000,5.5363,1,298.4,231.9,335.0,298.8,0.219,2.4952,0.1243,0.0466,0.15,17.6555,10.3323,53.17,4.2955,0.00,0,0,1,0.07,0,0.200,0.0000
2026-08-24T00:04:17.435770,73.08,CROSS,16.6384,9.0105,53.55,0.1999,0.0000,5.6627,1,293.3,232.8,356.8,309.2,0.299,2.4952,0.1358,0.0563,0.17,17.6555,10.3323,53.17,4.1796,0.00,0,0,1,0.09,0,0.200,0.0000
2026-08-24T00:04:18.440323,74.08,CROSS,16.6741,9.0587,53.55,0.1999,0.0000,5.7220,1,294.1,234.6,360.8,317.8,0.128,2.4028,0.1437,0.0299,0.12,17.6555,10.3323,53.17,4.1116,0.00,0,0,1,0.04,0,0.200,0.0000
2026-08-24T00:04:19.435753,75.08,CROSS,16.7429,9.1520,53.55,0.1999,0.0000,5.8366,0,0.0,0.0,0.0,0.0,0.000,2.4028,0.1437,0.0299,1.11,17.6555,10.3323,53.17,4.0037,0.00,0,0,1,1.04,0,0.200,0.0000
2026-08-24T00:04:20.437578,76.08,CROSS,16.7904,9.2163,53.55,0.1999,0.0000,5.9157,0,0.0,0.0,0.0,0.0,0.000,2.1625,0.1554,0.0231,0.80,17.6555,10.3323,53.17,3.9157,0.00,0,0,1,0.72,0,0.200,0.0000
2026-08-24T00:04:21.435696,77.08,CROSS,16.8474,9.2934,53.55,0.1999,0.0000,6.0107,1,285.3,234.8,395.5,340.8,0.139,2.1625,0.1554,0.0231,1.80,17.6555,10.3323,53.17,3.8318,0.00,0,0,0,1.72,0,0.200,0.0000
2026-08-24T00:04:22.437091,78.08,CROSS,16.9021,9.3674,53.55,0.1999,0.0000,6.1017,0,0.0,0.0,0.0,0.0,0.000,2.1625,0.1554,0.0231,2.80,17.6555,10.3323,53.17,3.7238,0.00,0,0,0,2.72,0,0.200,0.0000
2026-08-24T00:04:23.436064,79.08,CROSS,16.9519,9.4349,53.55,0.1999,0.0000,6.1849,0,0.0,0.0,0.0,0.0,0.000,2.1625,0.1554,0.0231,3.80,17.6555,10.3323,53.17,3.6519,0.00,0,0,0,3.72,0,0.200,0.0000
2026-08-24T00:04:24.436913,80.08,CROSS,17.0089,9.5121,53.55,0.1999,0.0000,6.2799,0,0.0,0.0,0.0,0.0,0.000,2.1625,0.1554,0.0231,4.80,17.6555,10.3323,53.17,3.5479,0.00,0,0,0,4.72,0,0.200,0.0000
2026-08-24T00:04:25.435616,81.08,CROSS,17.0541,9.5732,53.55,0.1999,0.0000,6.3552,0,0.0,0.0,0.0,0.0,0.000,2.1625,0.1554,0.0231,5.80,17.6555,10.3323,53.17,3.4840,0.00,0,0,0,5.72,0,0.200,0.0000
2026-08-24T00:04:26.437751,82.08,CROSS,17.1253,9.6697,53.55,0.1999,0.0000,6.4740,0,0.0,0.0,0.0,0.0,0.000,2.1625,0.1554,0.0231,6.80,17.6555,10.3323,53.17,3.3520,0.00,0,0,0,6.73,0,0.200,0.0000
2026-08-24T00:04:27.435789,83.08,CROSS,17.1586,9.7147,53.55,0.1999,0.0000,6.5295,0,0.0,0.0,0.0,0.0,0.000,2.1625,0.1554,0.0231,7.80,17.6555,10.3323,53.17,3.3041,0.00,0,0,0,7.72,0,0.200,0.0000
2026-08-24T00:04:28.478604,84.12,CROSS,17.2417,9.8273,53.55,0.1999,0.0000,6.6682,0,0.0,0.0,0.0,0.0,0.000,2.1625,0.1554,0.0231,8.84,17.6555,10.3323,53.17,3.1561,0.00,0,0,0,8.72,0,0.200,0.0000
2026-08-24T00:04:29.435870,85.08,CROSS,17.2654,9.8594,53.55,0.1999,0.0000,6.7079,0,0.0,0.0,0.0,0.0,0.000,2.1625,0.1554,0.0231,9.80,17.6555,10.3323,53.17,3.1202,0.00,0,0,0,9.72,0,0.200,0.0000
2026-08-24T00:04:30.437509,86.08,CROSS,17.3533,9.9784,53.55,0.1999,0.0000,6.8546,0,0.0,0.0,0.0,0.0,0.000,2.1625,0.1554,0.0231,10.80,17.6555,10.3323,53.17,2.9643,0.00,0,0,0,10.73,0,0.200,0.0000
2026-08-24T00:04:31.435896,87.08,CROSS,17.3771,10.0105,53.55,0.1999,0.0000,6.8943,0,0.0,0.0,0.0,0.0,0.000,2.1625,0.1554,0.0231,11.80,17.6555,10.3323,53.17,2.9323,0.00,0,0,0,11.72,0,0.200,0.0000
2026-08-24T00:04:32.437311,88.08,CROSS,17.4745,10.1424,53.55,0.1999,0.0000,7.0570,0,0.0,0.0,0.0,0.0,0.000,2.1625,0.1554,0.0231,12.80,17.6555,10.3323,53.17,2.7644,0.00,0,0,0,12.72,0,0.200,0.0000
2026-08-24T00:04:33.435951,89.08,CROSS,17.4911,10.1649,53.55,0.1999,0.0000,7.0847,0,0.0,0.0,0.0,0.0,0.000,2.1625,0.1554,0.0231,13.80,17.6555,10.3323,53.17,2.7364,0.00,0,0,0,13.72,0,0.200,0.0000
2026-08-24T00:04:34.435669,90.08,CROSS,17.5908,10.3000,53.55,0.1999,0.0000,7.2515,0,0.0,0.0,0.0,0.0,0.000,2.1625,0.1554,0.0231,14.80,17.6555,10.3323,53.17,2.5805,0.00,0,0,0,14.72,0,0.200,0.0000
2026-08-24T00:04:35.442538,91.09,CROSS,17.6051,10.3193,53.55,0.1999,0.0000,7.2753,0,0.0,0.0,0.0,0.0,0.000,2.1625,0.1554,0.0231,15.81,17.6555,10.3323,53.17,2.5405,0.00,0,0,0,15.72,0,0.200,0.0000
2026-08-24T00:04:36.435755,92.08,CROSS,17.6763,10.4157,53.55,0.1999,0.0000,7.3944,0,0.0,0.0,0.0,0.0,0.000,2.1625,0.1554,0.0231,16.80,17.6555,10.3323,53.17,2.4326,0.00,0,0,0,16.72,0,0.200,0.0000
2026-08-24T00:04:37.443759,93.09,CROSS,17.6977,10.4447,53.55,0.1999,0.0000,7.4301,0,0.0,0.0,0.0,0.0,0.000,2.1625,0.1554,0.0231,17.81,17.6555,10.3323,53.17,2.3886,0.00,0,0,0,17.72,0,0.200,0.0000
2026-08-24T00:04:38.435767,94.08,CROSS,17.7713,10.5444,53.55,0.1999,0.0000,7.5532,0,0.0,0.0,0.0,0.0,0.000,2.1625,0.1554,0.0231,18.80,17.6555,10.3323,53.17,2.2727,0.00,0,0,0,18.72,0,0.200,0.0000
2026-08-24T00:04:39.445569,95.09,CROSS,17.8046,10.5894,53.55,0.1999,0.0000,7.6089,0,0.0,0.0,0.0,0.0,0.000,2.1625,0.1554,0.0231,19.81,17.6555,10.3323,53.17,2.2087,0.00,0,0,0,19.72,0,0.200,0.0000
2026-08-24T00:04:40.435946,96.08,CROSS,17.8782,10.6891,53.55,0.1999,0.0000,7.7320,0,0.0,0.0,0.0,0.0,0.000,2.1625,0.1554,0.0231,20.80,17.6555,10.3323,53.17,2.0968,0.00,0,0,0,20.72,0,0.200,0.0000
2026-08-24T00:04:41.437024,97.08,CROSS,17.9186,10.7437,53.55,0.1999,0.0000,7.7996,0,0.0,0.0,0.0,0.0,0.000,2.1625,0.1554,0.0231,21.80,17.6555,10.3323,53.17,2.0128,0.00,0,0,0,21.73,0,0.200,0.0000
2026-08-24T00:04:42.435737,98.08,CROSS,17.9875,10.8370,53.55,0.1999,0.0000,7.9148,0,0.0,0.0,0.0,0.0,0.000,2.1625,0.1554,0.0231,22.80,17.6555,10.3323,53.17,1.9129,0.00,0,0,0,22.72,0,0.200,0.0000
2026-08-24T00:04:43.437913,99.08,CROSS,18.0350,10.9013,53.55,0.1999,0.0000,7.9943,0,0.0,0.0,0.0,0.0,0.000,2.1625,0.1554,0.0231,23.80,17.6555,10.3323,53.17,1.8169,0.00,0,0,0,23.73,0,0.200,0.0000
2026-08-24T00:04:44.435833,100.08,CROSS,18.0943,10.9817,53.55,0.1999,0.0000,8.0937,0,0.0,0.0,0.0,0.0,0.000,2.1625,0.1554,0.0231,24.80,17.6555,10.3323,53.17,1.7290,0.00,0,0,0,24.72,0,0.200,0.0000
2026-08-24T00:04:45.437175,101.08,CROSS,18.1490,11.0556,53.55,0.1999,0.0000,8.1851,0,0.0,0.0,0.0,0.0,0.000,2.1625,0.1554,0.0231,25.80,17.6555,10.3323,53.17,1.6250,0.00,0,0,0,25.72,0,0.200,0.0000
2026-08-24T00:04:46.435735,102.08,CROSS,18.1941,11.1167,53.55,0.1999,0.0000,8.2607,0,0.0,0.0,0.0,0.0,0.000,2.1625,0.1554,0.0231,26.80,17.6555,10.3323,53.17,1.5611,0.00,0,0,0,26.72,0,0.200,0.0000
2026-08-24T00:04:47.437181,103.08,CROSS,18.2582,11.2036,53.55,0.1999,0.0000,8.3680,0,0.0,0.0,0.0,0.0,0.000,2.1625,0.1554,0.0231,27.80,17.6555,10.3323,53.17,1.4411,0.00,0,0,0,27.72,0,0.200,0.0000
2026-08-24T00:04:48.435799,104.08,CROSS,18.2986,11.2582,53.55,0.1999,0.0000,8.4356,0,0.0,0.0,0.0,0.0,0.000,2.1625,0.1554,0.0231,28.80,17.6555,10.3323,53.17,1.3852,0.00,0,0,0,28.72,0,0.200,0.0000
2026-08-24T00:04:49.437039,105.08,CROSS,18.3699,11.3547,53.55,0.1999,0.0000,8.5550,0,0.0,0.0,0.0,0.0,0.000,2.1625,0.1554,0.0231,29.80,17.6555,10.3323,53.17,1.2532,0.00,0,0,0,29.72,0,0.200,0.0000
2026-08-24T00:04:50.435707,106.08,CROSS,18.4055,11.4029,53.55,0.1999,0.0000,8.6146,0,0.0,0.0,0.0,0.0,0.000,2.1625,0.1554,0.0231,30.80,17.6555,10.3323,53.17,1.2053,0.00,0,0,0,30.72,0,0.200,0.0000
2026-08-24T00:04:51.437052,107.08,CROSS,18.4839,11.5091,53.55,0.1999,0.0000,8.7459,0,0.0,0.0,0.0,0.0,0.000,2.1625,0.1554,0.0231,31.80,17.6555,10.3323,53.17,1.0614,0.00,0,0,0,31.73,0,0.200,0.0000
2026-08-24T00:04:52.435813,108.08,CROSS,18.5076,11.5412,53.55,0.1999,0.0000,8.7857,0,0.0,0.0,0.0,0.0,0.000,2.1625,0.1554,0.0231,32.80,17.6555,10.3323,53.17,1.0294,0.00,0,0,0,32.72,0,0.200,0.0000
2026-08-24T00:04:53.438159,109.08,CROSS,18.5860,11.6473,53.55,0.1999,0.0000,8.9170,0,0.0,0.0,0.0,0.0,0.000,2.1625,0.1554,0.0231,33.80,17.6555,10.3323,53.17,0.8934,0.00,0,0,0,33.72,0,0.200,0.0000
2026-08-24T00:04:54.435956,110.08,CROSS,18.6050,11.6731,53.55,0.1999,0.0000,8.9488,0,0.0,0.0,0.0,0.0,0.000,2.1625,0.1554,0.0231,34.80,17.6555,10.3323,53.17,0.8655,0.00,0,0,0,34.72,0,0.200,0.0000
2026-08-24T00:04:55.438371,111.08,CROSS,18.7000,11.8017,53.55,0.1999,0.0000,9.1080,0,0.0,0.0,0.0,0.0,0.000,2.1625,0.1554,0.0231,35.80,17.6555,10.3323,53.17,0.7016,0.00,0,0,0,35.72,0,0.200,0.0000
2026-08-24T00:04:56.437329,112.08,CROSS,18.7142,11.8210,53.55,0.1999,0.0000,9.1319,0,0.0,0.0,0.0,0.0,0.000,2.1625,0.1554,0.0231,36.80,17.6555,10.3323,53.17,0.6776,0.00,0,0,0,36.72,0,0.200,0.0000
2026-08-24T00:04:57.435820,113.08,CROSS,18.8069,11.9464,53.55,0.1999,0.0000,9.2871,0,0.0,0.0,0.0,0.0,0.000,2.1625,0.1554,0.0231,37.80,17.6555,10.3323,53.17,0.5337,0.00,0,0,0,37.72,0,0.200,0.0000
2026-08-24T00:04:58.439371,114.08,CROSS,18.8211,11.9657,53.55,0.1999,0.0000,9.3110,0,0.0,0.0,0.0,0.0,0.000,2.1625,0.1554,0.0231,38.81,17.6555,10.3323,53.17,0.4937,0.00,0,0,0,38.73,0,0.200,0.0000
2026-08-24T00:04:59.435734,115.08,CROSS,18.9114,12.0879,53.55,0.1999,0.0000,9.4623,0,0.0,0.0,0.0,0.0,0.000,2.1625,0.1554,0.0231,39.80,17.6555,10.3323,53.17,0.3578,0.00,0,0,0,39.72,0,0.200,0.0000
2026-08-24T00:05:00.437202,116.08,CROSS,18.9327,12.1168,53.55,0.1999,0.0000,9.4981,0,0.0,0.0,0.0,0.0,0.000,2.1625,0.1554,0.0231,40.80,17.6555,10.3323,53.17,0.3058,0.00,0,0,0,40.72,0,0.200,0.0000
2026-08-24T00:05:01.435650,117.08,CROSS,19.0159,12.2294,53.55,0.1999,0.0000,9.6375,0,0.0,0.0,0.0,0.0,0.000,2.1625,0.1554,0.0231,41.80,17.6555,10.3323,53.17,0.1819,0.00,0,0,0,41.72,0,0.200,0.0000
2026-08-24T00:05:02.442165,118.09,CROSS,19.0467,12.2712,53.55,0.1999,0.0000,9.6893,0,0.0,0.0,0.0,0.0,0.000,2.1625,0.1554,0.0231,42.81,17.6555,10.3323,53.17,0.1139,0.00,0,0,0,42.73,0,0.200,0.0000
2026-08-24T00:05:03.435727,119.08,CROSS,19.1180,12.3677,53.55,0.1999,0.0000,9.8087,0,0.0,0.0,0.0,0.0,0.000,2.1625,0.1554,0.0231,43.80,17.6555,10.3323,53.17,0.0100,0.00,0,0,0,43.72,0,0.200,0.0000
2026-08-24T00:05:03.460731,119.10,DONE,19.1204,12.3709,53.55,0.1999,0.0000,9.8127,0,0.0,0.0,0.0,0.0,0.000,2.1625,0.1554,0.0231,43.83,17.6555,10.3323,53.17,0.0100,0.00,0,0,0,43.72,0,0.200,0.0000
2026-08-24T00:05:04.437288,120.08,DONE,19.1317,12.3861,55.90,0.0000,0.1999,9.8316,0,0.0,0.0,0.0,0.0,0.000,2.1625,0.1554,0.0231,44.80,17.6555,10.3323,53.17,0.0000,0.00,0,0,0,44.72,0,0.000,0.2000
2026-08-24T00:05:05.435746,121.08,DONE,19.1317,12.3861,61.85,0.0000,0.1999,9.8316,0,0.0,0.0,0.0,0.0,0.000,2.1625,0.1554,0.0231,45.80,17.6555,10.3323,53.17,0.0000,0.00,0,0,0,45.72,0,0.000,0.2000
2026-08-24T00:05:06.437546,122.08,DONE,19.1317,12.3861,65.98,0.0000,0.1999,9.8316,0,0.0,0.0,0.0,0.0,0.000,2.1625,0.1554,0.0231,46.80,17.6555,10.3323,53.17,0.0000,0.00,0,0,0,46.72,0,0.000,0.2000
2026-08-24T00:05:07.435722,123.08,DONE,19.1317,12.3861,70.56,0.0000,0.1999,9.8316,0,0.0,0.0,0.0,0.0,0.000,2.1625,0.1554,0.0231,47.80,17.6555,10.3323,53.17,0.0000,0.00,0,0,0,47.72,0,0.000,0.2000
2026-08-24T00:05:08.437112,124.08,DONE,19.1317,12.3861,75.60,0.0000,0.1999,9.8316,0,0.0,0.0,0.0,0.0,0.000,2.1625,0.1554,0.0231,48.80,17.6555,10.3323,53.17,0.0000,0.00,0,0,0,48.72,0,0.000,0.2000
2026-08-24T00:05:09.435882,125.08,DONE,19.1317,12.3861,79.95,0.0000,0.1999,9.8316,0,0.0,0.0,0.0,0.0,0.000,2.1625,0.1554,0.0231,49.80,17.6555,10.3323,53.17,0.0000,0.00,0,0,0,49.72,0,0.000,0.2000
2026-08-24T00:05:10.437755,126.08,DONE,19.1317,12.3861,84.92,0.0000,0.1079,9.8316,0,0.0,0.0,0.0,0.0,0.000,2.1625,0.1554,0.0231,50.80,17.6555,10.3323,53.17,0.0000,0.00,0,0,0,50.72,0,0.000,0.1053
2026-08-24T00:05:11.435795,127.08,DONE,19.1317,12.3861,86.68,0.0000,0.0722,9.8316,0,0.0,0.0,0.0,0.0,0.000,2.1625,0.1554,0.0231,51.80,17.6555,10.3323,53.17,0.0000,0.00,0,0,0,51.72,0,0.000,0.0722
2026-08-24T00:05:12.437037,128.08,DONE,19.1914,12.3832,87.17,0.0000,0.0000,9.8604,0,0.0,0.0,0.0,0.0,0.000,2.1625,0.1554,0.0231,52.80,17.6555,10.3323,53.17,0.0000,0.00,0,0,0,52.72,0,0.000,-0.0005
2026-08-24T00:05:13.435852,129.08,DONE,19.2363,12.3810,87.16,0.0000,0.0000,9.8823,0,0.0,0.0,0.0,0.0,0.000,2.1625,0.1554,0.0231,53.80,17.6555,10.3323,53.17,0.0000,0.00,0,0,0,53.72,0,0.000,-0.0004
2026-08-24T00:05:14.438799,130.08,DONE,19.3321,12.3762,87.15,0.0000,0.0000,9.9294,0,0.0,0.0,0.0,0.0,0.000,2.1625,0.1554,0.0231,54.80,17.6555,10.3323,53.17,0.0000,0.00,0,0,0,54.74,0,0.000,-0.0002
2026-08-24T00:05:15.435869,131.08,DONE,19.3680,12.3744,87.15,0.0000,0.0000,9.9472,0,0.0,0.0,0.0,0.0,0.000,2.1625,0.1554,0.0231,55.80,17.6555,10.3323,53.17,0.0000,0.00,0,0,0,55.72,0,0.000,-0.0001
2026-08-24T00:05:16.446177,132.09,DONE,19.4788,12.3689,87.15,0.0000,0.0000,10.0028,0,0.0,0.0,0.0,0.0,0.000,2.1625,0.1554,0.0231,56.81,17.6555,10.3323,53.17,0.0000,0.00,0,0,0,56.72,0,0.000,-0.0000
2026-08-24T00:05:17.435845,133.08,DONE,19.5028,12.3677,87.15,0.0000,0.0000,10.0149,0,0.0,0.0,0.0,0.0,0.000,2.1625,0.1554,0.0231,57.80,17.6555,10.3323,53.17,0.0000,0.00,0,0,0,57.72,0,0.000,-0.0000
2026-08-24T00:05:18.444312,134.09,DONE,19.6166,12.3620,87.14,0.0000,0.0000,10.0732,0,0.0,0.0,0.0,0.0,0.000,2.1625,0.1554,0.0231,58.81,17.6555,10.3323,53.17,0.0000,0.00,0,0,0,58.72,0,0.000,-0.0000
2026-08-24T00:05:19.435893,135.08,DONE,19.6405,12.3608,87.14,0.0000,0.0000,10.0856,0,0.0,0.0,0.0,0.0,0.000,2.1625,0.1554,0.0231,59.80,17.6555,10.3323,53.17,0.0000,0.00,0,0,0,59.72,0,0.000,-0.0000
2026-08-24T00:05:20.437035,136.08,DONE,19.7633,12.3547,87.14,0.0000,0.0000,10.1497,0,0.0,0.0,0.0,0.0,0.000,2.1625,0.1554,0.0231,60.80,17.6555,10.3323,53.17,0.0000,0.00,0,0,0,60.72,0,0.000,-0.0000
2026-08-24T00:05:21.437586,137.08,DONE,19.7812,12.3538,87.14,0.0000,0.0000,10.1592,0,0.0,0.0,0.0,0.0,0.000,2.1625,0.1554,0.0231,61.80,17.6555,10.3323,53.17,0.0000,0.00,0,0,0,61.73,0,0.000,-0.0000
2026-08-24T00:05:22.435643,138.08,DONE,19.9010,12.3478,87.14,0.0000,0.0000,10.2229,0,0.0,0.0,0.0,0.0,0.000,2.1625,0.1554,0.0231,62.80,17.6555,10.3323,53.17,0.0000,0.00,0,0,0,62.72,0,0.000,-0.0000
2026-08-24T00:05:23.436858,139.08,DONE,19.9250,12.3467,87.14,0.0000,0.0000,10.2358,0,0.0,0.0,0.0,0.0,0.000,2.1625,0.1554,0.0231,63.80,17.6555,10.3323,53.17,0.0000,0.00,0,0,0,63.72,0,0.000,-0.0000
2026-08-24T00:05:24.435789,140.08,DONE,20.0328,12.3413,87.14,0.0000,0.0000,10.2942,0,0.0,0.0,0.0,0.0,0.000,2.1625,0.1554,0.0231,64.80,17.6555,10.3323,53.17,0.0000,0.00,0,0,0,64.72,0,0.000,-0.0000
2026-08-24T00:05:25.439408,141.08,DONE,20.0575,12.3450,86.46,0.0478,-0.1156,10.3117,0,0.0,0.0,0.0,0.0,0.000,2.1625,0.1554,0.0231,65.81,17.6555,10.3323,53.17,0.0000,0.00,0,0,0,65.72,0,0.000,0.0116
2026-08-24T00:05:26.435855,142.08,DONE,20.0794,12.3688,82.89,0.0381,-0.0923,10.3439,0,0.0,0.0,0.0,0.0,0.000,2.1625,0.1554,0.0231,66.80,17.6555,10.3323,53.17,0.0000,0.00,0,0,0,66.72,0,0.000,0.0825
2026-08-24T00:05:27.436570,143.08,DONE,20.0902,12.3794,81.23,0.0330,-0.0799,10.3588,0,0.0,0.0,0.0,0.0,0.000,2.1625,0.1554,0.0231,67.80,17.6555,10.3323,53.17,0.0000,0.00,0,0,0,67.72,0,0.000,0.1222
2026-08-24T00:05:28.435691,144.08,DONE,20.0100,12.3901,84.15,0.0000,0.0677,10.3205,0,0.0,0.0,0.0,0.0,0.000,2.1625,0.1554,0.0231,68.80,17.6555,10.3323,53.17,0.0000,0.00,0,0,0,68.72,0,0.000,0.0678
2026-08-24T00:05:29.439058,145.08,DONE,19.9533,12.3953,85.30,0.0000,0.0395,10.2918,0,0.0,0.0,0.0,0.0,0.000,2.1625,0.1554,0.0231,69.81,17.6555,10.3323,53.17,0.0000,0.00,0,0,0,69.72,0,0.000,0.0385
2026-08-24T00:05:30.436635,146.08,DONE,19.8785,12.4008,86.17,0.0000,0.0221,10.2533,0,0.0,0.0,0.0,0.0,0.000,2.1625,0.1554,0.0231,70.80,17.6555,10.3323,53.17,0.0000,0.00,0,0,0,70.72,0,0.000,0.0221
2026-08-24T00:05:31.466579,147.08,DONE,19.8067,12.4053,86.62,0.0000,0.0113,10.2160,0,0.0,0.0,0.0,0.0,0.000,2.1625,0.1554,0.0231,71.80,17.6555,10.3323,53.17,0.0000,0.00,0,0,0,71.73,0,0.000,0.0110
2026-08-24T00:05:32.435883,148.08,DONE,19.7468,12.4087,86.83,0.0000,0.0072,10.1849,0,0.0,0.0,0.0,0.0,0.000,2.1625,0.1554,0.0231,72.80,17.6555,10.3323,53.17,0.0000,0.00,0,0,0,72.72,0,0.000,0.0072
2026-08-24T00:05:33.437184,149.08,DONE,19.6660,12.4130,86.99,0.0000,0.0034,10.1431,0,0.0,0.0,0.0,0.0,0.000,2.1625,0.1554,0.0231,73.80,17.6555,10.3323,53.17,0.0000,0.00,0,0,0,73.72,0,0.000,0.0033
2026-08-24T00:05:34.436598,150.08,DONE,19.6241,12.4152,87.03,0.0000,0.0025,10.1216,0,0.0,0.0,0.0,0.0,0.000,2.1625,0.1554,0.0231,74.80,17.6555,10.3323,53.17,0.0000,0.00,0,0,0,74.72,0,0.000,0.0025
2026-08-24T00:05:35.446800,151.09,DONE,19.5343,12.4198,87.09,0.0000,0.0000,10.0758,0,0.0,0.0,0.0,0.0,0.000,2.1625,0.1554,0.0231,75.81,17.6555,10.3323,53.17,0.0000,0.00,0,0,0,75.72,0,0.000,0.0011
2026-08-24T00:05:36.435696,152.08,DONE,19.4954,12.4218,87.11,0.0000,0.0000,10.0561,0,0.0,0.0,0.0,0.0,0.000,2.1625,0.1554,0.0231,76.80,17.6555,10.3323,53.17,0.0000,0.00,0,0,0,76.72,0,0.000,0.0008
2026-08-24T00:05:37.439882,153.08,DONE,19.3995,12.4266,87.13,0.0000,0.0000,10.0082,0,0.0,0.0,0.0,0.0,0.000,2.1625,0.1554,0.0231,77.81,17.6555,10.3323,53.17,0.0000,0.00,0,0,0,77.72,0,0.000,0.0003
2026-08-24T00:05:38.435642,154.08,DONE,19.3636,12.4284,87.13,0.0000,0.0000,9.9903,0,0.0,0.0,0.0,0.0,0.000,2.1625,0.1554,0.0231,78.80,17.6555,10.3323,53.17,0.0000,0.00,0,0,0,78.72,0,0.000,0.0003
2026-08-24T00:05:39.440897,155.08,DONE,19.2558,12.4338,87.14,0.0000,0.0000,9.9375,0,0.0,0.0,0.0,0.0,0.000,2.1625,0.1554,0.0231,79.81,17.6555,10.3323,53.17,0.0000,0.00,0,0,0,79.72,0,0.000,0.0001
2026-08-24T00:05:40.438495,156.08,DONE,19.2319,12.4350,87.14,0.0000,0.0000,9.9258,0,0.0,0.0,0.0,0.0,0.000,2.1625,0.1554,0.0231,80.80,17.6555,10.3323,53.17,0.0000,0.00,0,0,0,80.72,0,0.000,0.0001
2026-08-24T00:05:41.437055,157.08,DONE,19.1181,12.4407,87.14,0.0000,0.0000,9.8712,0,0.0,0.0,0.0,0.0,0.000,2.1625,0.1554,0.0231,81.80,17.6555,10.3323,53.17,0.0000,0.00,0,0,0,81.72,0,0.000,0.0000
2026-08-24T00:05:42.436033,158.08,DONE,19.0971,12.4417,87.14,0.0000,0.0000,9.8612,0,0.0,0.0,0.0,0.0,0.000,2.1625,0.1554,0.0231,82.80,17.6555,10.3323,53.17,0.0000,0.00,0,0,0,82.73,0,0.000,0.0000
2026-08-24T00:05:43.437315,159.08,DONE,18.9744,12.4479,87.14,0.0000,0.0000,9.8036,0,0.0,0.0,0.0,0.0,0.000,2.1625,0.1554,0.0231,83.80,17.6555,10.3323,53.17,0.0000,0.00,0,0,0,83.72,0,0.000,0.0000
2026-08-24T00:05:44.439617,160.08,DONE,18.9564,12.4488,87.14,0.0000,0.0000,9.7953,0,0.0,0.0,0.0,0.0,0.000,2.1625,0.1554,0.0231,84.81,17.6555,10.3323,53.17,0.0000,0.00,0,0,0,84.73,0,0.000,0.0000
2026-08-24T00:05:45.435790,161.08,DONE,18.8396,12.4546,87.14,0.0000,0.0000,9.7418,0,0.0,0.0,0.0,0.0,0.000,2.1625,0.1554,0.0231,85.80,17.6555,10.3323,53.17,0.0000,0.00,0,0,0,85.72,0,0.000,0.0000
2026-08-24T00:05:46.442715,162.09,DONE,18.8127,12.4559,87.14,0.0000,0.0000,9.7296,0,0.0,0.0,0.0,0.0,0.000,2.1625,0.1554,0.0231,86.81,17.6555,10.3323,53.17,0.0000,0.00,0,0,0,86.72,0,0.000,0.0000
2026-08-24T00:05:47.435816,163.08,DONE,18.7109,12.4610,87.14,0.0000,0.0000,9.6841,0,0.0,0.0,0.0,0.0,0.000,2.1625,0.1554,0.0231,87.80,17.6555,10.3323,53.17,0.0000,0.00,0,0,0,87.72,0,0.000,0.0000
2026-08-24T00:05:48.437881,164.08,DONE,18.6720,12.4630,87.14,0.0000,0.0000,9.6669,0,0.0,0.0,0.0,0.0,0.000,2.1625,0.1554,0.0231,88.80,17.6555,10.3323,53.17,0.0000,0.00,0,0,0,88.72,0,0.000,0.0000
2026-08-24T00:05:49.435727,165.08,DONE,18.5761,12.4677,87.14,0.0000,0.0000,9.6252,0,0.0,0.0,0.0,0.0,0.000,2.1625,0.1554,0.0231,89.80,17.6555,10.3323,53.17,0.0000,0.00,0,0,0,89.72,0,0.000,0.0000
2026-08-24T00:05:50.442626,166.09,DONE,18.5252,12.4703,87.14,0.0000,0.0000,9.6033,0,0.0,0.0,0.0,0.0,0.000,2.1625,0.1554,0.0231,90.81,17.6555,10.3323,53.17,0.0000,0.00,0,0,0,90.72,0,0.000,0.0000
2026-08-24T00:05:51.436309,167.08,DONE,18.4414,12.4745,87.14,0.0000,0.0000,9.5678,0,0.0,0.0,0.0,0.0,0.000,2.1625,0.1554,0.0231,91.80,17.6555,10.3323,53.17,0.0000,0.00,0,0,0,91.72,0,0.000,0.0000
2026-08-24T00:05:52.443574,168.09,DONE,18.3815,12.4774,87.14,0.0000,0.0000,9.5428,0,0.0,0.0,0.0,0.0,0.000,2.1625,0.1554,0.0231,92.81,17.6555,10.3323,53.17,0.0000,0.00,0,0,0,92.73,0,0.000,0.0000
2026-08-24T00:05:53.436089,169.08,DONE,18.3097,12.4810,87.14,0.0000,0.0000,9.5132,0,0.0,0.0,0.0,0.0,0.000,2.1625,0.1554,0.0231,93.80,17.6555,10.3323,53.17,0.0000,0.00,0,0,0,93.72,0,0.000,0.0000
2026-08-24T00:05:54.437353,170.08,DONE,18.2408,12.4845,87.14,0.0000,0.0000,9.4853,0,0.0,0.0,0.0,0.0,0.000,2.1625,0.1554,0.0231,94.80,17.6555,10.3323,53.17,0.0000,0.00,0,0,0,94.73,0,0.000,0.0000
2026-08-24T00:05:55.435630,171.08,DONE,18.1749,12.4878,87.14,0.0000,0.0000,9.4590,0,0.0,0.0,0.0,0.0,0.000,2.1625,0.1554,0.0231,95.80,17.6555,10.3323,53.17,0.0000,0.00,0,0,0,95.72,0,0.000,0.0000
2026-08-24T00:05:56.439605,172.08,DONE,18.0941,12.4918,87.14,0.0000,0.0000,9.4272,0,0.0,0.0,0.0,0.0,0.000,2.1625,0.1554,0.0231,96.81,17.6555,10.3323,53.17,0.0000,0.00,0,0,0,96.72,0,0.000,-0.0000
2026-08-24T00:05:57.435770,173.08,DONE,18.0402,12.4945,87.14,0.0000,0.0000,9.4063,0,0.0,0.0,0.0,0.0,0.000,2.1625,0.1554,0.0231,97.80,17.6555,10.3323,53.17,0.0000,0.00,0,0,0,97.72,0,0.000,-0.0000
2026-08-24T00:05:58.437051,174.08,DONE,17.9504,12.4990,87.14,0.0000,0.0000,9.3722,0,0.0,0.0,0.0,0.0,0.000,2.1625,0.1554,0.0231,98.80,17.6555,10.3323,53.17,0.0000,0.00,0,0,0,98.74,0,0.000,-0.0000
2026-08-24T00:05:59.435775,175.08,DONE,17.9054,12.5012,87.14,0.0000,0.0000,9.3554,0,0.0,0.0,0.0,0.0,0.000,2.1625,0.1554,0.0231,99.80,17.6555,10.3323,53.17,0.0000,0.00,0,0,0,99.72,0,0.000,-0.0000
2026-08-24T00:06:00.437111,176.08,DONE,17.8036,12.5063,87.14,0.0000,0.0000,9.3180,0,0.0,0.0,0.0,0.0,0.000,2.1625,0.1554,0.0231,100.80,17.6555,10.3323,53.17,0.0000,0.00,0,0,0,100.72,0,0.000,-0.0000
2026-08-24T00:06:01.435691,177.08,DONE,17.7677,12.5081,87.14,-0.0000,0.0000,9.3050,0,0.0,0.0,0.0,0.0,0.000,2.1625,0.1554,0.0231,101.80,17.6555,10.3323,53.17,0.0000,0.00,0,0,0,101.72,0,0.000,-0.0000
2026-08-24T00:06:02.444317,178.09,DONE,17.6569,12.5136,87.14,-0.0000,0.0000,9.2658,0,0.0,0.0,0.0,0.0,0.000,2.1625,0.1554,0.0231,102.81,17.6555,10.3323,53.17,0.0000,0.00,0,0,0,102.72,0,0.000,-0.0000
2026-08-24T00:06:03.435893,179.08,DONE,17.6300,12.5149,87.14,-0.0000,0.0000,9.2564,0,0.0,0.0,0.0,0.0,0.000,2.1625,0.1554,0.0231,103.80,17.6555,10.3323,53.17,0.0000,0.00,0,0,0,103.72,0,0.000,-0.0000
2026-08-24T00:06:04.437547,180.08,DONE,17.5162,12.5206,87.14,-0.0000,0.0000,9.2176,0,0.0,0.0,0.0,0.0,0.000,1.0196,0.1446,0.2404,0.13,17.6555,10.3323,53.17,0.0000,0.00,0,0,1,0.05,0,0.000,-0.0000
2026-08-24T00:06:05.436134,181.08,DONE,17.4922,12.5218,87.14,0.0000,0.0000,9.2096,0,0.0,0.0,0.0,0.0,0.000,11.2825,1.4778,2.6593,0.74,17.6555,10.3323,53.17,0.0000,0.00,0,0,1,0.67,0,0.000,-0.0000
2026-08-24T00:06:06.436559,182.08,DONE,17.3815,12.5273,87.14,0.0000,0.0000,9.1733,1,262.4,137.5,521.6,272.3,0.132,1.0216,0.1360,0.2421,0.01,17.6555,10.3323,53.17,0.0000,0.00,0,0,1,0.01,0,0.000,-0.0000
2026-08-24T00:06:07.441603,183.08,DONE,17.3665,12.5281,87.14,0.0000,0.0000,9.1685,1,271.5,137.6,539.9,272.6,0.122,11.7953,1.3222,2.7929,0.34,17.6555,10.3323,53.17,0.0000,0.00,0,0,1,0.26,0,0.000,-0.0000
2026-08-24T00:06:08.436091,184.08,DONE,17.2587,12.5335,87.14,-0.0000,0.0000,9.1345,1,275.2,138.2,546.9,273.3,0.124,11.7953,1.2999,2.7717,0.05,17.6555,10.3323,53.17,0.0000,0.00,0,0,1,0.04,0,0.000,-0.0000
2026-08-24T00:06:09.437508,185.08,DONE,17.2287,12.5350,87.14,-0.0000,0.0000,9.1253,1,273.8,137.8,545.0,272.7,0.136,12.3570,1.3209,2.9211,0.21,17.6555,10.3323,53.17,0.0000,0.00,0,0,1,0.13,0,0.000,-0.0000
2026-08-24T00:06:10.435673,186.08,DONE,17.1329,12.5397,87.14,0.0000,0.0000,9.0963,1,292.1,138.9,584.3,275.3,0.160,6.0348,0.3360,1.4108,0.03,17.6555,10.3323,53.17,0.0000,0.00,0,0,1,0.03,0,0.000,-0.0000
2026-08-24T00:06:11.437691,187.08,DONE,17.0940,12.5417,87.14,0.0000,0.0000,9.0848,1,286.3,138.1,571.8,273.4,0.161,0.6976,0.0595,0.1647,0.58,17.6555,10.3323,53.17,0.0000,0.00,0,0,1,0.50,0,0.000,-0.0000
2026-08-24T00:06:12.435629,188.08,DONE,17.0042,12.5462,87.14,0.0000,0.0000,9.0588,1,298.5,138.9,597.0,274.7,0.157,6.0348,0.3001,1.4110,0.02,17.6555,10.3323,53.17,0.0000,0.00,0,0,1,0.01,0,0.000,-0.0000
2026-08-24T00:06:13.440646,189.08,DONE,16.9593,12.5484,87.14,0.0000,0.0000,9.0461,1,289.3,138.2,577.9,273.8,0.241,5.8977,0.3743,1.3823,0.60,17.6555,10.3323,53.17,0.0000,0.00,0,0,1,0.53,0,0.000,-0.0000
2026-08-24T00:06:14.435826,190.08,DONE,16.8814,12.5523,87.14,0.0000,0.0000,9.0246,1,287.3,137.7,573.9,272.9,0.206,0.6902,0.0522,0.1633,0.00,17.6555,10.3323,53.17,0.0000,0.00,0,0,1,0.00,0,0.000,-0.0000
2026-08-24T00:06:15.437338,191.08,DONE,16.8245,12.5551,87.14,0.0000,0.0000,9.0093,1,291.6,138.4,582.7,274.0,0.226,0.6902,0.0530,0.1683,0.77,17.6555,10.3323,53.17,0.0000,0.00,0,0,1,0.69,0,0.000,-0.0000
2026-08-24T00:06:16.435935,192.08,DONE,16.7527,12.5587,87.14,0.0000,0.0000,8.9905,1,294.7,138.1,588.6,273.5,0.165,0.5232,0.0342,0.1234,0.06,17.6555,10.3323,53.17,0.0000,0.00,0,0,1,0.22,0,0.000,-0.0000
2026-08-24T00:06:17.450273,193.09,DONE,16.6868,12.5620,87.14,0.0000,0.0000,8.9737,1,299.2,137.4,596.3,272.6,0.276,0.7080,0.0340,0.1680,0.16,17.6555,10.3323,53.17,0.0000,0.00,0,0,1,0.08,0,0.000,-0.0000
2026-08-24T00:06:18.435813,194.08,DONE,16.6329,12.5647,87.14,0.0000,0.0000,8.9602,1,300.9,136.7,600.1,271.3,0.256,5.8977,0.2604,1.4082,0.00,17.6555,10.3323,53.17,0.0000,0.00,0,0,1,0.01,0,0.000,-0.0000
2026-08-24T00:06:19.440783,195.08,DONE,16.5551,12.5686,87.14,0.0000,0.0000,8.9414,1,305.4,136.7,608.6,271.1,0.227,0.6929,0.0307,0.1656,0.41,17.6555,10.3323,53.17,0.0000,0.00,0,0,1,0.32,0,0.000,-0.0000
2026-08-24T00:06:20.435842,196.08,DONE,16.5042,12.5711,87.14,0.0000,0.0000,8.9294,1,314.0,135.5,622.8,271.0,0.209,6.1785,0.1045,1.4938,0.07,17.6555,10.3323,53.17,0.0000,0.00,0,0,1,0.08,0,0.000,-0.0000
2026-08-24T00:06:21.440497,197.08,DONE,16.4263,12.5750,87.14,0.0000,0.0000,8.9116,1,313.5,135.5,621.0,271.0,0.212,6.2530,0.0937,1.5090,0.48,17.6555,10.3323,53.17,0.0000,0.00,0,0,1,0.40,0,0.000,-0.0000
2026-08-24T00:06:22.435769,198.08,DONE,16.3934,12.5766,87.14,0.0000,0.0000,8.9043,1,312.0,137.1,621.1,271.8,0.384,5.8314,0.1080,1.3873,0.01,17.6555,10.3323,53.17,0.0000,0.00,0,0,1,0.04,0,0.000,-0.0000
2026-08-24T00:06:23.437348,199.08,DONE,16.2976,12.5814,87.14,0.0000,0.0000,8.8837,1,312.1,136.6,624.3,271.1,0.208,6.2530,0.0696,1.4918,0.32,17.6555,10.3323,53.17,0.0000,0.00,0,0,1,0.25,0,0.000,-0.0000
2026-08-24T00:06:24.435806,200.08,DONE,16.2646,12.5831,87.14,0.0000,0.0000,8.8768,1,313.1,136.6,626.3,271.0,0.250,5.5212,0.0876,1.3194,0.01,17.6555,10.3323,53.17,0.0000,0.00,0,0,1,0.04,0,0.000,-0.0000
2026-08-24T00:06:25.439673,201.08,DONE,16.1568,12.5884,87.14,0.0000,0.0000,8.8551,1,311.7,136.7,623.4,271.0,0.158,0.6938,0.0141,0.1659,0.39,17.6555,10.3323,53.17,0.0000,0.00,0,0,1,0.31,0,0.000,-0.0000
2026-08-24T00:06:26.435812,202.08,DONE,16.1299,12.5898,87.14,0.0000,0.0000,8.8499,1,310.8,136.4,621.7,270.6,0.167,0.6938,0.0141,0.1659,1.39,17.6555,10.3323,53.17,0.0000,0.00,0,0,1,1.31,0,0.000,-0.0000
2026-08-24T00:06:27.437098,203.08,DONE,16.0161,12.5955,87.14,0.0000,0.0000,8.8287,1,318.0,136.7,635.0,270.6,0.191,11.2825,0.0521,2.6959,0.10,17.6555,10.3323,53.17,0.0000,0.00,0,0,1,0.02,0,0.000,-0.0000
2026-08-24T00:06:28.438250,204.08,DONE,16.0011,12.5962,87.14,0.0000,0.0000,8.8260,1,317.6,136.6,634.2,270.6,0.216,11.2825,0.0521,2.6959,1.10,17.6555,10.3323,53.17,0.0000,0.00,0,0,1,1.02,0,0.000,-0.0000
2026-08-24T00:06:29.439354,205.08,DONE,15.8844,12.6020,87.14,0.0000,0.0000,8.8060,0,0.0,0.0,0.0,0.0,0.000,11.2825,0.0521,2.6959,2.10,17.6555,10.3323,53.17,0.0000,0.00,0,0,0,2.01,0,0.000,-0.0000
2026-08-24T00:06:30.437270,206.08,DONE,15.8664,12.6029,87.14,0.0000,0.0000,8.8030,0,0.0,0.0,0.0,0.0,0.000,11.2825,0.0521,2.6959,3.10,17.6555,10.3323,53.17,0.0000,0.00,0,0,0,3.02,0,0.000,-0.0000
2026-08-24T00:06:31.435695,207.08,DONE,15.7526,12.6086,87.14,0.0000,0.0000,8.7852,0,0.0,0.0,0.0,0.0,0.000,11.2825,0.0521,2.6959,4.09,17.6555,10.3323,53.17,0.0000,0.00,0,0,0,4.01,0,0.000,-0.0000
2026-08-24T00:06:32.437528,208.08,DONE,15.7257,12.6099,87.14,0.0000,0.0000,8.7812,0,0.0,0.0,0.0,0.0,0.000,11.2825,0.0521,2.6959,5.10,17.6555,10.3323,53.17,0.0000,0.00,0,0,0,5.02,0,0.000,-0.0000
2026-08-24T00:06:33.435598,209.08,DONE,15.6179,12.6153,87.14,0.0000,0.0000,8.7659,0,0.0,0.0,0.0,0.0,0.000,11.2825,0.0521,2.6959,6.09,17.6555,10.3323,53.17,0.0000,0.00,0,0,0,6.02,0,0.000,-0.0000
2026-08-24T00:06:34.437058,210.08,DONE,15.5789,12.6173,87.14,0.0000,0.0000,8.7607,0,0.0,0.0,0.0,0.0,0.000,11.2825,0.0521,2.6959,7.10,17.6555,10.3323,53.17,0.0000,0.00,0,0,0,7.02,0,0.000,-0.0000
2026-08-24T00:06:35.435676,211.08,DONE,15.4891,12.6217,87.14,0.0000,0.0000,8.7494,0,0.0,0.0,0.0,0.0,0.000,11.2825,0.0521,2.6959,8.09,17.6555,10.3323,53.17,0.0000,0.00,0,0,0,8.01,0,0.000,-0.0000
2026-08-24T00:06:36.459768,212.10,DONE,15.4472,12.6238,87.14,0.0000,0.0000,8.7444,0,0.0,0.0,0.0,0.0,0.000,11.2825,0.0521,2.6959,9.12,17.6555,10.3323,53.17,0.0000,0.00,0,0,0,9.03,0,0.000,-0.0000
2026-08-24T00:06:37.435648,213.08,DONE,15.3783,12.6273,87.14,0.0000,0.0000,8.7367,0,0.0,0.0,0.0,0.0,0.000,11.2825,0.0521,2.6959,10.09,17.6555,10.3323,53.17,0.0000,0.00,0,0,0,10.02,0,0.000,-0.0000
2026-08-24T00:06:38.437166,214.08,DONE,15.3244,12.6300,87.14,0.0000,0.0000,8.7310,0,0.0,0.0,0.0,0.0,0.000,11.2825,0.0521,2.6959,11.10,17.6555,10.3323,53.17,0.0000,0.00,0,0,0,11.02,0,0.000,-0.0000
2026-08-24T00:06:39.435752,215.08,DONE,15.2526,12.6335,87.14,0.0000,0.0000,8.7239,0,0.0,0.0,0.0,0.0,0.000,11.2825,0.0521,2.6959,12.09,17.6555,10.3323,53.17,0.0000,0.00,0,0,0,12.01,0,0.000,-0.0000
2026-08-24T00:06:40.442387,216.09,DONE,15.1807,12.6371,87.14,0.0000,0.0000,8.7175,0,0.0,0.0,0.0,0.0,0.000,11.2825,0.0521,2.6959,13.10,17.6555,10.3323,53.17,0.0000,0.00,0,0,0,13.02,0,0.000,-0.0000
2026-08-24T00:06:41.435752,217.08,DONE,15.1328,12.6395,87.14,0.0000,0.0000,8.7135,0,0.0,0.0,0.0,0.0,0.000,11.2825,0.0521,2.6959,14.09,17.6555,10.3323,53.17,0.0000,0.00,0,0,0,14.01,0,0.000,-0.0000
2026-08-24T00:06:42.443667,218.09,DONE,15.0490,12.6437,87.14,0.0000,0.0000,8.7071,0,0.0,0.0,0.0,0.0,0.000,11.2825,0.0521,2.6959,15.10,17.6555,10.3323,53.17,0.0000,0.00,0,0,0,15.02,0,0.000,-0.0000
2026-08-24T00:06:43.435852,219.08,DONE,14.9981,12.6462,87.14,0.0000,0.0000,8.7037,0,0.0,0.0,0.0,0.0,0.000,11.2825,0.0521,2.6959,16.09,17.6555,10.3323,53.17,0.0000,0.00,0,0,0,16.01,0,0.000,-0.0000
2026-08-24T00:06:44.437215,220.08,DONE,14.9112,12.6506,87.14,0.0000,0.0000,8.6984,0,0.0,0.0,0.0,0.0,0.000,11.2825,0.0521,2.6959,17.10,17.6555,10.3323,53.17,0.0000,0.00,0,0,0,17.02,0,0.000,-0.0000
2026-08-24T00:06:45.435770,221.08,DONE,14.8663,12.6528,87.14,0.0000,0.0000,8.6961,0,0.0,0.0,0.0,0.0,0.000,11.2825,0.0521,2.6959,18.09,17.6555,10.3323,53.17,0.0000,0.00,0,0,0,18.01,0,0.000,-0.0000
2026-08-24T00:06:46.438106,222.08,DONE,14.7645,12.6579,87.14,0.0000,0.0000,8.6916,0,0.0,0.0,0.0,0.0,0.000,11.2825,0.0521,2.6959,19.10,17.6555,10.3323,53.17,0.0000,0.00,0,0,0,19.02,0,0.000,-0.0000
2026-08-24T00:06:47.435735,223.08,DONE,14.7316,12.6595,87.14,0.0000,0.0000,8.6904,0,0.0,0.0,0.0,0.0,0.000,11.2825,0.0521,2.6959,20.09,17.6555,10.3323,53.17,0.0000,0.00,0,0,0,20.02,0,0.000,-0.0000
2026-08-24T00:06:48.442413,224.09,DONE,14.6268,12.6648,87.14,0.0000,0.0000,8.6874,0,0.0,0.0,0.0,0.0,0.000,11.2825,0.0521,2.6959,21.10,17.6555,10.3323,53.17,0.0000,0.00,0,0,0,21.02,0,0.000,-0.0000
2026-08-24T00:06:49.435746,225.08,DONE,14.6028,12.6660,87.14,0.0000,0.0000,8.6869,0,0.0,0.0,0.0,0.0,0.000,11.2825,0.0521,2.6959,22.09,17.6555,10.3323,53.17,0.0000,0.00,0,0,0,22.01,0,0.000,-0.0000
2026-08-24T00:06:50.440634,226.08,DONE,14.4831,12.6719,87.14,0.0000,0.0000,8.6854,0,0.0,0.0,0.0,0.0,0.000,11.2825,0.0521,2.6959,23.10,17.6555,10.3323,53.17,0.0000,0.00,0,0,0,23.02,0,0.000,-0.0000
2026-08-24T00:06:51.435903,227.08,DONE,14.4621,12.6730,87.14,0.0000,0.0000,8.6853,0,0.0,0.0,0.0,0.0,0.000,11.2825,0.0521,2.6959,24.09,17.6555,10.3323,53.17,0.0000,0.00,0,0,0,24.02,0,0.000,-0.0000
2026-08-24T00:06:52.437361,228.08,DONE,14.3543,12.6784,87.14,0.0000,0.0000,8.6856,0,0.0,0.0,0.0,0.0,0.000,11.2825,0.0521,2.6959,25.10,17.6555,10.3323,53.17,0.0000,0.00,0,0,0,25.01,0,0.000,-0.0000
2026-08-24T00:06:53.439788,229.08,DONE,14.3334,12.6794,87.14,0.0000,0.0000,8.6858,0,0.0,0.0,0.0,0.0,0.000,11.2825,0.0521,2.6959,26.10,17.6555,10.3323,53.17,0.0000,0.00,0,0,0,26.02,0,0.000,-0.0000
2026-08-24T00:06:54.435752,230.08,DONE,14.2226,12.6849,87.14,0.0000,0.0000,8.6878,0,0.0,0.0,0.0,0.0,0.000,11.2825,0.0521,2.6959,27.09,17.6555,10.3323,53.17,0.0000,0.00,0,0,0,27.01,0,0.000,-0.0000
2026-08-24T00:06:55.438536,231.08,DONE,14.1956,12.6863,87.14,0.0000,0.0000,8.6885,0,0.0,0.0,0.0,0.0,0.000,11.2825,0.0521,2.6959,28.10,17.6555,10.3323,53.17,0.0000,0.00,0,0,0,28.02,0,0.000,-0.0000
2026-08-24T00:06:56.435786,232.08,DONE,14.0908,12.6915,87.14,0.0000,0.0000,8.6920,0,0.0,0.0,0.0,0.0,0.000,11.2825,0.0521,2.6959,29.09,17.6555,10.3323,53.17,0.0000,0.00,0,0,0,29.01,0,0.000,-0.0000
2026-08-24T00:06:57.437676,233.08,DONE,14.0489,12.6936,87.14,0.0000,0.0000,8.6937,0,0.0,0.0,0.0,0.0,0.000,11.2825,0.0521,2.6959,30.10,17.6555,10.3323,53.17,0.0000,0.00,0,0,0,30.02,0,0.000,-0.0000
2026-08-24T00:06:58.435716,234.08,DONE,13.9531,12.6984,87.14,0.0000,0.0000,8.6985,0,0.0,0.0,0.0,0.0,0.000,11.2825,0.0521,2.6959,31.09,17.6555,10.3323,53.17,0.0000,0.00,0,0,0,31.01,0,0.000,-0.0000
2026-08-24T00:06:59.437359,235.08,DONE,13.9022,12.7009,87.14,0.0000,0.0000,8.7015,0,0.0,0.0,0.0,0.0,0.000,11.2825,0.0521,2.6959,32.10,17.6555,10.3323,53.17,0.0000,0.00,0,0,0,32.02,0,0.000,-0.0000
2026-08-24T00:07:00.435774,236.08,DONE,13.8184,12.7051,87.14,0.0000,0.0000,8.7070,0,0.0,0.0,0.0,0.0,0.000,11.2825,0.0521,2.6959,33.09,17.6555,10.3323,53.17,0.0000,0.00,0,0,0,33.01,0,0.000,-0.0000
2026-08-24T00:07:01.437125,237.08,DONE,13.7585,12.7081,87.14,0.0000,0.0000,8.7114,0,0.0,0.0,0.0,0.0,0.000,11.2825,0.0521,2.6959,34.10,17.6555,10.3323,53.17,0.0000,0.00,0,0,0,34.02,0,0.000,-0.0000
2026-08-24T00:07:02.435725,238.08,DONE,13.6836,12.7118,87.14,0.0000,0.0000,8.7176,0,0.0,0.0,0.0,0.0,0.000,11.2825,0.0521,2.6959,35.09,17.6555,10.3323,53.17,0.0000,0.00,0,0,0,35.01,0,0.000,-0.0000
2026-08-24T00:07:03.437418,239.08,DONE,13.6147,12.7152,87.14,0.0000,0.0000,8.7238,0,0.0,0.0,0.0,0.0,0.000,11.2825,0.0521,2.6959,36.10,17.6555,10.3323,53.17,0.0000,0.00,0,0,0,36.02,0,0.000,-0.0000
2026-08-24T00:07:04.435965,240.08,DONE,13.5519,12.7184,87.14,0.0000,0.0000,8.7299,0,0.0,0.0,0.0,0.0,0.000,11.2825,0.0521,2.6959,37.09,17.6555,10.3323,53.17,0.0000,0.00,0,0,0,37.01,0,0.000,-0.0000
2026-08-24T00:07:05.439344,241.08,DONE,13.4710,12.7224,87.14,0.0000,0.0000,8.7384,0,0.0,0.0,0.0,0.0,0.000,11.2825,0.0521,2.6959,38.10,17.6555,10.3323,53.17,0.0000,0.00,0,0,0,38.02,0,0.000,-0.0000
2026-08-24T00:07:06.435821,242.08,DONE,13.4231,12.7248,87.14,0.0000,0.0000,8.7439,0,0.0,0.0,0.0,0.0,0.000,11.2825,0.0521,2.6959,39.09,17.6555,10.3323,53.17,0.0000,0.00,0,0,0,39.01,0,0.000,-0.0000
2026-08-24T00:07:07.439312,243.08,DONE,13.3423,12.7288,87.14,0.0000,0.0000,8.7536,0,0.0,0.0,0.0,0.0,0.000,11.2825,0.0521,2.6959,40.10,17.6555,10.3323,53.17,0.0000,0.00,0,0,0,40.02,0,0.000,-0.0000
2026-08-24T00:07:08.435701,244.08,DONE,13.3004,12.7309,87.14,0.0000,0.0000,8.7589,0,0.0,0.0,0.0,0.0,0.000,11.2825,0.0521,2.6959,41.09,17.6555,10.3323,53.17,0.0000,0.00,0,0,0,41.01,0,0.000,-0.0000
2026-08-24T00:07:09.437988,245.08,DONE,13.1986,12.7360,87.14,0.0000,0.0000,8.7727,0,0.0,0.0,0.0,0.0,0.000,11.2825,0.0521,2.6959,42.10,17.6555,10.3323,53.17,0.0000,0.00,0,0,0,42.02,0,0.000,-0.0000
2026-08-24T00:07:10.436220,246.08,DONE,13.1596,12.7380,87.14,0.0000,0.0000,8.7783,0,0.0,0.0,0.0,0.0,0.000,11.2825,0.0521,2.6959,43.09,17.6555,10.3323,53.17,0.0000,0.00,0,0,0,43.01,0,0.000,-0.0000
2026-08-24T00:07:11.437214,247.08,DONE,13.1331,12.8197,87.14,0.1499,0.0000,8.8622,0,0.0,0.0,0.0,0.0,0.000,11.2825,0.0521,2.6959,44.10,17.6555,10.3323,53.17,0.0000,0.00,0,0,0,44.02,0,0.150,-0.0000
2026-08-24T00:07:12.435836,248.08,DONE,13.1346,12.8497,87.14,0.1499,0.0000,8.8919,0,0.0,0.0,0.0,0.0,0.000,11.2825,0.0521,2.6959,45.09,17.6555,10.3323,53.17,0.0000,0.00,0,0,0,45.01,0,0.150,-0.0000
2026-08-24T00:07:13.437462,249.08,DONE,13.1406,12.9695,87.14,0.1499,0.0000,9.0106,0,0.0,0.0,0.0,0.0,0.000,11.2825,0.0521,2.6959,46.10,17.6555,10.3323,53.17,0.0000,0.00,0,0,0,46.02,0,0.150,-0.0000
2026-08-24T00:07:14.435804,250.08,DONE,13.1416,12.9905,87.14,0.1499,0.0000,9.0313,0,0.0,0.0,0.0,0.0,0.000,11.2825,0.0521,2.6959,47.09,17.6555,10.3323,53.17,0.0000,0.00,0,0,0,47.02,0,0.150,-0.0000
2026-08-24T00:07:15.437826,251.08,DONE,13.1477,13.1132,87.14,0.1499,0.0000,9.1530,1,320.5,140.3,639.0,277.3,0.348,1.7185,-0.0020,0.3962,0.03,17.6555,10.3323,53.17,0.0000,0.00,0,0,1,0.17,0,0.150,-0.0000
2026-08-24T00:07:16.437162,252.08,DONE,13.1486,13.1312,87.14,0.1499,0.0000,9.1708,1,320.5,140.0,638.9,276.5,0.386,0.6257,-0.0007,0.1444,0.46,17.6555,10.3323,53.17,0.0000,0.00,0,0,1,0.38,0,0.150,-0.0000
2026-08-24T00:07:17.435618,253.08,DONE,13.1540,13.2390,87.14,0.1499,0.0000,9.2777,1,320.6,138.9,638.7,274.6,0.477,1.7129,-0.0026,0.4003,0.02,17.6555,10.3323,53.17,0.0000,0.00,0,0,1,0.02,0,0.150,-0.0000
2026-08-24T00:07:18.438660,254.08,DONE,13.1554,13.2660,87.14,0.1499,0.0000,9.3044,1,320.8,138.3,638.4,273.4,0.473,1.7072,-0.0031,0.4015,0.50,17.6555,10.3323,53.17,0.0000,0.00,0,0,1,0.42,0,0.150,-0.0000
2026-08-24T00:07:19.435859,255.08,DONE,13.1592,13.3439,87.14,0.1499,0.0000,9.3816,1,320.3,136.9,639.4,271.6,0.453,0.9558,-0.0022,0.2266,0.05,17.6555,10.3323,53.17,0.0000,0.00,0,0,1,0.06,0,0.150,-0.0000
2026-08-24T00:07:20.435814,256.08,DONE,13.1643,13.4457,87.14,0.1499,0.0000,9.4826,1,321.5,136.3,637.0,270.2,0.510,11.7953,-0.0393,2.8268,0.01,17.6555,10.3323,53.17,0.0000,0.00,0,0,1,0.01,0,0.150,-0.0000
2026-08-24T00:07:21.439601,257.08,DONE,13.1664,13.4876,87.14,0.1499,0.0000,9.5242,1,321.6,136.4,636.8,270.6,0.582,11.2825,-0.0411,2.7023,0.08,17.6555,10.3323,53.17,0.0000,0.00,0,0,1,0.62,0,0.150,-0.0000
2026-08-24T00:07:22.435826,258.08,DONE,13.1700,13.5595,87.14,0.1499,0.0000,9.5955,1,321.3,136.1,637.4,270.0,0.612,10.8124,-0.0321,2.5980,0.05,17.6555,10.3323,53.17,0.0000,0.00,0,0,1,0.08,0,0.150,-0.0000
2026-08-24T00:07:23.437873,259.08,DONE,13.1722,13.6044,87.14,0.1499,0.0000,9.6400,1,321.6,136.3,636.8,270.4,0.616,1.8083,-0.0063,0.4335,0.59,17.6555,10.3323,53.17,0.0000,0.00,0,0,1,0.51,0,0.150,-0.0000
2026-08-24T00:07:24.435824,260.08,DONE,13.1758,13.6763,87.14,0.1499,0.0000,9.7113,1,321.3,135.1,637.3,268.0,0.621,11.0425,-0.0340,2.6793,0.02,17.6555,10.3323,53.17,0.0000,0.00,0,0,1,0.03,0,0.150,-0.0000
2026-08-24T00:07:25.439145,261.08,DONE,13.1788,13.7362,87.14,0.1499,0.0000,9.7708,1,321.5,133.5,637.0,265.0,0.596,11.0425,-0.0379,2.7194,0.13,17.6555,10.3323,53.17,0.0000,0.00,0,0,1,0.06,0,0.150,-0.0000
2026-08-24T00:07:26.436009,262.08,DONE,13.1824,13.8081,87.14,0.1499,0.0000,9.8421,1,321.1,132.7,637.5,263.6,0.602,0.8536,-0.0020,0.2110,0.05,17.6555,10.3323,53.17,0.0000,0.00,0,0,1,0.04,0,0.150,-0.0000
2026-08-24T00:07:27.439451,263.08,DONE,13.1857,13.8759,87.52,0.2997,0.1999,9.9094,1,321.7,132.8,636.6,263.9,0.645,10.8124,-0.0134,2.6188,0.50,17.6555,10.3323,53.17,0.0000,0.00,0,0,1,0.41,0,0.300,0.2000
2026-08-24T00:07:28.435610,264.08,DONE,13.1862,13.9958,92.10,0.2997,0.1999,10.0289,1,319.3,130.4,638.5,259.9,0.505,1.1904,0.0017,0.3064,0.00,17.6555,10.3323,53.17,0.0000,0.00,0,0,1,0.00,0,0.300,0.2000
2026-08-24T00:07:29.467661,265.11,DONE,13.1745,14.1512,94.88,0.2997,0.0126,10.1847,1,319.4,129.7,638.7,258.6,0.499,1.0196,0.0015,0.2601,0.38,17.6555,10.3323,53.17,0.0000,0.00,0,0,1,0.27,0,0.300,0.0126
2026-08-24T00:07:30.435634,266.08,DONE,13.1663,14.2407,95.67,0.2997,0.0738,10.2746,1,319.4,129.7,638.7,258.7,0.476,0.5925,0.0009,0.1511,0.06,17.6555,10.3323,53.17,0.0000,0.00,0,0,1,0.07,0,0.300,0.0739
2026-08-24T00:07:31.443206,267.09,DONE,13.1427,14.4311,98.40,0.2997,0.0655,10.4663,1,319.4,135.8,638.8,270.2,0.247,1.1559,0.0014,0.2818,0.07,17.6555,10.3323,53.17,0.0000,0.00,0,0,1,0.27,0,0.300,0.0656
2026-08-24T00:07:32.435873,268.08,DONE,13.1335,14.4903,99.12,0.2997,0.0585,10.5261,1,319.4,141.6,638.8,281.7,0.177,0.7948,0.0010,0.1852,0.02,17.6555,10.3323,53.17,0.0000,0.00,0,0,1,0.04,0,0.300,0.0585
2026-08-24T00:07:33.439855,269.08,DONE,13.1020,14.6674,101.01,0.2997,0.0508,10.7051,0,0.0,0.0,0.0,0.0,0.000,0.7700,0.0011,0.1734,0.73,17.6555,10.3323,53.17,0.0000,0.00,0,0,1,0.65,0,0.300,0.0517
2026-08-24T00:07:34.436437,270.08,DONE,13.0962,14.6968,101.31,0.2997,0.0497,10.7349,0,0.0,0.0,0.0,0.0,0.000,0.7700,0.0011,0.1734,1.72,17.6555,10.3323,53.17,0.0000,0.00,0,0,0,1.64,0,0.300,0.0503
2026-08-24T00:07:35.436232,271.08,DONE,13.0767,14.7907,102.19,0.2997,0.0450,10.8301,0,0.0,0.0,0.0,0.0,0.000,0.7700,0.0011,0.1734,2.72,17.6555,10.3323,53.17,0.0000,0.00,0,0,0,2.64,0,0.300,0.0450
2026-08-24T00:07:36.436293,272.08,DONE,13.0517,14.9018,103.13,0.2997,0.0405,10.9430,0,0.0,0.0,0.0,0.0,0.000,0.7700,0.0011,0.1734,3.72,17.6555,10.3323,53.17,0.0000,0.00,0,0,0,3.64,0,0.300,0.0405
2026-08-24T00:07:37.435971,273.08,DONE,13.0293,14.9951,103.85,0.2997,0.0383,11.0379,0,0.0,0.0,0.0,0.0,0.000,0.7700,0.0011,0.1734,4.72,17.6555,10.3323,53.17,0.0000,0.00,0,0,0,4.64,0,0.300,0.0383
2026-08-24T00:07:38.436015,274.08,DONE,12.9765,15.1982,105.25,0.2997,0.0307,11.2448,0,0.0,0.0,0.0,0.0,0.000,0.7700,0.0011,0.1734,5.72,17.6555,10.3323,53.17,0.0000,0.00,0,0,0,5.64,0,0.300,0.0307
2026-08-24T00:07:39.435748,275.08,DONE,12.9090,15.4345,106.63,0.2997,0.0268,11.4864,0,0.0,0.0,0.0,0.0,0.000,0.7700,0.0011,0.1734,6.72,17.6555,10.3323,53.17,0.0000,0.00,0,0,0,6.64,0,0.300,0.0268
2026-08-24T00:07:40.435777,276.08,DONE,12.8326,15.6807,107.81,0.2997,0.0214,11.7389,0,0.0,0.0,0.0,0.0,0.000,0.7700,0.0011,0.1734,7.72,17.6555,10.3323,53.17,0.0000,0.00,0,0,0,7.64,0,0.300,0.0215
2026-08-24T00:07:41.435780,277.08,DONE,12.7497,15.9311,108.61,0.2997,0.0000,11.9964,0,0.0,0.0,0.0,0.0,0.000,0.7700,0.0011,0.1734,8.72,17.6555,10.3323,53.17,0.0000,0.00,0,0,0,8.64,0,0.300,-0.0001
2026-08-24T00:07:42.435728,278.08,DONE,12.6628,16.1928,108.21,0.2997,0.0000,12.2659,0,0.0,0.0,0.0,0.0,0.000,0.7700,0.0011,0.1734,9.72,17.6555,10.3323,53.17,0.0000,0.00,0,0,0,9.64,0,0.300,-0.0000
2026-08-24T00:07:43.435575,279.08,DONE,12.5785,16.4491,108.21,0.2997,0.0000,12.5300,0,0.0,0.0,0.0,0.0,0.000,0.7700,0.0011,0.1734,10.72,17.6555,10.3323,53.17,0.0000,0.00,0,0,0,10.64,0,0.300,0.0000
2026-08-24T00:07:44.435695,280.08,DONE,12.4961,16.6996,108.21,0.2997,0.0000,12.7884,0,0.0,0.0,0.0,0.0,0.000,0.7700,0.0011,0.1734,11.72,17.6555,10.3323,53.17,0.0000,0.00,0,0,0,11.64,0,0.300,0.0000
2026-08-24T00:07:45.435495,281.08,DONE,12.4118,16.9559,108.21,0.2997,0.0000,13.0529,0,0.0,0.0,0.0,0.0,0.000,0.7700,0.0011,0.1734,12.72,17.6555,10.3323,53.17,0.0000,0.00,0,0,0,12.64,0,0.300,0.0000
2026-08-24T00:07:46.435706,282.08,DONE,12.3275,17.2121,108.21,0.2997,0.0000,13.3176,0,0.0,0.0,0.0,0.0,0.000,0.7700,0.0011,0.1734,13.72,17.6555,10.3323,53.17,0.0000,0.00,0,0,0,13.64,0,0.300,0.0000
2026-08-24T00:07:47.435780,283.08,DONE,12.2413,17.4741,108.21,0.2997,0.0000,13.5884,0,0.0,0.0,0.0,0.0,0.000,0.7700,0.0011,0.1734,14.72,17.6555,10.3323,53.17,0.0000,0.00,0,0,0,14.64,0,0.300,0.0000
2026-08-24T00:07:48.436475,284.08,DONE,12.1551,17.7360,108.21,0.2997,0.0000,13.8594,0,0.0,0.0,0.0,0.0,0.000,0.7700,0.0011,0.1734,15.72,17.6555,10.3323,53.17,0.0000,0.00,0,0,0,15.64,0,0.300,0.0000
2026-08-24T00:07:49.435763,285.08,DONE,12.0745,17.9809,108.21,0.2997,0.0000,14.1129,0,0.0,0.0,0.0,0.0,0.000,0.7700,0.0011,0.1734,16.72,17.6555,10.3323,53.17,0.0000,0.00,0,0,0,16.64,0,0.300,-0.0000
2026-08-24T00:07:50.435862,286.08,DONE,11.9884,18.2429,108.21,0.2997,0.0000,14.3842,0,0.0,0.0,0.0,0.0,0.000,0.7700,0.0011,0.1734,17.72,17.6555,10.3323,53.17,0.0000,0.00,0,0,0,17.64,0,0.300,0.0000
2026-08-24T00:07:51.435779,287.08,DONE,11.9078,18.4877,108.21,0.2997,0.0000,14.6380,0,0.0,0.0,0.0,0.0,0.000,0.7700,0.0011,0.1734,18.72,17.6555,10.3323,53.17,0.0000,0.00,0,0,0,18.64,0,0.300,0.0000
2026-08-24T00:07:52.435694,288.08,DONE,11.8216,18.7497,108.21,0.2997,0.0000,14.9097,0,0.0,0.0,0.0,0.0,0.000,0.7700,0.0011,0.1734,19.72,17.6555,10.3323,53.17,0.0000,0.00,0,0,0,19.64,0,0.300,0.0000
2026-08-24T00:07:53.436019,289.08,DONE,11.7355,19.0116,108.21,0.2997,0.0000,15.1815,0,0.0,0.0,0.0,0.0,0.000,0.7700,0.0011,0.1734,20.72,17.6555,10.3323,53.17,0.0000,0.00,0,0,0,20.64,0,0.300,0.0000
2026-08-24T00:07:54.435623,290.08,DONE,11.6511,19.2679,108.21,0.2997,0.0000,15.4475,0,0.0,0.0,0.0,0.0,0.000,0.7700,0.0011,0.1734,21.72,17.6555,10.3323,53.17,0.0000,0.00,0,0,0,21.64,0,0.300,0.0000
2026-08-24T00:07:55.435620,291.08,DONE,11.6383,19.3069,108.21,0.0000,0.0000,15.4880,0,0.0,0.0,0.0,0.0,0.000,0.7700,0.0011,0.1734,22.72,17.6555,10.3323,53.17,0.0000,0.00,0,0,0,22.64,0,0.000,0.0000
2026-08-24T00:07:56.435577,292.08,DONE,11.6383,19.3069,108.21,0.0000,0.0000,15.4880,0,0.0,0.0,0.0,0.0,0.000,0.7700,0.0011,0.1734,23.72,17.6555,10.3323,53.17,0.0000,0.00,0,0,0,23.64,0,0.000,0.0000
2026-08-24T00:07:57.435832,293.08,DONE,11.6383,19.3069,108.21,0.0000,0.0000,15.4880,0,0.0,0.0,0.0,0.0,0.000,0.7700,0.0011,0.1734,24.72,17.6555,10.3323,53.17,0.0000,0.00,0,0,0,24.64,0,0.000,0.0000
2026-08-24T00:07:58.436397,294.08,DONE,11.6383,19.3069,108.21,0.0000,0.0000,15.4880,0,0.0,0.0,0.0,0.0,0.000,0.7700,0.0011,0.1734,25.72,17.6555,10.3323,53.17,0.0000,0.00,0,0,0,25.64,0,0.000,0.0000
2026-08-24T00:07:59.435578,295.08,DONE,11.6383,19.3069,108.21,0.0000,0.0000,15.4880,0,0.0,0.0,0.0,0.0,0.000,0.7700,0.0011,0.1734,26.72,17.6555,10.3323,53.17,0.0000,0.00,0,0,0,26.64,0,0.000,0.0000
2026-08-24T00:08:00.435599,296.08,DONE,11.6383,19.3069,108.21,0.0000,0.0000,15.4880,0,0.0,0.0,0.0,0.0,0.000,0.7700,0.0011,0.1734,27.72,17.6555,10.3323,53.17,0.0000,0.00,0,0,0,27.64,0,0.000,0.0000
2026-08-24T00:08:01.435677,297.08,DONE,11.6383,19.3069,108.21,0.0000,0.0000,15.4880,0,0.0,0.0,0.0,0.0,0.000,0.7700,0.0011,0.1734,28.72,17.6555,10.3323,53.17,0.0000,0.00,0,0,0,28.64,0,0.000,0.0000
2026-08-24T00:08:02.435672,298.08,DONE,11.6383,19.3069,108.21,0.0000,0.0000,15.4880,0,0.0,0.0,0.0,0.0,0.000,0.7700,0.0011,0.1734,29.72,17.6555,10.3323,53.17,0.0000,0.00,0,0,0,29.64,0,0.000,0.0000
2026-08-24T00:08:03.435654,299.08,DONE,11.6383,19.3069,108.21,0.0000,0.0000,15.4880,0,0.0,0.0,0.0,0.0,0.000,0.7700,0.0011,0.1734,30.72,17.6555,10.3323,53.17,0.0000,0.00,0,0,0,30.64,0,0.000,0.0000
2026-08-24T00:08:04.435591,300.08,DONE,11.6383,19.3069,108.21,0.0000,0.0000,15.4880,0,0.0,0.0,0.0,0.0,0.000,0.7700,0.0011,0.1734,31.72,17.6555,10.3323,53.17,0.0000,0.00,0,0,0,31.64,0,0.000,0.0000
2026-08-24T00:08:05.435823,301.08,DONE,11.6383,19.3069,108.21,0.0000,0.0000,15.4880,0,0.0,0.0,0.0,0.0,0.000,0.7700,0.0011,0.1734,32.72,17.6555,10.3323,53.17,0.0000,0.00,0,0,0,32.64,0,0.000,0.0000
2026-08-24T00:08:06.435820,302.08,DONE,11.6383,19.3069,108.21,0.0000,0.0000,15.4880,0,0.0,0.0,0.0,0.0,0.000,0.7700,0.0011,0.1734,33.72,17.6555,10.3323,53.17,0.0000,0.00,0,0,0,33.64,0,0.000,0.0000
2026-08-24T00:08:07.435718,303.08,DONE,11.6383,19.3069,101.58,0.0000,-0.1999,15.4880,0,0.0,0.0,0.0,0.0,0.000,0.7700,0.0011,0.1734,34.72,17.6555,10.3323,53.17,0.0000,0.00,0,0,0,34.64,0,0.000,-0.2000
2026-08-24T00:08:08.435785,304.08,DONE,11.6383,19.3069,93.74,0.0000,-0.0856,15.4880,0,0.0,0.0,0.0,0.0,0.000,0.7700,0.0011,0.1734,35.72,17.6555,10.3323,53.17,0.0000,0.00,0,0,0,35.64,0,0.000,-0.0856
2026-08-24T00:08:09.436020,305.08,DONE,11.7147,19.3102,92.49,-0.0000,0.0000,15.4798,0,0.0,0.0,0.0,0.0,0.000,0.7700,0.0011,0.1734,36.72,17.6555,10.3323,53.17,0.0000,0.00,0,0,0,36.64,0,0.000,0.0006
2026-08-24T00:08:10.435743,306.08,DONE,11.8525,19.3162,92.51,-0.0000,0.0000,15.4660,0,0.0,0.0,0.0,0.0,0.000,0.7700,0.0011,0.1734,37.72,17.6555,10.3323,53.17,0.0000,0.00,0,0,0,37.64,0,0.000,0.0002
2026-08-24T00:08:11.435703,307.08,DONE,11.9902,19.3223,92.52,-0.0000,0.0000,15.4535,0,0.0,0.0,0.0,0.0,0.000,0.7700,0.0011,0.1734,38.72,17.6555,10.3323,53.17,0.0000,0.00,0,0,0,38.64,0,0.000,0.0001
2026-08-24T00:08:12.435758,308.08,DONE,12.1280,19.3283,92.52,-0.0000,0.0000,15.4422,0,0.0,0.0,0.0,0.0,0.000,0.7700,0.0011,0.1734,39.72,17.6555,10.3323,53.17,0.0000,0.00,0,0,0,39.64,0,0.000,0.0000
2026-08-24T00:08:13.435797,309.08,DONE,12.2658,19.3344,92.52,-0.0000,0.0000,15.4321,0,0.0,0.0,0.0,0.0,0.000,0.7700,0.0011,0.1734,40.72,17.6555,10.3323,53.17,0.0000,0.00,0,0,0,40.64,0,0.000,0.0000
2026-08-24T00:08:14.435649,310.08,DONE,12.4035,19.3404,92.52,-0.0000,0.0000,15.4233,0,0.0,0.0,0.0,0.0,0.000,0.7700,0.0011,0.1734,41.72,17.6555,10.3323,53.17,0.0000,0.00,0,0,0,41.64,0,0.000,0.0000
2026-08-24T00:08:15.435805,311.08,DONE,12.5353,19.3462,92.52,-0.0000,0.0000,15.4160,0,0.0,0.0,0.0,0.0,0.000,0.7700,0.0011,0.1734,42.72,17.6555,10.3323,53.17,0.0000,0.00,0,0,0,42.64,0,0.000,0.0000
2026-08-24T00:08:16.436031,312.08,DONE,12.6701,19.3522,92.52,-0.0000,0.0000,15.4097,0,0.0,0.0,0.0,0.0,0.000,0.7700,0.0011,0.1734,43.72,17.6555,10.3323,53.17,0.0000,0.00,0,0,0,43.64,0,0.000,0.0000
2026-08-24T00:08:17.435721,313.08,DONE,12.8079,19.3582,92.52,-0.0000,0.0000,15.4044,0,0.0,0.0,0.0,0.0,0.000,0.7700,0.0011,0.1734,44.72,17.6555,10.3323,53.17,0.0000,0.00,0,0,0,44.64,0,0.000,0.0000
2026-08-24T00:08:18.435621,314.08,DONE,12.9456,19.3643,92.52,-0.0000,0.0000,15.4004,0,0.0,0.0,0.0,0.0,0.000,0.7700,0.0011,0.1734,45.72,17.6555,10.3323,53.17,0.0000,0.00,0,0,0,45.64,0,0.000,0.0000
2026-08-24T00:08:19.435629,315.08,DONE,13.0834,19.3703,92.52,-0.0000,0.0000,15.3976,0,0.0,0.0,0.0,0.0,0.000,0.7700,0.0011,0.1734,46.72,17.6555,10.3323,53.17,0.0000,0.00,0,0,0,46.64,0,0.000,0.0000
2026-08-24T00:08:20.435776,316.08,DONE,13.2212,19.3764,92.52,-0.0000,0.0000,15.3961,0,0.0,0.0,0.0,0.0,0.000,0.7700,0.0011,0.1734,47.72,17.6555,10.3323,53.17,0.0000,0.00,0,0,0,47.64,0,0.000,0.0000
2026-08-24T00:08:21.435666,317.08,DONE,13.3590,19.3825,92.52,-0.0000,0.0000,15.3958,0,0.0,0.0,0.0,0.0,0.000,0.7700,0.0011,0.1734,48.72,17.6555,10.3323,53.17,0.0000,0.00,0,0,0,48.64,0,0.000,0.0000
2026-08-24T00:08:22.435685,318.08,DONE,13.4967,19.3885,92.52,0.0000,0.0000,15.3967,0,0.0,0.0,0.0,0.0,0.000,0.7700,0.0011,0.1734,49.72,17.6555,10.3323,53.17,0.0000,0.00,0,0,0,49.64,0,0.000,0.0000
2026-08-24T00:08:23.435587,319.08,DONE,13.6375,19.3947,92.52,0.0000,0.0000,15.3990,0,0.0,0.0,0.0,0.0,0.000,0.7700,0.0011,0.1734,50.72,17.6555,10.3323,53.17,0.0000,0.00,0,0,0,50.64,0,0.000,0.0000
2026-08-24T00:08:24.435702,320.08,DONE,13.7753,19.4008,92.52,0.0000,0.0000,15.4024,0,0.0,0.0,0.0,0.0,0.000,0.7700,0.0011,0.1734,51.72,17.6555,10.3323,53.17,0.0000,0.00,0,0,0,51.64,0,0.000,0.0000
2026-08-24T00:08:25.435863,321.08,DONE,13.9160,19.4070,92.52,0.0000,0.0000,15.4072,0,0.0,0.0,0.0,0.0,0.000,0.7700,0.0011,0.1734,52.72,17.6555,10.3323,53.17,0.0000,0.00,0,0,0,52.64,0,0.000,0.0000
2026-08-24T00:08:26.435663,322.08,DONE,14.0508,19.4129,92.52,0.0000,0.0000,15.4130,0,0.0,0.0,0.0,0.0,0.000,0.7700,0.0011,0.1734,53.72,17.6555,10.3323,53.17,0.0000,0.00,0,0,0,53.64,0,0.000,0.0000
2026-08-24T00:08:27.435557,323.08,DONE,14.1916,19.4191,92.52,0.0000,0.0000,15.4203,0,0.0,0.0,0.0,0.0,0.000,0.7700,0.0011,0.1734,54.72,17.6555,10.3323,53.17,0.0000,0.00,0,0,0,54.64,0,0.000,0.0000
2026-08-24T00:08:28.435696,324.08,DONE,14.3294,19.4251,92.52,0.0000,0.0000,15.4287,0,0.0,0.0,0.0,0.0,0.000,0.7700,0.0011,0.1734,55.72,17.6555,10.3323,53.17,0.0000,0.00,0,0,0,55.64,0,0.000,0.0000
2026-08-24T00:08:29.435757,325.08,DONE,14.4671,19.4312,92.52,0.0000,0.0000,15.4383,0,0.0,0.0,0.0,0.0,0.000,0.7700,0.0011,0.1734,56.72,17.6555,10.3323,53.17,0.0000,0.00,0,0,0,56.64,0,0.000,0.0000
2026-08-24T00:08:30.435597,326.08,DONE,14.6049,19.4373,92.52,0.0000,0.0000,15.4491,0,0.0,0.0,0.0,0.0,0.000,0.7700,0.0011,0.1734,57.72,17.6555,10.3323,53.17,0.0000,0.00,0,0,0,57.64,0,0.000,0.0000
2026-08-24T00:08:31.435653,327.08,DONE,14.5630,19.4354,92.52,0.0000,0.0000,15.4457,0,0.0,0.0,0.0,0.0,0.000,0.7700,0.0011,0.1734,58.72,17.6555,10.3323,53.17,0.0000,0.00,0,0,0,58.64,0,0.000,0.0000
2026-08-24T00:08:32.435771,328.08,DONE,14.4282,19.4295,92.52,0.0000,0.0000,15.4354,0,0.0,0.0,0.0,0.0,0.000,0.7700,0.0011,0.1734,59.72,17.6555,10.3323,53.17,0.0000,0.00,0,0,0,59.64,0,0.000,-0.0000
2026-08-24T00:08:33.435731,329.08,DONE,14.2934,19.4236,92.52,-0.0000,0.0000,15.4264,0,0.0,0.0,0.0,0.0,0.000,0.7700,0.0011,0.1734,60.72,17.6555,10.3323,53.17,0.0000,0.00,0,0,0,60.64,0,0.000,-0.0000
2026-08-24T00:08:34.435706,330.08,DONE,14.1616,19.4178,92.52,0.0000,0.0000,15.4186,0,0.0,0.0,0.0,0.0,0.000,0.7700,0.0011,0.1734,61.72,17.6555,10.3323,53.17,0.0000,0.00,0,0,0,61.64,0,0.000,-0.0000
2026-08-24T00:08:35.435622,331.08,DONE,14.0298,19.4120,92.52,0.0000,0.0000,15.4120,0,0.0,0.0,0.0,0.0,0.000,0.7700,0.0011,0.1734,62.72,17.6555,10.3323,53.17,0.0000,0.00,0,0,0,62.64,0,0.000,-0.0000
2026-08-24T00:08:36.435787,332.08,DONE,13.8981,19.4062,92.52,-0.0000,0.0000,15.4065,0,0.0,0.0,0.0,0.0,0.000,0.7700,0.0011,0.1734,63.72,17.6555,10.3323,53.17,0.0000,0.00,0,0,0,63.64,0,0.000,-0.0000
2026-08-24T00:08:37.435882,333.08,DONE,13.7633,19.4002,92.52,0.0000,0.0000,15.4021,0,0.0,0.0,0.0,0.0,0.000,0.7700,0.0011,0.1734,64.72,17.6555,10.3323,53.17,0.0000,0.00,0,0,0,64.64,0,0.000,-0.0000
2026-08-24T00:08:38.435565,334.08,DONE,13.6255,19.3942,92.52,-0.0000,0.0000,15.3987,0,0.0,0.0,0.0,0.0,0.000,0.7700,0.0011,0.1734,65.72,17.6555,10.3323,53.17,0.0000,0.00,0,0,0,65.64,0,0.000,-0.0000
2026-08-24T00:08:39.435658,335.08,DONE,13.4877,19.3881,92.52,-0.0000,0.0000,15.3966,0,0.0,0.0,0.0,0.0,0.000,0.7700,0.0011,0.1734,66.72,17.6555,10.3323,53.17,0.0000,0.00,0,0,0,66.64,0,0.000,-0.0000
2026-08-24T00:08:40.435750,336.08,DONE,13.3470,19.3819,92.52,-0.0000,0.0000,15.3958,0,0.0,0.0,0.0,0.0,0.000,0.7700,0.0011,0.1734,67.72,17.6555,10.3323,53.17,0.0000,0.00,0,0,0,67.64,0,0.000,-0.0000
2026-08-24T00:08:41.435841,337.08,DONE,13.2092,19.3759,92.52,-0.0000,0.0000,15.3962,0,0.0,0.0,0.0,0.0,0.000,0.7700,0.0011,0.1734,68.72,17.6555,10.3323,53.17,0.0000,0.00,0,0,0,68.64,0,0.000,-0.0000
2026-08-24T00:08:42.435651,338.08,DONE,13.0714,19.3698,92.52,-0.0000,0.0000,15.3978,0,0.0,0.0,0.0,0.0,0.000,0.7700,0.0011,0.1734,69.72,17.6555,10.3323,53.17,0.0000,0.00,0,0,0,69.64,0,0.000,-0.0000
2026-08-24T00:08:43.436095,339.08,DONE,12.9337,19.3638,92.52,-0.0000,0.0000,15.4007,0,0.0,0.0,0.0,0.0,0.000,0.7700,0.0011,0.1734,70.72,17.6555,10.3323,53.17,0.0000,0.00,0,0,0,70.64,0,0.000,-0.0000
2026-08-24T00:08:44.435677,340.08,DONE,12.7989,19.3578,92.52,-0.0000,0.0000,15.4047,0,0.0,0.0,0.0,0.0,0.000,0.7700,0.0011,0.1734,71.72,17.6555,10.3323,53.17,0.0000,0.00,0,0,0,71.64,0,0.000,-0.0000
2026-08-24T00:08:45.435718,341.08,DONE,12.6611,19.3518,92.52,-0.0000,0.0000,15.4100,0,0.0,0.0,0.0,0.0,0.000,0.7700,0.0011,0.1734,72.72,17.6555,10.3323,53.17,0.0000,0.00,0,0,0,72.64,0,0.000,-0.0000
2026-08-24T00:08:46.435906,342.08,DONE,12.5233,19.3457,92.52,-0.0000,0.0000,15.4166,0,0.0,0.0,0.0,0.0,0.000,0.7700,0.0011,0.1734,73.72,17.6555,10.3323,53.17,0.0000,0.00,0,0,0,73.64,0,0.000,-0.0000
2026-08-24T00:08:47.435667,343.08,DONE,12.3886,19.3398,92.52,-0.0000,0.0000,15.4242,0,0.0,0.0,0.0,0.0,0.000,0.7700,0.0011,0.1734,74.72,17.6555,10.3323,53.17,0.0000,0.00,0,0,0,74.64,0,0.000,-0.0000
2026-08-24T00:08:48.435681,344.08,DONE,12.2508,19.3337,92.52,-0.0000,0.0000,15.4332,0,0.0,0.0,0.0,0.0,0.000,0.7700,0.0011,0.1734,75.72,17.6555,10.3323,53.17,0.0000,0.00,0,0,0,75.64,0,0.000,-0.0000
2026-08-24T00:08:49.435645,345.08,DONE,12.1190,19.3279,92.52,-0.0000,0.0000,15.4429,0,0.0,0.0,0.0,0.0,0.000,0.7700,0.0011,0.1734,76.72,17.6555,10.3323,53.17,0.0000,0.00,0,0,0,76.64,0,0.000,-0.0000
2026-08-24T00:08:50.435599,346.08,DONE,11.9842,19.3220,92.52,-0.0000,0.0000,15.4540,0,0.0,0.0,0.0,0.0,0.000,0.7700,0.0011,0.1734,77.72,17.6555,10.3323,53.17,0.0000,0.00,0,0,0,77.64,0,0.000,-0.0000
2026-08-24T00:08:51.435699,347.08,DONE,11.8495,19.3161,92.52,-0.0000,0.0000,15.4663,0,0.0,0.0,0.0,0.0,0.000,0.7700,0.0011,0.1734,78.72,17.6555,10.3323,53.17,0.0000,0.00,0,0,0,78.64,0,0.000,-0.0000
2026-08-24T00:08:52.435736,348.08,DONE,11.7147,19.3101,92.52,-0.0000,0.0000,15.4798,0,0.0,0.0,0.0,0.0,0.000,0.7700,0.0011,0.1734,79.72,17.6555,10.3323,53.17,0.0000,0.00,0,0,0,79.64,0,0.000,-0.0000
2026-08-24T00:08:53.435858,349.08,DONE,11.5769,19.3041,92.52,-0.0000,0.0000,15.4947,0,0.0,0.0,0.0,0.0,0.000,0.7700,0.0011,0.1734,80.72,17.6555,10.3323,53.17,0.0000,0.00,0,0,0,80.64,0,0.000,-0.0000
2026-08-24T00:08:54.435687,350.08,DONE,11.4391,19.2980,92.52,-0.0000,0.0000,15.5109,0,0.0,0.0,0.0,0.0,0.000,0.7700,0.0011,0.1734,81.72,17.6555,10.3323,53.17,0.0000,0.00,0,0,0,81.64,0,0.000,-0.0000
2026-08-24T00:08:55.435722,351.08,DONE,11.3074,19.2922,92.52,-0.0000,0.0000,15.5275,0,0.0,0.0,0.0,0.0,0.000,0.7700,0.0011,0.1734,82.72,17.6555,10.3323,53.17,0.0000,0.00,0,0,0,82.64,0,0.000,-0.0000
2026-08-24T00:08:56.435686,352.08,DONE,11.1726,19.2863,92.52,-0.0000,0.0000,15.5456,0,0.0,0.0,0.0,0.0,0.000,0.7700,0.0011,0.1734,83.72,17.6555,10.3323,53.17,0.0000,0.00,0,0,0,83.64,0,0.000,-0.0000
2026-08-24T00:08:57.435818,353.08,DONE,11.0378,19.2804,92.52,-0.0000,0.0000,15.5648,0,0.0,0.0,0.0,0.0,0.000,0.7700,0.0011,0.1734,84.72,17.6555,10.3323,53.17,0.0000,0.00,0,0,0,84.64,0,0.000,-0.0000
2026-08-24T00:08:58.435717,354.08,DONE,10.9060,19.2746,92.52,-0.0000,0.0000,15.5848,0,0.0,0.0,0.0,0.0,0.000,0.7700,0.0011,0.1734,85.72,17.6555,10.3323,53.17,0.0000,0.00,0,0,0,85.64,0,0.000,-0.0000
2026-08-24T00:08:59.435708,355.08,DONE,10.7713,19.2686,92.52,-0.0000,0.0000,15.6063,0,0.0,0.0,0.0,0.0,0.000,0.7700,0.0011,0.1734,86.72,17.6555,10.3323,53.17,0.0000,0.00,0,0,0,86.64,0,0.000,-0.0000
2026-08-24T00:09:00.435891,356.08,DONE,10.6365,19.2627,92.52,-0.0000,0.0000,15.6289,0,0.0,0.0,0.0,0.0,0.000,0.7700,0.0011,0.1734,87.72,17.6555,10.3323,53.17,0.0000,0.00,0,0,0,87.64,0,0.000,-0.0000
2026-08-24T00:09:01.435685,357.08,DONE,10.5017,19.2568,92.52,-0.0000,0.0000,15.6527,0,0.0,0.0,0.0,0.0,0.000,0.7700,0.0011,0.1734,88.72,17.6555,10.3323,53.17,0.0000,0.00,0,0,0,88.64,0,0.000,-0.0000
2026-08-24T00:09:02.435668,358.08,DONE,10.3669,19.2509,92.52,-0.0000,0.0000,15.6776,0,0.0,0.0,0.0,0.0,0.000,0.7700,0.0011,0.1734,89.72,17.6555,10.3323,53.17,0.0000,0.00,0,0,0,89.64,0,0.000,-0.0000
2026-08-24T00:09:03.435814,359.08,DONE,10.2322,19.2449,92.52,-0.0000,0.0000,15.7036,0,0.0,0.0,0.0,0.0,0.000,0.7700,0.0011,0.1734,90.72,17.6555,10.3323,53.17,0.0000,0.00,0,0,0,90.64,0,0.000,-0.0000
2026-08-24T00:09:04.435605,360.08,DONE,10.0974,19.2390,92.52,-0.0000,0.0000,15.7308,0,0.0,0.0,0.0,0.0,0.000,0.7700,0.0011,0.1734,91.72,17.6555,10.3323,53.17,0.0000,0.00,0,0,0,91.64,0,0.000,-0.0000
2026-08-24T00:09:05.435708,361.08,DONE,9.9626,19.2331,92.52,-0.0000,0.0000,15.7590,0,0.0,0.0,0.0,0.0,0.000,0.7700,0.0011,0.1734,92.72,17.6555,10.3323,53.17,0.0000,0.00,0,0,0,92.64,0,0.000,-0.0000
2026-08-24T00:09:06.436202,362.08,DONE,9.8368,19.2275,92.52,-0.0000,0.0000,15.7864,0,0.0,0.0,0.0,0.0,0.000,0.7700,0.0011,0.1734,93.72,17.6555,10.3323,53.17,0.0000,0.00,0,0,0,93.64,0,0.000,-0.0000
2026-08-24T00:09:07.435657,363.08,DONE,9.7050,19.2217,92.52,-0.0000,0.0000,15.8161,0,0.0,0.0,0.0,0.0,0.000,0.7700,0.0011,0.1734,94.72,17.6555,10.3323,53.17,0.0000,0.00,0,0,0,94.64,0,0.000,-0.0000
2026-08-24T00:09:08.435757,364.08,DONE,9.5732,19.2159,92.52,-0.0000,0.0000,15.8468,0,0.0,0.0,0.0,0.0,0.000,0.7700,0.0011,0.1734,95.72,17.6555,10.3323,53.17,0.0000,0.00,0,0,0,95.64,0,0.000,-0.0000
2026-08-24T00:09:09.435886,365.08,DONE,9.4385,19.2100,92.52,-0.0000,0.0000,15.8793,0,0.0,0.0,0.0,0.0,0.000,0.7700,0.0011,0.1734,96.72,17.6555,10.3323,53.17,0.0000,0.00,0,0,0,96.64,0,0.000,-0.0000
2026-08-24T00:09:10.435622,366.08,DONE,9.3067,19.2042,92.52,-0.0000,0.0000,15.9121,0,0.0,0.0,0.0,0.0,0.000,0.7700,0.0011,0.1734,97.72,17.6555,10.3323,53.17,0.0000,0.00,0,0,0,97.64,0,0.000,-0.0000
2026-08-24T00:09:11.435890,367.08,DONE,9.1749,19.1984,92.52,-0.0000,0.0000,15.9460,0,0.0,0.0,0.0,0.0,0.000,0.7700,0.0011,0.1734,98.72,17.6555,10.3323,53.17,0.0000,0.00,0,0,0,98.64,0,0.000,-0.0000
2026-08-24T00:09:12.435734,368.08,DONE,9.0371,19.1924,92.52,-0.0000,0.0000,15.9824,0,0.0,0.0,0.0,0.0,0.000,0.7700,0.0011,0.1734,99.72,17.6555,10.3323,53.17,0.0000,0.00,0,0,0,99.64,0,0.000,-0.0000
2026-08-24T00:09:13.435769,369.08,DONE,8.9024,19.1864,92.52,-0.0000,0.0000,16.0192,0,0.0,0.0,0.0,0.0,0.000,0.7700,0.0011,0.1734,100.72,17.6555,10.3323,53.17,0.0000,0.00,0,0,0,100.64,0,0.000,-0.0000
2026-08-24T00:09:14.435729,370.08,DONE,8.7706,19.1806,92.52,-0.0000,0.0000,16.0561,0,0.0,0.0,0.0,0.0,0.000,0.7700,0.0011,0.1734,101.72,17.6555,10.3323,53.17,0.0000,0.00,0,0,0,101.64,0,0.000,-0.0000
2026-08-24T00:09:15.435902,371.08,DONE,8.6328,19.1746,92.52,-0.0000,0.0000,16.0958,0,0.0,0.0,0.0,0.0,0.000,0.7700,0.0011,0.1734,102.72,17.6555,10.3323,53.17,0.0000,0.00,0,0,0,102.64,0,0.000,-0.0000
2026-08-24T00:09:16.435621,372.08,DONE,8.6087,19.2895,92.52,0.1499,0.0000,16.2122,0,0.0,0.0,0.0,0.0,0.000,0.7700,0.0011,0.1734,103.72,17.6555,10.3323,53.17,0.0000,0.00,0,0,0,103.64,0,0.150,-0.0000
2026-08-24T00:09:17.435635,373.08,DONE,8.6025,19.4303,92.52,0.1499,0.0000,16.3471,0,0.0,0.0,0.0,0.0,0.000,0.7700,0.0011,0.1734,104.72,17.6555,10.3323,53.17,0.0000,0.00,0,0,0,104.64,0,0.150,-0.0000
2026-08-24T00:09:18.435591,374.08,DONE,8.5964,19.5681,92.52,0.1499,0.0000,16.4792,0,0.0,0.0,0.0,0.0,0.000,0.7700,0.0011,0.1734,105.72,17.6555,10.3323,53.17,0.0000,0.00,0,0,0,105.64,0,0.150,-0.0000
2026-08-24T00:09:19.435581,375.08,DONE,8.5904,19.7060,92.52,0.1499,0.0000,16.6115,0,0.0,0.0,0.0,0.0,0.000,0.7700,0.0011,0.1734,106.72,17.6555,10.3323,53.17,0.0000,0.00,0,0,0,106.64,0,0.150,-0.0000
2026-08-24T00:09:20.435649,376.08,DONE,8.5843,19.8438,92.52,0.1499,0.0000,16.7438,0,0.0,0.0,0.0,0.0,0.000,0.7700,0.0011,0.1734,107.72,17.6555,10.3323,53.17,0.0000,0.00,0,0,0,107.64,0,0.150,-0.0000
2026-08-24T00:09:21.435591,377.08,DONE,8.5783,19.9816,92.52,0.1499,0.0000,16.8762,0,0.0,0.0,0.0,0.0,0.000,0.7700,0.0011,0.1734,108.72,17.6555,10.3323,53.17,0.0000,0.00,0,0,0,108.64,0,0.150,-0.0000
2026-08-24T00:09:22.435675,378.08,DONE,8.5723,20.1164,92.52,0.1499,0.0000,17.0058,0,0.0,0.0,0.0,0.0,0.000,0.7700,0.0011,0.1734,109.72,17.6555,10.3323,53.17,0.0000,0.00,0,0,0,109.64,0,0.150,-0.0000
2026-08-24T00:09:23.436309,379.08,DONE,8.5667,20.2452,92.52,0.1499,0.0000,17.1297,0,0.0,0.0,0.0,0.0,0.000,0.7700,0.0011,0.1734,110.72,17.6555,10.3323,53.17,0.0000,0.00,0,0,0,110.64,0,0.150,-0.0000
2026-08-24T00:09:24.435685,380.08,DONE,8.5610,20.3740,92.52,0.1499,0.0000,17.2537,0,0.0,0.0,0.0,0.0,0.000,0.7700,0.0011,0.1734,111.72,17.6555,10.3323,53.17,0.0000,0.00,0,0,0,111.64,0,0.150,-0.0000
2026-08-24T00:09:25.435715,381.08,DONE,8.5555,20.4998,92.52,0.1499,0.0000,17.3749,0,0.0,0.0,0.0,0.0,0.000,0.7700,0.0011,0.1734,112.72,17.6555,10.3323,53.17,0.0000,0.00,0,0,0,112.64,0,0.150,-0.0000
2026-08-24T00:09:26.435656,382.08,DONE,8.5498,20.6287,92.52,0.1499,0.0000,17.4991,0,0.0,0.0,0.0,0.0,0.000,0.7700,0.0011,0.1734,113.72,17.6555,10.3323,53.17,0.0000,0.00,0,0,0,113.64,0,0.150,-0.0000
2026-08-24T00:09:27.438348,383.08,DONE,8.5440,20.7605,92.52,0.1499,0.0000,17.6262,0,0.0,0.0,0.0,0.0,0.000,0.7700,0.0011,0.1734,114.73,17.6555,10.3323,53.17,0.0000,0.00,0,0,0,114.64,0,0.150,-0.0000
2026-08-24T00:09:28.435671,384.08,DONE,8.5383,20.8893,92.52,0.1499,0.0000,17.7504,0,0.0,0.0,0.0,0.0,0.000,0.7700,0.0011,0.1734,115.72,17.6555,10.3323,53.17,0.0000,0.00,0,0,0,115.64,0,0.150,-0.0000
2026-08-24T00:09:29.435831,385.08,DONE,8.5324,21.0241,92.52,0.1499,0.0000,17.8806,0,0.0,0.0,0.0,0.0,0.000,0.7700,0.0011,0.1734,116.72,17.6555,10.3323,53.17,0.0000,0.00,0,0,0,116.64,0,0.150,-0.0000
2026-08-24T00:09:30.435685,386.08,DONE,8.5267,21.1529,92.52,0.1499,0.0000,18.0050,0,0.0,0.0,0.0,0.0,0.000,0.7700,0.0011,0.1734,117.72,17.6555,10.3323,53.17,0.0000,0.00,0,0,0,117.64,0,0.150,-0.0000
2026-08-24T00:09:31.435644,387.08,DONE,8.5209,21.2847,92.52,0.1499,0.0000,18.1324,0,0.0,0.0,0.0,0.0,0.000,0.7700,0.0011,0.1734,118.72,17.6555,10.3323,53.17,0.0000,0.00,0,0,0,118.64,0,0.150,-0.0000
2026-08-24T00:09:32.435603,388.08,DONE,8.5151,21.4166,92.52,0.1499,0.0000,18.2598,0,0.0,0.0,0.0,0.0,0.000,0.7700,0.0011,0.1734,119.72,17.6555,10.3323,53.17,0.0000,0.00,0,0,0,119.64,0,0.150,-0.0000
2026-08-24T00:09:33.436819,389.08,DONE,8.5093,21.5484,92.52,0.1499,0.0000,18.3873,0,0.0,0.0,0.0,0.0,0.000,0.7700,0.0011,0.1734,120.72,17.6555,10.3323,53.17,0.0000,0.00,0,0,0,120.64,0,0.150,-0.0000
2026-08-24T00:09:34.435828,390.08,DONE,8.5035,21.6802,92.52,0.1499,0.0000,18.5149,0,0.0,0.0,0.0,0.0,0.000,0.7700,0.0011,0.1734,121.72,17.6555,10.3323,53.17,0.0000,0.00,0,0,0,121.64,0,0.150,-0.0000
2026-08-24T00:09:35.435585,391.08,DONE,8.4980,21.8060,92.52,0.1499,0.0000,18.6367,0,0.0,0.0,0.0,0.0,0.000,0.7700,0.0011,0.1734,122.72,17.6555,10.3323,53.17,0.0000,0.00,0,0,0,122.64,0,0.150,-0.0000
2026-08-24T00:09:36.435718,392.08,DONE,8.4926,21.9288,92.52,0.1499,0.0000,18.7557,0,0.0,0.0,0.0,0.0,0.000,0.7700,0.0011,0.1734,123.72,17.6555,10.3323,53.17,0.0000,0.00,0,0,0,123.64,0,0.150,-0.0000
2026-08-24T00:09:37.435684,393.08,DONE,8.4868,22.0607,92.52,0.1499,0.0000,18.8834,0,0.0,0.0,0.0,0.0,0.000,0.7700,0.0011,0.1734,124.72,17.6555,10.3323,53.17,0.0000,0.00,0,0,0,124.64,0,0.150,-0.0000
2026-08-24T00:09:38.435753,394.08,DONE,8.4885,22.1885,92.52,0.0000,0.0000,19.0052,0,0.0,0.0,0.0,0.0,0.000,0.7700,0.0011,0.1734,125.72,17.6555,10.3323,53.17,0.0000,0.00,0,0,0,125.64,0,0.000,-0.0000
2026-08-24T00:09:39.435828,395.08,DONE,8.6233,22.1944,92.52,0.0000,0.0000,18.9722,0,0.0,0.0,0.0,0.0,0.000,0.7700,0.0011,0.1734,126.72,17.6555,10.3323,53.17,0.0000,0.00,0,0,0,126.64,0,0.000,0.0000
2026-08-24T00:09:40.435582,396.08,DONE,8.7521,22.2000,92.52,0.0000,0.0000,18.9415,0,0.0,0.0,0.0,0.0,0.000,0.7700,0.0011,0.1734,127.72,17.6555,10.3323,53.17,0.0000,0.00,0,0,0,127.64,0,0.000,0.0000
2026-08-24T00:09:41.435758,397.08,DONE,8.8839,22.2058,92.52,0.0000,0.0000,18.9110,0,0.0,0.0,0.0,0.0,0.000,0.7700,0.0011,0.1734,128.72,17.6555,10.3323,53.17,0.0000,0.00,0,0,0,128.64,0,0.000,0.0000
2026-08-24T00:09:42.435809,398.08,DONE,9.0157,22.2116,92.52,-0.0000,0.0000,18.8814,0,0.0,0.0,0.0,0.0,0.000,0.7700,0.0011,0.1734,129.72,17.6555,10.3323,53.17,0.0000,0.00,0,0,0,129.64,0,0.000,0.0000
2026-08-24T00:09:43.435639,399.08,DONE,9.1474,22.2174,92.52,0.0000,0.0000,18.8526,0,0.0,0.0,0.0,0.0,0.000,0.7700,0.0011,0.1734,130.72,17.6555,10.3323,53.17,0.0000,0.00,0,0,0,130.64,0,0.000,0.0000
2026-08-24T00:09:44.435767,400.08,DONE,9.2672,22.2227,92.52,-0.0000,0.0000,18.8273,0,0.0,0.0,0.0,0.0,0.000,0.7700,0.0011,0.1734,131.72,17.6555,10.3323,53.17,0.0000,0.00,0,0,0,131.64,0,0.000,0.0000
2026-08-24T00:09:45.435792,401.08,DONE,9.3960,22.2284,92.52,-0.0000,0.0000,18.8008,0,0.0,0.0,0.0,0.0,0.000,0.7700,0.0011,0.1734,132.72,17.6555,10.3323,53.17,0.0000,0.00,0,0,0,132.64,0,0.000,0.0000
2026-08-24T00:09:46.435779,402.08,DONE,9.5248,22.2340,92.52,-0.0000,0.0000,18.7752,0,0.0,0.0,0.0,0.0,0.000,0.7700,0.0011,0.1734,133.72,17.6555,10.3323,53.17,0.0000,0.00,0,0,0,133.64,0,0.000,0.0000
2026-08-24T00:09:47.436989,403.08,DONE,9.6506,22.2396,92.52,-0.0000,0.0000,18.7510,0,0.0,0.0,0.0,0.0,0.000,0.7700,0.0011,0.1734,134.72,17.6555,10.3323,53.17,0.0000,0.00,0,0,0,134.64,0,0.000,0.0000
2026-08-24T00:09:48.435742,404.08,DONE,9.7764,22.2451,92.52,0.0000,0.0000,18.7276,0,0.0,0.0,0.0,0.0,0.000,0.7700,0.0011,0.1734,135.72,17.6555,10.3323,53.17,0.0000,0.00,0,0,0,135.64,0,0.000,0.0000
2026-08-24T00:09:49.436403,405.08,DONE,9.9082,22.2509,92.52,0.0000,0.0000,18.7040,0,0.0,0.0,0.0,0.0,0.000,0.7700,0.0011,0.1734,136.72,17.6555,10.3323,53.17,0.0000,0.00,0,0,0,136.64,0,0.000,0.0000
2026-08-24T00:09:50.435782,406.08,DONE,10.0400,22.2567,92.52,0.0000,0.0000,18.6812,0,0.0,0.0,0.0,0.0,0.000,0.7700,0.0011,0.1734,137.72,17.6555,10.3323,53.17,0.0000,0.00,0,0,0,137.64,0,0.000,0.0000
2026-08-24T00:09:51.435706,407.08,DONE,10.1747,22.2626,92.52,0.0000,0.0000,18.6589,0,0.0,0.0,0.0,0.0,0.000,0.7700,0.0011,0.1734,138.72,17.6555,10.3323,53.17,0.0000,0.00,0,0,0,138.64,0,0.000,0.0000
2026-08-24T00:09:52.435615,408.08,DONE,10.3125,22.2687,92.52,0.0000,0.0000,18.6371,0,0.0,0.0,0.0,0.0,0.000,0.7700,0.0011,0.1734,139.72,17.6555,10.3323,53.17,0.0000,0.00,0,0,0,139.64,0,0.000,0.0000
2026-08-24T00:09:53.435890,409.08,DONE,10.4413,22.2743,92.52,0.0000,0.0000,18.6176,0,0.0,0.0,0.0,0.0,0.000,0.7700,0.0011,0.1734,140.72,17.6555,10.3323,53.17,0.0000,0.00,0,0,0,140.64,0,0.000,0.0000
2026-08-24T00:09:54.435796,410.08,DONE,10.5701,22.2800,92.52,0.0000,0.0000,18.5990,0,0.0,0.0,0.0,0.0,0.000,0.7700,0.0011,0.1734,141.72,17.6555,10.3323,53.17,0.0000,0.00,0,0,0,141.64,0,0.000,0.0000
2026-08-24T00:09:55.436072,411.08,DONE,10.7019,22.2858,92.52,0.0000,0.0000,18.5809,0,0.0,0.0,0.0,0.0,0.000,0.7700,0.0011,0.1734,142.72,17.6555,10.3323,53.17,0.0000,0.00,0,0,0,142.64,0,0.000,0.0000
2026-08-24T00:09:56.435783,412.08,DONE,10.8366,22.2917,92.52,0.0000,0.0000,18.5633,0,0.0,0.0,0.0,0.0,0.000,0.7700,0.0011,0.1734,143.72,17.6555,10.3323,53.17,0.0000,0.00,0,0,0,143.64,0,0.000,0.0000
2026-08-24T00:09:57.435650,413.08,DONE,10.9684,22.2975,92.52,0.0000,0.0000,18.5470,0,0.0,0.0,0.0,0.0,0.000,0.7700,0.0011,0.1734,144.72,17.6555,10.3323,53.17,0.0000,0.00,0,0,0,144.64,0,0.000,0.0000
2026-08-24T00:09:58.435662,414.08,DONE,11.1032,22.3035,92.52,0.0000,0.0000,18.5313,0,0.0,0.0,0.0,0.0,0.000,0.7700,0.0011,0.1734,145.72,17.6555,10.3323,53.17,0.0000,0.00,0,0,0,145.64,0,0.000,0.0000
2026-08-24T00:09:59.435832,415.08,DONE,11.2350,22.3093,92.52,0.0000,0.0000,18.5169,0,0.0,0.0,0.0,0.0,0.000,0.7700,0.0011,0.1734,146.72,17.6555,10.3323,53.17,0.0000,0.00,0,0,0,146.64,0,0.000,0.0000
2026-08-24T00:10:00.436187,416.08,DONE,11.3698,22.3152,92.52,0.0000,0.0000,18.5031,0,0.0,0.0,0.0,0.0,0.000,0.7700,0.0011,0.1734,147.72,17.6555,10.3323,53.17,0.0000,0.00,0,0,0,147.64,0,0.000,0.0000
2026-08-24T00:10:01.435754,417.08,DONE,11.4665,22.3194,92.52,0.0000,0.0000,18.4938,0,0.0,0.0,0.0,0.0,0.000,0.7700,0.0011,0.1734,148.72,17.6555,10.3323,53.17,0.0000,0.00,0,0,0,148.64,0,0.000,0.0000
2026-08-24T00:10:02.435652,418.08,DONE,11.3317,22.3135,92.52,0.0000,0.0000,18.5069,0,0.0,0.0,0.0,0.0,0.000,0.7700,0.0011,0.1734,149.72,17.6555,10.3323,53.17,0.0000,0.00,0,0,0,149.64,0,0.000,-0.0000
2026-08-24T00:10:03.435630,419.08,DONE,11.2059,22.3080,92.52,-0.0000,0.0000,18.5200,0,0.0,0.0,0.0,0.0,0.000,0.7700,0.0011,0.1734,150.72,17.6555,10.3323,53.17,0.0000,0.00,0,0,0,150.64,0,0.000,-0.0000
2026-08-24T00:10:04.436174,420.08,DONE,11.0861,22.3027,92.52,-0.0000,0.0000,18.5332,0,0.0,0.0,0.0,0.0,0.000,0.7700,0.0011,0.1734,151.72,17.6555,10.3323,53.17,0.0000,0.00,0,0,0,151.64,0,0.000,-0.0000
2026-08-24T00:10:05.435742,421.08,DONE,10.9603,22.2972,92.52,0.0000,0.0000,18.5479,0,0.0,0.0,0.0,0.0,0.000,0.7700,0.0011,0.1734,152.72,17.6555,10.3323,53.17,0.0000,0.00,0,0,0,152.64,0,0.000,-0.0000
2026-08-24T00:10:06.435811,422.08,DONE,10.8375,22.2918,92.52,-0.0000,0.0000,18.5631,0,0.0,0.0,0.0,0.0,0.000,0.7700,0.0011,0.1734,153.72,17.6555,10.3323,53.17,0.0000,0.00,0,0,0,153.64,0,0.000,-0.0000
2026-08-24T00:10:07.435552,423.08,DONE,10.7058,22.2860,92.52,0.0000,0.0000,18.5803,0,0.0,0.0,0.0,0.0,0.000,0.7700,0.0011,0.1734,154.72,17.6555,10.3323,53.17,0.0000,0.00,0,0,0,154.64,0,0.000,-0.0000
2026-08-24T00:10:08.435729,424.08,DONE,10.5770,22.2803,92.52,-0.0000,0.0000,18.5980,0,0.0,0.0,0.0,0.0,0.000,0.7700,0.0011,0.1734,155.72,17.6555,10.3323,53.17,0.0000,0.00,0,0,0,155.64,0,0.000,-0.0000
2026-08-24T00:10:09.435690,425.08,DONE,10.4452,22.2745,92.52,-0.0000,0.0000,18.6171,0,0.0,0.0,0.0,0.0,0.000,0.7700,0.0011,0.1734,156.72,17.6555,10.3323,53.17,0.0000,0.00,0,0,0,156.64,0,0.000,-0.0000
2026-08-24T00:10:10.435684,426.08,DONE,10.3194,22.2690,92.52,-0.0000,0.0000,18.6361,0,0.0,0.0,0.0,0.0,0.000,0.7700,0.0011,0.1734,157.72,17.6555,10.3323,53.17,0.0000,0.00,0,0,0,157.64,0,0.000,-0.0000
2026-08-24T00:10:11.435683,427.08,DONE,10.1876,22.2632,92.52,-0.0000,0.0000,18.6569,0,0.0,0.0,0.0,0.0,0.000,0.7700,0.0011,0.1734,158.72,17.6555,10.3323,53.17,0.0000,0.00,0,0,0,158.64,0,0.000,-0.0000
2026-08-24T00:10:12.435586,428.08,DONE,10.0528,22.2573,92.52,-0.0000,0.0000,18.6791,0,0.0,0.0,0.0,0.0,0.000,0.7700,0.0011,0.1734,159.72,17.6555,10.3323,53.17,0.0000,0.00,0,0,0,159.64,0,0.000,-0.0000
2026-08-24T00:10:13.435771,429.08,DONE,9.9181,22.2513,92.52,-0.0000,0.0000,18.7022,0,0.0,0.0,0.0,0.0,0.000,0.7700,0.0011,0.1734,160.72,17.6555,10.3323,53.17,0.0000,0.00,0,0,0,160.64,0,0.000,-0.0000
2026-08-24T00:10:14.435639,430.08,DONE,9.7833,22.2454,92.52,-0.0000,0.0000,18.7263,0,0.0,0.0,0.0,0.0,0.000,0.7700,0.0011,0.1734,161.72,17.6555,10.3323,53.17,0.0000,0.00,0,0,0,161.64,0,0.000,-0.0000
2026-08-24T00:10:15.435801,431.08,DONE,9.6485,22.2395,92.52,-0.0000,0.0000,18.7514,0,0.0,0.0,0.0,0.0,0.000,0.7700,0.0011,0.1734,162.72,17.6555,10.3323,53.17,0.0000,0.00,0,0,0,162.64,0,0.000,-0.0000
2026-08-24T00:10:16.435750,432.08,DONE,9.5107,22.2334,92.52,-0.0000,0.0000,18.7779,0,0.0,0.0,0.0,0.0,0.000,0.7700,0.0011,0.1734,163.72,17.6555,10.3323,53.17,0.0000,0.00,0,0,0,163.64,0,0.000,-0.0000
2026-08-24T00:10:17.435721,433.08,DONE,9.3760,22.2275,92.52,-0.0000,0.0000,18.8049,0,0.0,0.0,0.0,0.0,0.000,0.7700,0.0011,0.1734,164.72,17.6555,10.3323,53.17,0.0000,0.00,0,0,0,164.64,0,0.000,-0.0000
2026-08-24T00:10:18.435642,434.08,DONE,9.2472,22.2218,92.52,-0.0000,0.0000,18.8315,0,0.0,0.0,0.0,0.0,0.000,0.7700,0.0011,0.1734,165.72,17.6555,10.3323,53.17,0.0000,0.00,0,0,0,165.64,0,0.000,-0.0000
2026-08-24T00:10:19.435805,435.08,DONE,9.1154,22.2160,92.52,-0.0000,0.0000,18.8596,0,0.0,0.0,0.0,0.0,0.000,0.7700,0.0011,0.1734,166.72,17.6555,10.3323,53.17,0.0000,0.00,0,0,0,166.64,0,0.000,-0.0000
2026-08-24T00:10:20.435794,436.08,DONE,8.9866,22.2104,92.52,-0.0000,0.0000,18.8879,0,0.0,0.0,0.0,0.0,0.000,0.7700,0.0011,0.1734,167.72,17.6555,10.3323,53.17,0.0000,0.00,0,0,0,167.64,0,0.000,-0.0000
2026-08-24T00:10:21.435688,437.08,DONE,8.8548,22.2046,92.52,-0.0000,0.0000,18.9177,0,0.0,0.0,0.0,0.0,0.000,0.7700,0.0011,0.1734,168.72,17.6555,10.3323,53.17,0.0000,0.00,0,0,0,168.64,0,0.000,-0.0000
2026-08-24T00:10:22.436047,438.08,DONE,8.7201,22.1986,92.52,-0.0000,0.0000,18.9491,0,0.0,0.0,0.0,0.0,0.000,0.7700,0.0011,0.1734,169.72,17.6555,10.3323,53.17,0.0000,0.00,0,0,0,169.64,0,0.000,-0.0000
2026-08-24T00:10:23.436079,439.08,DONE,8.5913,22.1930,92.52,-0.0000,0.0000,18.9800,0,0.0,0.0,0.0,0.0,0.000,0.7700,0.0011,0.1734,170.72,17.6555,10.3323,53.17,0.0000,0.00,0,0,0,170.64,0,0.000,-0.0000
2026-08-24T00:10:24.435812,440.08,DONE,8.4565,22.1870,92.52,-0.0000,0.0000,19.0131,0,0.0,0.0,0.0,0.0,0.000,0.7700,0.0011,0.1734,171.72,17.6555,10.3323,53.17,0.0000,0.00,0,0,0,171.64,0,0.000,-0.0000
2026-08-24T00:10:25.436201,441.08,DONE,8.3277,22.1814,92.52,-0.0000,0.0000,19.0457,0,0.0,0.0,0.0,0.0,0.000,0.7700,0.0011,0.1734,172.72,17.6555,10.3323,53.17,0.0000,0.00,0,0,0,172.64,0,0.000,-0.0000
2026-08-24T00:10:26.436148,442.08,DONE,8.2588,22.1783,92.52,0.0000,0.0000,19.0634,0,0.0,0.0,0.0,0.0,0.000,0.7700,0.0011,0.1734,173.72,17.6555,10.3323,53.17,0.0000,0.00,0,0,0,173.64,0,0.000,0.0000
2026-08-24T00:10:27.435596,443.08,DONE,8.2588,22.1783,92.52,0.0000,0.0000,19.0634,0,0.0,0.0,0.0,0.0,0.000,0.7700,0.0011,0.1734,174.72,17.6555,10.3323,53.17,0.0000,0.00,0,0,0,174.64,0,0.000,0.0000
2026-08-24T00:10:28.436116,444.08,DONE,8.2342,22.2009,92.52,0.0500,0.0000,19.0923,0,0.0,0.0,0.0,0.0,0.000,0.7700,0.0011,0.1734,175.72,17.6555,10.3323,53.17,0.0000,0.00,0,0,0,175.64,0,0.050,0.0000
2026-08-24T00:10:29.435659,445.08,DONE,8.1883,22.2429,92.52,0.0500,0.0000,19.1463,0,0.0,0.0,0.0,0.0,0.000,0.7700,0.0011,0.1734,176.72,17.6555,10.3323,53.17,0.0000,0.00,0,0,0,176.64,0,0.050,0.0000
2026-08-24T00:10:30.435725,446.08,DONE,8.1435,22.2840,92.52,0.0500,0.0000,19.1990,0,0.0,0.0,0.0,0.0,0.000,0.7700,0.0011,0.1734,177.72,17.6555,10.3323,53.17,0.0000,0.00,0,0,0,177.64,0,0.050,0.0000
2026-08-24T00:10:31.437414,447.08,DONE,8.0966,22.3269,92.52,0.0500,0.0000,19.2543,0,0.0,0.0,0.0,0.0,0.000,0.7700,0.0011,0.1734,178.72,17.6555,10.3323,53.17,0.0000,0.00,0,0,0,178.64,0,0.050,0.0000
2026-08-24T00:10:32.435797,448.08,DONE,8.0528,22.3670,92.52,0.0500,0.0000,19.3059,0,0.0,0.0,0.0,0.0,0.000,0.7700,0.0011,0.1734,179.72,17.6555,10.3323,53.17,0.0000,0.00,0,0,0,179.64,0,0.050,0.0000
2026-08-24T00:10:33.435777,449.08,DONE,8.0079,22.4081,92.52,0.0500,0.0000,19.3588,0,0.0,0.0,0.0,0.0,0.000,0.7700,0.0011,0.1734,180.72,17.6555,10.3323,53.17,0.0000,0.00,0,0,0,180.64,0,0.050,0.0000
2026-08-24T00:10:34.435683,450.08,DONE,7.9631,22.4492,92.52,0.0500,0.0000,19.4118,0,0.0,0.0,0.0,0.0,0.000,0.7700,0.0011,0.1734,181.72,17.6555,10.3323,53.17,0.0000,0.00,0,0,0,181.64,0,0.050,0.0000
2026-08-24T00:10:35.435723,451.08,DONE,7.9203,22.4883,92.52,0.0500,0.0000,19.4623,0,0.0,0.0,0.0,0.0,0.000,0.7700,0.0011,0.1734,182.72,17.6555,10.3323,53.17,0.0000,0.00,0,0,0,182.64,0,0.050,0.0000
2026-08-24T00:10:36.435692,452.08,DONE,7.8797,22.5256,92.52,0.0500,0.0000,19.5104,0,0.0,0.0,0.0,0.0,0.000,0.7700,0.0011,0.1734,183.72,17.6555,10.3323,53.17,0.0000,0.00,0,0,0,183.64,0,0.050,0.0000
2026-08-24T00:10:37.436224,453.08,DONE,7.8359,22.5657,92.52,0.0500,0.0000,19.5622,0,0.0,0.0,0.0,0.0,0.000,0.7700,0.0011,0.1734,184.72,17.6555,10.3323,53.17,0.0000,0.00,0,0,0,184.64,0,0.050,0.0000
2026-08-24T00:10:38.435821,454.08,DONE,7.7952,22.6029,92.52,0.0500,0.0000,19.6104,0,0.0,0.0,0.0,0.0,0.000,0.7700,0.0011,0.1734,185.72,17.6555,10.3323,53.17,0.0000,0.00,0,0,0,185.64,0,0.050,0.0000
2026-08-24T00:10:39.435848,455.08,DONE,7.7504,22.6440,92.52,0.0500,0.0000,19.6636,0,0.0,0.0,0.0,0.0,0.000,0.7700,0.0011,0.1734,186.72,17.6555,10.3323,53.17,0.0000,0.00,0,0,0,186.64,0,0.050,0.0000
2026-08-24T00:10:40.435834,456.08,DONE,7.7055,22.6850,92.52,0.0500,0.0000,19.7168,0,0.0,0.0,0.0,0.0,0.000,0.7700,0.0011,0.1734,187.72,17.6555,10.3323,53.17,0.0000,0.00,0,0,0,187.64,0,0.050,0.0000
2026-08-24T00:10:41.436026,457.08,DONE,7.6597,22.7271,92.52,0.0500,0.0000,19.7713,0,0.0,0.0,0.0,0.0,0.000,0.7700,0.0011,0.1734,188.72,17.6555,10.3323,53.17,0.0000,0.00,0,0,0,188.64,0,0.050,0.0000
2026-08-24T00:10:42.435780,458.08,DONE,7.6169,22.7662,92.52,0.0500,0.0000,19.8221,0,0.0,0.0,0.0,0.0,0.000,0.7700,0.0011,0.1734,189.72,17.6555,10.3323,53.17,0.0000,0.00,0,0,0,189.64,0,0.050,0.0000
2026-08-24T00:10:43.435643,459.08,DONE,7.5731,22.8063,92.52,0.0500,0.0000,19.8742,0,0.0,0.0,0.0,0.0,0.000,0.7700,0.0011,0.1734,190.72,17.6555,10.3323,53.17,0.0000,0.00,0,0,0,190.64,0,0.050,0.0000
2026-08-24T00:10:44.435828,460.08,DONE,7.5283,22.8474,92.52,0.0500,0.0000,19.9276,0,0.0,0.0,0.0,0.0,0.000,0.7700,0.0011,0.1734,191.72,17.6555,10.3323,53.17,0.0000,0.00,0,0,0,191.64,0,0.050,0.0000
2026-08-24T00:10:45.435820,461.08,DONE,7.4824,22.8894,92.52,0.0500,0.0000,19.9822,0,0.0,0.0,0.0,0.0,0.000,0.7700,0.0011,0.1734,192.72,17.6555,10.3323,53.17,0.0000,0.00,0,0,0,192.64,0,0.050,0.0000
2026-08-24T00:10:46.438430,462.08,DONE,7.4365,22.9314,92.52,0.0500,0.0000,20.0369,0,0.0,0.0,0.0,0.0,0.000,0.7700,0.0011,0.1734,193.73,17.6555,10.3323,53.17,0.0000,0.00,0,0,0,193.64,0,0.050,0.0000
2026-08-24T00:10:47.436509,463.08,DONE,7.3917,22.9725,92.52,0.0500,0.0000,20.0904,0,0.0,0.0,0.0,0.0,0.000,0.7700,0.0011,0.1734,194.72,17.6555,10.3323,53.17,0.0000,0.00,0,0,0,194.64,0,0.050,0.0000
2026-08-24T00:10:48.435722,464.08,DONE,7.3468,23.0136,92.52,0.0500,0.0000,20.1440,0,0.0,0.0,0.0,0.0,0.000,0.7700,0.0011,0.1734,195.72,17.6555,10.3323,53.17,0.0000,0.00,0,0,0,195.64,0,0.050,0.0000
2026-08-24T00:10:49.435697,465.08,DONE,7.3020,23.0546,92.52,0.0500,0.0000,20.1976,0,0.0,0.0,0.0,0.0,0.000,0.7700,0.0011,0.1734,196.72,17.6555,10.3323,53.17,0.0000,0.00,0,0,0,196.64,0,0.050,0.0000
2026-08-24T00:10:50.435686,466.08,DONE,7.2551,23.0976,92.52,0.0500,0.0000,20.2537,0,0.0,0.0,0.0,0.0,0.000,0.7700,0.0011,0.1734,197.72,17.6555,10.3323,53.17,0.0000,0.00,0,0,0,197.64,0,0.050,0.0000
2026-08-24T00:10:51.436206,467.08,DONE,7.2092,23.1396,92.52,0.0500,0.0000,20.3086,0,0.0,0.0,0.0,0.0,0.000,0.7700,0.0011,0.1734,198.72,17.6555,10.3323,53.17,0.0000,0.00,0,0,0,198.64,0,0.050,0.0000
2026-08-24T00:10:52.435789,468.08,DONE,7.1644,23.1807,92.52,0.0500,0.0000,20.3623,0,0.0,0.0,0.0,0.0,0.000,0.7700,0.0011,0.1734,199.72,17.6555,10.3323,53.17,0.0000,0.00,0,0,0,199.64,0,0.050,0.0000
2026-08-24T00:10:53.435624,469.08,DONE,7.1210,23.2228,93.10,0.0500,0.1999,20.4166,0,0.0,0.0,0.0,0.0,0.000,0.7700,0.0011,0.1734,200.72,17.6555,10.3323,53.17,0.0000,0.00,0,0,0,200.64,0,0.050,0.2000
2026-08-24T00:10:54.435878,470.08,DONE,7.1152,23.2664,101.10,0.0500,0.0963,20.4596,0,0.0,0.0,0.0,0.0,0.000,0.7700,0.0011,0.1734,201.72,17.6555,10.3323,53.17,0.0000,0.00,0,0,0,201.64,0,0.050,0.0963
2026-08-24T00:10:55.439663,471.08,DONE,7.1054,23.3093,104.11,0.0500,0.0334,20.5032,0,0.0,0.0,0.0,0.0,0.000,0.7700,0.0011,0.1734,202.73,17.6555,10.3323,53.17,0.0000,0.00,0,0,0,202.64,0,0.050,0.0334
2026-08-24T00:10:56.435751,472.08,DONE,7.0953,23.3479,105.12,0.0500,0.0135,20.5431,0,0.0,0.0,0.0,0.0,0.000,0.7700,0.0011,0.1734,203.72,17.6555,10.3323,53.17,0.0000,0.00,0,0,0,203.64,0,0.050,0.0135
2026-08-24T00:10:57.435823,473.08,DONE,7.0836,23.3904,105.54,0.0500,0.0049,20.5870,0,0.0,0.0,0.0,0.0,0.000,0.7700,0.0011,0.1734,204.72,17.6555,10.3323,53.17,0.0000,0.00,0,0,0,204.64,0,0.050,0.0049
2026-08-24T00:10:58.435782,474.08,DONE,7.0717,23.4327,105.70,0.0500,0.0000,20.6308,0,0.0,0.0,0.0,0.0,0.000,0.7700,0.0011,0.1734,205.72,17.6555,10.3323,53.17,0.0000,0.00,0,0,0,205.64,0,0.050,0.0018
2026-08-24T00:10:59.435773,475.08,DONE,7.0622,23.4667,105.75,0.0000,0.0000,20.6660,0,0.0,0.0,0.0,0.0,0.000,0.7700,0.0011,0.1734,206.72,17.6555,10.3323,53.17,0.0000,0.00,0,0,0,206.64,0,0.000,0.0000
2026-08-24T00:11:00.435706,476.08,DONE,7.0622,23.4667,105.75,0.0000,0.0000,20.6660,0,0.0,0.0,0.0,0.0,0.000,0.7700,0.0011,0.1734,207.72,17.6555,10.3323,53.17,0.0000,0.00,0,0,0,207.64,0,0.000,0.0000
2026-08-24T00:11:01.435772,477.08,DONE,7.0622,23.4667,105.75,0.0000,0.0000,20.6660,0,0.0,0.0,0.0,0.0,0.000,0.7700,0.0011,0.1734,208.72,17.6555,10.3323,53.17,0.0000,0.00,0,0,0,208.64,0,0.000,0.0000
2026-08-24T00:11:02.437182,478.08,DONE,7.0622,23.4667,105.75,0.0000,0.0000,20.6660,0,0.0,0.0,0.0,0.0,0.000,0.7700,0.0011,0.1734,209.72,17.6555,10.3323,53.17,0.0000,0.00,0,0,0,209.64,0,0.000,0.0000
2026-08-24T00:11:03.435851,479.08,DONE,7.0622,23.4667,105.75,0.0000,0.0000,20.6660,0,0.0,0.0,0.0,0.0,0.000,0.7700,0.0011,0.1734,210.72,17.6555,10.3323,53.17,0.0000,0.00,0,0,0,210.64,0,0.000,0.0000
2026-08-24T00:11:04.435875,480.08,DONE,7.0622,23.4667,105.75,0.0000,0.0000,20.6660,0,0.0,0.0,0.0,0.0,0.000,0.7700,0.0011,0.1734,211.72,17.6555,10.3323,53.17,0.0000,0.00,0,0,0,211.64,0,0.000,0.0000
2026-08-24T00:11:05.436376,481.08,DONE,7.0622,23.4667,105.75,0.0000,0.0000,20.6660,0,0.0,0.0,0.0,0.0,0.000,0.7700,0.0011,0.1734,212.72,17.6555,10.3323,53.17,0.0000,0.00,0,0,0,212.64,0,0.000,0.0000
2026-08-24T00:11:06.435607,482.08,DONE,7.0622,23.4667,105.75,0.0000,0.0000,20.6660,0,0.0,0.0,0.0,0.0,0.000,0.7700,0.0011,0.1734,213.72,17.6555,10.3323,53.17,0.0000,0.00,0,0,0,213.64,0,0.000,0.0000
2026-08-24T00:11:07.435643,483.08,DONE,7.0622,23.4667,105.75,0.0000,0.0000,20.6660,0,0.0,0.0,0.0,0.0,0.000,0.7700,0.0011,0.1734,214.72,17.6555,10.3323,53.17,0.0000,0.00,0,0,0,214.64,0,0.000,0.0000
2026-08-24T00:11:08.435619,484.08,DONE,7.0622,23.4667,105.75,0.0000,0.0000,20.6660,0,0.0,0.0,0.0,0.0,0.000,0.7700,0.0011,0.1734,215.72,17.6555,10.3323,53.17,0.0000,0.00,0,0,0,215.64,0,0.000,0.0000
2026-08-24T00:11:09.435750,485.08,DONE,7.0622,23.4667,105.75,0.0000,0.0000,20.6660,0,0.0,0.0,0.0,0.0,0.000,0.7700,0.0011,0.1734,216.72,17.6555,10.3323,53.17,0.0000,0.00,0,0,0,216.64,0,0.000,0.0000
2026-08-24T00:11:10.435736,486.08,DONE,7.0622,23.4667,105.75,0.0000,0.0000,20.6660,0,0.0,0.0,0.0,0.0,0.000,0.7700,0.0011,0.1734,217.72,17.6555,10.3323,53.17,0.0000,0.00,0,0,0,217.64,0,0.000,0.0000
2026-08-24T00:11:11.435784,487.08,DONE,7.0622,23.4667,105.75,0.0000,0.0000,20.6660,0,0.0,0.0,0.0,0.0,0.000,0.7700,0.0011,0.1734,218.72,17.6555,10.3323,53.17,0.0000,0.00,0,0,0,218.64,0,0.000,0.0000
2026-08-24T00:11:12.435747,488.08,DONE,7.0622,23.4667,105.75,0.0000,0.0000,20.6660,0,0.0,0.0,0.0,0.0,0.000,0.7700,0.0011,0.1734,219.72,17.6555,10.3323,53.17,0.0000,0.00,0,0,0,219.64,0,0.000,0.0000
2026-08-24T00:11:13.435797,489.08,DONE,7.0622,23.4667,105.75,0.0000,0.0000,20.6660,0,0.0,0.0,0.0,0.0,0.000,0.7700,0.0011,0.1734,220.72,17.6555,10.3323,53.17,0.0000,0.00,0,0,0,220.64,0,0.000,0.0000
2026-08-24T00:11:14.435778,490.08,DONE,7.0622,23.4667,105.75,0.0000,0.0000,20.6660,0,0.0,0.0,0.0,0.0,0.000,0.7700,0.0011,0.1734,221.72,17.6555,10.3323,53.17,0.0000,0.00,0,0,0,221.64,0,0.000,0.0000
2026-08-24T00:11:15.435523,491.08,DONE,7.0622,23.4667,105.75,0.0000,0.0000,20.6660,0,0.0,0.0,0.0,0.0,0.000,0.7700,0.0011,0.1734,222.72,17.6555,10.3323,53.17,0.0000,0.00,0,0,0,222.64,0,0.000,0.0000
2026-08-24T00:11:16.435728,492.08,DONE,7.0622,23.4667,105.75,0.0000,0.0000,20.6660,0,0.0,0.0,0.0,0.0,0.000,0.7700,0.0011,0.1734,223.72,17.6555,10.3323,53.17,0.0000,0.00,0,0,0,223.64,0,0.000,0.0000
2026-08-24T00:11:17.435695,493.08,DONE,7.0622,23.4667,105.75,0.0000,0.0000,20.6660,0,0.0,0.0,0.0,0.0,0.000,0.7700,0.0011,0.1734,224.72,17.6555,10.3323,53.17,0.0000,0.00,0,0,0,224.64,0,0.000,0.0000
2026-08-24T00:11:18.437377,494.08,DONE,7.0622,23.4667,105.75,0.0000,0.0000,20.6660,0,0.0,0.0,0.0,0.0,0.000,0.7700,0.0011,0.1734,225.72,17.6555,10.3323,53.17,0.0000,0.00,0,0,0,225.64,0,0.000,0.0000
2026-08-24T00:11:19.435823,495.08,DONE,7.0622,23.4667,105.75,0.0000,0.0000,20.6660,0,0.0,0.0,0.0,0.0,0.000,0.7700,0.0011,0.1734,226.72,17.6555,10.3323,53.17,0.0000,0.00,0,0,0,226.64,0,0.000,0.0000
2026-08-24T00:11:20.435689,496.08,DONE,7.0622,23.4667,105.75,0.0000,0.0000,20.6660,0,0.0,0.0,0.0,0.0,0.000,0.7700,0.0011,0.1734,227.72,17.6555,10.3323,53.17,0.0000,0.00,0,0,0,227.64,0,0.000,0.0000
2026-08-24T00:11:21.436968,497.08,DONE,7.0622,23.4667,105.75,0.0000,0.0000,20.6660,0,0.0,0.0,0.0,0.0,0.000,0.7700,0.0011,0.1734,228.72,17.6555,10.3323,53.17,0.0000,0.00,0,0,0,228.64,0,0.000,0.0000
2026-08-24T00:11:22.435735,498.08,DONE,7.0622,23.4667,105.75,0.0000,0.0000,20.6660,0,0.0,0.0,0.0,0.0,0.000,0.7700,0.0011,0.1734,229.72,17.6555,10.3323,53.17,0.0000,0.00,0,0,0,229.64,0,0.000,0.0000
2026-08-24T00:11:23.436031,499.08,DONE,7.0622,23.4667,105.75,0.0000,0.0000,20.6660,0,0.0,0.0,0.0,0.0,0.000,0.7700,0.0011,0.1734,230.72,17.6555,10.3323,53.17,0.0000,0.00,0,0,0,230.64,0,0.000,0.0000
2026-08-24T00:11:24.435715,500.08,DONE,7.0622,23.4667,105.75,0.0000,0.0000,20.6660,0,0.0,0.0,0.0,0.0,0.000,0.7700,0.0011,0.1734,231.72,17.6555,10.3323,53.17,0.0000,0.00,0,0,0,231.64,0,0.000,0.0000
2026-08-24T00:11:25.435751,501.08,DONE,7.0622,23.4667,105.75,0.0000,0.0000,20.6660,0,0.0,0.0,0.0,0.0,0.000,0.7700,0.0011,0.1734,232.72,17.6555,10.3323,53.17,0.0000,0.00,0,0,0,232.64,0,0.000,0.0000
2026-08-24T00:11:26.435716,502.08,DONE,7.0622,23.4667,105.75,0.0000,0.0000,20.6660,0,0.0,0.0,0.0,0.0,0.000,0.7700,0.0011,0.1734,233.72,17.6555,10.3323,53.17,0.0000,0.00,0,0,0,233.64,0,0.000,0.0000
2026-08-24T00:11:27.435787,503.08,DONE,7.0622,23.4667,105.75,0.0000,0.0000,20.6660,0,0.0,0.0,0.0,0.0,0.000,0.7700,0.0011,0.1734,234.72,17.6555,10.3323,53.17,0.0000,0.00,0,0,0,234.64,0,0.000,0.0000
2026-08-24T00:11:28.435909,504.08,DONE,7.0622,23.4667,105.75,0.0000,0.0000,20.6660,0,0.0,0.0,0.0,0.0,0.000,0.7700,0.0011,0.1734,235.72,17.6555,10.3323,53.17,0.0000,0.00,0,0,0,235.64,0,0.000,0.0000
2026-08-24T00:11:29.435845,505.08,DONE,7.0622,23.4667,105.75,0.0000,0.0000,20.6660,0,0.0,0.0,0.0,0.0,0.000,0.7700,0.0011,0.1734,236.72,17.6555,10.3323,53.17,0.0000,0.00,0,0,0,236.64,0,0.000,0.0000
2026-08-24T00:11:30.435847,506.08,DONE,7.0622,23.4667,105.75,0.0000,0.0000,20.6660,0,0.0,0.0,0.0,0.0,0.000,0.7700,0.0011,0.1734,237.72,17.6555,10.3323,53.17,0.0000,0.00,0,0,0,237.64,0,0.000,0.0000
2026-08-24T00:11:31.435783,507.08,DONE,7.0622,23.4667,105.75,0.0000,0.0000,20.6660,0,0.0,0.0,0.0,0.0,0.000,0.7700,0.0011,0.1734,238.72,17.6555,10.3323,53.17,0.0000,0.00,0,0,0,238.64,0,0.000,0.0000
2026-08-24T00:11:32.435765,508.08,DONE,7.0622,23.4667,105.75,0.0000,0.0000,20.6660,0,0.0,0.0,0.0,0.0,0.000,0.7700,0.0011,0.1734,239.72,17.6555,10.3323,53.17,0.0000,0.00,0,0,0,239.64,0,0.000,0.0000
2026-08-24T00:11:33.435871,509.08,DONE,7.0622,23.4667,105.75,0.0000,0.0000,20.6660,0,0.0,0.0,0.0,0.0,0.000,0.7700,0.0011,0.1734,240.72,17.6555,10.3323,53.17,0.0000,0.00,0,0,0,240.64,0,0.000,0.0000
2026-08-24T00:11:34.437969,510.08,DONE,7.0622,23.4667,105.75,0.0000,0.0000,20.6660,0,0.0,0.0,0.0,0.0,0.000,0.7700,0.0011,0.1734,241.73,17.6555,10.3323,53.17,0.0000,0.00,0,0,0,241.64,0,0.000,0.0000
2026-08-24T00:11:35.435815,511.08,DONE,7.0622,23.4667,105.75,0.0000,0.0000,20.6660,0,0.0,0.0,0.0,0.0,0.000,0.7700,0.0011,0.1734,242.72,17.6555,10.3323,53.17,0.0000,0.00,0,0,0,242.64,0,0.000,0.0000
2026-08-24T00:11:36.435703,512.08,DONE,7.0622,23.4667,105.75,0.0000,0.0000,20.6660,0,0.0,0.0,0.0,0.0,0.000,0.7700,0.0011,0.1734,243.72,17.6555,10.3323,53.17,0.0000,0.00,0,0,0,243.64,0,0.000,0.0000
2026-08-24T00:11:37.435762,513.08,DONE,7.0622,23.4667,105.75,0.0000,0.0000,20.6660,0,0.0,0.0,0.0,0.0,0.000,0.7700,0.0011,0.1734,244.72,17.6555,10.3323,53.17,0.0000,0.00,0,0,0,244.64,0,0.000,0.0000
2026-08-24T00:11:38.435719,514.08,DONE,7.0622,23.4667,105.75,0.0000,0.0000,20.6660,0,0.0,0.0,0.0,0.0,0.000,0.7700,0.0011,0.1734,245.72,17.6555,10.3323,53.17,0.0000,0.00,0,0,0,245.64,0,0.000,0.0000
2026-08-24T00:11:39.435800,515.08,DONE,7.0622,23.4667,105.75,0.0000,0.0000,20.6660,0,0.0,0.0,0.0,0.0,0.000,0.7700,0.0011,0.1734,246.72,17.6555,10.3323,53.17,0.0000,0.00,0,0,0,246.64,0,0.000,0.0000
2026-08-24T00:11:40.435752,516.08,DONE,7.0622,23.4667,105.75,0.0000,0.0000,20.6660,0,0.0,0.0,0.0,0.0,0.000,0.7700,0.0011,0.1734,247.72,17.6555,10.3323,53.17,0.0000,0.00,0,0,0,247.64,0,0.000,0.0000
2026-08-24T00:11:41.436027,517.08,DONE,7.0622,23.4667,105.75,0.0000,0.0000,20.6660,0,0.0,0.0,0.0,0.0,0.000,0.7700,0.0011,0.1734,248.72,17.6555,10.3323,53.17,0.0000,0.00,0,0,0,248.64,0,0.000,0.0000
2026-08-24T00:11:42.435898,518.08,DONE,7.0622,23.4667,105.75,0.0000,0.0000,20.6660,0,0.0,0.0,0.0,0.0,0.000,0.7700,0.0011,0.1734,249.72,17.6555,10.3323,53.17,0.0000,0.00,0,0,0,249.64,0,0.000,0.0000
2026-08-24T00:11:43.435652,519.08,DONE,7.0622,23.4667,105.75,0.0000,0.0000,20.6660,0,0.0,0.0,0.0,0.0,0.000,0.7700,0.0011,0.1734,250.72,17.6555,10.3323,53.17,0.0000,0.00,0,0,0,250.64,0,0.000,0.0000
2026-08-24T00:11:44.435879,520.08,DONE,7.0622,23.4667,105.75,0.0000,0.0000,20.6660,0,0.0,0.0,0.0,0.0,0.000,0.7700,0.0011,0.1734,251.72,17.6555,10.3323,53.17,0.0000,0.00,0,0,0,251.64,0,0.000,0.0000
2026-08-24T00:11:45.436005,521.08,DONE,7.0622,23.4667,105.75,0.0000,0.0000,20.6660,0,0.0,0.0,0.0,0.0,0.000,0.7700,0.0011,0.1734,252.72,17.6555,10.3323,53.17,0.0000,0.00,0,0,0,252.64,0,0.000,0.0000
2026-08-24T00:11:46.435781,522.08,DONE,7.0622,23.4667,105.75,0.0000,0.0000,20.6660,0,0.0,0.0,0.0,0.0,0.000,0.7700,0.0011,0.1734,253.72,17.6555,10.3323,53.17,0.0000,0.00,0,0,0,253.64,0,0.000,0.0000
2026-08-24T00:11:47.435868,523.08,DONE,7.0622,23.4667,105.75,0.0000,0.0000,20.6660,0,0.0,0.0,0.0,0.0,0.000,0.7700,0.0011,0.1734,254.72,17.6555,10.3323,53.17,0.0000,0.00,0,0,0,254.64,0,0.000,0.0000
2026-08-24T00:11:48.435703,524.08,DONE,7.0622,23.4667,105.75,0.0000,0.0000,20.6660,0,0.0,0.0,0.0,0.0,0.000,0.7700,0.0011,0.1734,255.72,17.6555,10.3323,53.17,0.0000,0.00,0,0,0,255.64,0,0.000,0.0000
2026-08-24T00:11:49.436008,525.08,DONE,7.0622,23.4667,105.75,0.0000,0.0000,20.6660,0,0.0,0.0,0.0,0.0,0.000,0.7700,0.0011,0.1734,256.72,17.6555,10.3323,53.17,0.0000,0.00,0,0,0,256.64,0,0.000,0.0000
2026-08-24T00:11:50.435804,526.08,DONE,7.0622,23.4667,105.75,0.0000,0.0000,20.6660,0,0.0,0.0,0.0,0.0,0.000,0.7700,0.0011,0.1734,257.72,17.6555,10.3323,53.17,0.0000,0.00,0,0,0,257.64,0,0.000,0.0000
2026-08-24T00:11:51.436012,527.08,DONE,7.0622,23.4667,105.75,0.0000,0.0000,20.6660,0,0.0,0.0,0.0,0.0,0.000,0.7700,0.0011,0.1734,258.72,17.6555,10.3323,53.17,0.0000,0.00,0,0,0,258.64,0,0.000,0.0000
2026-08-24T00:11:52.435720,528.08,DONE,7.0622,23.4667,105.75,0.0000,0.0000,20.6660,0,0.0,0.0,0.0,0.0,0.000,0.7700,0.0011,0.1734,259.72,17.6555,10.3323,53.17,0.0000,0.00,0,0,0,259.64,0,0.000,0.0000
2026-08-24T00:11:53.435698,529.08,DONE,7.0622,23.4667,105.75,0.0000,0.0000,20.6660,0,0.0,0.0,0.0,0.0,0.000,0.7700,0.0011,0.1734,260.72,17.6555,10.3323,53.17,0.0000,0.00,0,0,0,260.64,0,0.000,0.0000
2026-08-24T00:11:54.435764,530.08,DONE,7.0622,23.4667,105.75,0.0000,0.0000,20.6660,0,0.0,0.0,0.0,0.0,0.000,0.7700,0.0011,0.1734,261.72,17.6555,10.3323,53.17,0.0000,0.00,0,0,0,261.64,0,0.000,0.0000
2026-08-24T00:11:55.436186,531.08,DONE,7.0622,23.4667,105.75,0.0000,0.0000,20.6660,0,0.0,0.0,0.0,0.0,0.000,0.7700,0.0011,0.1734,262.72,17.6555,10.3323,53.17,0.0000,0.00,0,0,0,262.64,0,0.000,0.0000
2026-08-24T00:11:56.436029,532.08,DONE,7.0622,23.4667,105.75,0.0000,0.0000,20.6660,0,0.0,0.0,0.0,0.0,0.000,0.7700,0.0011,0.1734,263.72,17.6555,10.3323,53.17,0.0000,0.00,0,0,0,263.64,0,0.000,0.0000
2026-08-24T00:11:57.435620,533.08,DONE,7.0622,23.4667,105.75,0.0000,0.0000,20.6660,0,0.0,0.0,0.0,0.0,0.000,0.7700,0.0011,0.1734,264.72,17.6555,10.3323,53.17,0.0000,0.00,0,0,0,264.64,0,0.000,0.0000
2026-08-24T00:11:58.436139,534.08,DONE,7.0622,23.4667,105.75,0.0000,0.0000,20.6660,0,0.0,0.0,0.0,0.0,0.000,0.7700,0.0011,0.1734,265.72,17.6555,10.3323,53.17,0.0000,0.00,0,0,0,265.64,0,0.000,0.0000
2026-08-24T00:11:59.435864,535.08,DONE,7.0622,23.4667,105.75,0.0000,0.0000,20.6660,0,0.0,0.0,0.0,0.0,0.000,0.7700,0.0011,0.1734,266.72,17.6555,10.3323,53.17,0.0000,0.00,0,0,0,266.64,0,0.000,0.0000
2026-08-24T00:12:00.436026,536.08,DONE,7.0622,23.4667,105.75,0.0000,0.0000,20.6660,0,0.0,0.0,0.0,0.0,0.000,0.7700,0.0011,0.1734,267.72,17.6555,10.3323,53.17,0.0000,0.00,0,0,0,267.64,0,0.000,0.0000
2026-08-24T00:12:01.435854,537.08,DONE,7.0622,23.4667,105.75,0.0000,0.0000,20.6660,0,0.0,0.0,0.0,0.0,0.000,0.7700,0.0011,0.1734,268.72,17.6555,10.3323,53.17,0.0000,0.00,0,0,0,268.65,0,0.000,0.0000
2026-08-24T00:12:02.438494,538.08,DONE,7.0622,23.4667,105.75,0.0000,0.0000,20.6660,0,0.0,0.0,0.0,0.0,0.000,0.7700,0.0011,0.1734,269.73,17.6555,10.3323,53.17,0.0000,0.00,0,0,0,269.64,0,0.000,0.0000
2026-08-24T00:12:03.438332,539.08,DONE,7.0622,23.4667,105.75,0.0000,0.0000,20.6660,0,0.0,0.0,0.0,0.0,0.000,0.7700,0.0011,0.1734,270.73,17.6555,10.3323,53.17,0.0000,0.00,0,0,0,270.64,0,0.000,0.0000
2026-08-24T00:12:04.435804,540.08,DONE,7.0622,23.4667,105.75,0.0000,0.0000,20.6660,0,0.0,0.0,0.0,0.0,0.000,0.7700,0.0011,0.1734,271.72,17.6555,10.3323,53.17,0.0000,0.00,0,0,0,271.64,0,0.000,0.0000
2026-08-24T00:12:05.436559,541.08,DONE,7.0622,23.4667,105.75,0.0000,0.0000,20.6660,0,0.0,0.0,0.0,0.0,0.000,0.7700,0.0011,0.1734,272.72,17.6555,10.3323,53.17,0.0000,0.00,0,0,0,272.64,0,0.000,0.0000
2026-08-24T00:12:06.435832,542.08,DONE,7.0622,23.4667,105.75,0.0000,0.0000,20.6660,0,0.0,0.0,0.0,0.0,0.000,0.7700,0.0011,0.1734,273.72,17.6555,10.3323,53.17,0.0000,0.00,0,0,0,273.64,0,0.000,0.0000
2026-08-24T00:12:07.435879,543.08,DONE,7.0622,23.4667,105.75,0.0000,0.0000,20.6660,0,0.0,0.0,0.0,0.0,0.000,0.7700,0.0011,0.1734,274.72,17.6555,10.3323,53.17,0.0000,0.00,0,0,0,274.64,0,0.000,0.0000
2026-08-24T00:12:08.435750,544.08,DONE,7.0622,23.4667,105.75,0.0000,0.0000,20.6660,0,0.0,0.0,0.0,0.0,0.000,0.7700,0.0011,0.1734,275.72,17.6555,10.3323,53.17,0.0000,0.00,0,0,0,275.64,0,0.000,0.0000
2026-08-24T00:12:09.436244,545.08,DONE,7.0622,23.4667,105.75,0.0000,0.0000,20.6660,0,0.0,0.0,0.0,0.0,0.000,0.7700,0.0011,0.1734,276.72,17.6555,10.3323,53.17,0.0000,0.00,0,0,0,276.64,0,0.000,0.0000
2026-08-24T00:12:10.435691,546.08,DONE,7.0622,23.4667,105.75,0.0000,0.0000,20.6660,0,0.0,0.0,0.0,0.0,0.000,0.7700,0.0011,0.1734,277.72,17.6555,10.3323,53.17,0.0000,0.00,0,0,0,277.64,0,0.000,0.0000
2026-08-24T00:12:11.436162,547.08,DONE,7.0622,23.4667,105.75,0.0000,0.0000,20.6660,0,0.0,0.0,0.0,0.0,0.000,0.7700,0.0011,0.1734,278.72,17.6555,10.3323,53.17,0.0000,0.00,0,0,0,278.64,0,0.000,0.0000
2026-08-24T00:12:12.436122,548.08,DONE,7.0622,23.4667,105.75,0.0000,0.0000,20.6660,0,0.0,0.0,0.0,0.0,0.000,0.7700,0.0011,0.1734,279.72,17.6555,10.3323,53.17,0.0000,0.00,0,0,0,279.64,0,0.000,0.0000
2026-08-24T00:12:13.435959,549.08,DONE,7.0622,23.4667,105.75,0.0000,0.0000,20.6660,0,0.0,0.0,0.0,0.0,0.000,0.7700,0.0011,0.1734,280.72,17.6555,10.3323,53.17,0.0000,0.00,0,0,0,280.64,0,0.000,0.0000
2026-08-24T00:12:14.435744,550.08,DONE,7.0622,23.4667,105.75,0.0000,0.0000,20.6660,0,0.0,0.0,0.0,0.0,0.000,0.7700,0.0011,0.1734,281.72,17.6555,10.3323,53.17,0.0000,0.00,0,0,0,281.64,0,0.000,0.0000
2026-08-24T00:12:15.436173,551.08,DONE,7.0622,23.4667,105.75,0.0000,0.0000,20.6660,0,0.0,0.0,0.0,0.0,0.000,0.7700,0.0011,0.1734,282.72,17.6555,10.3323,53.17,0.0000,0.00,0,0,0,282.64,0,0.000,0.0000
2026-08-24T00:12:16.436168,552.08,DONE,7.0622,23.4667,105.75,0.0000,0.0000,20.6660,0,0.0,0.0,0.0,0.0,0.000,0.7700,0.0011,0.1734,283.72,17.6555,10.3323,53.17,0.0000,0.00,0,0,0,283.64,0,0.000,0.0000
2026-08-24T00:12:17.436084,553.08,DONE,7.0622,23.4667,105.75,0.0000,0.0000,20.6660,0,0.0,0.0,0.0,0.0,0.000,0.7700,0.0011,0.1734,284.72,17.6555,10.3323,53.17,0.0000,0.00,0,0,0,284.64,0,0.000,0.0000
2026-08-24T00:12:18.435885,554.08,DONE,7.0622,23.4667,105.75,0.0000,0.0000,20.6660,0,0.0,0.0,0.0,0.0,0.000,0.7700,0.0011,0.1734,285.72,17.6555,10.3323,53.17,0.0000,0.00,0,0,0,285.64,0,0.000,0.0000
2026-08-24T00:12:19.436006,555.08,DONE,7.0622,23.4667,105.75,0.0000,0.0000,20.6660,0,0.0,0.0,0.0,0.0,0.000,0.7700,0.0011,0.1734,286.72,17.6555,10.3323,53.17,0.0000,0.00,0,0,0,286.64,0,0.000,0.0000
2026-08-24T00:12:20.435980,556.08,DONE,7.0622,23.4667,105.75,0.0000,0.0000,20.6660,0,0.0,0.0,0.0,0.0,0.000,0.7700,0.0011,0.1734,287.72,17.6555,10.3323,53.17,0.0000,0.00,0,0,0,287.64,0,0.000,0.0000
2026-08-24T00:12:21.436113,557.08,DONE,7.0622,23.4667,105.75,0.0000,0.0000,20.6660,0,0.0,0.0,0.0,0.0,0.000,0.7700,0.0011,0.1734,288.72,17.6555,10.3323,53.17,0.0000,0.00,0,0,0,288.64,0,0.000,0.0000
2026-08-24T00:12:22.435836,558.08,DONE,7.0622,23.4667,105.75,0.0000,0.0000,20.6660,0,0.0,0.0,0.0,0.0,0.000,0.7700,0.0011,0.1734,289.72,17.6555,10.3323,53.17,0.0000,0.00,0,0,0,289.64,0,0.000,0.0000
2026-08-24T00:12:23.437463,559.08,DONE,7.0622,23.4667,105.75,0.0000,0.0000,20.6660,0,0.0,0.0,0.0,0.0,0.000,0.7700,0.0011,0.1734,290.72,17.6555,10.3323,53.17,0.0000,0.00,0,0,0,290.64,0,0.000,0.0000
2026-08-24T00:12:24.438699,560.08,DONE,7.0622,23.4667,105.75,0.0000,0.0000,20.6660,0,0.0,0.0,0.0,0.0,0.000,0.7700,0.0011,0.1734,291.73,17.6555,10.3323,53.17,0.0000,0.00,0,0,0,291.64,0,0.000,0.0000
2026-08-24T00:12:25.435880,561.08,DONE,7.0622,23.4667,105.75,0.0000,0.0000,20.6660,0,0.0,0.0,0.0,0.0,0.000,0.7700,0.0011,0.1734,292.72,17.6555,10.3323,53.17,0.0000,0.00,0,0,0,292.64,0,0.000,0.0000
2026-08-24T00:12:26.435907,562.08,DONE,7.0622,23.4667,105.75,0.0000,0.0000,20.6660,0,0.0,0.0,0.0,0.0,0.000,0.7700,0.0011,0.1734,293.72,17.6555,10.3323,53.17,0.0000,0.00,0,0,0,293.64,0,0.000,0.0000
2026-08-24T00:12:27.435792,563.08,DONE,7.0622,23.4667,105.75,0.0000,0.0000,20.6660,0,0.0,0.0,0.0,0.0,0.000,0.7700,0.0011,0.1734,294.72,17.6555,10.3323,53.17,0.0000,0.00,0,0,0,294.64,0,0.000,0.0000
2026-08-24T00:12:28.435711,564.08,DONE,7.0622,23.4667,105.75,0.0000,0.0000,20.6660,0,0.0,0.0,0.0,0.0,0.000,0.7700,0.0011,0.1734,295.72,17.6555,10.3323,53.17,0.0000,0.00,0,0,0,295.64,0,0.000,0.0000
2026-08-24T00:12:29.437163,565.08,DONE,7.0622,23.4667,105.75,0.0000,0.0000,20.6660,0,0.0,0.0,0.0,0.0,0.000,0.7700,0.0011,0.1734,296.72,17.6555,10.3323,53.17,0.0000,0.00,0,0,0,296.65,0,0.000,0.0000
2026-08-24T00:12:30.435724,566.08,DONE,7.0622,23.4667,105.75,0.0000,0.0000,20.6660,0,0.0,0.0,0.0,0.0,0.000,0.7700,0.0011,0.1734,297.72,17.6555,10.3323,53.17,0.0000,0.00,0,0,0,297.64,0,0.000,0.0000
2026-08-24T00:12:31.436569,567.08,DONE,7.0622,23.4667,105.75,0.0000,0.0000,20.6660,0,0.0,0.0,0.0,0.0,0.000,0.7700,0.0011,0.1734,298.72,17.6555,10.3323,53.17,0.0000,0.00,0,0,0,298.64,0,0.000,0.0000
2026-08-24T00:12:32.436119,568.08,DONE,7.0622,23.4667,105.75,0.0000,0.0000,20.6660,0,0.0,0.0,0.0,0.0,0.000,0.7700,0.0011,0.1734,299.72,17.6555,10.3323,53.17,0.0000,0.00,0,0,0,299.64,0,0.000,0.0000
2026-08-24T00:12:33.436246,569.08,DONE,7.0622,23.4667,105.75,0.0000,0.0000,20.6660,0,0.0,0.0,0.0,0.0,0.000,0.7700,0.0011,0.1734,300.72,17.6555,10.3323,53.17,0.0000,0.00,0,0,0,300.64,0,0.000,0.0000
2026-08-24T00:12:34.437584,570.08,DONE,7.0622,23.4667,105.75,0.0000,0.0000,20.6660,0,0.0,0.0,0.0,0.0,0.000,0.7700,0.0011,0.1734,301.73,17.6555,10.3323,53.17,0.0000,0.00,0,0,0,301.64,0,0.000,0.0000
2026-08-24T00:12:35.436049,571.08,DONE,7.0622,23.4667,105.75,0.0000,0.0000,20.6660,0,0.0,0.0,0.0,0.0,0.000,0.7700,0.0011,0.1734,302.72,17.6555,10.3323,53.17,0.0000,0.00,0,0,0,302.64,0,0.000,0.0000
2026-08-24T00:12:36.436564,572.08,DONE,7.0622,23.4667,105.75,0.0000,0.0000,20.6660,0,0.0,0.0,0.0,0.0,0.000,0.7700,0.0011,0.1734,303.72,17.6555,10.3323,53.17,0.0000,0.00,0,0,0,303.64,0,0.000,0.0000
2026-08-24T00:12:37.439194,573.08,DONE,7.0622,23.4667,105.75,0.0000,0.0000,20.6660,0,0.0,0.0,0.0,0.0,0.000,0.7700,0.0011,0.1734,304.73,17.6555,10.3323,53.17,0.0000,0.00,0,0,0,304.64,0,0.000,0.0000
2026-08-24T00:12:38.436043,574.08,DONE,7.0622,23.4667,105.75,0.0000,0.0000,20.6660,0,0.0,0.0,0.0,0.0,0.000,0.7700,0.0011,0.1734,305.72,17.6555,10.3323,53.17,0.0000,0.00,0,0,0,305.64,0,0.000,0.0000
2026-08-24T00:12:39.435957,575.08,DONE,7.0622,23.4667,105.75,0.0000,0.0000,20.6660,0,0.0,0.0,0.0,0.0,0.000,0.7700,0.0011,0.1734,306.72,17.6555,10.3323,53.17,0.0000,0.00,0,0,0,306.64,0,0.000,0.0000
2026-08-24T00:12:40.436040,576.08,DONE,7.0622,23.4667,105.75,0.0000,0.0000,20.6660,0,0.0,0.0,0.0,0.0,0.000,0.7700,0.0011,0.1734,307.72,17.6555,10.3323,53.17,0.0000,0.00,0,0,0,307.64,0,0.000,0.0000
2026-08-24T00:12:41.436208,577.08,DONE,7.0622,23.4667,105.75,0.0000,0.0000,20.6660,0,0.0,0.0,0.0,0.0,0.000,0.7700,0.0011,0.1734,308.72,17.6555,10.3323,53.17,0.0000,0.00,0,0,0,308.64,0,0.000,0.0000
2026-08-24T00:12:42.435960,578.08,DONE,7.0622,23.4667,105.75,0.0000,0.0000,20.6660,0,0.0,0.0,0.0,0.0,0.000,0.7700,0.0011,0.1734,309.72,17.6555,10.3323,53.17,0.0000,0.00,0,0,0,309.64,0,0.000,0.0000
2026-08-24T00:12:43.435977,579.08,DONE,7.0622,23.4667,105.75,0.0000,0.0000,20.6660,0,0.0,0.0,0.0,0.0,0.000,0.7700,0.0011,0.1734,310.72,17.6555,10.3323,53.17,0.0000,0.00,0,0,0,310.64,0,0.000,0.0000
2026-08-24T00:12:44.436485,580.08,DONE,7.0622,23.4667,105.75,0.0000,0.0000,20.6660,0,0.0,0.0,0.0,0.0,0.000,0.7700,0.0011,0.1734,311.72,17.6555,10.3323,53.17,0.0000,0.00,0,0,0,311.64,0,0.000,0.0000
2026-08-24T00:12:45.435734,581.08,DONE,7.0622,23.4667,105.75,0.0000,0.0000,20.6660,0,0.0,0.0,0.0,0.0,0.000,0.7700,0.0011,0.1734,312.72,17.6555,10.3323,53.17,0.0000,0.00,0,0,0,312.64,0,0.000,0.0000
2026-08-24T00:12:46.438544,582.08,DONE,7.0622,23.4667,105.75,0.0000,0.0000,20.6660,0,0.0,0.0,0.0,0.0,0.000,0.7700,0.0011,0.1734,313.73,17.6555,10.3323,53.17,0.0000,0.00,0,0,0,313.64,0,0.000,0.0000
2026-08-24T00:12:47.436128,583.08,DONE,7.0622,23.4667,105.75,0.0000,0.0000,20.6660,0,0.0,0.0,0.0,0.0,0.000,0.7700,0.0011,0.1734,314.72,17.6555,10.3323,53.17,0.0000,0.00,0,0,0,314.64,0,0.000,0.0000
2026-08-24T00:12:48.435865,584.08,DONE,7.0622,23.4667,105.75,0.0000,0.0000,20.6660,0,0.0,0.0,0.0,0.0,0.000,0.7700,0.0011,0.1734,315.72,17.6555,10.3323,53.17,0.0000,0.00,0,0,0,315.64,0,0.000,0.0000
2026-08-24T00:12:49.436186,585.08,DONE,7.0622,23.4667,105.75,0.0000,0.0000,20.6660,0,0.0,0.0,0.0,0.0,0.000,0.7700,0.0011,0.1734,316.72,17.6555,10.3323,53.17,0.0000,0.00,0,0,0,316.64,0,0.000,0.0000
2026-08-24T00:12:50.436721,586.08,DONE,7.0622,23.4667,105.75,0.0000,0.0000,20.6660,0,0.0,0.0,0.0,0.0,0.000,0.7700,0.0011,0.1734,317.72,17.6555,10.3323,53.17,0.0000,0.00,0,0,0,317.64,0,0.000,0.0000
2026-08-24T00:12:51.435760,587.08,DONE,7.0622,23.4667,105.75,0.0000,0.0000,20.6660,0,0.0,0.0,0.0,0.0,0.000,0.7700,0.0011,0.1734,318.72,17.6555,10.3323,53.17,0.0000,0.00,0,0,0,318.64,0,0.000,0.0000
2026-08-24T00:12:52.436603,588.08,DONE,7.0622,23.4667,105.75,0.0000,0.0000,20.6660,0,0.0,0.0,0.0,0.0,0.000,0.7700,0.0011,0.1734,319.72,17.6555,10.3323,53.17,0.0000,0.00,0,0,0,319.64,0,0.000,0.0000
2026-08-24T00:12:53.436217,589.08,DONE,7.0622,23.4667,105.75,0.0000,0.0000,20.6660,0,0.0,0.0,0.0,0.0,0.000,0.7700,0.0011,0.1734,320.72,17.6555,10.3323,53.17,0.0000,0.00,0,0,0,320.64,0,0.000,0.0000
2026-08-24T00:12:54.435908,590.08,DONE,7.0622,23.4667,105.75,0.0000,0.0000,20.6660,0,0.0,0.0,0.0,0.0,0.000,0.7700,0.0011,0.1734,321.72,17.6555,10.3323,53.17,0.0000,0.00,0,0,0,321.64,0,0.000,0.0000
2026-08-24T00:12:55.436151,591.08,DONE,7.0622,23.4667,105.75,0.0000,0.0000,20.6660,0,0.0,0.0,0.0,0.0,0.000,0.7700,0.0011,0.1734,322.72,17.6555,10.3323,53.17,0.0000,0.00,0,0,0,322.64,0,0.000,0.0000
2026-08-24T00:12:56.437817,592.08,DONE,7.0622,23.4667,105.75,0.0000,0.0000,20.6660,0,0.0,0.0,0.0,0.0,0.000,0.7700,0.0011,0.1734,323.73,17.6555,10.3323,53.17,0.0000,0.00,0,0,0,323.64,0,0.000,0.0000
2026-08-24T00:12:57.436701,593.08,DONE,7.0622,23.4667,105.75,0.0000,0.0000,20.6660,0,0.0,0.0,0.0,0.0,0.000,0.7700,0.0011,0.1734,324.72,17.6555,10.3323,53.17,0.0000,0.00,0,0,0,324.64,0,0.000,0.0000
2026-08-24T00:12:58.435996,594.08,DONE,7.0622,23.4667,105.75,0.0000,0.0000,20.6660,0,0.0,0.0,0.0,0.0,0.000,0.7700,0.0011,0.1734,325.72,17.6555,10.3323,53.17,0.0000,0.00,0,0,0,325.64,0,0.000,0.0000
2026-08-24T00:12:59.435891,595.08,DONE,7.0622,23.4667,105.75,0.0000,0.0000,20.6660,0,0.0,0.0,0.0,0.0,0.000,0.7700,0.0011,0.1734,326.72,17.6555,10.3323,53.17,0.0000,0.00,0,0,0,326.64,0,0.000,0.0000
2026-08-24T00:13:00.435760,596.08,DONE,7.0622,23.4667,105.75,0.0000,0.0000,20.6660,0,0.0,0.0,0.0,0.0,0.000,0.7700,0.0011,0.1734,327.72,17.6555,10.3323,53.17,0.0000,0.00,0,0,0,327.64,0,0.000,0.0000
2026-08-24T00:13:01.437071,597.08,DONE,7.0622,23.4667,105.75,0.0000,0.0000,20.6660,0,0.0,0.0,0.0,0.0,0.000,0.7700,0.0011,0.1734,328.72,17.6555,10.3323,53.17,0.0000,0.00,0,0,0,328.64,0,0.000,0.0000
2026-08-24T00:13:02.435855,598.08,DONE,7.0622,23.4667,105.75,0.0000,0.0000,20.6660,0,0.0,0.0,0.0,0.0,0.000,0.7700,0.0011,0.1734,329.72,17.6555,10.3323,53.17,0.0000,0.00,0,0,0,329.64,0,0.000,0.0000
2026-08-24T00:13:03.436886,599.08,DONE,7.0622,23.4667,105.75,0.0000,0.0000,20.6660,0,0.0,0.0,0.0,0.0,0.000,0.7700,0.0011,0.1734,330.72,17.6555,10.3323,53.17,0.0000,0.00,0,0,0,330.64,0,0.000,0.0000
2026-08-24T00:13:04.436325,600.08,DONE,7.0622,23.4667,105.75,0.0000,0.0000,20.6660,0,0.0,0.0,0.0,0.0,0.000,0.7700,0.0011,0.1734,331.72,17.6555,10.3323,53.17,0.0000,0.00,0,0,0,331.64,0,0.000,0.0000
2026-08-24T00:13:05.436412,601.08,DONE,7.0622,23.4667,105.75,0.0000,0.0000,20.6660,0,0.0,0.0,0.0,0.0,0.000,0.7700,0.0011,0.1734,332.72,17.6555,10.3323,53.17,0.0000,0.00,0,0,0,332.64,0,0.000,0.0000
2026-08-24T00:13:06.436261,602.08,DONE,7.0622,23.4667,105.75,0.0000,0.0000,20.6660,0,0.0,0.0,0.0,0.0,0.000,0.7700,0.0011,0.1734,333.72,17.6555,10.3323,53.17,0.0000,0.00,0,0,0,333.64,0,0.000,0.0000
2026-08-24T00:13:07.436679,603.08,DONE,7.0622,23.4667,105.75,0.0000,0.0000,20.6660,0,0.0,0.0,0.0,0.0,0.000,0.7700,0.0011,0.1734,334.72,17.6555,10.3323,53.17,0.0000,0.00,0,0,0,334.64,0,0.000,0.0000
2026-08-24T00:13:08.436323,604.08,DONE,7.0622,23.4667,105.75,0.0000,0.0000,20.6660,0,0.0,0.0,0.0,0.0,0.000,0.7700,0.0011,0.1734,335.72,17.6555,10.3323,53.17,0.0000,0.00,0,0,0,335.64,0,0.000,0.0000
2026-08-24T00:13:09.435872,605.08,DONE,7.0622,23.4667,105.75,0.0000,0.0000,20.6660,0,0.0,0.0,0.0,0.0,0.000,0.7700,0.0011,0.1734,336.72,17.6555,10.3323,53.17,0.0000,0.00,0,0,0,336.64,0,0.000,0.0000
2026-08-24T00:13:10.436130,606.08,DONE,7.0622,23.4667,105.75,0.0000,0.0000,20.6660,0,0.0,0.0,0.0,0.0,0.000,0.7700,0.0011,0.1734,337.72,17.6555,10.3323,53.17,0.0000,0.00,0,0,0,337.64,0,0.000,0.0000
2026-08-24T00:13:11.435773,607.08,DONE,7.0622,23.4667,105.75,0.0000,0.0000,20.6660,0,0.0,0.0,0.0,0.0,0.000,0.7700,0.0011,0.1734,338.72,17.6555,10.3323,53.17,0.0000,0.00,0,0,0,338.64,0,0.000,0.0000
2026-08-24T00:13:12.435966,608.08,DONE,7.0622,23.4667,105.75,0.0000,0.0000,20.6660,0,0.0,0.0,0.0,0.0,0.000,0.7700,0.0011,0.1734,339.72,17.6555,10.3323,53.17,0.0000,0.00,0,0,0,339.64,0,0.000,0.0000
2026-08-24T00:13:13.436791,609.08,DONE,7.0622,23.4667,105.75,0.0000,0.0000,20.6660,0,0.0,0.0,0.0,0.0,0.000,0.7700,0.0011,0.1734,340.72,17.6555,10.3323,53.17,0.0000,0.00,0,0,0,340.64,0,0.000,0.0000
2026-08-24T00:13:14.436138,610.08,DONE,7.0622,23.4667,105.75,0.0000,0.0000,20.6660,0,0.0,0.0,0.0,0.0,0.000,0.7700,0.0011,0.1734,341.72,17.6555,10.3323,53.17,0.0000,0.00,0,0,0,341.64,0,0.000,0.0000
2026-08-24T00:13:15.435858,611.08,DONE,7.0622,23.4667,105.75,0.0000,0.0000,20.6660,0,0.0,0.0,0.0,0.0,0.000,0.7700,0.0011,0.1734,342.72,17.6555,10.3323,53.17,0.0000,0.00,0,0,0,342.64,0,0.000,0.0000
2026-08-24T00:13:16.436582,612.08,DONE,7.0622,23.4667,105.75,0.0000,0.0000,20.6660,0,0.0,0.0,0.0,0.0,0.000,0.7700,0.0011,0.1734,343.72,17.6555,10.3323,53.17,0.0000,0.00,0,0,0,343.64,0,0.000,0.0000
2026-08-24T00:13:17.436177,613.08,DONE,7.0622,23.4667,105.75,0.0000,0.0000,20.6660,0,0.0,0.0,0.0,0.0,0.000,0.7700,0.0011,0.1734,344.72,17.6555,10.3323,53.17,0.0000,0.00,0,0,0,344.64,0,0.000,0.0000
2026-08-24T00:13:18.439093,614.08,DONE,7.0622,23.4667,105.75,0.0000,0.0000,20.6660,0,0.0,0.0,0.0,0.0,0.000,0.7700,0.0011,0.1734,345.73,17.6555,10.3323,53.17,0.0000,0.00,0,0,0,345.65,0,0.000,0.0000
2026-08-24T00:13:19.436026,615.08,DONE,7.0622,23.4667,105.75,0.0000,0.0000,20.6660,0,0.0,0.0,0.0,0.0,0.000,0.7700,0.0011,0.1734,346.72,17.6555,10.3323,53.17,0.0000,0.00,0,0,0,346.64,0,0.000,0.0000
2026-08-24T00:13:20.435797,616.08,DONE,7.0622,23.4667,105.75,0.0000,0.0000,20.6660,0,0.0,0.0,0.0,0.0,0.000,0.7700,0.0011,0.1734,347.72,17.6555,10.3323,53.17,0.0000,0.00,0,0,0,347.64,0,0.000,0.0000
2026-08-24T00:13:21.436329,617.08,DONE,7.0622,23.4667,105.75,0.0000,0.0000,20.6660,0,0.0,0.0,0.0,0.0,0.000,0.7700,0.0011,0.1734,348.72,17.6555,10.3323,53.17,0.0000,0.00,0,0,0,348.64,0,0.000,0.0000
2026-08-24T00:13:22.436049,618.08,DONE,7.0622,23.4667,105.75,0.0000,0.0000,20.6660,0,0.0,0.0,0.0,0.0,0.000,0.7700,0.0011,0.1734,349.72,17.6555,10.3323,53.17,0.0000,0.00,0,0,0,349.64,0,0.000,0.0000
2026-08-24T00:13:23.435869,619.08,DONE,7.0622,23.4667,105.75,0.0000,0.0000,20.6660,0,0.0,0.0,0.0,0.0,0.000,0.7700,0.0011,0.1734,350.72,17.6555,10.3323,53.17,0.0000,0.00,0,0,0,350.64,0,0.000,0.0000
2026-08-24T00:13:24.435938,620.08,DONE,7.0622,23.4667,105.75,0.0000,0.0000,20.6660,0,0.0,0.0,0.0,0.0,0.000,0.7700,0.0011,0.1734,351.72,17.6555,10.3323,53.17,0.0000,0.00,0,0,0,351.64,0,0.000,0.0000
2026-08-24T00:13:25.435850,621.08,DONE,7.0622,23.4667,105.75,0.0000,0.0000,20.6660,0,0.0,0.0,0.0,0.0,0.000,0.7700,0.0011,0.1734,352.72,17.6555,10.3323,53.17,0.0000,0.00,0,0,0,352.64,0,0.000,0.0000
2026-08-24T00:13:26.438528,622.08,DONE,7.0622,23.4667,105.75,0.0000,0.0000,20.6660,0,0.0,0.0,0.0,0.0,0.000,0.7700,0.0011,0.1734,353.73,17.6555,10.3323,53.17,0.0000,0.00,0,0,0,353.64,0,0.000,0.0000
2026-08-24T00:13:27.435649,623.08,DONE,7.0622,23.4667,105.75,0.0000,0.0000,20.6660,0,0.0,0.0,0.0,0.0,0.000,0.7700,0.0011,0.1734,354.72,17.6555,10.3323,53.17,0.0000,0.00,0,0,0,354.64,0,0.000,0.0000
2026-08-24T00:13:28.437052,624.08,DONE,7.0622,23.4667,105.75,0.0000,0.0000,20.6660,0,0.0,0.0,0.0,0.0,0.000,0.7700,0.0011,0.1734,355.72,17.6555,10.3323,53.17,0.0000,0.00,0,0,0,355.64,0,0.000,0.0000
2026-08-24T00:13:29.435885,625.08,DONE,7.0622,23.4667,105.75,0.0000,0.0000,20.6660,0,0.0,0.0,0.0,0.0,0.000,0.7700,0.0011,0.1734,356.72,17.6555,10.3323,53.17,0.0000,0.00,0,0,0,356.64,0,0.000,0.0000
2026-08-24T00:13:30.435764,626.08,DONE,7.0622,23.4667,105.75,0.0000,0.0000,20.6660,0,0.0,0.0,0.0,0.0,0.000,0.7700,0.0011,0.1734,357.72,17.6555,10.3323,53.17,0.0000,0.00,0,0,0,357.64,0,0.000,0.0000
2026-08-24T00:13:31.438193,627.08,DONE,7.0622,23.4667,105.75,0.0000,0.0000,20.6660,0,0.0,0.0,0.0,0.0,0.000,0.7700,0.0011,0.1734,358.73,17.6555,10.3323,53.17,0.0000,0.00,0,0,0,358.64,0,0.000,0.0000
2026-08-24T00:13:32.436042,628.08,DONE,7.0622,23.4667,105.75,0.0000,0.0000,20.6660,0,0.0,0.0,0.0,0.0,0.000,0.7700,0.0011,0.1734,359.72,17.6555,10.3323,53.17,0.0000,0.00,0,0,0,359.64,0,0.000,0.0000
2026-08-24T00:13:33.435657,629.08,DONE,7.0622,23.4667,105.75,0.0000,0.0000,20.6660,0,0.0,0.0,0.0,0.0,0.000,0.7700,0.0011,0.1734,360.72,17.6555,10.3323,53.17,0.0000,0.00,0,0,0,360.64,0,0.000,0.0000
2026-08-24T00:13:34.439346,630.08,DONE,7.0622,23.4667,105.75,0.0000,0.0000,20.6660,0,0.0,0.0,0.0,0.0,0.000,0.7700,0.0011,0.1734,361.73,17.6555,10.3323,53.17,0.0000,0.00,0,0,0,361.64,0,0.000,0.0000
2026-08-24T00:13:35.436333,631.08,DONE,7.0622,23.4667,105.75,0.0000,0.0000,20.6660,0,0.0,0.0,0.0,0.0,0.000,0.7700,0.0011,0.1734,362.72,17.6555,10.3323,53.17,0.0000,0.00,0,0,0,362.64,0,0.000,0.0000
2026-08-24T00:13:36.435985,632.08,DONE,7.0622,23.4667,105.75,0.0000,0.0000,20.6660,0,0.0,0.0,0.0,0.0,0.000,0.7700,0.0011,0.1734,363.72,17.6555,10.3323,53.17,0.0000,0.00,0,0,0,363.64,0,0.000,0.0000
2026-08-24T00:13:37.441468,633.08,DONE,7.0622,23.4667,105.75,0.0000,0.0000,20.6660,0,0.0,0.0,0.0,0.0,0.000,0.7700,0.0011,0.1734,364.73,17.6555,10.3323,53.17,0.0000,0.00,0,0,0,364.64,0,0.000,0.0000
2026-08-24T00:13:38.435888,634.08,DONE,7.0622,23.4667,105.75,0.0000,0.0000,20.6660,0,0.0,0.0,0.0,0.0,0.000,0.7700,0.0011,0.1734,365.72,17.6555,10.3323,53.17,0.0000,0.00,0,0,0,365.64,0,0.000,0.0000
2026-08-24T00:13:39.436022,635.08,DONE,7.0622,23.4667,105.75,0.0000,0.0000,20.6660,0,0.0,0.0,0.0,0.0,0.000,0.7700,0.0011,0.1734,366.72,17.6555,10.3323,53.17,0.0000,0.00,0,0,0,366.64,0,0.000,0.0000
2026-08-24T00:13:40.436142,636.08,DONE,7.0622,23.4667,105.75,0.0000,0.0000,20.6660,0,0.0,0.0,0.0,0.0,0.000,0.7700,0.0011,0.1734,367.72,17.6555,10.3323,53.17,0.0000,0.00,0,0,0,367.64,0,0.000,0.0000
2026-08-24T00:13:41.436349,637.08,DONE,7.0622,23.4667,105.75,0.0000,0.0000,20.6660,0,0.0,0.0,0.0,0.0,0.000,0.7700,0.0011,0.1734,368.72,17.6555,10.3323,53.17,0.0000,0.00,0,0,0,368.64,0,0.000,0.0000
2026-08-24T00:13:42.435900,638.08,DONE,7.0622,23.4667,105.75,0.0000,0.0000,20.6660,0,0.0,0.0,0.0,0.0,0.000,0.7700,0.0011,0.1734,369.72,17.6555,10.3323,53.17,0.0000,0.00,0,0,0,369.64,0,0.000,0.0000
2026-08-24T00:13:43.435768,639.08,DONE,7.0622,23.4667,105.75,0.0000,0.0000,20.6660,0,0.0,0.0,0.0,0.0,0.000,0.7700,0.0011,0.1734,370.72,17.6555,10.3323,53.17,0.0000,0.00,0,0,0,370.64,0,0.000,0.0000
2026-08-24T00:13:44.435747,640.08,DONE,7.0622,23.4667,105.75,0.0000,0.0000,20.6660,0,0.0,0.0,0.0,0.0,0.000,0.7700,0.0011,0.1734,371.72,17.6555,10.3323,53.17,0.0000,0.00,0,0,0,371.64,0,0.000,0.0000
2026-08-24T00:13:45.435811,641.08,DONE,7.0622,23.4667,105.75,0.0000,0.0000,20.6660,0,0.0,0.0,0.0,0.0,0.000,0.7700,0.0011,0.1734,372.72,17.6555,10.3323,53.17,0.0000,0.00,0,0,0,372.64,0,0.000,0.0000
2026-08-24T00:13:46.436684,642.08,DONE,7.0622,23.4667,105.75,0.0000,0.0000,20.6660,0,0.0,0.0,0.0,0.0,0.000,0.7700,0.0011,0.1734,373.72,17.6555,10.3323,53.17,0.0000,0.00,0,0,0,373.64,0,0.000,0.0000
2026-08-24T00:13:47.436132,643.08,DONE,7.0622,23.4667,105.75,0.0000,0.0000,20.6660,0,0.0,0.0,0.0,0.0,0.000,0.7700,0.0011,0.1734,374.72,17.6555,10.3323,53.17,0.0000,0.00,0,0,0,374.64,0,0.000,0.0000
2026-08-24T00:13:48.435767,644.08,DONE,7.0622,23.4667,105.75,0.0000,0.0000,20.6660,0,0.0,0.0,0.0,0.0,0.000,0.7700,0.0011,0.1734,375.72,17.6555,10.3323,53.17,0.0000,0.00,0,0,0,375.64,0,0.000,0.0000
2026-08-24T00:13:49.436030,645.08,DONE,7.0622,23.4667,105.75,0.0000,0.0000,20.6660,0,0.0,0.0,0.0,0.0,0.000,0.7700,0.0011,0.1734,376.72,17.6555,10.3323,53.17,0.0000,0.00,0,0,0,376.64,0,0.000,0.0000
2026-08-24T00:13:50.436080,646.08,DONE,7.0622,23.4667,105.75,0.0000,0.0000,20.6660,0,0.0,0.0,0.0,0.0,0.000,0.7700,0.0011,0.1734,377.72,17.6555,10.3323,53.17,0.0000,0.00,0,0,0,377.64,0,0.000,0.0000
2026-08-24T00:13:51.436006,647.08,DONE,7.0622,23.4667,105.75,0.0000,0.0000,20.6660,0,0.0,0.0,0.0,0.0,0.000,0.7700,0.0011,0.1734,378.72,17.6555,10.3323,53.17,0.0000,0.00,0,0,0,378.64,0,0.000,0.0000
2026-08-24T00:13:52.435827,648.08,DONE,7.0622,23.4667,105.75,0.0000,0.0000,20.6660,0,0.0,0.0,0.0,0.0,0.000,0.7700,0.0011,0.1734,379.72,17.6555,10.3323,53.17,0.0000,0.00,0,0,0,379.64,0,0.000,0.0000
2026-08-24T00:13:53.435675,649.08,DONE,7.0622,23.4667,105.75,0.0000,0.0000,20.6660,0,0.0,0.0,0.0,0.0,0.000,0.7700,0.0011,0.1734,380.72,17.6555,10.3323,53.17,0.0000,0.00,0,0,0,380.64,0,0.000,0.0000
2026-08-24T00:13:54.436104,650.08,DONE,7.0622,23.4667,105.75,0.0000,0.0000,20.6660,0,0.0,0.0,0.0,0.0,0.000,0.7700,0.0011,0.1734,381.72,17.6555,10.3323,53.17,0.0000,0.00,0,0,0,381.64,0,0.000,0.0000
2026-08-24T00:13:55.436088,651.08,DONE,7.0622,23.4667,105.75,0.0000,0.0000,20.6660,0,0.0,0.0,0.0,0.0,0.000,0.7700,0.0011,0.1734,382.72,17.6555,10.3323,53.17,0.0000,0.00,0,0,0,382.64,0,0.000,0.0000
2026-08-24T00:13:56.436053,652.08,DONE,7.0622,23.4667,105.75,0.0000,0.0000,20.6660,0,0.0,0.0,0.0,0.0,0.000,0.7700,0.0011,0.1734,383.72,17.6555,10.3323,53.17,0.0000,0.00,0,0,0,383.64,0,0.000,0.0000
2026-08-24T00:13:57.435859,653.08,DONE,7.0622,23.4667,105.75,0.0000,0.0000,20.6660,0,0.0,0.0,0.0,0.0,0.000,0.7700,0.0011,0.1734,384.72,17.6555,10.3323,53.17,0.0000,0.00,0,0,0,384.64,0,0.000,0.0000
2026-08-24T00:13:58.435869,654.08,DONE,7.0622,23.4667,105.75,0.0000,0.0000,20.6660,0,0.0,0.0,0.0,0.0,0.000,0.7700,0.0011,0.1734,385.72,17.6555,10.3323,53.17,0.0000,0.00,0,0,0,385.64,0,0.000,0.0000
2026-08-24T00:13:59.435984,655.08,DONE,7.0622,23.4667,105.75,0.0000,0.0000,20.6660,0,0.0,0.0,0.0,0.0,0.000,0.7700,0.0011,0.1734,386.72,17.6555,10.3323,53.17,0.0000,0.00,0,0,0,386.64,0,0.000,0.0000
2026-08-24T00:14:00.436134,656.08,DONE,7.0622,23.4667,105.75,0.0000,0.0000,20.6660,0,0.0,0.0,0.0,0.0,0.000,0.7700,0.0011,0.1734,387.72,17.6555,10.3323,53.17,0.0000,0.00,0,0,0,387.64,0,0.000,0.0000
2026-08-24T00:14:01.436011,657.08,DONE,7.0622,23.4667,105.75,0.0000,0.0000,20.6660,0,0.0,0.0,0.0,0.0,0.000,0.7700,0.0011,0.1734,388.72,17.6555,10.3323,53.17,0.0000,0.00,0,0,0,388.64,0,0.000,0.0000
2026-08-24T00:14:02.436210,658.08,DONE,7.0622,23.4667,105.75,0.0000,0.0000,20.6660,0,0.0,0.0,0.0,0.0,0.000,0.7700,0.0011,0.1734,389.72,17.6555,10.3323,53.17,0.0000,0.00,0,0,0,389.64,0,0.000,0.0000
2026-08-24T00:14:03.436205,659.08,DONE,7.0622,23.4667,105.75,0.0000,0.0000,20.6660,0,0.0,0.0,0.0,0.0,0.000,0.7700,0.0011,0.1734,390.72,17.6555,10.3323,53.17,0.0000,0.00,0,0,0,390.64,0,0.000,0.0000
2026-08-24T00:14:04.437054,660.08,DONE,7.0622,23.4667,105.75,0.0000,0.0000,20.6660,0,0.0,0.0,0.0,0.0,0.000,0.7700,0.0011,0.1734,391.72,17.6555,10.3323,53.17,0.0000,0.00,0,0,0,391.64,0,0.000,0.0000
2026-08-24T00:14:05.435819,661.08,DONE,7.0622,23.4667,105.75,0.0000,0.0000,20.6660,0,0.0,0.0,0.0,0.0,0.000,0.7700,0.0011,0.1734,392.72,17.6555,10.3323,53.17,0.0000,0.00,0,0,0,392.64,0,0.000,0.0000
2026-08-24T00:14:06.436003,662.08,DONE,7.0622,23.4667,105.75,0.0000,0.0000,20.6660,0,0.0,0.0,0.0,0.0,0.000,0.7700,0.0011,0.1734,393.72,17.6555,10.3323,53.17,0.0000,0.00,0,0,0,393.64,0,0.000,0.0000
2026-08-24T00:14:07.436138,663.08,DONE,7.0622,23.4667,105.75,0.0000,0.0000,20.6660,0,0.0,0.0,0.0,0.0,0.000,0.7700,0.0011,0.1734,394.72,17.6555,10.3323,53.17,0.0000,0.00,0,0,0,394.64,0,0.000,0.0000
2026-08-24T00:14:08.435864,664.08,DONE,7.0622,23.4667,105.75,0.0000,0.0000,20.6660,0,0.0,0.0,0.0,0.0,0.000,0.7700,0.0011,0.1734,395.72,17.6555,10.3323,53.17,0.0000,0.00,0,0,0,395.64,0,0.000,0.0000
2026-08-24T00:14:09.436000,665.08,DONE,7.0622,23.4667,105.75,0.0000,0.0000,20.6660,0,0.0,0.0,0.0,0.0,0.000,0.7700,0.0011,0.1734,396.72,17.6555,10.3323,53.17,0.0000,0.00,0,0,0,396.64,0,0.000,0.0000
2026-08-24T00:14:10.435818,666.08,DONE,7.0622,23.4667,105.75,0.0000,0.0000,20.6660,0,0.0,0.0,0.0,0.0,0.000,0.7700,0.0011,0.1734,397.72,17.6555,10.3323,53.17,0.0000,0.00,0,0,0,397.64,0,0.000,0.0000
2026-08-24T00:14:11.436825,667.08,DONE,7.0622,23.4667,105.75,0.0000,0.0000,20.6660,0,0.0,0.0,0.0,0.0,0.000,0.7700,0.0011,0.1734,398.72,17.6555,10.3323,53.17,0.0000,0.00,0,0,0,398.64,0,0.000,0.0000
2026-08-24T00:14:12.436256,668.08,DONE,7.0622,23.4667,105.75,0.0000,0.0000,20.6660,0,0.0,0.0,0.0,0.0,0.000,0.7700,0.0011,0.1734,399.72,17.6555,10.3323,53.17,0.0000,0.00,0,0,0,399.64,0,0.000,0.0000
2026-08-24T00:14:13.435813,669.08,DONE,7.0622,23.4667,105.75,0.0000,0.0000,20.6660,0,0.0,0.0,0.0,0.0,0.000,0.7700,0.0011,0.1734,400.72,17.6555,10.3323,53.17,0.0000,0.00,0,0,0,400.64,0,0.000,0.0000
2026-08-24T00:14:14.435868,670.08,DONE,7.0622,23.4667,105.75,0.0000,0.0000,20.6660,0,0.0,0.0,0.0,0.0,0.000,0.7700,0.0011,0.1734,401.72,17.6555,10.3323,53.17,0.0000,0.00,0,0,0,401.64,0,0.000,0.0000
2026-08-24T00:14:15.435989,671.08,DONE,7.0622,23.4667,105.75,0.0000,0.0000,20.6660,0,0.0,0.0,0.0,0.0,0.000,0.7700,0.0011,0.1734,402.72,17.6555,10.3323,53.17,0.0000,0.00,0,0,0,402.64,0,0.000,0.0000
2026-08-24T00:14:16.436011,672.08,DONE,7.0622,23.4667,105.75,0.0000,0.0000,20.6660,0,0.0,0.0,0.0,0.0,0.000,0.7700,0.0011,0.1734,403.72,17.6555,10.3323,53.17,0.0000,0.00,0,0,0,403.64,0,0.000,0.0000
2026-08-24T00:14:17.436088,673.08,DONE,7.0622,23.4667,105.75,0.0000,0.0000,20.6660,0,0.0,0.0,0.0,0.0,0.000,0.7700,0.0011,0.1734,404.72,17.6555,10.3323,53.17,0.0000,0.00,0,0,0,404.65,0,0.000,0.0000
2026-08-24T00:14:18.435960,674.08,DONE,7.0622,23.4667,105.75,0.0000,0.0000,20.6660,0,0.0,0.0,0.0,0.0,0.000,0.7700,0.0011,0.1734,405.72,17.6555,10.3323,53.17,0.0000,0.00,0,0,0,405.64,0,0.000,0.0000
2026-08-24T00:14:19.435711,675.08,DONE,7.0622,23.4667,105.75,0.0000,0.0000,20.6660,0,0.0,0.0,0.0,0.0,0.000,0.7700,0.0011,0.1734,406.72,17.6555,10.3323,53.17,0.0000,0.00,0,0,0,406.64,0,0.000,0.0000
2026-08-24T00:14:20.435766,676.08,DONE,7.0622,23.4667,105.75,0.0000,0.0000,20.6660,0,0.0,0.0,0.0,0.0,0.000,0.7700,0.0011,0.1734,407.72,17.6555,10.3323,53.17,0.0000,0.00,0,0,0,407.64,0,0.000,0.0000
2026-08-24T00:14:21.436140,677.08,DONE,7.0622,23.4667,105.75,0.0000,0.0000,20.6660,0,0.0,0.0,0.0,0.0,0.000,0.7700,0.0011,0.1734,408.72,17.6555,10.3323,53.17,0.0000,0.00,0,0,0,408.64,0,0.000,0.0000
2026-08-24T00:14:22.435686,678.08,DONE,7.0622,23.4667,105.75,0.0000,0.0000,20.6660,0,0.0,0.0,0.0,0.0,0.000,0.7700,0.0011,0.1734,409.72,17.6555,10.3323,53.17,0.0000,0.00,0,0,0,409.64,0,0.000,0.0000
2026-08-24T00:14:23.436109,679.08,DONE,7.0622,23.4667,105.75,0.0000,0.0000,20.6660,0,0.0,0.0,0.0,0.0,0.000,0.7700,0.0011,0.1734,410.72,17.6555,10.3323,53.17,0.0000,0.00,0,0,0,410.64,0,0.000,0.0000
2026-08-24T00:14:24.436057,680.08,DONE,7.0622,23.4667,105.75,0.0000,0.0000,20.6660,0,0.0,0.0,0.0,0.0,0.000,0.7700,0.0011,0.1734,411.72,17.6555,10.3323,53.17,0.0000,0.00,0,0,0,411.64,0,0.000,0.0000
2026-08-24T00:14:25.436015,681.08,DONE,7.0622,23.4667,105.75,0.0000,0.0000,20.6660,0,0.0,0.0,0.0,0.0,0.000,0.7700,0.0011,0.1734,412.72,17.6555,10.3323,53.17,0.0000,0.00,0,0,0,412.64,0,0.000,0.0000
2026-08-24T00:14:26.436028,682.08,DONE,7.0622,23.4667,105.75,0.0000,0.0000,20.6660,0,0.0,0.0,0.0,0.0,0.000,0.7700,0.0011,0.1734,413.72,17.6555,10.3323,53.17,0.0000,0.00,0,0,0,413.64,0,0.000,0.0000
2026-08-24T00:14:27.435890,683.08,DONE,7.0622,23.4667,105.75,0.0000,0.0000,20.6660,0,0.0,0.0,0.0,0.0,0.000,0.7700,0.0011,0.1734,414.72,17.6555,10.3323,53.17,0.0000,0.00,0,0,0,414.65,0,0.000,0.0000
2026-08-24T00:14:28.435838,684.08,DONE,7.0622,23.4667,105.75,0.0000,0.0000,20.6660,0,0.0,0.0,0.0,0.0,0.000,0.7700,0.0011,0.1734,415.72,17.6555,10.3323,53.17,0.0000,0.00,0,0,0,415.64,0,0.000,0.0000
2026-08-24T00:14:29.435743,685.08,DONE,7.0622,23.4667,105.75,0.0000,0.0000,20.6660,0,0.0,0.0,0.0,0.0,0.000,0.7700,0.0011,0.1734,416.72,17.6555,10.3323,53.17,0.0000,0.00,0,0,0,416.64,0,0.000,0.0000
2026-08-24T00:14:30.437109,686.08,DONE,7.0622,23.4667,105.75,0.0000,0.0000,20.6660,0,0.0,0.0,0.0,0.0,0.000,0.7700,0.0011,0.1734,417.72,17.6555,10.3323,53.17,0.0000,0.00,0,0,0,417.64,0,0.000,0.0000
2026-08-24T00:14:31.435675,687.08,DONE,7.0622,23.4667,105.75,0.0000,0.0000,20.6660,0,0.0,0.0,0.0,0.0,0.000,0.7700,0.0011,0.1734,418.72,17.6555,10.3323,53.17,0.0000,0.00,0,0,0,418.64,0,0.000,0.0000
2026-08-24T00:14:32.436047,688.08,DONE,7.0622,23.4667,105.75,0.0000,0.0000,20.6660,0,0.0,0.0,0.0,0.0,0.000,0.7700,0.0011,0.1734,419.72,17.6555,10.3323,53.17,0.0000,0.00,0,0,0,419.64,0,0.000,0.0000
2026-08-24T00:14:33.438494,689.08,DONE,7.0622,23.4667,105.75,0.0000,0.0000,20.6660,0,0.0,0.0,0.0,0.0,0.000,0.7700,0.0011,0.1734,420.73,17.6555,10.3323,53.17,0.0000,0.00,0,0,0,420.64,0,0.000,0.0000
2026-08-24T00:14:34.435625,690.08,DONE,7.0622,23.4667,105.75,0.0000,0.0000,20.6660,0,0.0,0.0,0.0,0.0,0.000,0.7700,0.0011,0.1734,421.72,17.6555,10.3323,53.17,0.0000,0.00,0,0,0,421.64,0,0.000,0.0000
2026-08-24T00:14:35.435615,691.08,DONE,7.0622,23.4667,105.75,0.0000,0.0000,20.6660,0,0.0,0.0,0.0,0.0,0.000,0.7700,0.0011,0.1734,422.72,17.6555,10.3323,53.17,0.0000,0.00,0,0,0,422.64,0,0.000,0.0000
2026-08-24T00:14:36.435853,692.08,DONE,7.0622,23.4667,105.75,0.0000,0.0000,20.6660,0,0.0,0.0,0.0,0.0,0.000,0.7700,0.0011,0.1734,423.72,17.6555,10.3323,53.17,0.0000,0.00,0,0,0,423.64,0,0.000,0.0000
2026-08-24T00:14:37.436189,693.08,DONE,7.0622,23.4667,105.75,0.0000,0.0000,20.6660,0,0.0,0.0,0.0,0.0,0.000,0.7700,0.0011,0.1734,424.72,17.6555,10.3323,53.17,0.0000,0.00,0,0,0,424.64,0,0.000,0.0000
2026-08-24T00:14:38.435602,694.08,DONE,7.0622,23.4667,105.75,0.0000,0.0000,20.6660,0,0.0,0.0,0.0,0.0,0.000,0.7700,0.0011,0.1734,425.72,17.6555,10.3323,53.17,0.0000,0.00,0,0,0,425.64,0,0.000,0.0000
2026-08-24T00:14:39.435660,695.08,DONE,7.0622,23.4667,105.75,0.0000,0.0000,20.6660,0,0.0,0.0,0.0,0.0,0.000,0.7700,0.0011,0.1734,426.72,17.6555,10.3323,53.17,0.0000,0.00,0,0,0,426.64,0,0.000,0.0000
2026-08-24T00:14:40.435636,696.08,DONE,7.0622,23.4667,105.75,0.0000,0.0000,20.6660,0,0.0,0.0,0.0,0.0,0.000,0.7700,0.0011,0.1734,427.72,17.6555,10.3323,53.17,0.0000,0.00,0,0,0,427.64,0,0.000,0.0000
2026-08-24T00:14:41.435662,697.08,DONE,7.0622,23.4667,105.75,0.0000,0.0000,20.6660,0,0.0,0.0,0.0,0.0,0.000,0.7700,0.0011,0.1734,428.72,17.6555,10.3323,53.17,0.0000,0.00,0,0,0,428.64,0,0.000,0.0000
2026-08-24T00:14:42.435636,698.08,DONE,7.0622,23.4667,105.75,0.0000,0.0000,20.6660,0,0.0,0.0,0.0,0.0,0.000,0.7700,0.0011,0.1734,429.72,17.6555,10.3323,53.17,0.0000,0.00,0,0,0,429.64,0,0.000,0.0000
2026-08-24T00:14:43.435651,699.08,DONE,7.0622,23.4667,105.75,0.0000,0.0000,20.6660,0,0.0,0.0,0.0,0.0,0.000,0.7700,0.0011,0.1734,430.72,17.6555,10.3323,53.17,0.0000,0.00,0,0,0,430.64,0,0.000,0.0000
2026-08-24T00:14:44.435619,700.08,DONE,7.0622,23.4667,105.75,0.0000,0.0000,20.6660,0,0.0,0.0,0.0,0.0,0.000,0.7700,0.0011,0.1734,431.72,17.6555,10.3323,53.17,0.0000,0.00,0,0,0,431.64,0,0.000,0.0000
2026-08-24T00:14:45.435639,701.08,DONE,7.0622,23.4667,105.75,0.0000,0.0000,20.6660,0,0.0,0.0,0.0,0.0,0.000,0.7700,0.0011,0.1734,432.72,17.6555,10.3323,53.17,0.0000,0.00,0,0,0,432.64,0,0.000,0.0000
2026-08-24T00:14:46.435695,702.08,DONE,7.0622,23.4667,105.75,0.0000,0.0000,20.6660,0,0.0,0.0,0.0,0.0,0.000,0.7700,0.0011,0.1734,433.72,17.6555,10.3323,53.17,0.0000,0.00,0,0,0,433.64,0,0.000,0.0000
2026-08-24T00:14:47.435544,703.08,DONE,7.0622,23.4667,105.75,0.0000,0.0000,20.6660,0,0.0,0.0,0.0,0.0,0.000,0.7700,0.0011,0.1734,434.72,17.6555,10.3323,53.17,0.0000,0.00,0,0,0,434.64,0,0.000,0.0000
2026-08-24T00:14:48.435658,704.08,DONE,7.0622,23.4667,105.75,0.0000,0.0000,20.6660,0,0.0,0.0,0.0,0.0,0.000,0.7700,0.0011,0.1734,435.72,17.6555,10.3323,53.17,0.0000,0.00,0,0,0,435.64,0,0.000,0.0000
2026-08-24T00:14:49.435691,705.08,DONE,7.0622,23.4667,105.75,0.0000,0.0000,20.6660,0,0.0,0.0,0.0,0.0,0.000,0.7700,0.0011,0.1734,436.72,17.6555,10.3323,53.17,0.0000,0.00,0,0,0,436.64,0,0.000,0.0000
2026-08-24T00:14:50.435568,706.08,DONE,7.0622,23.4667,105.75,0.0000,0.0000,20.6660,0,0.0,0.0,0.0,0.0,0.000,0.7700,0.0011,0.1734,437.72,17.6555,10.3323,53.17,0.0000,0.00,0,0,0,437.64,0,0.000,0.0000
2026-08-24T00:14:51.435650,707.08,DONE,7.0622,23.4667,105.75,0.0000,0.0000,20.6660,0,0.0,0.0,0.0,0.0,0.000,0.7700,0.0011,0.1734,438.72,17.6555,10.3323,53.17,0.0000,0.00,0,0,0,438.64,0,0.000,0.0000
2026-08-24T00:14:52.435616,708.08,DONE,7.0622,23.4667,105.75,0.0000,0.0000,20.6660,0,0.0,0.0,0.0,0.0,0.000,0.7700,0.0011,0.1734,439.72,17.6555,10.3323,53.17,0.0000,0.00,0,0,0,439.64,0,0.000,0.0000
2026-08-24T00:14:53.435562,709.08,DONE,7.0622,23.4667,105.75,0.0000,0.0000,20.6660,0,0.0,0.0,0.0,0.0,0.000,0.7700,0.0011,0.1734,440.72,17.6555,10.3323,53.17,0.0000,0.00,0,0,0,440.64,0,0.000,0.0000
2026-08-24T00:14:54.435732,710.08,DONE,7.0622,23.4667,105.75,0.0000,0.0000,20.6660,0,0.0,0.0,0.0,0.0,0.000,0.7700,0.0011,0.1734,441.72,17.6555,10.3323,53.17,0.0000,0.00,0,0,0,441.64,0,0.000,0.0000
2026-08-24T00:14:55.435589,711.08,DONE,7.0622,23.4667,105.75,0.0000,0.0000,20.6660,0,0.0,0.0,0.0,0.0,0.000,0.7700,0.0011,0.1734,442.72,17.6555,10.3323,53.17,0.0000,0.00,0,0,0,442.64,0,0.000,0.0000
2026-08-24T00:14:56.435516,712.08,DONE,7.0622,23.4667,105.75,0.0000,0.0000,20.6660,0,0.0,0.0,0.0,0.0,0.000,0.7700,0.0011,0.1734,443.72,17.6555,10.3323,53.17,0.0000,0.00,0,0,0,443.64,0,0.000,0.0000
2026-08-24T00:14:57.435798,713.08,DONE,7.0622,23.4667,105.75,0.0000,0.0000,20.6660,0,0.0,0.0,0.0,0.0,0.000,0.7700,0.0011,0.1734,444.72,17.6555,10.3323,53.17,0.0000,0.00,0,0,0,444.64,0,0.000,0.0000
2026-08-24T00:14:58.436044,714.08,DONE,7.0622,23.4667,105.75,0.0000,0.0000,20.6660,0,0.0,0.0,0.0,0.0,0.000,0.7700,0.0011,0.1734,445.72,17.6555,10.3323,53.17,0.0000,0.00,0,0,0,445.64,0,0.000,0.0000
2026-08-24T00:14:59.435633,715.08,DONE,7.0622,23.4667,105.75,0.0000,0.0000,20.6660,0,0.0,0.0,0.0,0.0,0.000,0.7700,0.0011,0.1734,446.72,17.6555,10.3323,53.17,0.0000,0.00,0,0,0,446.64,0,0.000,0.0000
2026-08-24T00:15:00.435635,716.08,DONE,7.0622,23.4667,105.75,0.0000,0.0000,20.6660,0,0.0,0.0,0.0,0.0,0.000,0.7700,0.0011,0.1734,447.72,17.6555,10.3323,53.17,0.0000,0.00,0,0,0,447.64,0,0.000,0.0000
2026-08-24T00:15:01.435613,717.08,DONE,7.0622,23.4667,105.75,0.0000,0.0000,20.6660,0,0.0,0.0,0.0,0.0,0.000,0.7700,0.0011,0.1734,448.72,17.6555,10.3323,53.17,0.0000,0.00,0,0,0,448.64,0,0.000,0.0000
2026-08-24T00:15:02.435696,718.08,DONE,7.0622,23.4667,105.75,0.0000,0.0000,20.6660,0,0.0,0.0,0.0,0.0,0.000,0.7700,0.0011,0.1734,449.72,17.6555,10.3323,53.17,0.0000,0.00,0,0,0,449.64,0,0.000,0.0000
2026-08-24T00:15:03.435767,719.08,DONE,7.0622,23.4667,105.75,0.0000,0.0000,20.6660,0,0.0,0.0,0.0,0.0,0.000,0.7700,0.0011,0.1734,450.72,17.6555,10.3323,53.17,0.0000,0.00,0,0,0,450.64,0,0.000,0.0000
2026-08-24T00:15:04.435647,720.08,DONE,7.0622,23.4667,105.75,0.0000,0.0000,20.6660,0,0.0,0.0,0.0,0.0,0.000,0.7700,0.0011,0.1734,451.72,17.6555,10.3323,53.17,0.0000,0.00,0,0,0,451.64,0,0.000,0.0000
2026-08-24T00:15:05.435582,721.08,DONE,7.0622,23.4667,105.75,0.0000,0.0000,20.6660,0,0.0,0.0,0.0,0.0,0.000,0.7700,0.0011,0.1734,452.72,17.6555,10.3323,53.17,0.0000,0.00,0,0,0,452.64,0,0.000,0.0000
2026-08-24T00:15:06.435627,722.08,DONE,7.0622,23.4667,105.75,0.0000,0.0000,20.6660,0,0.0,0.0,0.0,0.0,0.000,0.7700,0.0011,0.1734,453.72,17.6555,10.3323,53.17,0.0000,0.00,0,0,0,453.64,0,0.000,0.0000
2026-08-24T00:15:07.435585,723.08,DONE,7.0622,23.4667,105.75,0.0000,0.0000,20.6660,0,0.0,0.0,0.0,0.0,0.000,0.7700,0.0011,0.1734,454.72,17.6555,10.3323,53.17,0.0000,0.00,0,0,0,454.64,0,0.000,0.0000
2026-08-24T00:15:08.435687,724.08,DONE,7.0622,23.4667,105.75,0.0000,0.0000,20.6660,0,0.0,0.0,0.0,0.0,0.000,0.7700,0.0011,0.1734,455.72,17.6555,10.3323,53.17,0.0000,0.00,0,0,0,455.64,0,0.000,0.0000
2026-08-24T00:15:09.435597,725.08,DONE,7.0622,23.4667,105.75,0.0000,0.0000,20.6660,0,0.0,0.0,0.0,0.0,0.000,0.7700,0.0011,0.1734,456.72,17.6555,10.3323,53.17,0.0000,0.00,0,0,0,456.64,0,0.000,0.0000
2026-08-24T00:15:10.436272,726.08,DONE,7.0622,23.4667,105.75,0.0000,0.0000,20.6660,0,0.0,0.0,0.0,0.0,0.000,0.7700,0.0011,0.1734,457.72,17.6555,10.3323,53.17,0.0000,0.00,0,0,0,457.64,0,0.000,0.0000
2026-08-24T00:15:11.435584,727.08,DONE,7.0622,23.4667,105.75,0.0000,0.0000,20.6660,0,0.0,0.0,0.0,0.0,0.000,0.7700,0.0011,0.1734,458.72,17.6555,10.3323,53.17,0.0000,0.00,0,0,0,458.64,0,0.000,0.0000
2026-08-24T00:15:12.435585,728.08,DONE,7.0622,23.4667,105.75,0.0000,0.0000,20.6660,0,0.0,0.0,0.0,0.0,0.000,0.7700,0.0011,0.1734,459.72,17.6555,10.3323,53.17,0.0000,0.00,0,0,0,459.64,0,0.000,0.0000
2026-08-24T00:15:13.437436,729.08,DONE,7.0622,23.4667,105.75,0.0000,0.0000,20.6660,0,0.0,0.0,0.0,0.0,0.000,0.7700,0.0011,0.1734,460.72,17.6555,10.3323,53.17,0.0000,0.00,0,0,0,460.64,0,0.000,0.0000
2026-08-24T00:15:14.435687,730.08,DONE,7.0622,23.4667,105.75,0.0000,0.0000,20.6660,0,0.0,0.0,0.0,0.0,0.000,0.7700,0.0011,0.1734,461.72,17.6555,10.3323,53.17,0.0000,0.00,0,0,0,461.64,0,0.000,0.0000
2026-08-24T00:15:15.435716,731.08,DONE,7.0622,23.4667,105.75,0.0000,0.0000,20.6660,0,0.0,0.0,0.0,0.0,0.000,0.7700,0.0011,0.1734,462.72,17.6555,10.3323,53.17,0.0000,0.00,0,0,0,462.64,0,0.000,0.0000
2026-08-24T00:15:16.435756,732.08,DONE,7.0622,23.4667,105.75,0.0000,0.0000,20.6660,0,0.0,0.0,0.0,0.0,0.000,0.7700,0.0011,0.1734,463.72,17.6555,10.3323,53.17,0.0000,0.00,0,0,0,463.64,0,0.000,0.0000
2026-08-24T00:15:17.435635,733.08,DONE,7.0622,23.4667,105.75,0.0000,0.0000,20.6660,0,0.0,0.0,0.0,0.0,0.000,0.7700,0.0011,0.1734,464.72,17.6555,10.3323,53.17,0.0000,0.00,0,0,0,464.64,0,0.000,0.0000
2026-08-24T00:15:18.435706,734.08,DONE,7.0622,23.4667,105.75,0.0000,0.0000,20.6660,0,0.0,0.0,0.0,0.0,0.000,0.7700,0.0011,0.1734,465.72,17.6555,10.3323,53.17,0.0000,0.00,0,0,0,465.64,0,0.000,0.0000
2026-08-24T00:15:19.435890,735.08,DONE,7.0622,23.4667,105.75,0.0000,0.0000,20.6660,0,0.0,0.0,0.0,0.0,0.000,0.7700,0.0011,0.1734,466.72,17.6555,10.3323,53.17,0.0000,0.00,0,0,0,466.64,0,0.000,0.0000
2026-08-24T00:15:20.435687,736.08,DONE,7.0622,23.4667,105.75,0.0000,0.0000,20.6660,0,0.0,0.0,0.0,0.0,0.000,0.7700,0.0011,0.1734,467.72,17.6555,10.3323,53.17,0.0000,0.00,0,0,0,467.64,0,0.000,0.0000
2026-08-24T00:15:21.435613,737.08,DONE,7.0622,23.4667,105.75,0.0000,0.0000,20.6660,0,0.0,0.0,0.0,0.0,0.000,0.7700,0.0011,0.1734,468.72,17.6555,10.3323,53.17,0.0000,0.00,0,0,0,468.64,0,0.000,0.0000
2026-08-24T00:15:22.435700,738.08,DONE,7.0622,23.4667,105.75,0.0000,0.0000,20.6660,0,0.0,0.0,0.0,0.0,0.000,0.7700,0.0011,0.1734,469.72,17.6555,10.3323,53.17,0.0000,0.00,0,0,0,469.64,0,0.000,0.0000
2026-08-24T00:15:23.435693,739.08,DONE,7.0622,23.4667,105.75,0.0000,0.0000,20.6660,0,0.0,0.0,0.0,0.0,0.000,0.7700,0.0011,0.1734,470.72,17.6555,10.3323,53.17,0.0000,0.00,0,0,0,470.64,0,0.000,0.0000
2026-08-24T00:15:24.435802,740.08,DONE,7.0622,23.4667,105.75,0.0000,0.0000,20.6660,0,0.0,0.0,0.0,0.0,0.000,0.7700,0.0011,0.1734,471.72,17.6555,10.3323,53.17,0.0000,0.00,0,0,0,471.64,0,0.000,0.0000
2026-08-24T00:15:25.435686,741.08,DONE,7.0622,23.4667,105.75,0.0000,0.0000,20.6660,0,0.0,0.0,0.0,0.0,0.000,0.7700,0.0011,0.1734,472.72,17.6555,10.3323,53.17,0.0000,0.00,0,0,0,472.64,0,0.000,0.0000
2026-08-24T00:15:26.435827,742.08,DONE,7.0622,23.4667,105.75,0.0000,0.0000,20.6660,0,0.0,0.0,0.0,0.0,0.000,0.7700,0.0011,0.1734,473.72,17.6555,10.3323,53.17,0.0000,0.00,0,0,0,473.64,0,0.000,0.0000
2026-08-24T00:15:27.435625,743.08,DONE,7.0622,23.4667,105.75,0.0000,0.0000,20.6660,0,0.0,0.0,0.0,0.0,0.000,0.7700,0.0011,0.1734,474.72,17.6555,10.3323,53.17,0.0000,0.00,0,0,0,474.64,0,0.000,0.0000
2026-08-24T00:15:28.435553,744.08,DONE,7.0622,23.4667,105.75,0.0000,0.0000,20.6660,0,0.0,0.0,0.0,0.0,0.000,0.7700,0.0011,0.1734,475.72,17.6555,10.3323,53.17,0.0000,0.00,0,0,0,475.64,0,0.000,0.0000
2026-08-24T00:15:29.435702,745.08,DONE,7.0622,23.4667,105.75,0.0000,0.0000,20.6660,0,0.0,0.0,0.0,0.0,0.000,0.7700,0.0011,0.1734,476.72,17.6555,10.3323,53.17,0.0000,0.00,0,0,0,476.64,0,0.000,0.0000
2026-08-24T00:15:30.435682,746.08,DONE,7.0622,23.4667,105.75,0.0000,0.0000,20.6660,0,0.0,0.0,0.0,0.0,0.000,0.7700,0.0011,0.1734,477.72,17.6555,10.3323,53.17,0.0000,0.00,0,0,0,477.64,0,0.000,0.0000
2026-08-24T00:15:31.435653,747.08,DONE,7.0622,23.4667,105.75,0.0000,0.0000,20.6660,0,0.0,0.0,0.0,0.0,0.000,0.7700,0.0011,0.1734,478.72,17.6555,10.3323,53.17,0.0000,0.00,0,0,0,478.64,0,0.000,0.0000
2026-08-24T00:15:32.435592,748.08,DONE,7.0622,23.4667,105.75,0.0000,0.0000,20.6660,0,0.0,0.0,0.0,0.0,0.000,0.7700,0.0011,0.1734,479.72,17.6555,10.3323,53.17,0.0000,0.00,0,0,0,479.64,0,0.000,0.0000
2026-08-24T00:15:33.435629,749.08,DONE,7.0622,23.4667,105.75,0.0000,0.0000,20.6660,0,0.0,0.0,0.0,0.0,0.000,0.7700,0.0011,0.1734,480.72,17.6555,10.3323,53.17,0.0000,0.00,0,0,0,480.64,0,0.000,0.0000
2026-08-24T00:15:34.435611,750.08,DONE,7.0622,23.4667,105.75,0.0000,0.0000,20.6660,0,0.0,0.0,0.0,0.0,0.000,0.7700,0.0011,0.1734,481.72,17.6555,10.3323,53.17,0.0000,0.00,0,0,0,481.64,0,0.000,0.0000
2026-08-24T00:15:35.437299,751.08,DONE,7.0622,23.4667,105.75,0.0000,0.0000,20.6660,0,0.0,0.0,0.0,0.0,0.000,0.7700,0.0011,0.1734,482.72,17.6555,10.3323,53.17,0.0000,0.00,0,0,0,482.64,0,0.000,0.0000
2026-08-24T00:15:36.435687,752.08,DONE,7.0622,23.4667,105.75,0.0000,0.0000,20.6660,0,0.0,0.0,0.0,0.0,0.000,0.7700,0.0011,0.1734,483.72,17.6555,10.3323,53.17,0.0000,0.00,0,0,0,483.64,0,0.000,0.0000
2026-08-24T00:15:37.435638,753.08,DONE,7.0622,23.4667,105.75,0.0000,0.0000,20.6660,0,0.0,0.0,0.0,0.0,0.000,0.7700,0.0011,0.1734,484.72,17.6555,10.3323,53.17,0.0000,0.00,0,0,0,484.64,0,0.000,0.0000
2026-08-24T00:15:38.435687,754.08,DONE,7.0622,23.4667,105.75,0.0000,0.0000,20.6660,0,0.0,0.0,0.0,0.0,0.000,0.7700,0.0011,0.1734,485.72,17.6555,10.3323,53.17,0.0000,0.00,0,0,0,485.64,0,0.000,0.0000
2026-08-24T00:15:39.435622,755.08,DONE,7.0622,23.4667,105.75,0.0000,0.0000,20.6660,0,0.0,0.0,0.0,0.0,0.000,0.7700,0.0011,0.1734,486.72,17.6555,10.3323,53.17,0.0000,0.00,0,0,0,486.64,0,0.000,0.0000
2026-08-24T00:15:40.435595,756.08,DONE,7.0622,23.4667,105.75,0.0000,0.0000,20.6660,0,0.0,0.0,0.0,0.0,0.000,0.7700,0.0011,0.1734,487.72,17.6555,10.3323,53.17,0.0000,0.00,0,0,0,487.64,0,0.000,0.0000
2026-08-24T00:15:41.435650,757.08,DONE,7.0622,23.4667,105.75,0.0000,0.0000,20.6660,0,0.0,0.0,0.0,0.0,0.000,0.7700,0.0011,0.1734,488.72,17.6555,10.3323,53.17,0.0000,0.00,0,0,0,488.64,0,0.000,0.0000
2026-08-24T00:15:42.435730,758.08,DONE,7.0622,23.4667,105.75,0.0000,0.0000,20.6660,0,0.0,0.0,0.0,0.0,0.000,0.7700,0.0011,0.1734,489.72,17.6555,10.3323,53.17,0.0000,0.00,0,0,0,489.64,0,0.000,0.0000
2026-08-24T00:15:43.435649,759.08,DONE,7.0622,23.4667,105.75,0.0000,0.0000,20.6660,0,0.0,0.0,0.0,0.0,0.000,0.7700,0.0011,0.1734,490.72,17.6555,10.3323,53.17,0.0000,0.00,0,0,0,490.64,0,0.000,0.0000
2026-08-24T00:15:44.435664,760.08,DONE,7.0622,23.4667,105.75,0.0000,0.0000,20.6660,0,0.0,0.0,0.0,0.0,0.000,0.7700,0.0011,0.1734,491.72,17.6555,10.3323,53.17,0.0000,0.00,0,0,0,491.64,0,0.000,0.0000
2026-08-24T00:15:45.435683,761.08,DONE,7.0622,23.4667,105.75,0.0000,0.0000,20.6660,0,0.0,0.0,0.0,0.0,0.000,0.7700,0.0011,0.1734,492.72,17.6555,10.3323,53.17,0.0000,0.00,0,0,0,492.64,0,0.000,0.0000
2026-08-24T00:15:46.435556,762.08,DONE,7.0622,23.4667,105.75,0.0000,0.0000,20.6660,0,0.0,0.0,0.0,0.0,0.000,0.7700,0.0011,0.1734,493.72,17.6555,10.3323,53.17,0.0000,0.00,0,0,0,493.64,0,0.000,0.0000
2026-08-24T00:15:47.435708,763.08,DONE,7.0622,23.4667,105.75,0.0000,0.0000,20.6660,0,0.0,0.0,0.0,0.0,0.000,0.7700,0.0011,0.1734,494.72,17.6555,10.3323,53.17,0.0000,0.00,0,0,0,494.64,0,0.000,0.0000
2026-08-24T00:15:48.435662,764.08,DONE,7.0622,23.4667,105.75,0.0000,0.0000,20.6660,0,0.0,0.0,0.0,0.0,0.000,0.7700,0.0011,0.1734,495.72,17.6555,10.3323,53.17,0.0000,0.00,0,0,0,495.64,0,0.000,0.0000
2026-08-24T00:15:49.435612,765.08,DONE,7.0622,23.4667,105.75,0.0000,0.0000,20.6660,0,0.0,0.0,0.0,0.0,0.000,0.7700,0.0011,0.1734,496.72,17.6555,10.3323,53.17,0.0000,0.00,0,0,0,496.64,0,0.000,0.0000
2026-08-24T00:15:50.435714,766.08,DONE,7.0622,23.4667,105.75,0.0000,0.0000,20.6660,0,0.0,0.0,0.0,0.0,0.000,0.7700,0.0011,0.1734,497.72,17.6555,10.3323,53.17,0.0000,0.00,0,0,0,497.64,0,0.000,0.0000
2026-08-24T00:15:51.435602,767.08,DONE,7.0622,23.4667,105.75,0.0000,0.0000,20.6660,0,0.0,0.0,0.0,0.0,0.000,0.7700,0.0011,0.1734,498.72,17.6555,10.3323,53.17,0.0000,0.00,0,0,0,498.64,0,0.000,0.0000
2026-08-24T00:15:52.435848,768.08,DONE,7.0622,23.4667,105.75,0.0000,0.0000,20.6660,0,0.0,0.0,0.0,0.0,0.000,0.7700,0.0011,0.1734,499.72,17.6555,10.3323,53.17,0.0000,0.00,0,0,0,499.64,0,0.000,0.0000
2026-08-24T00:15:53.435588,769.08,DONE,7.0622,23.4667,105.75,0.0000,0.0000,20.6660,0,0.0,0.0,0.0,0.0,0.000,0.7700,0.0011,0.1734,500.72,17.6555,10.3323,53.17,0.0000,0.00,0,0,0,500.64,0,0.000,0.0000
2026-08-24T00:15:54.435615,770.08,DONE,7.0622,23.4667,105.75,0.0000,0.0000,20.6660,0,0.0,0.0,0.0,0.0,0.000,0.7700,0.0011,0.1734,501.72,17.6555,10.3323,53.17,0.0000,0.00,0,0,0,501.64,0,0.000,0.0000
2026-08-24T00:15:55.435745,771.08,DONE,7.0622,23.4667,105.75,0.0000,0.0000,20.6660,0,0.0,0.0,0.0,0.0,0.000,0.7700,0.0011,0.1734,502.72,17.6555,10.3323,53.17,0.0000,0.00,0,0,0,502.64,0,0.000,0.0000
2026-08-24T00:15:56.435788,772.08,DONE,7.0622,23.4667,105.75,0.0000,0.0000,20.6660,0,0.0,0.0,0.0,0.0,0.000,0.7700,0.0011,0.1734,503.72,17.6555,10.3323,53.17,0.0000,0.00,0,0,0,503.64,0,0.000,0.0000
2026-08-24T00:15:57.435987,773.08,DONE,7.0622,23.4667,105.75,0.0000,0.0000,20.6660,0,0.0,0.0,0.0,0.0,0.000,0.7700,0.0011,0.1734,504.72,17.6555,10.3323,53.17,0.0000,0.00,0,0,0,504.64,0,0.000,0.0000
2026-08-24T00:15:58.435648,774.08,DONE,7.0622,23.4667,105.75,0.0000,0.0000,20.6660,0,0.0,0.0,0.0,0.0,0.000,0.7700,0.0011,0.1734,505.72,17.6555,10.3323,53.17,0.0000,0.00,0,0,0,505.64,0,0.000,0.0000
2026-08-24T00:15:59.435628,775.08,DONE,7.0622,23.4667,105.75,0.0000,0.0000,20.6660,0,0.0,0.0,0.0,0.0,0.000,0.7700,0.0011,0.1734,506.72,17.6555,10.3323,53.17,0.0000,0.00,0,0,0,506.64,0,0.000,0.0000
2026-08-24T00:16:00.435787,776.08,DONE,7.0622,23.4667,105.75,0.0000,0.0000,20.6660,0,0.0,0.0,0.0,0.0,0.000,0.7700,0.0011,0.1734,507.72,17.6555,10.3323,53.17,0.0000,0.00,0,0,0,507.64,0,0.000,0.0000
2026-08-24T00:16:01.435710,777.08,DONE,7.0622,23.4667,105.75,0.0000,0.0000,20.6660,0,0.0,0.0,0.0,0.0,0.000,0.7700,0.0011,0.1734,508.72,17.6555,10.3323,53.17,0.0000,0.00,0,0,0,508.64,0,0.000,0.0000
2026-08-24T00:16:02.435564,778.08,DONE,7.0622,23.4667,105.75,0.0000,0.0000,20.6660,0,0.0,0.0,0.0,0.0,0.000,0.7700,0.0011,0.1734,509.72,17.6555,10.3323,53.17,0.0000,0.00,0,0,0,509.64,0,0.000,0.0000
2026-08-24T00:16:03.435602,779.08,DONE,7.0622,23.4667,105.75,0.0000,0.0000,20.6660,0,0.0,0.0,0.0,0.0,0.000,0.7700,0.0011,0.1734,510.72,17.6555,10.3323,53.17,0.0000,0.00,0,0,0,510.64,0,0.000,0.0000
2026-08-24T00:16:04.435692,780.08,DONE,7.0622,23.4667,105.75,0.0000,0.0000,20.6660,0,0.0,0.0,0.0,0.0,0.000,0.7700,0.0011,0.1734,511.72,17.6555,10.3323,53.17,0.0000,0.00,0,0,0,511.64,0,0.000,0.0000
2026-08-24T00:16:05.435975,781.08,DONE,7.0622,23.4667,105.75,0.0000,0.0000,20.6660,0,0.0,0.0,0.0,0.0,0.000,0.7700,0.0011,0.1734,512.72,17.6555,10.3323,53.17,0.0000,0.00,0,0,0,512.64,0,0.000,0.0000
2026-08-24T00:16:06.435747,782.08,DONE,7.0622,23.4667,105.75,0.0000,0.0000,20.6660,0,0.0,0.0,0.0,0.0,0.000,0.7700,0.0011,0.1734,513.72,17.6555,10.3323,53.17,0.0000,0.00,0,0,0,513.64,0,0.000,0.0000
2026-08-24T00:16:07.435645,783.08,DONE,7.0622,23.4667,105.75,0.0000,0.0000,20.6660,0,0.0,0.0,0.0,0.0,0.000,0.7700,0.0011,0.1734,514.72,17.6555,10.3323,53.17,0.0000,0.00,0,0,0,514.64,0,0.000,0.0000
2026-08-24T00:16:08.435842,784.08,DONE,7.0622,23.4667,105.75,0.0000,0.0000,20.6660,0,0.0,0.0,0.0,0.0,0.000,0.7700,0.0011,0.1734,515.72,17.6555,10.3323,53.17,0.0000,0.00,0,0,0,515.64,0,0.000,0.0000
2026-08-24T00:16:09.435667,785.08,DONE,7.0622,23.4667,105.75,0.0000,0.0000,20.6660,0,0.0,0.0,0.0,0.0,0.000,0.7700,0.0011,0.1734,516.72,17.6555,10.3323,53.17,0.0000,0.00,0,0,0,516.64,0,0.000,0.0000
2026-08-24T00:16:10.435606,786.08,DONE,7.0622,23.4667,105.75,0.0000,0.0000,20.6660,0,0.0,0.0,0.0,0.0,0.000,0.7700,0.0011,0.1734,517.72,17.6555,10.3323,53.17,0.0000,0.00,0,0,0,517.64,0,0.000,0.0000
2026-08-24T00:16:11.435609,787.08,DONE,7.0622,23.4667,105.75,0.0000,0.0000,20.6660,0,0.0,0.0,0.0,0.0,0.000,0.7700,0.0011,0.1734,518.72,17.6555,10.3323,53.17,0.0000,0.00,0,0,0,518.64,0,0.000,0.0000
2026-08-24T00:16:12.435551,788.08,DONE,7.0622,23.4667,105.75,0.0000,0.0000,20.6660,0,0.0,0.0,0.0,0.0,0.000,0.7700,0.0011,0.1734,519.72,17.6555,10.3323,53.17,0.0000,0.00,0,0,0,519.64,0,0.000,0.0000
2026-08-24T00:16:13.435707,789.08,DONE,7.0622,23.4667,105.75,0.0000,0.0000,20.6660,0,0.0,0.0,0.0,0.0,0.000,0.7700,0.0011,0.1734,520.72,17.6555,10.3323,53.17,0.0000,0.00,0,0,0,520.64,0,0.000,0.0000
2026-08-24T00:16:14.435521,790.08,DONE,7.0622,23.4667,105.75,0.0000,0.0000,20.6660,0,0.0,0.0,0.0,0.0,0.000,0.7700,0.0011,0.1734,521.72,17.6555,10.3323,53.17,0.0000,0.00,0,0,0,521.64,0,0.000,0.0000
2026-08-24T00:16:15.435589,791.08,DONE,7.0622,23.4667,105.75,0.0000,0.0000,20.6660,0,0.0,0.0,0.0,0.0,0.000,0.7700,0.0011,0.1734,522.72,17.6555,10.3323,53.17,0.0000,0.00,0,0,0,522.64,0,0.000,0.0000
2026-08-24T00:16:16.435646,792.08,DONE,7.0622,23.4667,105.75,0.0000,0.0000,20.6660,0,0.0,0.0,0.0,0.0,0.000,0.7700,0.0011,0.1734,523.72,17.6555,10.3323,53.17,0.0000,0.00,0,0,0,523.64,0,0.000,0.0000
2026-08-24T00:16:17.436116,793.08,DONE,7.0622,23.4667,105.75,0.0000,0.0000,20.6660,0,0.0,0.0,0.0,0.0,0.000,0.7700,0.0011,0.1734,524.72,17.6555,10.3323,53.17,0.0000,0.00,0,0,0,524.64,0,0.000,0.0000
2026-08-24T00:16:18.435689,794.08,DONE,7.0622,23.4667,105.75,0.0000,0.0000,20.6660,0,0.0,0.0,0.0,0.0,0.000,0.7700,0.0011,0.1734,525.72,17.6555,10.3323,53.17,0.0000,0.00,0,0,0,525.64,0,0.000,0.0000
2026-08-24T00:16:19.435657,795.08,DONE,7.0622,23.4667,105.75,0.0000,0.0000,20.6660,0,0.0,0.0,0.0,0.0,0.000,0.7700,0.0011,0.1734,526.72,17.6555,10.3323,53.17,0.0000,0.00,0,0,0,526.64,0,0.000,0.0000
2026-08-24T00:16:20.435739,796.08,DONE,7.0622,23.4667,105.75,0.0000,0.0000,20.6660,0,0.0,0.0,0.0,0.0,0.000,0.7700,0.0011,0.1734,527.72,17.6555,10.3323,53.17,0.0000,0.00,0,0,0,527.64,0,0.000,0.0000
2026-08-24T00:16:21.435740,797.08,DONE,7.0622,23.4667,105.75,0.0000,0.0000,20.6660,0,0.0,0.0,0.0,0.0,0.000,0.7700,0.0011,0.1734,528.72,17.6555,10.3323,53.17,0.0000,0.00,0,0,0,528.64,0,0.000,0.0000
2026-08-24T00:16:22.435626,798.08,DONE,7.0622,23.4667,105.75,0.0000,0.0000,20.6660,0,0.0,0.0,0.0,0.0,0.000,0.7700,0.0011,0.1734,529.72,17.6555,10.3323,53.17,0.0000,0.00,0,0,0,529.64,0,0.000,0.0000
2026-08-24T00:16:23.435778,799.08,DONE,7.0622,23.4667,105.75,0.0000,0.0000,20.6660,0,0.0,0.0,0.0,0.0,0.000,0.7700,0.0011,0.1734,530.72,17.6555,10.3323,53.17,0.0000,0.00,0,0,0,530.64,0,0.000,0.0000
2026-08-24T00:16:24.435684,800.08,DONE,7.0622,23.4667,105.75,0.0000,0.0000,20.6660,0,0.0,0.0,0.0,0.0,0.000,0.7700,0.0011,0.1734,531.72,17.6555,10.3323,53.17,0.0000,0.00,0,0,0,531.64,0,0.000,0.0000
2026-08-24T00:16:25.435506,801.08,DONE,7.0622,23.4667,105.75,0.0000,0.0000,20.6660,0,0.0,0.0,0.0,0.0,0.000,0.7700,0.0011,0.1734,532.72,17.6555,10.3323,53.17,0.0000,0.00,0,0,0,532.64,0,0.000,0.0000
2026-08-24T00:16:26.435735,802.08,DONE,7.0622,23.4667,105.75,0.0000,0.0000,20.6660,0,0.0,0.0,0.0,0.0,0.000,0.7700,0.0011,0.1734,533.72,17.6555,10.3323,53.17,0.0000,0.00,0,0,0,533.64,0,0.000,0.0000
2026-08-24T00:16:27.435663,803.08,DONE,7.0622,23.4667,105.75,0.0000,0.0000,20.6660,0,0.0,0.0,0.0,0.0,0.000,0.7700,0.0011,0.1734,534.72,17.6555,10.3323,53.17,0.0000,0.00,0,0,0,534.64,0,0.000,0.0000
2026-08-24T00:16:28.435777,804.08,DONE,7.0622,23.4667,105.75,0.0000,0.0000,20.6660,0,0.0,0.0,0.0,0.0,0.000,0.7700,0.0011,0.1734,535.72,17.6555,10.3323,53.17,0.0000,0.00,0,0,0,535.64,0,0.000,0.0000
2026-08-24T00:16:29.435698,805.08,DONE,7.0622,23.4667,105.75,0.0000,0.0000,20.6660,0,0.0,0.0,0.0,0.0,0.000,0.7700,0.0011,0.1734,536.72,17.6555,10.3323,53.17,0.0000,0.00,0,0,0,536.64,0,0.000,0.0000
2026-08-24T00:16:30.435654,806.08,DONE,7.0622,23.4667,105.75,0.0000,0.0000,20.6660,0,0.0,0.0,0.0,0.0,0.000,0.7700,0.0011,0.1734,537.72,17.6555,10.3323,53.17,0.0000,0.00,0,0,0,537.64,0,0.000,0.0000
2026-08-24T00:16:31.435639,807.08,DONE,7.0622,23.4667,105.75,0.0000,0.0000,20.6660,0,0.0,0.0,0.0,0.0,0.000,0.7700,0.0011,0.1734,538.72,17.6555,10.3323,53.17,0.0000,0.00,0,0,0,538.64,0,0.000,0.0000
2026-08-24T00:16:32.435618,808.08,DONE,7.0622,23.4667,105.75,0.0000,0.0000,20.6660,0,0.0,0.0,0.0,0.0,0.000,0.7700,0.0011,0.1734,539.72,17.6555,10.3323,53.17,0.0000,0.00,0,0,0,539.64,0,0.000,0.0000
2026-08-24T00:16:33.435710,809.08,DONE,7.0622,23.4667,105.75,0.0000,0.0000,20.6660,0,0.0,0.0,0.0,0.0,0.000,0.7700,0.0011,0.1734,540.72,17.6555,10.3323,53.17,0.0000,0.00,0,0,0,540.64,0,0.000,0.0000
2026-08-24T00:16:34.435607,810.08,DONE,7.0622,23.4667,105.75,0.0000,0.0000,20.6660,0,0.0,0.0,0.0,0.0,0.000,0.7700,0.0011,0.1734,541.72,17.6555,10.3323,53.17,0.0000,0.00,0,0,0,541.64,0,0.000,0.0000
2026-08-24T00:16:35.435573,811.08,DONE,7.0622,23.4667,105.75,0.0000,0.0000,20.6660,0,0.0,0.0,0.0,0.0,0.000,0.7700,0.0011,0.1734,542.72,17.6555,10.3323,53.17,0.0000,0.00,0,0,0,542.64,0,0.000,0.0000
2026-08-24T00:16:36.435585,812.08,DONE,7.0622,23.4667,105.75,0.0000,0.0000,20.6660,0,0.0,0.0,0.0,0.0,0.000,0.7700,0.0011,0.1734,543.72,17.6555,10.3323,53.17,0.0000,0.00,0,0,0,543.64,0,0.000,0.0000
2026-08-24T00:16:37.435591,813.08,DONE,7.0622,23.4667,105.75,0.0000,0.0000,20.6660,0,0.0,0.0,0.0,0.0,0.000,0.7700,0.0011,0.1734,544.72,17.6555,10.3323,53.17,0.0000,0.00,0,0,0,544.64,0,0.000,0.0000
2026-08-24T00:16:38.435892,814.08,DONE,7.0622,23.4667,105.75,0.0000,0.0000,20.6660,0,0.0,0.0,0.0,0.0,0.000,0.7700,0.0011,0.1734,545.72,17.6555,10.3323,53.17,0.0000,0.00,0,0,0,545.64,0,0.000,0.0000
2026-08-24T00:16:39.435560,815.08,DONE,7.0622,23.4667,105.75,0.0000,0.0000,20.6660,0,0.0,0.0,0.0,0.0,0.000,0.7700,0.0011,0.1734,546.72,17.6555,10.3323,53.17,0.0000,0.00,0,0,0,546.64,0,0.000,0.0000
2026-08-24T00:16:40.435603,816.08,DONE,7.0622,23.4667,105.75,0.0000,0.0000,20.6660,0,0.0,0.0,0.0,0.0,0.000,0.7700,0.0011,0.1734,547.72,17.6555,10.3323,53.17,0.0000,0.00,0,0,0,547.64,0,0.000,0.0000
2026-08-24T00:16:41.435631,817.08,DONE,7.0622,23.4667,105.75,0.0000,0.0000,20.6660,0,0.0,0.0,0.0,0.0,0.000,0.7700,0.0011,0.1734,548.72,17.6555,10.3323,53.17,0.0000,0.00,0,0,0,548.64,0,0.000,0.0000
2026-08-24T00:16:42.435811,818.08,DONE,7.0622,23.4667,105.75,0.0000,0.0000,20.6660,0,0.0,0.0,0.0,0.0,0.000,0.7700,0.0011,0.1734,549.72,17.6555,10.3323,53.17,0.0000,0.00,0,0,0,549.64,0,0.000,0.0000
2026-08-24T00:16:43.435738,819.08,DONE,7.0622,23.4667,105.75,0.0000,0.0000,20.6660,0,0.0,0.0,0.0,0.0,0.000,0.7700,0.0011,0.1734,550.72,17.6555,10.3323,53.17,0.0000,0.00,0,0,0,550.64,0,0.000,0.0000
2026-08-24T00:16:44.435669,820.08,DONE,7.0622,23.4667,105.75,0.0000,0.0000,20.6660,0,0.0,0.0,0.0,0.0,0.000,0.7700,0.0011,0.1734,551.72,17.6555,10.3323,53.17,0.0000,0.00,0,0,0,551.64,0,0.000,0.0000
2026-08-24T00:16:45.435613,821.08,DONE,7.0622,23.4667,105.75,0.0000,0.0000,20.6660,0,0.0,0.0,0.0,0.0,0.000,0.7700,0.0011,0.1734,552.72,17.6555,10.3323,53.17,0.0000,0.00,0,0,0,552.64,0,0.000,0.0000
2026-08-24T00:16:46.435608,822.08,DONE,7.0622,23.4667,105.75,0.0000,0.0000,20.6660,0,0.0,0.0,0.0,0.0,0.000,0.7700,0.0011,0.1734,553.72,17.6555,10.3323,53.17,0.0000,0.00,0,0,0,553.64,0,0.000,0.0000
2026-08-24T00:16:47.435626,823.08,DONE,7.0622,23.4667,105.75,0.0000,0.0000,20.6660,0,0.0,0.0,0.0,0.0,0.000,0.7700,0.0011,0.1734,554.72,17.6555,10.3323,53.17,0.0000,0.00,0,0,0,554.64,0,0.000,0.0000
2026-08-24T00:16:48.435697,824.08,DONE,7.0622,23.4667,105.75,0.0000,0.0000,20.6660,0,0.0,0.0,0.0,0.0,0.000,0.7700,0.0011,0.1734,555.72,17.6555,10.3323,53.17,0.0000,0.00,0,0,0,555.64,0,0.000,0.0000
2026-08-24T00:16:49.435541,825.08,DONE,7.0622,23.4667,105.75,0.0000,0.0000,20.6660,0,0.0,0.0,0.0,0.0,0.000,0.7700,0.0011,0.1734,556.72,17.6555,10.3323,53.17,0.0000,0.00,0,0,0,556.64,0,0.000,0.0000
2026-08-24T00:16:50.435692,826.08,DONE,7.0622,23.4667,105.75,0.0000,0.0000,20.6660,0,0.0,0.0,0.0,0.0,0.000,0.7700,0.0011,0.1734,557.72,17.6555,10.3323,53.17,0.0000,0.00,0,0,0,557.64,0,0.000,0.0000
2026-08-24T00:16:51.436032,827.08,DONE,7.0622,23.4667,105.75,0.0000,0.0000,20.6660,0,0.0,0.0,0.0,0.0,0.000,0.7700,0.0011,0.1734,558.72,17.6555,10.3323,53.17,0.0000,0.00,0,0,0,558.64,0,0.000,0.0000
2026-08-24T00:16:52.435666,828.08,DONE,7.0622,23.4667,105.75,0.0000,0.0000,20.6660,0,0.0,0.0,0.0,0.0,0.000,0.7700,0.0011,0.1734,559.72,17.6555,10.3323,53.17,0.0000,0.00,0,0,0,559.64,0,0.000,0.0000
2026-08-24T00:16:53.435635,829.08,DONE,7.0622,23.4667,105.75,0.0000,0.0000,20.6660,0,0.0,0.0,0.0,0.0,0.000,0.7700,0.0011,0.1734,560.72,17.6555,10.3323,53.17,0.0000,0.00,0,0,0,560.64,0,0.000,0.0000
2026-08-24T00:16:54.435624,830.08,DONE,7.0622,23.4667,105.75,0.0000,0.0000,20.6660,0,0.0,0.0,0.0,0.0,0.000,0.7700,0.0011,0.1734,561.72,17.6555,10.3323,53.17,0.0000,0.00,0,0,0,561.64,0,0.000,0.0000
2026-08-24T00:16:55.435600,831.08,DONE,7.0622,23.4667,105.75,0.0000,0.0000,20.6660,0,0.0,0.0,0.0,0.0,0.000,0.7700,0.0011,0.1734,562.72,17.6555,10.3323,53.17,0.0000,0.00,0,0,0,562.64,0,0.000,0.0000
2026-08-24T00:16:56.435636,832.08,DONE,7.0622,23.4667,105.75,0.0000,0.0000,20.6660,0,0.0,0.0,0.0,0.0,0.000,0.7700,0.0011,0.1734,563.72,17.6555,10.3323,53.17,0.0000,0.00,0,0,0,563.64,0,0.000,0.0000
2026-08-24T00:16:57.435624,833.08,DONE,7.0622,23.4667,105.75,0.0000,0.0000,20.6660,0,0.0,0.0,0.0,0.0,0.000,0.7700,0.0011,0.1734,564.72,17.6555,10.3323,53.17,0.0000,0.00,0,0,0,564.64,0,0.000,0.0000
2026-08-24T00:16:58.435622,834.08,DONE,7.0622,23.4667,105.75,0.0000,0.0000,20.6660,0,0.0,0.0,0.0,0.0,0.000,0.7700,0.0011,0.1734,565.72,17.6555,10.3323,53.17,0.0000,0.00,0,0,0,565.64,0,0.000,0.0000
2026-08-24T00:16:59.435724,835.08,DONE,7.0622,23.4667,105.75,0.0000,0.0000,20.6660,0,0.0,0.0,0.0,0.0,0.000,0.7700,0.0011,0.1734,566.72,17.6555,10.3323,53.17,0.0000,0.00,0,0,0,566.64,0,0.000,0.0000
2026-08-24T00:17:00.435604,836.08,DONE,7.0622,23.4667,105.75,0.0000,0.0000,20.6660,0,0.0,0.0,0.0,0.0,0.000,0.7700,0.0011,0.1734,567.72,17.6555,10.3323,53.17,0.0000,0.00,0,0,0,567.64,0,0.000,0.0000
2026-08-24T00:17:01.435601,837.08,DONE,7.0622,23.4667,105.75,0.0000,0.0000,20.6660,0,0.0,0.0,0.0,0.0,0.000,0.7700,0.0011,0.1734,568.72,17.6555,10.3323,53.17,0.0000,0.00,0,0,0,568.64,0,0.000,0.0000
2026-08-24T00:17:02.435587,838.08,DONE,7.0622,23.4667,105.75,0.0000,0.0000,20.6660,0,0.0,0.0,0.0,0.0,0.000,0.7700,0.0011,0.1734,569.72,17.6555,10.3323,53.17,0.0000,0.00,0,0,0,569.64,0,0.000,0.0000
2026-08-24T00:17:03.435752,839.08,DONE,7.0622,23.4667,105.75,0.0000,0.0000,20.6660,0,0.0,0.0,0.0,0.0,0.000,0.7700,0.0011,0.1734,570.72,17.6555,10.3323,53.17,0.0000,0.00,0,0,0,570.64,0,0.000,0.0000
2026-08-24T00:17:04.436302,840.08,DONE,7.0622,23.4667,105.75,0.0000,0.0000,20.6660,0,0.0,0.0,0.0,0.0,0.000,0.7700,0.0011,0.1734,571.72,17.6555,10.3323,53.17,0.0000,0.00,0,0,0,571.64,0,0.000,0.0000
2026-08-24T00:17:05.435652,841.08,DONE,7.0622,23.4667,105.75,0.0000,0.0000,20.6660,0,0.0,0.0,0.0,0.0,0.000,0.7700,0.0011,0.1734,572.72,17.6555,10.3323,53.17,0.0000,0.00,0,0,0,572.64,0,0.000,0.0000
2026-08-24T00:17:06.435645,842.08,DONE,7.0622,23.4667,105.75,0.0000,0.0000,20.6660,0,0.0,0.0,0.0,0.0,0.000,0.7700,0.0011,0.1734,573.72,17.6555,10.3323,53.17,0.0000,0.00,0,0,0,573.64,0,0.000,0.0000
2026-08-24T00:17:07.435604,843.08,DONE,7.0622,23.4667,105.75,0.0000,0.0000,20.6660,0,0.0,0.0,0.0,0.0,0.000,0.7700,0.0011,0.1734,574.72,17.6555,10.3323,53.17,0.0000,0.00,0,0,0,574.64,0,0.000,0.0000
2026-08-24T00:17:08.435783,844.08,DONE,7.0622,23.4667,105.75,0.0000,0.0000,20.6660,0,0.0,0.0,0.0,0.0,0.000,0.7700,0.0011,0.1734,575.72,17.6555,10.3323,53.17,0.0000,0.00,0,0,0,575.64,0,0.000,0.0000
2026-08-24T00:17:09.435776,845.08,DONE,7.0622,23.4667,105.75,0.0000,0.0000,20.6660,0,0.0,0.0,0.0,0.0,0.000,0.7700,0.0011,0.1734,576.72,17.6555,10.3323,53.17,0.0000,0.00,0,0,0,576.64,0,0.000,0.0000
2026-08-24T00:17:10.435610,846.08,DONE,7.0622,23.4667,105.75,0.0000,0.0000,20.6660,0,0.0,0.0,0.0,0.0,0.000,0.7700,0.0011,0.1734,577.72,17.6555,10.3323,53.17,0.0000,0.00,0,0,0,577.64,0,0.000,0.0000
2026-08-24T00:17:11.435584,847.08,DONE,7.0622,23.4667,105.75,0.0000,0.0000,20.6660,0,0.0,0.0,0.0,0.0,0.000,0.7700,0.0011,0.1734,578.72,17.6555,10.3323,53.17,0.0000,0.00,0,0,0,578.64,0,0.000,0.0000
2026-08-24T00:17:12.435649,848.08,DONE,7.0622,23.4667,105.75,0.0000,0.0000,20.6660,0,0.0,0.0,0.0,0.0,0.000,0.7700,0.0011,0.1734,579.72,17.6555,10.3323,53.17,0.0000,0.00,0,0,0,579.64,0,0.000,0.0000
2026-08-24T00:17:13.435576,849.08,DONE,7.0622,23.4667,105.75,0.0000,0.0000,20.6660,0,0.0,0.0,0.0,0.0,0.000,0.7700,0.0011,0.1734,580.72,17.6555,10.3323,53.17,0.0000,0.00,0,0,0,580.64,0,0.000,0.0000
2026-08-24T00:17:14.435645,850.08,DONE,7.0622,23.4667,105.75,0.0000,0.0000,20.6660,0,0.0,0.0,0.0,0.0,0.000,0.7700,0.0011,0.1734,581.72,17.6555,10.3323,53.17,0.0000,0.00,0,0,0,581.64,0,0.000,0.0000
2026-08-24T00:17:15.435643,851.08,DONE,7.0622,23.4667,105.75,0.0000,0.0000,20.6660,0,0.0,0.0,0.0,0.0,0.000,0.7700,0.0011,0.1734,582.72,17.6555,10.3323,53.17,0.0000,0.00,0,0,0,582.64,0,0.000,0.0000
2026-08-24T00:17:16.435641,852.08,DONE,7.0622,23.4667,105.75,0.0000,0.0000,20.6660,0,0.0,0.0,0.0,0.0,0.000,0.7700,0.0011,0.1734,583.72,17.6555,10.3323,53.17,0.0000,0.00,0,0,0,583.64,0,0.000,0.0000
2026-08-24T00:17:17.435574,853.08,DONE,7.0622,23.4667,105.75,0.0000,0.0000,20.6660,0,0.0,0.0,0.0,0.0,0.000,0.7700,0.0011,0.1734,584.72,17.6555,10.3323,53.17,0.0000,0.00,0,0,0,584.64,0,0.000,0.0000
2026-08-24T00:17:18.435668,854.08,DONE,7.0622,23.4667,105.75,0.0000,0.0000,20.6660,0,0.0,0.0,0.0,0.0,0.000,0.7700,0.0011,0.1734,585.72,17.6555,10.3323,53.17,0.0000,0.00,0,0,0,585.64,0,0.000,0.0000
2026-08-24T00:17:19.435798,855.08,DONE,7.0622,23.4667,105.75,0.0000,0.0000,20.6660,0,0.0,0.0,0.0,0.0,0.000,0.7700,0.0011,0.1734,586.72,17.6555,10.3323,53.17,0.0000,0.00,0,0,0,586.64,0,0.000,0.0000
2026-08-24T00:17:20.435558,856.08,DONE,7.0622,23.4667,105.75,0.0000,0.0000,20.6660,0,0.0,0.0,0.0,0.0,0.000,0.7700,0.0011,0.1734,587.72,17.6555,10.3323,53.17,0.0000,0.00,0,0,0,587.64,0,0.000,0.0000
2026-08-24T00:17:21.435784,857.08,DONE,7.0622,23.4667,105.75,0.0000,0.0000,20.6660,0,0.0,0.0,0.0,0.0,0.000,0.7700,0.0011,0.1734,588.72,17.6555,10.3323,53.17,0.0000,0.00,0,0,0,588.64,0,0.000,0.0000
2026-08-24T00:17:22.435698,858.08,DONE,7.0622,23.4667,105.75,0.0000,0.0000,20.6660,0,0.0,0.0,0.0,0.0,0.000,0.7700,0.0011,0.1734,589.72,17.6555,10.3323,53.17,0.0000,0.00,0,0,0,589.64,0,0.000,0.0000
2026-08-24T00:17:23.436015,859.08,DONE,7.0622,23.4667,105.75,0.0000,0.0000,20.6660,0,0.0,0.0,0.0,0.0,0.000,0.7700,0.0011,0.1734,590.72,17.6555,10.3323,53.17,0.0000,0.00,0,0,0,590.64,0,0.000,0.0000
2026-08-24T00:17:24.435744,860.08,DONE,7.0622,23.4667,105.75,0.0000,0.0000,20.6660,0,0.0,0.0,0.0,0.0,0.000,0.7700,0.0011,0.1734,591.72,17.6555,10.3323,53.17,0.0000,0.00,0,0,0,591.64,0,0.000,0.0000
2026-08-24T00:17:25.435641,861.08,DONE,7.0622,23.4667,105.75,0.0000,0.0000,20.6660,0,0.0,0.0,0.0,0.0,0.000,0.7700,0.0011,0.1734,592.72,17.6555,10.3323,53.17,0.0000,0.00,0,0,0,592.64,0,0.000,0.0000
2026-08-24T00:17:26.435821,862.08,DONE,7.0622,23.4667,105.75,0.0000,0.0000,20.6660,0,0.0,0.0,0.0,0.0,0.000,0.7700,0.0011,0.1734,593.72,17.6555,10.3323,53.17,0.0000,0.00,0,0,0,593.64,0,0.000,0.0000
2026-08-24T00:17:27.435669,863.08,DONE,7.0622,23.4667,105.75,0.0000,0.0000,20.6660,0,0.0,0.0,0.0,0.0,0.000,0.7700,0.0011,0.1734,594.72,17.6555,10.3323,53.17,0.0000,0.00,0,0,0,594.64,0,0.000,0.0000
2026-08-24T00:17:28.435547,864.08,DONE,7.0622,23.4667,105.75,0.0000,0.0000,20.6660,0,0.0,0.0,0.0,0.0,0.000,0.7700,0.0011,0.1734,595.72,17.6555,10.3323,53.17,0.0000,0.00,0,0,0,595.64,0,0.000,0.0000
2026-08-24T00:17:29.435709,865.08,DONE,7.0622,23.4667,105.75,0.0000,0.0000,20.6660,0,0.0,0.0,0.0,0.0,0.000,0.7700,0.0011,0.1734,596.72,17.6555,10.3323,53.17,0.0000,0.00,0,0,0,596.64,0,0.000,0.0000
2026-08-24T00:17:30.435617,866.08,DONE,7.0622,23.4667,105.75,0.0000,0.0000,20.6660,0,0.0,0.0,0.0,0.0,0.000,0.7700,0.0011,0.1734,597.72,17.6555,10.3323,53.17,0.0000,0.00,0,0,0,597.64,0,0.000,0.0000
2026-08-24T00:17:31.435648,867.08,DONE,7.0622,23.4667,105.75,0.0000,0.0000,20.6660,0,0.0,0.0,0.0,0.0,0.000,0.7700,0.0011,0.1734,598.72,17.6555,10.3323,53.17,0.0000,0.00,0,0,0,598.64,0,0.000,0.0000
2026-08-24T00:17:32.435610,868.08,DONE,7.0622,23.4667,105.75,0.0000,0.0000,20.6660,0,0.0,0.0,0.0,0.0,0.000,0.7700,0.0011,0.1734,599.72,17.6555,10.3323,53.17,0.0000,0.00,0,0,0,599.64,0,0.000,0.0000
2026-08-24T00:17:33.435644,869.08,DONE,7.0622,23.4667,105.75,0.0000,0.0000,20.6660,0,0.0,0.0,0.0,0.0,0.000,0.7700,0.0011,0.1734,600.72,17.6555,10.3323,53.17,0.0000,0.00,0,0,0,600.64,0,0.000,0.0000
2026-08-24T00:17:34.435713,870.08,DONE,7.0622,23.4667,105.75,0.0000,0.0000,20.6660,0,0.0,0.0,0.0,0.0,0.000,0.7700,0.0011,0.1734,601.72,17.6555,10.3323,53.17,0.0000,0.00,0,0,0,601.64,0,0.000,0.0000
2026-08-24T00:17:35.435566,871.08,DONE,7.0622,23.4667,105.75,0.0000,0.0000,20.6660,0,0.0,0.0,0.0,0.0,0.000,0.7700,0.0011,0.1734,602.72,17.6555,10.3323,53.17,0.0000,0.00,0,0,0,602.64,0,0.000,0.0000
2026-08-24T00:17:36.435787,872.08,DONE,7.0622,23.4667,105.75,0.0000,0.0000,20.6660,0,0.0,0.0,0.0,0.0,0.000,0.7700,0.0011,0.1734,603.72,17.6555,10.3323,53.17,0.0000,0.00,0,0,0,603.64,0,0.000,0.0000
2026-08-24T00:17:37.435740,873.08,DONE,7.0622,23.4667,105.75,0.0000,0.0000,20.6660,0,0.0,0.0,0.0,0.0,0.000,0.7700,0.0011,0.1734,604.72,17.6555,10.3323,53.17,0.0000,0.00,0,0,0,604.64,0,0.000,0.0000
2026-08-24T00:17:38.435761,874.08,DONE,7.0622,23.4667,105.75,0.0000,0.0000,20.6660,0,0.0,0.0,0.0,0.0,0.000,0.7700,0.0011,0.1734,605.72,17.6555,10.3323,53.17,0.0000,0.00,0,0,0,605.64,0,0.000,0.0000
2026-08-24T00:17:39.435711,875.08,DONE,7.0622,23.4667,105.75,0.0000,0.0000,20.6660,0,0.0,0.0,0.0,0.0,0.000,0.7700,0.0011,0.1734,606.72,17.6555,10.3323,53.17,0.0000,0.00,0,0,0,606.64,0,0.000,0.0000
2026-08-24T00:17:40.435639,876.08,DONE,7.0622,23.4667,105.75,0.0000,0.0000,20.6660,0,0.0,0.0,0.0,0.0,0.000,0.7700,0.0011,0.1734,607.72,17.6555,10.3323,53.17,0.0000,0.00,0,0,0,607.64,0,0.000,0.0000
2026-08-24T00:17:41.435787,877.08,DONE,7.0622,23.4667,105.75,0.0000,0.0000,20.6660,0,0.0,0.0,0.0,0.0,0.000,0.7700,0.0011,0.1734,608.72,17.6555,10.3323,53.17,0.0000,0.00,0,0,0,608.64,0,0.000,0.0000
2026-08-24T00:17:42.435566,878.08,DONE,7.0622,23.4667,105.75,0.0000,0.0000,20.6660,0,0.0,0.0,0.0,0.0,0.000,0.7700,0.0011,0.1734,609.72,17.6555,10.3323,53.17,0.0000,0.00,0,0,0,609.64,0,0.000,0.0000
2026-08-24T00:17:43.435676,879.08,DONE,7.0622,23.4667,105.75,0.0000,0.0000,20.6660,0,0.0,0.0,0.0,0.0,0.000,0.7700,0.0011,0.1734,610.72,17.6555,10.3323,53.17,0.0000,0.00,0,0,0,610.64,0,0.000,0.0000
2026-08-24T00:17:44.435709,880.08,DONE,7.0622,23.4667,105.75,0.0000,0.0000,20.6660,0,0.0,0.0,0.0,0.0,0.000,0.7700,0.0011,0.1734,611.72,17.6555,10.3323,53.17,0.0000,0.00,0,0,0,611.64,0,0.000,0.0000
2026-08-24T00:17:45.435771,881.08,DONE,7.0622,23.4667,105.75,0.0000,0.0000,20.6660,0,0.0,0.0,0.0,0.0,0.000,0.7700,0.0011,0.1734,612.72,17.6555,10.3323,53.17,0.0000,0.00,0,0,0,612.64,0,0.000,0.0000
2026-08-24T00:17:46.435737,882.08,DONE,7.0622,23.4667,105.75,0.0000,0.0000,20.6660,0,0.0,0.0,0.0,0.0,0.000,0.7700,0.0011,0.1734,613.72,17.6555,10.3323,53.17,0.0000,0.00,0,0,0,613.64,0,0.000,0.0000
2026-08-24T00:17:47.435643,883.08,DONE,7.0622,23.4667,105.75,0.0000,0.0000,20.6660,0,0.0,0.0,0.0,0.0,0.000,0.7700,0.0011,0.1734,614.72,17.6555,10.3323,53.17,0.0000,0.00,0,0,0,614.64,0,0.000,0.0000
2026-08-24T00:17:48.435645,884.08,DONE,7.0622,23.4667,105.75,0.0000,0.0000,20.6660,0,0.0,0.0,0.0,0.0,0.000,0.7700,0.0011,0.1734,615.72,17.6555,10.3323,53.17,0.0000,0.00,0,0,0,615.64,0,0.000,0.0000
2026-08-24T00:17:49.436297,885.08,DONE,7.0622,23.4667,105.75,0.0000,0.0000,20.6660,0,0.0,0.0,0.0,0.0,0.000,0.7700,0.0011,0.1734,616.72,17.6555,10.3323,53.17,0.0000,0.00,0,0,0,616.64,0,0.000,0.0000
2026-08-24T00:17:50.435654,886.08,DONE,7.0622,23.4667,105.75,0.0000,0.0000,20.6660,0,0.0,0.0,0.0,0.0,0.000,0.7700,0.0011,0.1734,617.72,17.6555,10.3323,53.17,0.0000,0.00,0,0,0,617.64,0,0.000,0.0000
2026-08-24T00:17:51.435497,887.08,DONE,7.0622,23.4667,105.75,0.0000,0.0000,20.6660,0,0.0,0.0,0.0,0.0,0.000,0.7700,0.0011,0.1734,618.72,17.6555,10.3323,53.17,0.0000,0.00,0,0,0,618.64,0,0.000,0.0000
2026-08-24T00:17:52.435634,888.08,DONE,7.0622,23.4667,105.75,0.0000,0.0000,20.6660,0,0.0,0.0,0.0,0.0,0.000,0.7700,0.0011,0.1734,619.72,17.6555,10.3323,53.17,0.0000,0.00,0,0,0,619.64,0,0.000,0.0000
2026-08-24T00:17:53.435903,889.08,DONE,7.0622,23.4667,105.75,0.0000,0.0000,20.6660,0,0.0,0.0,0.0,0.0,0.000,0.7700,0.0011,0.1734,620.72,17.6555,10.3323,53.17,0.0000,0.00,0,0,0,620.64,0,0.000,0.0000
2026-08-24T00:17:54.435634,890.08,DONE,7.0622,23.4667,105.75,0.0000,0.0000,20.6660,0,0.0,0.0,0.0,0.0,0.000,0.7700,0.0011,0.1734,621.72,17.6555,10.3323,53.17,0.0000,0.00,0,0,0,621.64,0,0.000,0.0000
2026-08-24T00:17:55.435777,891.08,DONE,7.0622,23.4667,105.75,0.0000,0.0000,20.6660,0,0.0,0.0,0.0,0.0,0.000,0.7700,0.0011,0.1734,622.72,17.6555,10.3323,53.17,0.0000,0.00,0,0,0,622.64,0,0.000,0.0000
2026-08-24T00:17:56.435660,892.08,DONE,7.0622,23.4667,105.75,0.0000,0.0000,20.6660,0,0.0,0.0,0.0,0.0,0.000,0.7700,0.0011,0.1734,623.72,17.6555,10.3323,53.17,0.0000,0.00,0,0,0,623.64,0,0.000,0.0000
2026-08-24T00:17:57.435629,893.08,DONE,7.0622,23.4667,105.75,0.0000,0.0000,20.6660,0,0.0,0.0,0.0,0.0,0.000,0.7700,0.0011,0.1734,624.72,17.6555,10.3323,53.17,0.0000,0.00,0,0,0,624.64,0,0.000,0.0000
2026-08-24T00:17:58.435604,894.08,DONE,7.0622,23.4667,105.75,0.0000,0.0000,20.6660,0,0.0,0.0,0.0,0.0,0.000,0.7700,0.0011,0.1734,625.72,17.6555,10.3323,53.17,0.0000,0.00,0,0,0,625.64,0,0.000,0.0000
2026-08-24T00:17:59.435685,895.08,DONE,7.0622,23.4667,105.75,0.0000,0.0000,20.6660,0,0.0,0.0,0.0,0.0,0.000,0.7700,0.0011,0.1734,626.72,17.6555,10.3323,53.17,0.0000,0.00,0,0,0,626.64,0,0.000,0.0000
2026-08-24T00:18:00.435616,896.08,DONE,7.0622,23.4667,105.75,0.0000,0.0000,20.6660,0,0.0,0.0,0.0,0.0,0.000,0.7700,0.0011,0.1734,627.72,17.6555,10.3323,53.17,0.0000,0.00,0,0,0,627.64,0,0.000,0.0000
2026-08-24T00:18:01.435834,897.08,DONE,7.0622,23.4667,105.75,0.0000,0.0000,20.6660,0,0.0,0.0,0.0,0.0,0.000,0.7700,0.0011,0.1734,628.72,17.6555,10.3323,53.17,0.0000,0.00,0,0,0,628.64,0,0.000,0.0000
2026-08-24T00:18:02.435611,898.08,DONE,7.0622,23.4667,105.75,0.0000,0.0000,20.6660,0,0.0,0.0,0.0,0.0,0.000,0.7700,0.0011,0.1734,629.72,17.6555,10.3323,53.17,0.0000,0.00,0,0,0,629.64,0,0.000,0.0000
2026-08-24T00:18:03.435696,899.08,DONE,7.0622,23.4667,105.75,0.0000,0.0000,20.6660,0,0.0,0.0,0.0,0.0,0.000,0.7700,0.0011,0.1734,630.72,17.6555,10.3323,53.17,0.0000,0.00,0,0,0,630.64,0,0.000,0.0000
2026-08-24T00:18:04.435577,900.08,DONE,7.0622,23.4667,105.75,0.0000,0.0000,20.6660,0,0.0,0.0,0.0,0.0,0.000,0.7700,0.0011,0.1734,631.72,17.6555,10.3323,53.17,0.0000,0.00,0,0,0,631.64,0,0.000,0.0000
2026-08-24T00:18:05.435652,901.08,DONE,7.0622,23.4667,105.75,0.0000,0.0000,20.6660,0,0.0,0.0,0.0,0.0,0.000,0.7700,0.0011,0.1734,632.72,17.6555,10.3323,53.17,0.0000,0.00,0,0,0,632.64,0,0.000,0.0000
2026-08-24T00:18:06.435728,902.08,DONE,7.0622,23.4667,105.75,0.0000,0.0000,20.6660,0,0.0,0.0,0.0,0.0,0.000,0.7700,0.0011,0.1734,633.72,17.6555,10.3323,53.17,0.0000,0.00,0,0,0,633.64,0,0.000,0.0000
2026-08-24T00:18:07.435587,903.08,DONE,7.0622,23.4667,105.75,0.0000,0.0000,20.6660,0,0.0,0.0,0.0,0.0,0.000,0.7700,0.0011,0.1734,634.72,17.6555,10.3323,53.17,0.0000,0.00,0,0,0,634.64,0,0.000,0.0000
2026-08-24T00:18:08.436383,904.08,DONE,7.0622,23.4667,105.75,0.0000,0.0000,20.6660,0,0.0,0.0,0.0,0.0,0.000,0.7700,0.0011,0.1734,635.72,17.6555,10.3323,53.17,0.0000,0.00,0,0,0,635.64,0,0.000,0.0000
2026-08-24T00:18:09.435617,905.08,DONE,7.0622,23.4667,105.75,0.0000,0.0000,20.6660,0,0.0,0.0,0.0,0.0,0.000,0.7700,0.0011,0.1734,636.72,17.6555,10.3323,53.17,0.0000,0.00,0,0,0,636.64,0,0.000,0.0000
2026-08-24T00:18:10.435638,906.08,DONE,7.0622,23.4667,105.75,0.0000,0.0000,20.6660,0,0.0,0.0,0.0,0.0,0.000,0.7700,0.0011,0.1734,637.72,17.6555,10.3323,53.17,0.0000,0.00,0,0,0,637.64,0,0.000,0.0000
2026-08-24T00:18:11.435569,907.08,DONE,7.0622,23.4667,105.75,0.0000,0.0000,20.6660,0,0.0,0.0,0.0,0.0,0.000,0.7700,0.0011,0.1734,638.72,17.6555,10.3323,53.17,0.0000,0.00,0,0,0,638.64,0,0.000,0.0000
2026-08-24T00:18:12.435784,908.08,DONE,7.0622,23.4667,105.75,0.0000,0.0000,20.6660,0,0.0,0.0,0.0,0.0,0.000,0.7700,0.0011,0.1734,639.72,17.6555,10.3323,53.17,0.0000,0.00,0,0,0,639.64,0,0.000,0.0000
2026-08-24T00:18:13.435585,909.08,DONE,7.0622,23.4667,105.75,0.0000,0.0000,20.6660,0,0.0,0.0,0.0,0.0,0.000,0.7700,0.0011,0.1734,640.72,17.6555,10.3323,53.17,0.0000,0.00,0,0,0,640.64,0,0.000,0.0000
2026-08-24T00:18:14.435600,910.08,DONE,7.0622,23.4667,105.75,0.0000,0.0000,20.6660,0,0.0,0.0,0.0,0.0,0.000,0.7700,0.0011,0.1734,641.72,17.6555,10.3323,53.17,0.0000,0.00,0,0,0,641.64,0,0.000,0.0000
2026-08-24T00:18:15.435834,911.08,DONE,7.0622,23.4667,105.75,0.0000,0.0000,20.6660,0,0.0,0.0,0.0,0.0,0.000,0.7700,0.0011,0.1734,642.72,17.6555,10.3323,53.17,0.0000,0.00,0,0,0,642.64,0,0.000,0.0000
2026-08-24T00:18:16.435757,912.08,DONE,7.0622,23.4667,105.75,0.0000,0.0000,20.6660,0,0.0,0.0,0.0,0.0,0.000,0.7700,0.0011,0.1734,643.72,17.6555,10.3323,53.17,0.0000,0.00,0,0,0,643.64,0,0.000,0.0000
2026-08-24T00:18:17.435700,913.08,DONE,7.0622,23.4667,105.75,0.0000,0.0000,20.6660,0,0.0,0.0,0.0,0.0,0.000,0.7700,0.0011,0.1734,644.72,17.6555,10.3323,53.17,0.0000,0.00,0,0,0,644.64,0,0.000,0.0000
2026-08-24T00:18:18.435631,914.08,DONE,7.0622,23.4667,105.75,0.0000,0.0000,20.6660,0,0.0,0.0,0.0,0.0,0.000,0.7700,0.0011,0.1734,645.72,17.6555,10.3323,53.17,0.0000,0.00,0,0,0,645.64,0,0.000,0.0000
2026-08-24T00:18:19.435627,915.08,DONE,7.0622,23.4667,105.75,0.0000,0.0000,20.6660,0,0.0,0.0,0.0,0.0,0.000,0.7700,0.0011,0.1734,646.72,17.6555,10.3323,53.17,0.0000,0.00,0,0,0,646.64,0,0.000,0.0000
2026-08-24T00:18:20.435669,916.08,DONE,7.0622,23.4667,105.75,0.0000,0.0000,20.6660,0,0.0,0.0,0.0,0.0,0.000,0.7700,0.0011,0.1734,647.72,17.6555,10.3323,53.17,0.0000,0.00,0,0,0,647.64,0,0.000,0.0000
2026-08-24T00:18:21.435701,917.08,DONE,7.0622,23.4667,105.75,0.0000,0.0000,20.6660,0,0.0,0.0,0.0,0.0,0.000,0.7700,0.0011,0.1734,648.72,17.6555,10.3323,53.17,0.0000,0.00,0,0,0,648.64,0,0.000,0.0000
2026-08-24T00:18:22.435703,918.08,DONE,7.0622,23.4667,105.75,0.0000,0.0000,20.6660,0,0.0,0.0,0.0,0.0,0.000,0.7700,0.0011,0.1734,649.72,17.6555,10.3323,53.17,0.0000,0.00,0,0,0,649.64,0,0.000,0.0000
2026-08-24T00:18:23.435628,919.08,DONE,7.0622,23.4667,105.75,0.0000,0.0000,20.6660,0,0.0,0.0,0.0,0.0,0.000,0.7700,0.0011,0.1734,650.72,17.6555,10.3323,53.17,0.0000,0.00,0,0,0,650.64,0,0.000,0.0000
2026-08-24T00:18:24.435651,920.08,DONE,7.0622,23.4667,105.75,0.0000,0.0000,20.6660,0,0.0,0.0,0.0,0.0,0.000,0.7700,0.0011,0.1734,651.72,17.6555,10.3323,53.17,0.0000,0.00,0,0,0,651.64,0,0.000,0.0000
2026-08-24T00:18:25.435576,921.08,DONE,7.0622,23.4667,105.75,0.0000,0.0000,20.6660,0,0.0,0.0,0.0,0.0,0.000,0.7700,0.0011,0.1734,652.72,17.6555,10.3323,53.17,0.0000,0.00,0,0,0,652.64,0,0.000,0.0000
2026-08-24T00:18:26.435574,922.08,DONE,7.0622,23.4667,105.75,0.0000,0.0000,20.6660,0,0.0,0.0,0.0,0.0,0.000,0.7700,0.0011,0.1734,653.72,17.6555,10.3323,53.17,0.0000,0.00,0,0,0,653.64,0,0.000,0.0000
2026-08-24T00:18:27.435654,923.08,DONE,7.0622,23.4667,105.75,0.0000,0.0000,20.6660,0,0.0,0.0,0.0,0.0,0.000,0.7700,0.0011,0.1734,654.72,17.6555,10.3323,53.17,0.0000,0.00,0,0,0,654.64,0,0.000,0.0000
2026-08-24T00:18:28.435597,924.08,DONE,7.0622,23.4667,105.75,0.0000,0.0000,20.6660,0,0.0,0.0,0.0,0.0,0.000,0.7700,0.0011,0.1734,655.72,17.6555,10.3323,53.17,0.0000,0.00,0,0,0,655.64,0,0.000,0.0000
2026-08-24T00:18:29.435975,925.08,DONE,7.0622,23.4667,105.75,0.0000,0.0000,20.6660,0,0.0,0.0,0.0,0.0,0.000,0.7700,0.0011,0.1734,656.72,17.6555,10.3323,53.17,0.0000,0.00,0,0,0,656.64,0,0.000,0.0000
2026-08-24T00:18:30.435743,926.08,DONE,7.0622,23.4667,105.75,0.0000,0.0000,20.6660,0,0.0,0.0,0.0,0.0,0.000,0.7700,0.0011,0.1734,657.72,17.6555,10.3323,53.17,0.0000,0.00,0,0,0,657.64,0,0.000,0.0000
2026-08-24T00:18:31.435627,927.08,DONE,7.0622,23.4667,105.75,0.0000,0.0000,20.6660,0,0.0,0.0,0.0,0.0,0.000,0.7700,0.0011,0.1734,658.72,17.6555,10.3323,53.17,0.0000,0.00,0,0,0,658.64,0,0.000,0.0000
2026-08-24T00:18:32.435600,928.08,DONE,7.0622,23.4667,105.75,0.0000,0.0000,20.6660,0,0.0,0.0,0.0,0.0,0.000,0.7700,0.0011,0.1734,659.72,17.6555,10.3323,53.17,0.0000,0.00,0,0,0,659.64,0,0.000,0.0000
2026-08-24T00:18:33.435696,929.08,DONE,7.0622,23.4667,105.75,0.0000,0.0000,20.6660,0,0.0,0.0,0.0,0.0,0.000,0.7700,0.0011,0.1734,660.72,17.6555,10.3323,53.17,0.0000,0.00,0,0,0,660.64,0,0.000,0.0000
2026-08-24T00:18:34.436081,930.08,DONE,7.0622,23.4667,105.75,0.0000,0.0000,20.6660,0,0.0,0.0,0.0,0.0,0.000,0.7700,0.0011,0.1734,661.72,17.6555,10.3323,53.17,0.0000,0.00,0,0,0,661.64,0,0.000,0.0000
2026-08-24T00:18:35.435731,931.08,DONE,7.0622,23.4667,105.75,0.0000,0.0000,20.6660,0,0.0,0.0,0.0,0.0,0.000,0.7700,0.0011,0.1734,662.72,17.6555,10.3323,53.17,0.0000,0.00,0,0,0,662.64,0,0.000,0.0000
2026-08-24T00:18:36.436274,932.08,DONE,7.0622,23.4667,105.75,0.0000,0.0000,20.6660,0,0.0,0.0,0.0,0.0,0.000,0.7700,0.0011,0.1734,663.72,17.6555,10.3323,53.17,0.0000,0.00,0,0,0,663.64,0,0.000,0.0000
2026-08-24T00:18:37.435671,933.08,DONE,7.0622,23.4667,105.75,0.0000,0.0000,20.6660,0,0.0,0.0,0.0,0.0,0.000,0.7700,0.0011,0.1734,664.72,17.6555,10.3323,53.17,0.0000,0.00,0,0,0,664.64,0,0.000,0.0000
2026-08-24T00:18:38.435542,934.08,DONE,7.0622,23.4667,105.75,0.0000,0.0000,20.6660,0,0.0,0.0,0.0,0.0,0.000,0.7700,0.0011,0.1734,665.72,17.6555,10.3323,53.17,0.0000,0.00,0,0,0,665.64,0,0.000,0.0000
2026-08-24T00:18:39.435915,935.08,DONE,7.0622,23.4667,105.75,0.0000,0.0000,20.6660,0,0.0,0.0,0.0,0.0,0.000,0.7700,0.0011,0.1734,666.72,17.6555,10.3323,53.17,0.0000,0.00,0,0,0,666.64,0,0.000,0.0000
2026-08-24T00:18:40.435701,936.08,DONE,7.0622,23.4667,105.75,0.0000,0.0000,20.6660,0,0.0,0.0,0.0,0.0,0.000,0.7700,0.0011,0.1734,667.72,17.6555,10.3323,53.17,0.0000,0.00,0,0,0,667.64,0,0.000,0.0000
2026-08-24T00:18:41.435632,937.08,DONE,7.0622,23.4667,105.75,0.0000,0.0000,20.6660,0,0.0,0.0,0.0,0.0,0.000,0.7700,0.0011,0.1734,668.72,17.6555,10.3323,53.17,0.0000,0.00,0,0,0,668.64,0,0.000,0.0000
2026-08-24T00:18:42.435495,938.08,DONE,7.0622,23.4667,105.75,0.0000,0.0000,20.6660,0,0.0,0.0,0.0,0.0,0.000,0.7700,0.0011,0.1734,669.72,17.6555,10.3323,53.17,0.0000,0.00,0,0,0,669.64,0,0.000,0.0000
2026-08-24T00:18:43.435592,939.08,DONE,7.0622,23.4667,105.75,0.0000,0.0000,20.6660,0,0.0,0.0,0.0,0.0,0.000,0.7700,0.0011,0.1734,670.72,17.6555,10.3323,53.17,0.0000,0.00,0,0,0,670.64,0,0.000,0.0000
2026-08-24T00:18:44.435710,940.08,DONE,7.0622,23.4667,105.75,0.0000,0.0000,20.6660,0,0.0,0.0,0.0,0.0,0.000,0.7700,0.0011,0.1734,671.72,17.6555,10.3323,53.17,0.0000,0.00,0,0,0,671.64,0,0.000,0.0000
2026-08-24T00:18:45.435597,941.08,DONE,7.0622,23.4667,105.75,0.0000,0.0000,20.6660,0,0.0,0.0,0.0,0.0,0.000,0.7700,0.0011,0.1734,672.72,17.6555,10.3323,53.17,0.0000,0.00,0,0,0,672.64,0,0.000,0.0000
2026-08-24T00:18:46.435599,942.08,DONE,7.0622,23.4667,105.75,0.0000,0.0000,20.6660,0,0.0,0.0,0.0,0.0,0.000,0.7700,0.0011,0.1734,673.72,17.6555,10.3323,53.17,0.0000,0.00,0,0,0,673.64,0,0.000,0.0000
2026-08-24T00:18:47.435883,943.08,DONE,7.0622,23.4667,105.75,0.0000,0.0000,20.6660,0,0.0,0.0,0.0,0.0,0.000,0.7700,0.0011,0.1734,674.72,17.6555,10.3323,53.17,0.0000,0.00,0,0,0,674.64,0,0.000,0.0000
2026-08-24T00:18:48.435594,944.08,DONE,7.0622,23.4667,105.75,0.0000,0.0000,20.6660,0,0.0,0.0,0.0,0.0,0.000,0.7700,0.0011,0.1734,675.72,17.6555,10.3323,53.17,0.0000,0.00,0,0,0,675.64,0,0.000,0.0000
2026-08-24T00:18:49.435813,945.08,DONE,7.0622,23.4667,105.75,0.0000,0.0000,20.6660,0,0.0,0.0,0.0,0.0,0.000,0.7700,0.0011,0.1734,676.72,17.6555,10.3323,53.17,0.0000,0.00,0,0,0,676.64,0,0.000,0.0000
2026-08-24T00:18:50.435688,946.08,DONE,7.0622,23.4667,105.75,0.0000,0.0000,20.6660,0,0.0,0.0,0.0,0.0,0.000,0.7700,0.0011,0.1734,677.72,17.6555,10.3323,53.17,0.0000,0.00,0,0,0,677.64,0,0.000,0.0000
2026-08-24T00:18:51.438281,947.08,DONE,7.0622,23.4667,105.75,0.0000,0.0000,20.6660,0,0.0,0.0,0.0,0.0,0.000,0.7700,0.0011,0.1734,678.73,17.6555,10.3323,53.17,0.0000,0.00,0,0,0,678.64,0,0.000,0.0000
2026-08-24T00:18:52.435623,948.08,DONE,7.0622,23.4667,105.75,0.0000,0.0000,20.6660,0,0.0,0.0,0.0,0.0,0.000,0.7700,0.0011,0.1734,679.72,17.6555,10.3323,53.17,0.0000,0.00,0,0,0,679.64,0,0.000,0.0000
2026-08-24T00:18:53.435812,949.08,DONE,7.0622,23.4667,105.75,0.0000,0.0000,20.6660,0,0.0,0.0,0.0,0.0,0.000,0.7700,0.0011,0.1734,680.72,17.6555,10.3323,53.17,0.0000,0.00,0,0,0,680.64,0,0.000,0.0000
2026-08-24T00:18:54.435615,950.08,DONE,7.0622,23.4667,105.75,0.0000,0.0000,20.6660,0,0.0,0.0,0.0,0.0,0.000,0.7700,0.0011,0.1734,681.72,17.6555,10.3323,53.17,0.0000,0.00,0,0,0,681.64,0,0.000,0.0000
2026-08-24T00:18:55.435659,951.08,DONE,7.0622,23.4667,105.75,0.0000,0.0000,20.6660,0,0.0,0.0,0.0,0.0,0.000,0.7700,0.0011,0.1734,682.72,17.6555,10.3323,53.17,0.0000,0.00,0,0,0,682.64,0,0.000,0.0000
2026-08-24T00:18:56.435660,952.08,DONE,7.0622,23.4667,105.75,0.0000,0.0000,20.6660,0,0.0,0.0,0.0,0.0,0.000,0.7700,0.0011,0.1734,683.72,17.6555,10.3323,53.17,0.0000,0.00,0,0,0,683.64,0,0.000,0.0000
2026-08-24T00:18:57.435620,953.08,DONE,7.0622,23.4667,105.75,0.0000,0.0000,20.6660,0,0.0,0.0,0.0,0.0,0.000,0.7700,0.0011,0.1734,684.72,17.6555,10.3323,53.17,0.0000,0.00,0,0,0,684.64,0,0.000,0.0000
2026-08-24T00:18:58.435673,954.08,DONE,7.0622,23.4667,105.75,0.0000,0.0000,20.6660,0,0.0,0.0,0.0,0.0,0.000,0.7700,0.0011,0.1734,685.72,17.6555,10.3323,53.17,0.0000,0.00,0,0,0,685.64,0,0.000,0.0000
2026-08-24T00:18:59.435638,955.08,DONE,7.0622,23.4667,105.75,0.0000,0.0000,20.6660,0,0.0,0.0,0.0,0.0,0.000,0.7700,0.0011,0.1734,686.72,17.6555,10.3323,53.17,0.0000,0.00,0,0,0,686.64,0,0.000,0.0000
2026-08-24T00:19:00.435623,956.08,DONE,7.0622,23.4667,105.75,0.0000,0.0000,20.6660,0,0.0,0.0,0.0,0.0,0.000,0.7700,0.0011,0.1734,687.72,17.6555,10.3323,53.17,0.0000,0.00,0,0,0,687.64,0,0.000,0.0000
2026-08-24T00:19:01.435939,957.08,DONE,7.0622,23.4667,105.75,0.0000,0.0000,20.6660,0,0.0,0.0,0.0,0.0,0.000,0.7700,0.0011,0.1734,688.72,17.6555,10.3323,53.17,0.0000,0.00,0,0,0,688.64,0,0.000,0.0000
2026-08-24T00:19:02.435724,958.08,DONE,7.0622,23.4667,105.75,0.0000,0.0000,20.6660,0,0.0,0.0,0.0,0.0,0.000,0.7700,0.0011,0.1734,689.72,17.6555,10.3323,53.17,0.0000,0.00,0,0,0,689.64,0,0.000,0.0000
2026-08-24T00:19:03.435638,959.08,DONE,7.0622,23.4667,105.75,0.0000,0.0000,20.6660,0,0.0,0.0,0.0,0.0,0.000,0.7700,0.0011,0.1734,690.72,17.6555,10.3323,53.17,0.0000,0.00,0,0,0,690.64,0,0.000,0.0000
2026-08-24T00:19:04.435628,960.08,DONE,7.0622,23.4667,105.75,0.0000,0.0000,20.6660,0,0.0,0.0,0.0,0.0,0.000,0.7700,0.0011,0.1734,691.72,17.6555,10.3323,53.17,0.0000,0.00,0,0,0,691.64,0,0.000,0.0000
2026-08-24T00:19:05.435614,961.08,DONE,7.0622,23.4667,105.75,0.0000,0.0000,20.6660,0,0.0,0.0,0.0,0.0,0.000,0.7700,0.0011,0.1734,692.72,17.6555,10.3323,53.17,0.0000,0.00,0,0,0,692.64,0,0.000,0.0000
2026-08-24T00:19:06.436221,962.08,DONE,7.0622,23.4667,105.75,0.0000,0.0000,20.6660,0,0.0,0.0,0.0,0.0,0.000,0.7700,0.0011,0.1734,693.72,17.6555,10.3323,53.17,0.0000,0.00,0,0,0,693.64,0,0.000,0.0000
2026-08-24T00:19:07.435629,963.08,DONE,7.0622,23.4667,105.75,0.0000,0.0000,20.6660,0,0.0,0.0,0.0,0.0,0.000,0.7700,0.0011,0.1734,694.72,17.6555,10.3323,53.17,0.0000,0.00,0,0,0,694.64,0,0.000,0.0000
2026-08-24T00:19:08.435698,964.08,DONE,7.0622,23.4667,105.75,0.0000,0.0000,20.6660,0,0.0,0.0,0.0,0.0,0.000,0.7700,0.0011,0.1734,695.72,17.6555,10.3323,53.17,0.0000,0.00,0,0,0,695.64,0,0.000,0.0000
2026-08-24T00:19:09.435836,965.08,DONE,7.0622,23.4667,105.75,0.0000,0.0000,20.6660,0,0.0,0.0,0.0,0.0,0.000,0.7700,0.0011,0.1734,696.72,17.6555,10.3323,53.17,0.0000,0.00,0,0,0,696.64,0,0.000,0.0000
2026-08-24T00:19:10.435658,966.08,DONE,7.0622,23.4667,105.75,0.0000,0.0000,20.6660,0,0.0,0.0,0.0,0.0,0.000,0.7700,0.0011,0.1734,697.72,17.6555,10.3323,53.17,0.0000,0.00,0,0,0,697.64,0,0.000,0.0000
2026-08-24T00:19:11.435742,967.08,DONE,7.0622,23.4667,105.75,0.0000,0.0000,20.6660,0,0.0,0.0,0.0,0.0,0.000,0.7700,0.0011,0.1734,698.72,17.6555,10.3323,53.17,0.0000,0.00,0,0,0,698.64,0,0.000,0.0000
2026-08-24T00:19:12.435770,968.08,DONE,7.0622,23.4667,105.75,0.0000,0.0000,20.6660,0,0.0,0.0,0.0,0.0,0.000,0.7700,0.0011,0.1734,699.72,17.6555,10.3323,53.17,0.0000,0.00,0,0,0,699.64,0,0.000,0.0000
2026-08-24T00:19:13.435615,969.08,DONE,7.0622,23.4667,105.75,0.0000,0.0000,20.6660,0,0.0,0.0,0.0,0.0,0.000,0.7700,0.0011,0.1734,700.72,17.6555,10.3323,53.17,0.0000,0.00,0,0,0,700.64,0,0.000,0.0000
2026-08-24T00:19:14.435590,970.08,DONE,7.0622,23.4667,105.75,0.0000,0.0000,20.6660,0,0.0,0.0,0.0,0.0,0.000,0.7700,0.0011,0.1734,701.72,17.6555,10.3323,53.17,0.0000,0.00,0,0,0,701.64,0,0.000,0.0000
2026-08-24T00:19:15.435619,971.08,DONE,7.0622,23.4667,105.75,0.0000,0.0000,20.6660,0,0.0,0.0,0.0,0.0,0.000,0.7700,0.0011,0.1734,702.72,17.6555,10.3323,53.17,0.0000,0.00,0,0,0,702.64,0,0.000,0.0000
2026-08-24T00:19:16.435647,972.08,DONE,7.0622,23.4667,105.75,0.0000,0.0000,20.6660,0,0.0,0.0,0.0,0.0,0.000,0.7700,0.0011,0.1734,703.72,17.6555,10.3323,53.17,0.0000,0.00,0,0,0,703.64,0,0.000,0.0000
2026-08-24T00:19:17.435649,973.08,DONE,7.0622,23.4667,105.75,0.0000,0.0000,20.6660,0,0.0,0.0,0.0,0.0,0.000,0.7700,0.0011,0.1734,704.72,17.6555,10.3323,53.17,0.0000,0.00,0,0,0,704.64,0,0.000,0.0000
2026-08-24T00:19:18.435603,974.08,DONE,7.0622,23.4667,105.75,0.0000,0.0000,20.6660,0,0.0,0.0,0.0,0.0,0.000,0.7700,0.0011,0.1734,705.72,17.6555,10.3323,53.17,0.0000,0.00,0,0,0,705.64,0,0.000,0.0000
2026-08-24T00:19:19.435511,975.08,DONE,7.0622,23.4667,105.75,0.0000,0.0000,20.6660,0,0.0,0.0,0.0,0.0,0.000,0.7700,0.0011,0.1734,706.72,17.6555,10.3323,53.17,0.0000,0.00,0,0,0,706.64,0,0.000,0.0000
2026-08-24T00:19:20.435646,976.08,DONE,7.0622,23.4667,105.75,0.0000,0.0000,20.6660,0,0.0,0.0,0.0,0.0,0.000,0.7700,0.0011,0.1734,707.72,17.6555,10.3323,53.17,0.0000,0.00,0,0,0,707.64,0,0.000,0.0000
2026-08-24T00:19:21.435840,977.08,DONE,7.0622,23.4667,105.75,0.0000,0.0000,20.6660,0,0.0,0.0,0.0,0.0,0.000,0.7700,0.0011,0.1734,708.72,17.6555,10.3323,53.17,0.0000,0.00,0,0,0,708.64,0,0.000,0.0000
2026-08-24T00:19:22.435640,978.08,DONE,7.0622,23.4667,105.75,0.0000,0.0000,20.6660,0,0.0,0.0,0.0,0.0,0.000,0.7700,0.0011,0.1734,709.72,17.6555,10.3323,53.17,0.0000,0.00,0,0,0,709.64,0,0.000,0.0000
2026-08-24T00:19:23.435690,979.08,DONE,7.0622,23.4667,105.75,0.0000,0.0000,20.6660,0,0.0,0.0,0.0,0.0,0.000,0.7700,0.0011,0.1734,710.72,17.6555,10.3323,53.17,0.0000,0.00,0,0,0,710.64,0,0.000,0.0000
2026-08-24T00:19:24.435577,980.08,DONE,7.0622,23.4667,105.75,0.0000,0.0000,20.6660,0,0.0,0.0,0.0,0.0,0.000,0.7700,0.0011,0.1734,711.72,17.6555,10.3323,53.17,0.0000,0.00,0,0,0,711.64,0,0.000,0.0000
2026-08-24T00:19:25.435658,981.08,DONE,7.0622,23.4667,105.75,0.0000,0.0000,20.6660,0,0.0,0.0,0.0,0.0,0.000,0.7700,0.0011,0.1734,712.72,17.6555,10.3323,53.17,0.0000,0.00,0,0,0,712.64,0,0.000,0.0000
2026-08-24T00:19:26.435816,982.08,DONE,7.0622,23.4667,105.75,0.0000,0.0000,20.6660,0,0.0,0.0,0.0,0.0,0.000,0.7700,0.0011,0.1734,713.72,17.6555,10.3323,53.17,0.0000,0.00,0,0,0,713.64,0,0.000,0.0000
2026-08-24T00:19:27.435582,983.08,DONE,7.0622,23.4667,105.75,0.0000,0.0000,20.6660,0,0.0,0.0,0.0,0.0,0.000,0.7700,0.0011,0.1734,714.72,17.6555,10.3323,53.17,0.0000,0.00,0,0,0,714.64,0,0.000,0.0000
2026-08-24T00:19:28.435667,984.08,DONE,7.0622,23.4667,105.75,0.0000,0.0000,20.6660,0,0.0,0.0,0.0,0.0,0.000,0.7700,0.0011,0.1734,715.72,17.6555,10.3323,53.17,0.0000,0.00,0,0,0,715.64,0,0.000,0.0000
2026-08-24T00:19:29.435719,985.08,DONE,7.0622,23.4667,105.75,0.0000,0.0000,20.6660,0,0.0,0.0,0.0,0.0,0.000,0.7700,0.0011,0.1734,716.72,17.6555,10.3323,53.17,0.0000,0.00,0,0,0,716.64,0,0.000,0.0000
2026-08-24T00:19:30.435815,986.08,DONE,7.0622,23.4667,105.75,0.0000,0.0000,20.6660,0,0.0,0.0,0.0,0.0,0.000,0.7700,0.0011,0.1734,717.72,17.6555,10.3323,53.17,0.0000,0.00,0,0,0,717.64,0,0.000,0.0000
2026-08-24T00:19:31.435600,987.08,DONE,7.0622,23.4667,105.75,0.0000,0.0000,20.6660,0,0.0,0.0,0.0,0.0,0.000,0.7700,0.0011,0.1734,718.72,17.6555,10.3323,53.17,0.0000,0.00,0,0,0,718.64,0,0.000,0.0000
2026-08-24T00:19:32.435587,988.08,DONE,7.0622,23.4667,105.75,0.0000,0.0000,20.6660,0,0.0,0.0,0.0,0.0,0.000,0.7700,0.0011,0.1734,719.72,17.6555,10.3323,53.17,0.0000,0.00,0,0,0,719.64,0,0.000,0.0000
2026-08-24T00:19:33.435911,989.08,DONE,7.0622,23.4667,105.75,0.0000,0.0000,20.6660,0,0.0,0.0,0.0,0.0,0.000,0.7700,0.0011,0.1734,720.72,17.6555,10.3323,53.17,0.0000,0.00,0,0,0,720.64,0,0.000,0.0000
2026-08-24T00:19:34.435757,990.08,DONE,7.0622,23.4667,105.75,0.0000,0.0000,20.6660,0,0.0,0.0,0.0,0.0,0.000,0.7700,0.0011,0.1734,721.72,17.6555,10.3323,53.17,0.0000,0.00,0,0,0,721.64,0,0.000,0.0000
2026-08-24T00:19:35.435696,991.08,DONE,7.0622,23.4667,105.75,0.0000,0.0000,20.6660,0,0.0,0.0,0.0,0.0,0.000,0.7700,0.0011,0.1734,722.72,17.6555,10.3323,53.17,0.0000,0.00,0,0,0,722.64,0,0.000,0.0000
2026-08-24T00:19:36.435578,992.08,DONE,7.0622,23.4667,105.75,0.0000,0.0000,20.6660,0,0.0,0.0,0.0,0.0,0.000,0.7700,0.0011,0.1734,723.72,17.6555,10.3323,53.17,0.0000,0.00,0,0,0,723.64,0,0.000,0.0000
2026-08-24T00:19:37.436190,993.08,DONE,7.0622,23.4667,105.75,0.0000,0.0000,20.6660,0,0.0,0.0,0.0,0.0,0.000,0.7700,0.0011,0.1734,724.72,17.6555,10.3323,53.17,0.0000,0.00,0,0,0,724.64,0,0.000,0.0000
2026-08-24T00:19:38.435633,994.08,DONE,7.0622,23.4667,105.75,0.0000,0.0000,20.6660,0,0.0,0.0,0.0,0.0,0.000,0.7700,0.0011,0.1734,725.72,17.6555,10.3323,53.17,0.0000,0.00,0,0,0,725.64,0,0.000,0.0000
2026-08-24T00:19:39.435617,995.08,DONE,7.0622,23.4667,105.75,0.0000,0.0000,20.6660,0,0.0,0.0,0.0,0.0,0.000,0.7700,0.0011,0.1734,726.72,17.6555,10.3323,53.17,0.0000,0.00,0,0,0,726.64,0,0.000,0.0000
2026-08-24T00:19:40.435792,996.08,DONE,7.0622,23.4667,105.75,0.0000,0.0000,20.6660,0,0.0,0.0,0.0,0.0,0.000,0.7700,0.0011,0.1734,727.72,17.6555,10.3323,53.17,0.0000,0.00,0,0,0,727.64,0,0.000,0.0000
2026-08-24T00:19:41.435640,997.08,DONE,7.0622,23.4667,105.75,0.0000,0.0000,20.6660,0,0.0,0.0,0.0,0.0,0.000,0.7700,0.0011,0.1734,728.72,17.6555,10.3323,53.17,0.0000,0.00,0,0,0,728.64,0,0.000,0.0000
2026-08-24T00:19:42.435671,998.08,DONE,7.0622,23.4667,105.75,0.0000,0.0000,20.6660,0,0.0,0.0,0.0,0.0,0.000,0.7700,0.0011,0.1734,729.72,17.6555,10.3323,53.17,0.0000,0.00,0,0,0,729.64,0,0.000,0.0000
2026-08-24T00:19:43.435905,999.08,DONE,7.0622,23.4667,105.75,0.0000,0.0000,20.6660,0,0.0,0.0,0.0,0.0,0.000,0.7700,0.0011,0.1734,730.72,17.6555,10.3323,53.17,0.0000,0.00,0,0,0,730.64,0,0.000,0.0000
2026-08-24T00:19:44.435714,1000.08,DONE,7.0622,23.4667,105.75,0.0000,0.0000,20.6660,0,0.0,0.0,0.0,0.0,0.000,0.7700,0.0011,0.1734,731.72,17.6555,10.3323,53.17,0.0000,0.00,0,0,0,731.64,0,0.000,0.0000
2026-08-24T00:19:45.435612,1001.08,DONE,7.0622,23.4667,105.75,0.0000,0.0000,20.6660,0,0.0,0.0,0.0,0.0,0.000,0.7700,0.0011,0.1734,732.72,17.6555,10.3323,53.17,0.0000,0.00,0,0,0,732.64,0,0.000,0.0000
2026-08-24T00:19:46.435576,1002.08,DONE,7.0622,23.4667,105.75,0.0000,0.0000,20.6660,0,0.0,0.0,0.0,0.0,0.000,0.7700,0.0011,0.1734,733.72,17.6555,10.3323,53.17,0.0000,0.00,0,0,0,733.64,0,0.000,0.0000
2026-08-24T00:19:47.435626,1003.08,DONE,7.0622,23.4667,105.75,0.0000,0.0000,20.6660,0,0.0,0.0,0.0,0.0,0.000,0.7700,0.0011,0.1734,734.72,17.6555,10.3323,53.17,0.0000,0.00,0,0,0,734.64,0,0.000,0.0000
2026-08-24T00:19:48.435631,1004.08,DONE,7.0622,23.4667,105.75,0.0000,0.0000,20.6660,0,0.0,0.0,0.0,0.0,0.000,0.7700,0.0011,0.1734,735.72,17.6555,10.3323,53.17,0.0000,0.00,0,0,0,735.64,0,0.000,0.0000
2026-08-24T00:19:49.435766,1005.08,DONE,7.0622,23.4667,105.75,0.0000,0.0000,20.6660,0,0.0,0.0,0.0,0.0,0.000,0.7700,0.0011,0.1734,736.72,17.6555,10.3323,53.17,0.0000,0.00,0,0,0,736.64,0,0.000,0.0000
2026-08-24T00:19:50.435854,1006.08,DONE,7.0622,23.4667,105.75,0.0000,0.0000,20.6660,0,0.0,0.0,0.0,0.0,0.000,0.7700,0.0011,0.1734,737.72,17.6555,10.3323,53.17,0.0000,0.00,0,0,0,737.64,0,0.000,0.0000
2026-08-24T00:19:51.435659,1007.08,DONE,7.0622,23.4667,105.75,0.0000,0.0000,20.6660,0,0.0,0.0,0.0,0.0,0.000,0.7700,0.0011,0.1734,738.72,17.6555,10.3323,53.17,0.0000,0.00,0,0,0,738.64,0,0.000,0.0000
2026-08-24T00:19:52.435710,1008.08,DONE,7.0622,23.4667,105.75,0.0000,0.0000,20.6660,0,0.0,0.0,0.0,0.0,0.000,0.7700,0.0011,0.1734,739.72,17.6555,10.3323,53.17,0.0000,0.00,0,0,0,739.64,0,0.000,0.0000
2026-08-24T00:19:53.435581,1009.08,DONE,7.0622,23.4667,105.75,0.0000,0.0000,20.6660,0,0.0,0.0,0.0,0.0,0.000,0.7700,0.0011,0.1734,740.72,17.6555,10.3323,53.17,0.0000,0.00,0,0,0,740.64,0,0.000,0.0000
2026-08-24T00:19:54.435594,1010.08,DONE,7.0622,23.4667,105.75,0.0000,0.0000,20.6660,0,0.0,0.0,0.0,0.0,0.000,0.7700,0.0011,0.1734,741.72,17.6555,10.3323,53.17,0.0000,0.00,0,0,0,741.64,0,0.000,0.0000
2026-08-24T00:19:55.435639,1011.08,DONE,7.0622,23.4667,105.75,0.0000,0.0000,20.6660,0,0.0,0.0,0.0,0.0,0.000,0.7700,0.0011,0.1734,742.72,17.6555,10.3323,53.17,0.0000,0.00,0,0,0,742.64,0,0.000,0.0000
2026-08-24T00:19:56.435662,1012.08,DONE,7.0622,23.4667,105.75,0.0000,0.0000,20.6660,0,0.0,0.0,0.0,0.0,0.000,0.7700,0.0011,0.1734,743.72,17.6555,10.3323,53.17,0.0000,0.00,0,0,0,743.64,0,0.000,0.0000
2026-08-24T00:19:57.435719,1013.08,DONE,7.0622,23.4667,105.75,0.0000,0.0000,20.6660,0,0.0,0.0,0.0,0.0,0.000,0.7700,0.0011,0.1734,744.72,17.6555,10.3323,53.17,0.0000,0.00,0,0,0,744.64,0,0.000,0.0000
2026-08-24T00:19:58.435599,1014.08,DONE,7.0622,23.4667,105.75,0.0000,0.0000,20.6660,0,0.0,0.0,0.0,0.0,0.000,0.7700,0.0011,0.1734,745.72,17.6555,10.3323,53.17,0.0000,0.00,0,0,0,745.64,0,0.000,0.0000
2026-08-24T00:19:59.435867,1015.08,DONE,7.0622,23.4667,105.75,0.0000,0.0000,20.6660,0,0.0,0.0,0.0,0.0,0.000,0.7700,0.0011,0.1734,746.72,17.6555,10.3323,53.17,0.0000,0.00,0,0,0,746.64,0,0.000,0.0000
2026-08-24T00:20:00.435789,1016.08,DONE,7.0622,23.4667,105.75,0.0000,0.0000,20.6660,0,0.0,0.0,0.0,0.0,0.000,0.7700,0.0011,0.1734,747.72,17.6555,10.3323,53.17,0.0000,0.00,0,0,0,747.64,0,0.000,0.0000
2026-08-24T00:20:01.435701,1017.08,DONE,7.0622,23.4667,105.75,0.0000,0.0000,20.6660,0,0.0,0.0,0.0,0.0,0.000,0.7700,0.0011,0.1734,748.72,17.6555,10.3323,53.17,0.0000,0.00,0,0,0,748.64,0,0.000,0.0000
2026-08-24T00:20:02.435570,1018.08,DONE,7.0622,23.4667,105.75,0.0000,0.0000,20.6660,0,0.0,0.0,0.0,0.0,0.000,0.7700,0.0011,0.1734,749.72,17.6555,10.3323,53.17,0.0000,0.00,0,0,0,749.64,0,0.000,0.0000
2026-08-24T00:20:03.435710,1019.08,DONE,7.0622,23.4667,105.75,0.0000,0.0000,20.6660,0,0.0,0.0,0.0,0.0,0.000,0.7700,0.0011,0.1734,750.72,17.6555,10.3323,53.17,0.0000,0.00,0,0,0,750.64,0,0.000,0.0000
2026-08-24T00:20:04.435616,1020.08,DONE,7.0622,23.4667,105.75,0.0000,0.0000,20.6660,0,0.0,0.0,0.0,0.0,0.000,0.7700,0.0011,0.1734,751.72,17.6555,10.3323,53.17,0.0000,0.00,0,0,0,751.64,0,0.000,0.0000
2026-08-24T00:20:05.435588,1021.08,DONE,7.0622,23.4667,105.75,0.0000,0.0000,20.6660,0,0.0,0.0,0.0,0.0,0.000,0.7700,0.0011,0.1734,752.72,17.6555,10.3323,53.17,0.0000,0.00,0,0,0,752.64,0,0.000,0.0000
2026-08-24T00:20:06.435545,1022.08,DONE,7.0622,23.4667,105.75,0.0000,0.0000,20.6660,0,0.0,0.0,0.0,0.0,0.000,0.7700,0.0011,0.1734,753.72,17.6555,10.3323,53.17,0.0000,0.00,0,0,0,753.64,0,0.000,0.0000
2026-08-24T00:20:07.435683,1023.08,DONE,7.0622,23.4667,105.75,0.0000,0.0000,20.6660,0,0.0,0.0,0.0,0.0,0.000,0.7700,0.0011,0.1734,754.72,17.6555,10.3323,53.17,0.0000,0.00,0,0,0,754.64,0,0.000,0.0000
2026-08-24T00:20:08.436028,1024.08,DONE,7.0622,23.4667,105.75,0.0000,0.0000,20.6660,0,0.0,0.0,0.0,0.0,0.000,0.7700,0.0011,0.1734,755.72,17.6555,10.3323,53.17,0.0000,0.00,0,0,0,755.64,0,0.000,0.0000
2026-08-24T00:20:09.435688,1025.08,DONE,7.0622,23.4667,105.75,0.0000,0.0000,20.6660,0,0.0,0.0,0.0,0.0,0.000,0.7700,0.0011,0.1734,756.72,17.6555,10.3323,53.17,0.0000,0.00,0,0,0,756.64,0,0.000,0.0000
2026-08-24T00:20:10.435583,1026.08,DONE,7.0622,23.4667,105.75,0.0000,0.0000,20.6660,0,0.0,0.0,0.0,0.0,0.000,0.7700,0.0011,0.1734,757.72,17.6555,10.3323,53.17,0.0000,0.00,0,0,0,757.64,0,0.000,0.0000
2026-08-24T00:20:11.435602,1027.08,DONE,7.0622,23.4667,105.75,0.0000,0.0000,20.6660,0,0.0,0.0,0.0,0.0,0.000,0.7700,0.0011,0.1734,758.72,17.6555,10.3323,53.17,0.0000,0.00,0,0,0,758.64,0,0.000,0.0000
2026-08-24T00:20:12.435804,1028.08,DONE,7.0622,23.4667,105.75,0.0000,0.0000,20.6660,0,0.0,0.0,0.0,0.0,0.000,0.7700,0.0011,0.1734,759.72,17.6555,10.3323,53.17,0.0000,0.00,0,0,0,759.64,0,0.000,0.0000
2026-08-24T00:20:13.435605,1029.08,DONE,7.0622,23.4667,105.75,0.0000,0.0000,20.6660,0,0.0,0.0,0.0,0.0,0.000,0.7700,0.0011,0.1734,760.72,17.6555,10.3323,53.17,0.0000,0.00,0,0,0,760.64,0,0.000,0.0000
2026-08-24T00:20:14.435639,1030.08,DONE,7.0622,23.4667,105.75,0.0000,0.0000,20.6660,0,0.0,0.0,0.0,0.0,0.000,0.7700,0.0011,0.1734,761.72,17.6555,10.3323,53.17,0.0000,0.00,0,0,0,761.64,0,0.000,0.0000
2026-08-24T00:20:15.435591,1031.08,DONE,7.0622,23.4667,105.75,0.0000,0.0000,20.6660,0,0.0,0.0,0.0,0.0,0.000,0.7700,0.0011,0.1734,762.72,17.6555,10.3323,53.17,0.0000,0.00,0,0,0,762.64,0,0.000,0.0000
2026-08-24T00:20:16.435885,1032.08,DONE,7.0622,23.4667,105.75,0.0000,0.0000,20.6660,0,0.0,0.0,0.0,0.0,0.000,0.7700,0.0011,0.1734,763.72,17.6555,10.3323,53.17,0.0000,0.00,0,0,0,763.64,0,0.000,0.0000
2026-08-24T00:20:17.437783,1033.08,DONE,7.0622,23.4667,105.75,0.0000,0.0000,20.6660,0,0.0,0.0,0.0,0.0,0.000,0.7700,0.0011,0.1734,764.73,17.6555,10.3323,53.17,0.0000,0.00,0,0,0,764.64,0,0.000,0.0000
2026-08-24T00:20:18.435565,1034.08,DONE,7.0622,23.4667,105.75,0.0000,0.0000,20.6660,0,0.0,0.0,0.0,0.0,0.000,0.7700,0.0011,0.1734,765.72,17.6555,10.3323,53.17,0.0000,0.00,0,0,0,765.64,0,0.000,0.0000
2026-08-24T00:20:19.435654,1035.08,DONE,7.0622,23.4667,105.75,0.0000,0.0000,20.6660,0,0.0,0.0,0.0,0.0,0.000,0.7700,0.0011,0.1734,766.72,17.6555,10.3323,53.17,0.0000,0.00,0,0,0,766.64,0,0.000,0.0000
2026-08-24T00:20:20.435565,1036.08,DONE,7.0622,23.4667,105.75,0.0000,0.0000,20.6660,0,0.0,0.0,0.0,0.0,0.000,0.7700,0.0011,0.1734,767.72,17.6555,10.3323,53.17,0.0000,0.00,0,0,0,767.64,0,0.000,0.0000
2026-08-24T00:20:21.435547,1037.08,DONE,7.0622,23.4667,105.75,0.0000,0.0000,20.6660,0,0.0,0.0,0.0,0.0,0.000,0.7700,0.0011,0.1734,768.72,17.6555,10.3323,53.17,0.0000,0.00,0,0,0,768.64,0,0.000,0.0000
2026-08-24T00:20:22.435755,1038.08,DONE,7.0622,23.4667,105.75,0.0000,0.0000,20.6660,0,0.0,0.0,0.0,0.0,0.000,0.7700,0.0011,0.1734,769.72,17.6555,10.3323,53.17,0.0000,0.00,0,0,0,769.64,0,0.000,0.0000
2026-08-24T00:20:23.435698,1039.08,DONE,7.0622,23.4667,105.75,0.0000,0.0000,20.6660,0,0.0,0.0,0.0,0.0,0.000,0.7700,0.0011,0.1734,770.72,17.6555,10.3323,53.17,0.0000,0.00,0,0,0,770.64,0,0.000,0.0000
2026-08-24T00:20:24.435614,1040.08,DONE,7.0622,23.4667,105.75,0.0000,0.0000,20.6660,0,0.0,0.0,0.0,0.0,0.000,0.7700,0.0011,0.1734,771.72,17.6555,10.3323,53.17,0.0000,0.00,0,0,0,771.64,0,0.000,0.0000
2026-08-24T00:20:25.435647,1041.08,DONE,7.0622,23.4667,105.75,0.0000,0.0000,20.6660,0,0.0,0.0,0.0,0.0,0.000,0.7700,0.0011,0.1734,772.72,17.6555,10.3323,53.17,0.0000,0.00,0,0,0,772.64,0,0.000,0.0000
2026-08-24T00:20:26.435665,1042.08,DONE,7.0622,23.4667,105.75,0.0000,0.0000,20.6660,0,0.0,0.0,0.0,0.0,0.000,0.7700,0.0011,0.1734,773.72,17.6555,10.3323,53.17,0.0000,0.00,0,0,0,773.64,0,0.000,0.0000
2026-08-24T00:20:27.435669,1043.08,DONE,7.0622,23.4667,105.75,0.0000,0.0000,20.6660,0,0.0,0.0,0.0,0.0,0.000,0.7700,0.0011,0.1734,774.72,17.6555,10.3323,53.17,0.0000,0.00,0,0,0,774.64,0,0.000,0.0000
2026-08-24T00:20:28.435791,1044.08,DONE,7.0622,23.4667,105.75,0.0000,0.0000,20.6660,0,0.0,0.0,0.0,0.0,0.000,0.7700,0.0011,0.1734,775.72,17.6555,10.3323,53.17,0.0000,0.00,0,0,0,775.64,0,0.000,0.0000
2026-08-24T00:20:29.435624,1045.08,DONE,7.0622,23.4667,105.75,0.0000,0.0000,20.6660,0,0.0,0.0,0.0,0.0,0.000,0.7700,0.0011,0.1734,776.72,17.6555,10.3323,53.17,0.0000,0.00,0,0,0,776.64,0,0.000,0.0000
2026-08-24T00:20:30.435767,1046.08,DONE,7.0622,23.4667,105.75,0.0000,0.0000,20.6660,0,0.0,0.0,0.0,0.0,0.000,0.7700,0.0011,0.1734,777.72,17.6555,10.3323,53.17,0.0000,0.00,0,0,0,777.64,0,0.000,0.0000
2026-08-24T00:20:31.435572,1047.08,DONE,7.0622,23.4667,105.75,0.0000,0.0000,20.6660,0,0.0,0.0,0.0,0.0,0.000,0.7700,0.0011,0.1734,778.72,17.6555,10.3323,53.17,0.0000,0.00,0,0,0,778.64,0,0.000,0.0000
2026-08-24T00:20:32.435594,1048.08,DONE,7.0622,23.4667,105.75,0.0000,0.0000,20.6660,0,0.0,0.0,0.0,0.0,0.000,0.7700,0.0011,0.1734,779.72,17.6555,10.3323,53.17,0.0000,0.00,0,0,0,779.64,0,0.000,0.0000
2026-08-24T00:20:33.435632,1049.08,DONE,7.0622,23.4667,105.75,0.0000,0.0000,20.6660,0,0.0,0.0,0.0,0.0,0.000,0.7700,0.0011,0.1734,780.72,17.6555,10.3323,53.17,0.0000,0.00,0,0,0,780.64,0,0.000,0.0000
2026-08-24T00:20:34.435735,1050.08,DONE,7.0622,23.4667,105.75,0.0000,0.0000,20.6660,0,0.0,0.0,0.0,0.0,0.000,0.7700,0.0011,0.1734,781.72,17.6555,10.3323,53.17,0.0000,0.00,0,0,0,781.64,0,0.000,0.0000
2026-08-24T00:20:35.435683,1051.08,DONE,7.0622,23.4667,105.75,0.0000,0.0000,20.6660,0,0.0,0.0,0.0,0.0,0.000,0.7700,0.0011,0.1734,782.72,17.6555,10.3323,53.17,0.0000,0.00,0,0,0,782.64,0,0.000,0.0000
2026-08-24T00:20:36.435650,1052.08,DONE,7.0622,23.4667,105.75,0.0000,0.0000,20.6660,0,0.0,0.0,0.0,0.0,0.000,0.7700,0.0011,0.1734,783.72,17.6555,10.3323,53.17,0.0000,0.00,0,0,0,783.64,0,0.000,0.0000
2026-08-24T00:20:37.435618,1053.08,DONE,7.0622,23.4667,105.75,0.0000,0.0000,20.6660,0,0.0,0.0,0.0,0.0,0.000,0.7700,0.0011,0.1734,784.72,17.6555,10.3323,53.17,0.0000,0.00,0,0,0,784.64,0,0.000,0.0000
2026-08-24T00:20:38.435662,1054.08,DONE,7.0622,23.4667,105.75,0.0000,0.0000,20.6660,0,0.0,0.0,0.0,0.0,0.000,0.7700,0.0011,0.1734,785.72,17.6555,10.3323,53.17,0.0000,0.00,0,0,0,785.64,0,0.000,0.0000
2026-08-24T00:20:39.435599,1055.08,DONE,7.0622,23.4667,105.75,0.0000,0.0000,20.6660,0,0.0,0.0,0.0,0.0,0.000,0.7700,0.0011,0.1734,786.72,17.6555,10.3323,53.17,0.0000,0.00,0,0,0,786.64,0,0.000,0.0000
2026-08-24T00:20:40.435705,1056.08,DONE,7.0622,23.4667,105.75,0.0000,0.0000,20.6660,0,0.0,0.0,0.0,0.0,0.000,0.7700,0.0011,0.1734,787.72,17.6555,10.3323,53.17,0.0000,0.00,0,0,0,787.64,0,0.000,0.0000
2026-08-24T00:20:41.435677,1057.08,DONE,7.0622,23.4667,105.75,0.0000,0.0000,20.6660,0,0.0,0.0,0.0,0.0,0.000,0.7700,0.0011,0.1734,788.72,17.6555,10.3323,53.17,0.0000,0.00,0,0,0,788.64,0,0.000,0.0000
2026-08-24T00:20:42.435655,1058.08,DONE,7.0622,23.4667,105.75,0.0000,0.0000,20.6660,0,0.0,0.0,0.0,0.0,0.000,0.7700,0.0011,0.1734,789.72,17.6555,10.3323,53.17,0.0000,0.00,0,0,0,789.64,0,0.000,0.0000
2026-08-24T00:20:43.435547,1059.08,DONE,7.0622,23.4667,105.75,0.0000,0.0000,20.6660,0,0.0,0.0,0.0,0.0,0.000,0.7700,0.0011,0.1734,790.72,17.6555,10.3323,53.17,0.0000,0.00,0,0,0,790.64,0,0.000,0.0000
2026-08-24T00:20:44.435766,1060.08,DONE,7.0622,23.4667,105.75,0.0000,0.0000,20.6660,0,0.0,0.0,0.0,0.0,0.000,0.7700,0.0011,0.1734,791.72,17.6555,10.3323,53.17,0.0000,0.00,0,0,0,791.64,0,0.000,0.0000
2026-08-24T00:20:45.437407,1061.08,DONE,7.0622,23.4667,105.75,0.0000,0.0000,20.6660,0,0.0,0.0,0.0,0.0,0.000,0.7700,0.0011,0.1734,792.72,17.6555,10.3323,53.17,0.0000,0.00,0,0,0,792.64,0,0.000,0.0000
2026-08-24T00:20:46.435629,1062.08,DONE,7.0622,23.4667,105.75,0.0000,0.0000,20.6660,0,0.0,0.0,0.0,0.0,0.000,0.7700,0.0011,0.1734,793.72,17.6555,10.3323,53.17,0.0000,0.00,0,0,0,793.64,0,0.000,0.0000
2026-08-24T00:20:47.435875,1063.08,DONE,7.0622,23.4667,105.75,0.0000,0.0000,20.6660,0,0.0,0.0,0.0,0.0,0.000,0.7700,0.0011,0.1734,794.72,17.6555,10.3323,53.17,0.0000,0.00,0,0,0,794.64,0,0.000,0.0000
2026-08-24T00:20:48.435831,1064.08,DONE,7.0622,23.4667,105.75,0.0000,0.0000,20.6660,0,0.0,0.0,0.0,0.0,0.000,0.7700,0.0011,0.1734,795.72,17.6555,10.3323,53.17,0.0000,0.00,0,0,0,795.64,0,0.000,0.0000
2026-08-24T00:20:49.435620,1065.08,DONE,7.0622,23.4667,105.75,0.0000,0.0000,20.6660,0,0.0,0.0,0.0,0.0,0.000,0.7700,0.0011,0.1734,796.72,17.6555,10.3323,53.17,0.0000,0.00,0,0,0,796.64,0,0.000,0.0000
2026-08-24T00:20:50.435683,1066.08,DONE,7.0622,23.4667,105.75,0.0000,0.0000,20.6660,0,0.0,0.0,0.0,0.0,0.000,0.7700,0.0011,0.1734,797.72,17.6555,10.3323,53.17,0.0000,0.00,0,0,0,797.64,0,0.000,0.0000
2026-08-24T00:20:51.435563,1067.08,DONE,7.0622,23.4667,105.75,0.0000,0.0000,20.6660,0,0.0,0.0,0.0,0.0,0.000,0.7700,0.0011,0.1734,798.72,17.6555,10.3323,53.17,0.0000,0.00,0,0,0,798.64,0,0.000,0.0000
2026-08-24T00:20:52.435991,1068.08,DONE,7.0622,23.4667,105.75,0.0000,0.0000,20.6660,0,0.0,0.0,0.0,0.0,0.000,0.7700,0.0011,0.1734,799.72,17.6555,10.3323,53.17,0.0000,0.00,0,0,0,799.64,0,0.000,0.0000
2026-08-24T00:20:53.435657,1069.08,DONE,7.0622,23.4667,105.75,0.0000,0.0000,20.6660,0,0.0,0.0,0.0,0.0,0.000,0.7700,0.0011,0.1734,800.72,17.6555,10.3323,53.17,0.0000,0.00,0,0,0,800.64,0,0.000,0.0000
2026-08-24T00:20:54.435622,1070.08,DONE,7.0622,23.4667,105.75,0.0000,0.0000,20.6660,0,0.0,0.0,0.0,0.0,0.000,0.7700,0.0011,0.1734,801.72,17.6555,10.3323,53.17,0.0000,0.00,0,0,0,801.64,0,0.000,0.0000
2026-08-24T00:20:55.435744,1071.08,DONE,7.0622,23.4667,105.75,0.0000,0.0000,20.6660,0,0.0,0.0,0.0,0.0,0.000,0.7700,0.0011,0.1734,802.72,17.6555,10.3323,53.17,0.0000,0.00,0,0,0,802.64,0,0.000,0.0000
2026-08-24T00:20:56.435546,1072.08,DONE,7.0622,23.4667,105.75,0.0000,0.0000,20.6660,0,0.0,0.0,0.0,0.0,0.000,0.7700,0.0011,0.1734,803.72,17.6555,10.3323,53.17,0.0000,0.00,0,0,0,803.64,0,0.000,0.0000
2026-08-24T00:20:57.435616,1073.08,DONE,7.0622,23.4667,105.75,0.0000,0.0000,20.6660,0,0.0,0.0,0.0,0.0,0.000,0.7700,0.0011,0.1734,804.72,17.6555,10.3323,53.17,0.0000,0.00,0,0,0,804.64,0,0.000,0.0000
2026-08-24T00:20:58.435639,1074.08,DONE,7.0622,23.4667,105.75,0.0000,0.0000,20.6660,0,0.0,0.0,0.0,0.0,0.000,0.7700,0.0011,0.1734,805.72,17.6555,10.3323,53.17,0.0000,0.00,0,0,0,805.64,0,0.000,0.0000
2026-08-24T00:20:59.435581,1075.08,DONE,7.0622,23.4667,105.75,0.0000,0.0000,20.6660,0,0.0,0.0,0.0,0.0,0.000,0.7700,0.0011,0.1734,806.72,17.6555,10.3323,53.17,0.0000,0.00,0,0,0,806.64,0,0.000,0.0000
2026-08-24T00:21:00.435690,1076.08,DONE,7.0622,23.4667,105.75,0.0000,0.0000,20.6660,0,0.0,0.0,0.0,0.0,0.000,0.7700,0.0011,0.1734,807.72,17.6555,10.3323,53.17,0.0000,0.00,0,0,0,807.64,0,0.000,0.0000
2026-08-24T00:21:01.435726,1077.08,DONE,7.0622,23.4667,105.75,0.0000,0.0000,20.6660,0,0.0,0.0,0.0,0.0,0.000,0.7700,0.0011,0.1734,808.72,17.6555,10.3323,53.17,0.0000,0.00,0,0,0,808.64,0,0.000,0.0000
2026-08-24T00:21:02.435772,1078.08,DONE,7.0622,23.4667,105.75,0.0000,0.0000,20.6660,0,0.0,0.0,0.0,0.0,0.000,0.7700,0.0011,0.1734,809.72,17.6555,10.3323,53.17,0.0000,0.00,0,0,0,809.64,0,0.000,0.0000
2026-08-24T00:21:03.435590,1079.08,DONE,7.0622,23.4667,105.75,0.0000,0.0000,20.6660,0,0.0,0.0,0.0,0.0,0.000,0.7700,0.0011,0.1734,810.72,17.6555,10.3323,53.17,0.0000,0.00,0,0,0,810.64,0,0.000,0.0000
2026-08-24T00:21:04.435614,1080.08,DONE,7.0622,23.4667,105.75,0.0000,0.0000,20.6660,0,0.0,0.0,0.0,0.0,0.000,0.7700,0.0011,0.1734,811.72,17.6555,10.3323,53.17,0.0000,0.00,0,0,0,811.64,0,0.000,0.0000
2026-08-24T00:21:05.435612,1081.08,DONE,7.0622,23.4667,105.75,0.0000,0.0000,20.6660,0,0.0,0.0,0.0,0.0,0.000,0.7700,0.0011,0.1734,812.72,17.6555,10.3323,53.17,0.0000,0.00,0,0,0,812.64,0,0.000,0.0000
2026-08-24T00:21:06.435682,1082.08,DONE,7.0622,23.4667,105.75,0.0000,0.0000,20.6660,0,0.0,0.0,0.0,0.0,0.000,0.7700,0.0011,0.1734,813.72,17.6555,10.3323,53.17,0.0000,0.00,0,0,0,813.64,0,0.000,0.0000
2026-08-24T00:21:07.435635,1083.08,DONE,7.0622,23.4667,105.75,0.0000,0.0000,20.6660,0,0.0,0.0,0.0,0.0,0.000,0.7700,0.0011,0.1734,814.72,17.6555,10.3323,53.17,0.0000,0.00,0,0,0,814.64,0,0.000,0.0000
2026-08-24T00:21:08.435637,1084.08,DONE,7.0622,23.4667,105.75,0.0000,0.0000,20.6660,0,0.0,0.0,0.0,0.0,0.000,0.7700,0.0011,0.1734,815.72,17.6555,10.3323,53.17,0.0000,0.00,0,0,0,815.64,0,0.000,0.0000
2026-08-24T00:21:09.435643,1085.08,DONE,7.0622,23.4667,105.75,0.0000,0.0000,20.6660,0,0.0,0.0,0.0,0.0,0.000,0.7700,0.0011,0.1734,816.72,17.6555,10.3323,53.17,0.0000,0.00,0,0,0,816.64,0,0.000,0.0000
2026-08-24T00:21:10.435683,1086.08,DONE,7.0622,23.4667,105.75,0.0000,0.0000,20.6660,0,0.0,0.0,0.0,0.0,0.000,0.7700,0.0011,0.1734,817.72,17.6555,10.3323,53.17,0.0000,0.00,0,0,0,817.64,0,0.000,0.0000
2026-08-24T00:21:11.435611,1087.08,DONE,7.0622,23.4667,105.75,0.0000,0.0000,20.6660,0,0.0,0.0,0.0,0.0,0.000,0.7700,0.0011,0.1734,818.72,17.6555,10.3323,53.17,0.0000,0.00,0,0,0,818.64,0,0.000,0.0000
2026-08-24T00:21:12.435561,1088.08,DONE,7.0622,23.4667,105.75,0.0000,0.0000,20.6660,0,0.0,0.0,0.0,0.0,0.000,0.7700,0.0011,0.1734,819.72,17.6555,10.3323,53.17,0.0000,0.00,0,0,0,819.64,0,0.000,0.0000
2026-08-24T00:21:13.436757,1089.08,DONE,7.0622,23.4667,105.75,0.0000,0.0000,20.6660,0,0.0,0.0,0.0,0.0,0.000,0.7700,0.0011,0.1734,820.72,17.6555,10.3323,53.17,0.0000,0.00,0,0,0,820.64,0,0.000,0.0000
2026-08-24T00:21:14.435721,1090.08,DONE,7.0622,23.4667,105.75,0.0000,0.0000,20.6660,0,0.0,0.0,0.0,0.0,0.000,0.7700,0.0011,0.1734,821.72,17.6555,10.3323,53.17,0.0000,0.00,0,0,0,821.64,0,0.000,0.0000
2026-08-24T00:21:15.435582,1091.08,DONE,7.0622,23.4667,105.75,0.0000,0.0000,20.6660,0,0.0,0.0,0.0,0.0,0.000,0.7700,0.0011,0.1734,822.72,17.6555,10.3323,53.17,0.0000,0.00,0,0,0,822.64,0,0.000,0.0000
2026-08-24T00:21:16.435581,1092.08,DONE,7.0622,23.4667,105.75,0.0000,0.0000,20.6660,0,0.0,0.0,0.0,0.0,0.000,0.7700,0.0011,0.1734,823.72,17.6555,10.3323,53.17,0.0000,0.00,0,0,0,823.64,0,0.000,0.0000
2026-08-24T00:21:17.435652,1093.08,DONE,7.0622,23.4667,105.75,0.0000,0.0000,20.6660,0,0.0,0.0,0.0,0.0,0.000,0.7700,0.0011,0.1734,824.72,17.6555,10.3323,53.17,0.0000,0.00,0,0,0,824.64,0,0.000,0.0000
2026-08-24T00:21:18.435910,1094.08,DONE,7.0622,23.4667,105.75,0.0000,0.0000,20.6660,0,0.0,0.0,0.0,0.0,0.000,0.7700,0.0011,0.1734,825.72,17.6555,10.3323,53.17,0.0000,0.00,0,0,0,825.64,0,0.000,0.0000
2026-08-24T00:21:19.435595,1095.08,DONE,7.0622,23.4667,105.75,0.0000,0.0000,20.6660,0,0.0,0.0,0.0,0.0,0.000,0.7700,0.0011,0.1734,826.72,17.6555,10.3323,53.17,0.0000,0.00,0,0,0,826.64,0,0.000,0.0000
2026-08-24T00:21:20.435671,1096.08,DONE,7.0622,23.4667,105.75,0.0000,0.0000,20.6660,0,0.0,0.0,0.0,0.0,0.000,0.7700,0.0011,0.1734,827.72,17.6555,10.3323,53.17,0.0000,0.00,0,0,0,827.64,0,0.000,0.0000
2026-08-24T00:21:21.435622,1097.08,DONE,7.0622,23.4667,105.75,0.0000,0.0000,20.6660,0,0.0,0.0,0.0,0.0,0.000,0.7700,0.0011,0.1734,828.72,17.6555,10.3323,53.17,0.0000,0.00,0,0,0,828.64,0,0.000,0.0000
2026-08-24T00:21:22.435662,1098.08,DONE,7.0622,23.4667,105.75,0.0000,0.0000,20.6660,0,0.0,0.0,0.0,0.0,0.000,0.7700,0.0011,0.1734,829.72,17.6555,10.3323,53.17,0.0000,0.00,0,0,0,829.64,0,0.000,0.0000
2026-08-24T00:21:23.435608,1099.08,DONE,7.0622,23.4667,105.75,0.0000,0.0000,20.6660,0,0.0,0.0,0.0,0.0,0.000,0.7700,0.0011,0.1734,830.72,17.6555,10.3323,53.17,0.0000,0.00,0,0,0,830.64,0,0.000,0.0000
2026-08-24T00:21:24.435720,1100.08,DONE,7.0622,23.4667,105.75,0.0000,0.0000,20.6660,0,0.0,0.0,0.0,0.0,0.000,0.7700,0.0011,0.1734,831.72,17.6555,10.3323,53.17,0.0000,0.00,0,0,0,831.64,0,0.000,0.0000
2026-08-24T00:21:25.435687,1101.08,DONE,7.0622,23.4667,105.75,0.0000,0.0000,20.6660,0,0.0,0.0,0.0,0.0,0.000,0.7700,0.0011,0.1734,832.72,17.6555,10.3323,53.17,0.0000,0.00,0,0,0,832.64,0,0.000,0.0000
2026-08-24T00:21:26.435677,1102.08,DONE,7.0622,23.4667,105.75,0.0000,0.0000,20.6660,0,0.0,0.0,0.0,0.0,0.000,0.7700,0.0011,0.1734,833.72,17.6555,10.3323,53.17,0.0000,0.00,0,0,0,833.64,0,0.000,0.0000
2026-08-24T00:21:27.435578,1103.08,DONE,7.0622,23.4667,105.75,0.0000,0.0000,20.6660,0,0.0,0.0,0.0,0.0,0.000,0.7700,0.0011,0.1734,834.72,17.6555,10.3323,53.17,0.0000,0.00,0,0,0,834.64,0,0.000,0.0000
2026-08-24T00:21:28.435630,1104.08,DONE,7.0622,23.4667,105.75,0.0000,0.0000,20.6660,0,0.0,0.0,0.0,0.0,0.000,0.7700,0.0011,0.1734,835.72,17.6555,10.3323,53.17,0.0000,0.00,0,0,0,835.64,0,0.000,0.0000
2026-08-24T00:21:29.435680,1105.08,DONE,7.0622,23.4667,105.75,0.0000,0.0000,20.6660,0,0.0,0.0,0.0,0.0,0.000,0.7700,0.0011,0.1734,836.72,17.6555,10.3323,53.17,0.0000,0.00,0,0,0,836.64,0,0.000,0.0000
2026-08-24T00:21:30.435709,1106.08,DONE,7.0622,23.4667,105.75,0.0000,0.0000,20.6660,0,0.0,0.0,0.0,0.0,0.000,0.7700,0.0011,0.1734,837.72,17.6555,10.3323,53.17,0.0000,0.00,0,0,0,837.64,0,0.000,0.0000
2026-08-24T00:21:31.435487,1107.08,DONE,7.0622,23.4667,105.75,0.0000,0.0000,20.6660,0,0.0,0.0,0.0,0.0,0.000,0.7700,0.0011,0.1734,838.72,17.6555,10.3323,53.17,0.0000,0.00,0,0,0,838.64,0,0.000,0.0000
2026-08-24T00:21:32.435977,1108.08,DONE,7.0622,23.4667,105.75,0.0000,0.0000,20.6660,0,0.0,0.0,0.0,0.0,0.000,0.7700,0.0011,0.1734,839.72,17.6555,10.3323,53.17,0.0000,0.00,0,0,0,839.64,0,0.000,0.0000
2026-08-24T00:21:33.436024,1109.08,DONE,7.0622,23.4667,105.75,0.0000,0.0000,20.6660,0,0.0,0.0,0.0,0.0,0.000,0.7700,0.0011,0.1734,840.72,17.6555,10.3323,53.17,0.0000,0.00,0,0,0,840.64,0,0.000,0.0000
2026-08-24T00:21:34.435637,1110.08,DONE,7.0622,23.4667,105.75,0.0000,0.0000,20.6660,0,0.0,0.0,0.0,0.0,0.000,0.7700,0.0011,0.1734,841.72,17.6555,10.3323,53.17,0.0000,0.00,0,0,0,841.64,0,0.000,0.0000
2026-08-24T00:21:35.435623,1111.08,DONE,7.0622,23.4667,105.75,0.0000,0.0000,20.6660,0,0.0,0.0,0.0,0.0,0.000,0.7700,0.0011,0.1734,842.72,17.6555,10.3323,53.17,0.0000,0.00,0,0,0,842.64,0,0.000,0.0000
2026-08-24T00:21:36.435634,1112.08,DONE,7.0622,23.4667,105.75,0.0000,0.0000,20.6660,0,0.0,0.0,0.0,0.0,0.000,0.7700,0.0011,0.1734,843.72,17.6555,10.3323,53.17,0.0000,0.00,0,0,0,843.64,0,0.000,0.0000
2026-08-24T00:21:37.436023,1113.08,DONE,7.0622,23.4667,105.75,0.0000,0.0000,20.6660,0,0.0,0.0,0.0,0.0,0.000,0.7700,0.0011,0.1734,844.72,17.6555,10.3323,53.17,0.0000,0.00,0,0,0,844.64,0,0.000,0.0000
2026-08-24T00:21:38.435554,1114.08,DONE,7.0622,23.4667,105.75,0.0000,0.0000,20.6660,0,0.0,0.0,0.0,0.0,0.000,0.7700,0.0011,0.1734,845.72,17.6555,10.3323,53.17,0.0000,0.00,0,0,0,845.64,0,0.000,0.0000
2026-08-24T00:21:39.435690,1115.08,DONE,7.0622,23.4667,105.75,0.0000,0.0000,20.6660,0,0.0,0.0,0.0,0.0,0.000,0.7700,0.0011,0.1734,846.72,17.6555,10.3323,53.17,0.0000,0.00,0,0,0,846.64,0,0.000,0.0000
2026-08-24T00:21:40.435630,1116.08,DONE,7.0622,23.4667,105.75,0.0000,0.0000,20.6660,0,0.0,0.0,0.0,0.0,0.000,0.7700,0.0011,0.1734,847.72,17.6555,10.3323,53.17,0.0000,0.00,0,0,0,847.64,0,0.000,0.0000
2026-08-24T00:21:41.435654,1117.08,DONE,7.0622,23.4667,105.75,0.0000,0.0000,20.6660,0,0.0,0.0,0.0,0.0,0.000,0.7700,0.0011,0.1734,848.72,17.6555,10.3323,53.17,0.0000,0.00,0,0,0,848.64,0,0.000,0.0000
2026-08-24T00:21:42.435599,1118.08,DONE,7.0622,23.4667,105.75,0.0000,0.0000,20.6660,0,0.0,0.0,0.0,0.0,0.000,0.7700,0.0011,0.1734,849.72,17.6555,10.3323,53.17,0.0000,0.00,0,0,0,849.64,0,0.000,0.0000
2026-08-24T00:21:43.435708,1119.08,DONE,7.0622,23.4667,105.75,0.0000,0.0000,20.6660,0,0.0,0.0,0.0,0.0,0.000,0.7700,0.0011,0.1734,850.72,17.6555,10.3323,53.17,0.0000,0.00,0,0,0,850.64,0,0.000,0.0000
2026-08-24T00:21:44.435519,1120.08,DONE,7.0622,23.4667,105.75,0.0000,0.0000,20.6660,0,0.0,0.0,0.0,0.0,0.000,0.7700,0.0011,0.1734,851.72,17.6555,10.3323,53.17,0.0000,0.00,0,0,0,851.64,0,0.000,0.0000
2026-08-24T00:21:45.435766,1121.08,DONE,7.0622,23.4667,105.75,0.0000,0.0000,20.6660,0,0.0,0.0,0.0,0.0,0.000,0.7700,0.0011,0.1734,852.72,17.6555,10.3323,53.17,0.0000,0.00,0,0,0,852.64,0,0.000,0.0000
2026-08-24T00:21:46.435649,1122.08,DONE,7.0622,23.4667,105.75,0.0000,0.0000,20.6660,0,0.0,0.0,0.0,0.0,0.000,0.7700,0.0011,0.1734,853.72,17.6555,10.3323,53.17,0.0000,0.00,0,0,0,853.64,0,0.000,0.0000
2026-08-24T00:21:47.435667,1123.08,DONE,7.0622,23.4667,105.75,0.0000,0.0000,20.6660,0,0.0,0.0,0.0,0.0,0.000,0.7700,0.0011,0.1734,854.72,17.6555,10.3323,53.17,0.0000,0.00,0,0,0,854.64,0,0.000,0.0000
2026-08-24T00:21:48.435734,1124.08,DONE,7.0622,23.4667,105.75,0.0000,0.0000,20.6660,0,0.0,0.0,0.0,0.0,0.000,0.7700,0.0011,0.1734,855.72,17.6555,10.3323,53.17,0.0000,0.00,0,0,0,855.64,0,0.000,0.0000
2026-08-24T00:21:49.436160,1125.08,DONE,7.0622,23.4667,105.75,0.0000,0.0000,20.6660,0,0.0,0.0,0.0,0.0,0.000,0.7700,0.0011,0.1734,856.72,17.6555,10.3323,53.17,0.0000,0.00,0,0,0,856.64,0,0.000,0.0000
2026-08-24T00:21:50.435522,1126.08,DONE,7.0622,23.4667,105.75,0.0000,0.0000,20.6660,0,0.0,0.0,0.0,0.0,0.000,0.7700,0.0011,0.1734,857.72,17.6555,10.3323,53.17,0.0000,0.00,0,0,0,857.64,0,0.000,0.0000
2026-08-24T00:21:51.435656,1127.08,DONE,7.0622,23.4667,105.75,0.0000,0.0000,20.6660,0,0.0,0.0,0.0,0.0,0.000,0.7700,0.0011,0.1734,858.72,17.6555,10.3323,53.17,0.0000,0.00,0,0,0,858.64,0,0.000,0.0000
2026-08-24T00:21:52.435616,1128.08,DONE,7.0622,23.4667,105.75,0.0000,0.0000,20.6660,0,0.0,0.0,0.0,0.0,0.000,0.7700,0.0011,0.1734,859.72,17.6555,10.3323,53.17,0.0000,0.00,0,0,0,859.64,0,0.000,0.0000
2026-08-24T00:21:53.435720,1129.08,DONE,7.0622,23.4667,105.75,0.0000,0.0000,20.6660,0,0.0,0.0,0.0,0.0,0.000,0.7700,0.0011,0.1734,860.72,17.6555,10.3323,53.17,0.0000,0.00,0,0,0,860.64,0,0.000,0.0000
2026-08-24T00:21:54.435656,1130.08,DONE,7.0622,23.4667,105.75,0.0000,0.0000,20.6660,0,0.0,0.0,0.0,0.0,0.000,0.7700,0.0011,0.1734,861.72,17.6555,10.3323,53.17,0.0000,0.00,0,0,0,861.64,0,0.000,0.0000
2026-08-24T00:21:55.435674,1131.08,DONE,7.0622,23.4667,105.75,0.0000,0.0000,20.6660,0,0.0,0.0,0.0,0.0,0.000,0.7700,0.0011,0.1734,862.72,17.6555,10.3323,53.17,0.0000,0.00,0,0,0,862.64,0,0.000,0.0000
2026-08-24T00:21:56.435803,1132.08,DONE,7.0622,23.4667,105.75,0.0000,0.0000,20.6660,0,0.0,0.0,0.0,0.0,0.000,0.7700,0.0011,0.1734,863.72,17.6555,10.3323,53.17,0.0000,0.00,0,0,0,863.64,0,0.000,0.0000
2026-08-24T00:21:57.435629,1133.08,DONE,7.0622,23.4667,105.75,0.0000,0.0000,20.6660,0,0.0,0.0,0.0,0.0,0.000,0.7700,0.0011,0.1734,864.72,17.6555,10.3323,53.17,0.0000,0.00,0,0,0,864.64,0,0.000,0.0000
2026-08-24T00:21:58.435662,1134.08,DONE,7.0622,23.4667,105.75,0.0000,0.0000,20.6660,0,0.0,0.0,0.0,0.0,0.000,0.7700,0.0011,0.1734,865.72,17.6555,10.3323,53.17,0.0000,0.00,0,0,0,865.64,0,0.000,0.0000
2026-08-24T00:21:59.435841,1135.08,DONE,7.0622,23.4667,105.75,0.0000,0.0000,20.6660,0,0.0,0.0,0.0,0.0,0.000,0.7700,0.0011,0.1734,866.72,17.6555,10.3323,53.17,0.0000,0.00,0,0,0,866.64,0,0.000,0.0000
2026-08-24T00:22:00.435570,1136.08,DONE,7.0622,23.4667,105.75,0.0000,0.0000,20.6660,0,0.0,0.0,0.0,0.0,0.000,0.7700,0.0011,0.1734,867.72,17.6555,10.3323,53.17,0.0000,0.00,0,0,0,867.64,0,0.000,0.0000
2026-08-24T00:22:01.435562,1137.08,DONE,7.0622,23.4667,105.75,0.0000,0.0000,20.6660,0,0.0,0.0,0.0,0.0,0.000,0.7700,0.0011,0.1734,868.72,17.6555,10.3323,53.17,0.0000,0.00,0,0,0,868.64,0,0.000,0.0000
2026-08-24T00:22:02.435567,1138.08,DONE,7.0622,23.4667,105.75,0.0000,0.0000,20.6660,0,0.0,0.0,0.0,0.0,0.000,0.7700,0.0011,0.1734,869.72,17.6555,10.3323,53.17,0.0000,0.00,0,0,0,869.64,0,0.000,0.0000
2026-08-24T00:22:03.435764,1139.08,DONE,7.0622,23.4667,105.75,0.0000,0.0000,20.6660,0,0.0,0.0,0.0,0.0,0.000,0.7700,0.0011,0.1734,870.72,17.6555,10.3323,53.17,0.0000,0.00,0,0,0,870.64,0,0.000,0.0000
2026-08-24T00:22:04.435576,1140.08,DONE,7.0622,23.4667,105.75,0.0000,0.0000,20.6660,0,0.0,0.0,0.0,0.0,0.000,0.7700,0.0011,0.1734,871.72,17.6555,10.3323,53.17,0.0000,0.00,0,0,0,871.64,0,0.000,0.0000
2026-08-24T00:22:05.435692,1141.08,DONE,7.0622,23.4667,105.75,0.0000,0.0000,20.6660,0,0.0,0.0,0.0,0.0,0.000,0.7700,0.0011,0.1734,872.72,17.6555,10.3323,53.17,0.0000,0.00,0,0,0,872.64,0,0.000,0.0000
2026-08-24T00:22:06.435712,1142.08,DONE,7.0622,23.4667,105.75,0.0000,0.0000,20.6660,0,0.0,0.0,0.0,0.0,0.000,0.7700,0.0011,0.1734,873.72,17.6555,10.3323,53.17,0.0000,0.00,0,0,0,873.64,0,0.000,0.0000
2026-08-24T00:22:07.435691,1143.08,DONE,7.0622,23.4667,105.75,0.0000,0.0000,20.6660,0,0.0,0.0,0.0,0.0,0.000,0.7700,0.0011,0.1734,874.72,17.6555,10.3323,53.17,0.0000,0.00,0,0,0,874.64,0,0.000,0.0000
2026-08-24T00:22:08.435600,1144.08,DONE,7.0622,23.4667,105.75,0.0000,0.0000,20.6660,0,0.0,0.0,0.0,0.0,0.000,0.7700,0.0011,0.1734,875.72,17.6555,10.3323,53.17,0.0000,0.00,0,0,0,875.64,0,0.000,0.0000
2026-08-24T00:22:09.435646,1145.08,DONE,7.0622,23.4667,105.75,0.0000,0.0000,20.6660,0,0.0,0.0,0.0,0.0,0.000,0.7700,0.0011,0.1734,876.72,17.6555,10.3323,53.17,0.0000,0.00,0,0,0,876.64,0,0.000,0.0000
2026-08-24T00:22:10.435648,1146.08,DONE,7.0622,23.4667,105.75,0.0000,0.0000,20.6660,0,0.0,0.0,0.0,0.0,0.000,0.7700,0.0011,0.1734,877.72,17.6555,10.3323,53.17,0.0000,0.00,0,0,0,877.64,0,0.000,0.0000
2026-08-24T00:22:11.435803,1147.08,DONE,7.0622,23.4667,105.75,0.0000,0.0000,20.6660,0,0.0,0.0,0.0,0.0,0.000,0.7700,0.0011,0.1734,878.72,17.6555,10.3323,53.17,0.0000,0.00,0,0,0,878.64,0,0.000,0.0000
2026-08-24T00:22:12.435814,1148.08,DONE,7.0622,23.4667,105.75,0.0000,0.0000,20.6660,0,0.0,0.0,0.0,0.0,0.000,0.7700,0.0011,0.1734,879.72,17.6555,10.3323,53.17,0.0000,0.00,0,0,0,879.64,0,0.000,0.0000
2026-08-24T00:22:13.435777,1149.08,DONE,7.0622,23.4667,105.75,0.0000,0.0000,20.6660,0,0.0,0.0,0.0,0.0,0.000,0.7700,0.0011,0.1734,880.72,17.6555,10.3323,53.17,0.0000,0.00,0,0,0,880.64,0,0.000,0.0000
2026-08-24T00:22:14.435682,1150.08,DONE,7.0622,23.4667,105.75,0.0000,0.0000,20.6660,0,0.0,0.0,0.0,0.0,0.000,0.7700,0.0011,0.1734,881.72,17.6555,10.3323,53.17,0.0000,0.00,0,0,0,881.64,0,0.000,0.0000
2026-08-24T00:22:15.435564,1151.08,DONE,7.0622,23.4667,105.75,0.0000,0.0000,20.6660,0,0.0,0.0,0.0,0.0,0.000,0.7700,0.0011,0.1734,882.72,17.6555,10.3323,53.17,0.0000,0.00,0,0,0,882.64,0,0.000,0.0000
2026-08-24T00:22:16.435776,1152.08,DONE,7.0622,23.4667,105.75,0.0000,0.0000,20.6660,0,0.0,0.0,0.0,0.0,0.000,0.7700,0.0011,0.1734,883.72,17.6555,10.3323,53.17,0.0000,0.00,0,0,0,883.64,0,0.000,0.0000
2026-08-24T00:22:17.435641,1153.08,DONE,7.0622,23.4667,105.75,0.0000,0.0000,20.6660,0,0.0,0.0,0.0,0.0,0.000,0.7700,0.0011,0.1734,884.72,17.6555,10.3323,53.17,0.0000,0.00,0,0,0,884.64,0,0.000,0.0000
2026-08-24T00:22:18.435863,1154.08,DONE,7.0622,23.4667,105.75,0.0000,0.0000,20.6660,0,0.0,0.0,0.0,0.0,0.000,0.7700,0.0011,0.1734,885.72,17.6555,10.3323,53.17,0.0000,0.00,0,0,0,885.64,0,0.000,0.0000
2026-08-24T00:22:19.435952,1155.08,DONE,7.0622,23.4667,105.75,0.0000,0.0000,20.6660,0,0.0,0.0,0.0,0.0,0.000,0.7700,0.0011,0.1734,886.72,17.6555,10.3323,53.17,0.0000,0.00,0,0,0,886.64,0,0.000,0.0000
2026-08-24T00:22:20.435715,1156.08,DONE,7.0622,23.4667,105.75,0.0000,0.0000,20.6660,0,0.0,0.0,0.0,0.0,0.000,0.7700,0.0011,0.1734,887.72,17.6555,10.3323,53.17,0.0000,0.00,0,0,0,887.64,0,0.000,0.0000
2026-08-24T00:22:21.435650,1157.08,DONE,7.0622,23.4667,105.75,0.0000,0.0000,20.6660,0,0.0,0.0,0.0,0.0,0.000,0.7700,0.0011,0.1734,888.72,17.6555,10.3323,53.17,0.0000,0.00,0,0,0,888.64,0,0.000,0.0000
2026-08-24T00:22:22.435552,1158.08,DONE,7.0622,23.4667,105.75,0.0000,0.0000,20.6660,0,0.0,0.0,0.0,0.0,0.000,0.7700,0.0011,0.1734,889.72,17.6555,10.3323,53.17,0.0000,0.00,0,0,0,889.64,0,0.000,0.0000
2026-08-24T00:22:23.435709,1159.08,DONE,7.0622,23.4667,105.75,0.0000,0.0000,20.6660,0,0.0,0.0,0.0,0.0,0.000,0.7700,0.0011,0.1734,890.72,17.6555,10.3323,53.17,0.0000,0.00,0,0,0,890.64,0,0.000,0.0000
2026-08-24T00:22:24.435819,1160.08,DONE,7.0622,23.4667,105.75,0.0000,0.0000,20.6660,0,0.0,0.0,0.0,0.0,0.000,0.7700,0.0011,0.1734,891.72,17.6555,10.3323,53.17,0.0000,0.00,0,0,0,891.64,0,0.000,0.0000
2026-08-24T00:22:25.435641,1161.08,DONE,7.0622,23.4667,105.75,0.0000,0.0000,20.6660,0,0.0,0.0,0.0,0.0,0.000,0.7700,0.0011,0.1734,892.72,17.6555,10.3323,53.17,0.0000,0.00,0,0,0,892.64,0,0.000,0.0000
2026-08-24T00:22:26.435632,1162.08,DONE,7.0622,23.4667,105.75,0.0000,0.0000,20.6660,0,0.0,0.0,0.0,0.0,0.000,0.7700,0.0011,0.1734,893.72,17.6555,10.3323,53.17,0.0000,0.00,0,0,0,893.64,0,0.000,0.0000
2026-08-24T00:22:27.435500,1163.08,DONE,7.0622,23.4667,105.75,0.0000,0.0000,20.6660,0,0.0,0.0,0.0,0.0,0.000,0.7700,0.0011,0.1734,894.72,17.6555,10.3323,53.17,0.0000,0.00,0,0,0,894.64,0,0.000,0.0000
2026-08-24T00:22:28.435631,1164.08,DONE,7.0622,23.4667,105.75,0.0000,0.0000,20.6660,0,0.0,0.0,0.0,0.0,0.000,0.7700,0.0011,0.1734,895.72,17.6555,10.3323,53.17,0.0000,0.00,0,0,0,895.64,0,0.000,0.0000
2026-08-24T00:22:29.435701,1165.08,DONE,7.0622,23.4667,105.75,0.0000,0.0000,20.6660,0,0.0,0.0,0.0,0.0,0.000,0.7700,0.0011,0.1734,896.72,17.6555,10.3323,53.17,0.0000,0.00,0,0,0,896.64,0,0.000,0.0000
2026-08-24T00:22:30.435589,1166.08,DONE,7.0622,23.4667,105.75,0.0000,0.0000,20.6660,0,0.0,0.0,0.0,0.0,0.000,0.7700,0.0011,0.1734,897.72,17.6555,10.3323,53.17,0.0000,0.00,0,0,0,897.64,0,0.000,0.0000
2026-08-24T00:22:31.435620,1167.08,DONE,7.0622,23.4667,105.75,0.0000,0.0000,20.6660,0,0.0,0.0,0.0,0.0,0.000,0.7700,0.0011,0.1734,898.72,17.6555,10.3323,53.17,0.0000,0.00,0,0,0,898.64,0,0.000,0.0000
2026-08-24T00:22:32.435657,1168.08,DONE,7.0622,23.4667,105.75,0.0000,0.0000,20.6660,0,0.0,0.0,0.0,0.0,0.000,0.7700,0.0011,0.1734,899.72,17.6555,10.3323,53.17,0.0000,0.00,0,0,0,899.64,0,0.000,0.0000
2026-08-24T00:22:33.435613,1169.08,DONE,7.0622,23.4667,105.75,0.0000,0.0000,20.6660,0,0.0,0.0,0.0,0.0,0.000,0.7700,0.0011,0.1734,900.72,17.6555,10.3323,53.17,0.0000,0.00,0,0,0,900.64,0,0.000,0.0000
2026-08-24T00:22:34.435836,1170.08,DONE,7.0622,23.4667,105.75,0.0000,0.0000,20.6660,0,0.0,0.0,0.0,0.0,0.000,0.7700,0.0011,0.1734,901.72,17.6555,10.3323,53.17,0.0000,0.00,0,0,0,901.64,0,0.000,0.0000
2026-08-24T00:22:35.436116,1171.08,DONE,7.0622,23.4667,105.75,0.0000,0.0000,20.6660,0,0.0,0.0,0.0,0.0,0.000,0.7700,0.0011,0.1734,902.72,17.6555,10.3323,53.17,0.0000,0.00,0,0,0,902.64,0,0.000,0.0000
2026-08-24T00:22:36.435655,1172.08,DONE,7.0622,23.4667,105.75,0.0000,0.0000,20.6660,0,0.0,0.0,0.0,0.0,0.000,0.7700,0.0011,0.1734,903.72,17.6555,10.3323,53.17,0.0000,0.00,0,0,0,903.64,0,0.000,0.0000
2026-08-24T00:22:37.435625,1173.08,DONE,7.0622,23.4667,105.75,0.0000,0.0000,20.6660,0,0.0,0.0,0.0,0.0,0.000,0.7700,0.0011,0.1734,904.72,17.6555,10.3323,53.17,0.0000,0.00,0,0,0,904.64,0,0.000,0.0000
2026-08-24T00:22:38.435458,1174.08,DONE,7.0622,23.4667,105.75,0.0000,0.0000,20.6660,0,0.0,0.0,0.0,0.0,0.000,0.7700,0.0011,0.1734,905.72,17.6555,10.3323,53.17,0.0000,0.00,0,0,0,905.64,0,0.000,0.0000
2026-08-24T00:22:39.435616,1175.08,DONE,7.0622,23.4667,105.75,0.0000,0.0000,20.6660,0,0.0,0.0,0.0,0.0,0.000,0.7700,0.0011,0.1734,906.72,17.6555,10.3323,53.17,0.0000,0.00,0,0,0,906.64,0,0.000,0.0000
2026-08-24T00:22:40.436005,1176.08,DONE,7.0622,23.4667,105.75,0.0000,0.0000,20.6660,0,0.0,0.0,0.0,0.0,0.000,0.7700,0.0011,0.1734,907.72,17.6555,10.3323,53.17,0.0000,0.00,0,0,0,907.64,0,0.000,0.0000
2026-08-24T00:22:41.435612,1177.08,DONE,7.0622,23.4667,105.75,0.0000,0.0000,20.6660,0,0.0,0.0,0.0,0.0,0.000,0.7700,0.0011,0.1734,908.72,17.6555,10.3323,53.17,0.0000,0.00,0,0,0,908.64,0,0.000,0.0000
2026-08-24T00:22:42.435898,1178.08,DONE,7.0622,23.4667,105.75,0.0000,0.0000,20.6660,0,0.0,0.0,0.0,0.0,0.000,0.7700,0.0011,0.1734,909.72,17.6555,10.3323,53.17,0.0000,0.00,0,0,0,909.64,0,0.000,0.0000
2026-08-24T00:22:43.435798,1179.08,DONE,7.0622,23.4667,105.75,0.0000,0.0000,20.6660,0,0.0,0.0,0.0,0.0,0.000,0.7700,0.0011,0.1734,910.72,17.6555,10.3323,53.17,0.0000,0.00,0,0,0,910.64,0,0.000,0.0000
2026-08-24T00:22:44.435631,1180.08,DONE,7.0622,23.4667,105.75,0.0000,0.0000,20.6660,0,0.0,0.0,0.0,0.0,0.000,0.7700,0.0011,0.1734,911.72,17.6555,10.3323,53.17,0.0000,0.00,0,0,0,911.64,0,0.000,0.0000
2026-08-24T00:22:45.435600,1181.08,DONE,7.0622,23.4667,105.75,0.0000,0.0000,20.6660,0,0.0,0.0,0.0,0.0,0.000,0.7700,0.0011,0.1734,912.72,17.6555,10.3323,53.17,0.0000,0.00,0,0,0,912.64,0,0.000,0.0000
2026-08-24T00:22:46.435593,1182.08,DONE,7.0622,23.4667,105.75,0.0000,0.0000,20.6660,0,0.0,0.0,0.0,0.0,0.000,0.7700,0.0011,0.1734,913.72,17.6555,10.3323,53.17,0.0000,0.00,0,0,0,913.64,0,0.000,0.0000
2026-08-24T00:22:47.435665,1183.08,DONE,7.0622,23.4667,105.75,0.0000,0.0000,20.6660,0,0.0,0.0,0.0,0.0,0.000,0.7700,0.0011,0.1734,914.72,17.6555,10.3323,53.17,0.0000,0.00,0,0,0,914.64,0,0.000,0.0000
2026-08-24T00:22:48.435611,1184.08,DONE,7.0622,23.4667,105.75,0.0000,0.0000,20.6660,0,0.0,0.0,0.0,0.0,0.000,0.7700,0.0011,0.1734,915.72,17.6555,10.3323,53.17,0.0000,0.00,0,0,0,915.64,0,0.000,0.0000
2026-08-24T00:22:49.435692,1185.08,DONE,7.0622,23.4667,105.75,0.0000,0.0000,20.6660,0,0.0,0.0,0.0,0.0,0.000,0.7700,0.0011,0.1734,916.72,17.6555,10.3323,53.17,0.0000,0.00,0,0,0,916.64,0,0.000,0.0000
2026-08-24T00:22:50.435864,1186.08,DONE,7.0622,23.4667,105.75,0.0000,0.0000,20.6660,0,0.0,0.0,0.0,0.0,0.000,0.7700,0.0011,0.1734,917.72,17.6555,10.3323,53.17,0.0000,0.00,0,0,0,917.64,0,0.000,0.0000
2026-08-24T00:22:51.435587,1187.08,DONE,7.0622,23.4667,105.75,0.0000,0.0000,20.6660,0,0.0,0.0,0.0,0.0,0.000,0.7700,0.0011,0.1734,918.72,17.6555,10.3323,53.17,0.0000,0.00,0,0,0,918.64,0,0.000,0.0000
2026-08-24T00:22:52.435686,1188.08,DONE,7.0622,23.4667,105.75,0.0000,0.0000,20.6660,0,0.0,0.0,0.0,0.0,0.000,0.7700,0.0011,0.1734,919.72,17.6555,10.3323,53.17,0.0000,0.00,0,0,0,919.64,0,0.000,0.0000
2026-08-24T00:22:53.435647,1189.08,DONE,7.0622,23.4667,105.75,0.0000,0.0000,20.6660,0,0.0,0.0,0.0,0.0,0.000,0.7700,0.0011,0.1734,920.72,17.6555,10.3323,53.17,0.0000,0.00,0,0,0,920.64,0,0.000,0.0000
2026-08-24T00:22:54.435741,1190.08,DONE,7.0622,23.4667,105.75,0.0000,0.0000,20.6660,0,0.0,0.0,0.0,0.0,0.000,0.7700,0.0011,0.1734,921.72,17.6555,10.3323,53.17,0.0000,0.00,0,0,0,921.64,0,0.000,0.0000
2026-08-24T00:22:55.435921,1191.08,DONE,7.0622,23.4667,105.75,0.0000,0.0000,20.6660,0,0.0,0.0,0.0,0.0,0.000,0.7700,0.0011,0.1734,922.72,17.6555,10.3323,53.17,0.0000,0.00,0,0,0,922.64,0,0.000,0.0000
2026-08-24T00:22:56.435650,1192.08,DONE,7.0622,23.4667,105.75,0.0000,0.0000,20.6660,0,0.0,0.0,0.0,0.0,0.000,0.7700,0.0011,0.1734,923.72,17.6555,10.3323,53.17,0.0000,0.00,0,0,0,923.64,0,0.000,0.0000
2026-08-24T00:22:57.435645,1193.08,DONE,7.0622,23.4667,105.75,0.0000,0.0000,20.6660,0,0.0,0.0,0.0,0.0,0.000,0.7700,0.0011,0.1734,924.72,17.6555,10.3323,53.17,0.0000,0.00,0,0,0,924.64,0,0.000,0.0000
2026-08-24T00:22:58.435603,1194.08,DONE,7.0622,23.4667,105.75,0.0000,0.0000,20.6660,0,0.0,0.0,0.0,0.0,0.000,0.7700,0.0011,0.1734,925.72,17.6555,10.3323,53.17,0.0000,0.00,0,0,0,925.64,0,0.000,0.0000
2026-08-24T00:22:59.435595,1195.08,DONE,7.0622,23.4667,105.75,0.0000,0.0000,20.6660,0,0.0,0.0,0.0,0.0,0.000,0.7700,0.0011,0.1734,926.72,17.6555,10.3323,53.17,0.0000,0.00,0,0,0,926.64,0,0.000,0.0000
2026-08-24T00:23:00.435575,1196.08,DONE,7.0622,23.4667,105.75,0.0000,0.0000,20.6660,0,0.0,0.0,0.0,0.0,0.000,0.7700,0.0011,0.1734,927.72,17.6555,10.3323,53.17,0.0000,0.00,0,0,0,927.64,0,0.000,0.0000
2026-08-24T00:23:01.435840,1197.08,DONE,7.0622,23.4667,105.75,0.0000,0.0000,20.6660,0,0.0,0.0,0.0,0.0,0.000,0.7700,0.0011,0.1734,928.72,17.6555,10.3323,53.17,0.0000,0.00,0,0,0,928.64,0,0.000,0.0000
2026-08-24T00:23:02.435678,1198.08,DONE,7.0622,23.4667,105.75,0.0000,0.0000,20.6660,0,0.0,0.0,0.0,0.0,0.000,0.7700,0.0011,0.1734,929.72,17.6555,10.3323,53.17,0.0000,0.00,0,0,0,929.64,0,0.000,0.0000
2026-08-24T00:23:03.435639,1199.08,DONE,7.0622,23.4667,105.75,0.0000,0.0000,20.6660,0,0.0,0.0,0.0,0.0,0.000,0.7700,0.0011,0.1734,930.72,17.6555,10.3323,53.17,0.0000,0.00,0,0,0,930.64,0,0.000,0.0000
2026-08-24T00:23:04.435631,1200.08,DONE,7.0622,23.4667,105.75,0.0000,0.0000,20.6660,0,0.0,0.0,0.0,0.0,0.000,0.7700,0.0011,0.1734,931.72,17.6555,10.3323,53.17,0.0000,0.00,0,0,0,931.64,0,0.000,0.0000
2026-08-24T00:23:05.435660,1201.08,DONE,7.0622,23.4667,105.75,0.0000,0.0000,20.6660,0,0.0,0.0,0.0,0.0,0.000,0.7700,0.0011,0.1734,932.72,17.6555,10.3323,53.17,0.0000,0.00,0,0,0,932.64,0,0.000,0.0000
2026-08-24T00:23:06.438316,1202.08,DONE,7.0622,23.4667,105.75,0.0000,0.0000,20.6660,0,0.0,0.0,0.0,0.0,0.000,0.7700,0.0011,0.1734,933.73,17.6555,10.3323,53.17,0.0000,0.00,0,0,0,933.64,0,0.000,0.0000
2026-08-24T00:23:07.435589,1203.08,DONE,7.0622,23.4667,105.75,0.0000,0.0000,20.6660,0,0.0,0.0,0.0,0.0,0.000,0.7700,0.0011,0.1734,934.72,17.6555,10.3323,53.17,0.0000,0.00,0,0,0,934.64,0,0.000,0.0000
2026-08-24T00:23:08.435893,1204.08,DONE,7.0622,23.4667,105.75,0.0000,0.0000,20.6660,0,0.0,0.0,0.0,0.0,0.000,0.7700,0.0011,0.1734,935.72,17.6555,10.3323,53.17,0.0000,0.00,0,0,0,935.64,0,0.000,0.0000
2026-08-24T00:23:09.435935,1205.08,DONE,7.0622,23.4667,105.75,0.0000,0.0000,20.6660,0,0.0,0.0,0.0,0.0,0.000,0.7700,0.0011,0.1734,936.72,17.6555,10.3323,53.17,0.0000,0.00,0,0,0,936.64,0,0.000,0.0000
2026-08-24T00:23:10.435627,1206.08,DONE,7.0622,23.4667,105.75,0.0000,0.0000,20.6660,0,0.0,0.0,0.0,0.0,0.000,0.7700,0.0011,0.1734,937.72,17.6555,10.3323,53.17,0.0000,0.00,0,0,0,937.64,0,0.000,0.0000
2026-08-24T00:23:11.435795,1207.08,DONE,7.0622,23.4667,105.75,0.0000,0.0000,20.6660,0,0.0,0.0,0.0,0.0,0.000,0.7700,0.0011,0.1734,938.72,17.6555,10.3323,53.17,0.0000,0.00,0,0,0,938.64,0,0.000,0.0000
2026-08-24T00:23:12.435604,1208.08,DONE,7.0622,23.4667,105.75,0.0000,0.0000,20.6660,0,0.0,0.0,0.0,0.0,0.000,0.7700,0.0011,0.1734,939.72,17.6555,10.3323,53.17,0.0000,0.00,0,0,0,939.64,0,0.000,0.0000
2026-08-24T00:23:13.435803,1209.08,DONE,7.0622,23.4667,105.75,0.0000,0.0000,20.6660,0,0.0,0.0,0.0,0.0,0.000,0.7700,0.0011,0.1734,940.72,17.6555,10.3323,53.17,0.0000,0.00,0,0,0,940.64,0,0.000,0.0000
2026-08-24T00:23:14.435615,1210.08,DONE,7.0622,23.4667,105.75,0.0000,0.0000,20.6660,0,0.0,0.0,0.0,0.0,0.000,0.7700,0.0011,0.1734,941.72,17.6555,10.3323,53.17,0.0000,0.00,0,0,0,941.64,0,0.000,0.0000
2026-08-24T00:23:15.435640,1211.08,DONE,7.0622,23.4667,105.75,0.0000,0.0000,20.6660,0,0.0,0.0,0.0,0.0,0.000,0.7700,0.0011,0.1734,942.72,17.6555,10.3323,53.17,0.0000,0.00,0,0,0,942.64,0,0.000,0.0000
2026-08-24T00:23:16.435718,1212.08,DONE,7.0622,23.4667,105.75,0.0000,0.0000,20.6660,0,0.0,0.0,0.0,0.0,0.000,0.7700,0.0011,0.1734,943.72,17.6555,10.3323,53.17,0.0000,0.00,0,0,0,943.64,0,0.000,0.0000
2026-08-24T00:23:17.435742,1213.08,DONE,7.0622,23.4667,105.75,0.0000,0.0000,20.6660,0,0.0,0.0,0.0,0.0,0.000,0.7700,0.0011,0.1734,944.72,17.6555,10.3323,53.17,0.0000,0.00,0,0,0,944.64,0,0.000,0.0000
2026-08-24T00:23:18.435611,1214.08,DONE,7.0622,23.4667,105.75,0.0000,0.0000,20.6660,0,0.0,0.0,0.0,0.0,0.000,0.7700,0.0011,0.1734,945.72,17.6555,10.3323,53.17,0.0000,0.00,0,0,0,945.64,0,0.000,0.0000
2026-08-24T00:23:19.435479,1215.08,DONE,7.0622,23.4667,105.75,0.0000,0.0000,20.6660,0,0.0,0.0,0.0,0.0,0.000,0.7700,0.0011,0.1734,946.72,17.6555,10.3323,53.17,0.0000,0.00,0,0,0,946.64,0,0.000,0.0000
2026-08-24T00:23:20.435643,1216.08,DONE,7.0622,23.4667,105.75,0.0000,0.0000,20.6660,0,0.0,0.0,0.0,0.0,0.000,0.7700,0.0011,0.1734,947.72,17.6555,10.3323,53.17,0.0000,0.00,0,0,0,947.64,0,0.000,0.0000
2026-08-24T00:23:21.435974,1217.08,DONE,7.0622,23.4667,105.75,0.0000,0.0000,20.6660,0,0.0,0.0,0.0,0.0,0.000,0.7700,0.0011,0.1734,948.72,17.6555,10.3323,53.17,0.0000,0.00,0,0,0,948.64,0,0.000,0.0000
2026-08-24T00:23:22.435808,1218.08,DONE,7.0622,23.4667,105.75,0.0000,0.0000,20.6660,0,0.0,0.0,0.0,0.0,0.000,0.7700,0.0011,0.1734,949.72,17.6555,10.3323,53.17,0.0000,0.00,0,0,0,949.64,0,0.000,0.0000
2026-08-24T00:23:23.435585,1219.08,DONE,7.0622,23.4667,105.75,0.0000,0.0000,20.6660,0,0.0,0.0,0.0,0.0,0.000,0.7700,0.0011,0.1734,950.72,17.6555,10.3323,53.17,0.0000,0.00,0,0,0,950.64,0,0.000,0.0000
2026-08-24T00:23:24.435613,1220.08,DONE,7.0622,23.4667,105.75,0.0000,0.0000,20.6660,0,0.0,0.0,0.0,0.0,0.000,0.7700,0.0011,0.1734,951.72,17.6555,10.3323,53.17,0.0000,0.00,0,0,0,951.64,0,0.000,0.0000
2026-08-24T00:23:25.435724,1221.08,DONE,7.0622,23.4667,105.75,0.0000,0.0000,20.6660,0,0.0,0.0,0.0,0.0,0.000,0.7700,0.0011,0.1734,952.72,17.6555,10.3323,53.17,0.0000,0.00,0,0,0,952.64,0,0.000,0.0000
2026-08-24T00:23:26.435739,1222.08,DONE,7.0622,23.4667,105.75,0.0000,0.0000,20.6660,0,0.0,0.0,0.0,0.0,0.000,0.7700,0.0011,0.1734,953.72,17.6555,10.3323,53.17,0.0000,0.00,0,0,0,953.64,0,0.000,0.0000
2026-08-24T00:23:27.435559,1223.08,DONE,7.0622,23.4667,105.75,0.0000,0.0000,20.6660,0,0.0,0.0,0.0,0.0,0.000,0.7700,0.0011,0.1734,954.72,17.6555,10.3323,53.17,0.0000,0.00,0,0,0,954.64,0,0.000,0.0000
2026-08-24T00:23:28.435637,1224.08,DONE,7.0622,23.4667,105.75,0.0000,0.0000,20.6660,0,0.0,0.0,0.0,0.0,0.000,0.7700,0.0011,0.1734,955.72,17.6555,10.3323,53.17,0.0000,0.00,0,0,0,955.64,0,0.000,0.0000
2026-08-24T00:23:29.435649,1225.08,DONE,7.0622,23.4667,105.75,0.0000,0.0000,20.6660,0,0.0,0.0,0.0,0.0,0.000,0.7700,0.0011,0.1734,956.72,17.6555,10.3323,53.17,0.0000,0.00,0,0,0,956.64,0,0.000,0.0000
2026-08-24T00:23:30.435618,1226.08,DONE,7.0622,23.4667,105.75,0.0000,0.0000,20.6660,0,0.0,0.0,0.0,0.0,0.000,0.7700,0.0011,0.1734,957.72,17.6555,10.3323,53.17,0.0000,0.00,0,0,0,957.64,0,0.000,0.0000
2026-08-24T00:23:31.435650,1227.08,DONE,7.0622,23.4667,105.75,0.0000,0.0000,20.6660,0,0.0,0.0,0.0,0.0,0.000,0.7700,0.0011,0.1734,958.72,17.6555,10.3323,53.17,0.0000,0.00,0,0,0,958.64,0,0.000,0.0000
2026-08-24T00:23:32.435886,1228.08,DONE,7.0622,23.4667,105.75,0.0000,0.0000,20.6660,0,0.0,0.0,0.0,0.0,0.000,0.7700,0.0011,0.1734,959.72,17.6555,10.3323,53.17,0.0000,0.00,0,0,0,959.64,0,0.000,0.0000
2026-08-24T00:23:33.436079,1229.08,DONE,7.0622,23.4667,105.75,0.0000,0.0000,20.6660,0,0.0,0.0,0.0,0.0,0.000,0.7700,0.0011,0.1734,960.72,17.6555,10.3323,53.17,0.0000,0.00,0,0,0,960.64,0,0.000,0.0000
2026-08-24T00:23:34.435570,1230.08,DONE,7.0622,23.4667,105.75,0.0000,0.0000,20.6660,0,0.0,0.0,0.0,0.0,0.000,0.7700,0.0011,0.1734,961.72,17.6555,10.3323,53.17,0.0000,0.00,0,0,0,961.64,0,0.000,0.0000
2026-08-24T00:23:35.435726,1231.08,DONE,7.0622,23.4667,105.75,0.0000,0.0000,20.6660,0,0.0,0.0,0.0,0.0,0.000,0.7700,0.0011,0.1734,962.72,17.6555,10.3323,53.17,0.0000,0.00,0,0,0,962.64,0,0.000,0.0000
2026-08-24T00:23:36.435891,1232.08,DONE,7.0622,23.4667,105.75,0.0000,0.0000,20.6660,0,0.0,0.0,0.0,0.0,0.000,0.7700,0.0011,0.1734,963.72,17.6555,10.3323,53.17,0.0000,0.00,0,0,0,963.64,0,0.000,0.0000
2026-08-24T00:23:37.435765,1233.08,DONE,7.0622,23.4667,105.75,0.0000,0.0000,20.6660,0,0.0,0.0,0.0,0.0,0.000,0.7700,0.0011,0.1734,964.72,17.6555,10.3323,53.17,0.0000,0.00,0,0,0,964.64,0,0.000,0.0000
2026-08-24T00:23:38.435633,1234.08,DONE,7.0622,23.4667,105.75,0.0000,0.0000,20.6660,0,0.0,0.0,0.0,0.0,0.000,0.7700,0.0011,0.1734,965.72,17.6555,10.3323,53.17,0.0000,0.00,0,0,0,965.64,0,0.000,0.0000
2026-08-24T00:23:39.435642,1235.08,DONE,7.0622,23.4667,105.75,0.0000,0.0000,20.6660,0,0.0,0.0,0.0,0.0,0.000,0.7700,0.0011,0.1734,966.72,17.6555,10.3323,53.17,0.0000,0.00,0,0,0,966.64,0,0.000,0.0000
2026-08-24T00:23:40.435580,1236.08,DONE,7.0622,23.4667,105.75,0.0000,0.0000,20.6660,0,0.0,0.0,0.0,0.0,0.000,0.7700,0.0011,0.1734,967.72,17.6555,10.3323,53.17,0.0000,0.00,0,0,0,967.64,0,0.000,0.0000
2026-08-24T00:23:41.435692,1237.08,DONE,7.0622,23.4667,105.75,0.0000,0.0000,20.6660,0,0.0,0.0,0.0,0.0,0.000,0.7700,0.0011,0.1734,968.72,17.6555,10.3323,53.17,0.0000,0.00,0,0,0,968.64,0,0.000,0.0000
2026-08-24T00:23:42.435628,1238.08,DONE,7.0622,23.4667,105.75,0.0000,0.0000,20.6660,0,0.0,0.0,0.0,0.0,0.000,0.7700,0.0011,0.1734,969.72,17.6555,10.3323,53.17,0.0000,0.00,0,0,0,969.64,0,0.000,0.0000
2026-08-24T00:23:43.435606,1239.08,DONE,7.0622,23.4667,105.75,0.0000,0.0000,20.6660,0,0.0,0.0,0.0,0.0,0.000,0.7700,0.0011,0.1734,970.72,17.6555,10.3323,53.17,0.0000,0.00,0,0,0,970.64,0,0.000,0.0000
2026-08-24T00:23:44.435658,1240.08,DONE,7.0622,23.4667,105.75,0.0000,0.0000,20.6660,0,0.0,0.0,0.0,0.0,0.000,0.7700,0.0011,0.1734,971.72,17.6555,10.3323,53.17,0.0000,0.00,0,0,0,971.64,0,0.000,0.0000
2026-08-24T00:23:45.435745,1241.08,DONE,7.0622,23.4667,105.75,0.0000,0.0000,20.6660,0,0.0,0.0,0.0,0.0,0.000,0.7700,0.0011,0.1734,972.72,17.6555,10.3323,53.17,0.0000,0.00,0,0,0,972.64,0,0.000,0.0000
2026-08-24T00:23:46.435566,1242.08,DONE,7.0622,23.4667,105.75,0.0000,0.0000,20.6660,0,0.0,0.0,0.0,0.0,0.000,0.7700,0.0011,0.1734,973.72,17.6555,10.3323,53.17,0.0000,0.00,0,0,0,973.64,0,0.000,0.0000
2026-08-24T00:23:47.435607,1243.08,DONE,7.0622,23.4667,105.75,0.0000,0.0000,20.6660,0,0.0,0.0,0.0,0.0,0.000,0.7700,0.0011,0.1734,974.72,17.6555,10.3323,53.17,0.0000,0.00,0,0,0,974.64,0,0.000,0.0000
2026-08-24T00:23:48.435594,1244.08,DONE,7.0622,23.4667,105.75,0.0000,0.0000,20.6660,0,0.0,0.0,0.0,0.0,0.000,0.7700,0.0011,0.1734,975.72,17.6555,10.3323,53.17,0.0000,0.00,0,0,0,975.64,0,0.000,0.0000
2026-08-24T00:23:49.435638,1245.08,DONE,7.0622,23.4667,105.75,0.0000,0.0000,20.6660,0,0.0,0.0,0.0,0.0,0.000,0.7700,0.0011,0.1734,976.72,17.6555,10.3323,53.17,0.0000,0.00,0,0,0,976.64,0,0.000,0.0000
2026-08-24T00:23:50.435551,1246.08,DONE,7.0622,23.4667,105.75,0.0000,0.0000,20.6660,0,0.0,0.0,0.0,0.0,0.000,0.7700,0.0011,0.1734,977.72,17.6555,10.3323,53.17,0.0000,0.00,0,0,0,977.64,0,0.000,0.0000
2026-08-24T00:23:51.435763,1247.08,DONE,7.0622,23.4667,105.75,0.0000,0.0000,20.6660,0,0.0,0.0,0.0,0.0,0.000,0.7700,0.0011,0.1734,978.72,17.6555,10.3323,53.17,0.0000,0.00,0,0,0,978.64,0,0.000,0.0000
2026-08-24T00:23:52.435613,1248.08,DONE,7.0622,23.4667,105.75,0.0000,0.0000,20.6660,0,0.0,0.0,0.0,0.0,0.000,0.7700,0.0011,0.1734,979.72,17.6555,10.3323,53.17,0.0000,0.00,0,0,0,979.64,0,0.000,0.0000
2026-08-24T00:23:53.435646,1249.08,DONE,7.0622,23.4667,105.75,0.0000,0.0000,20.6660,0,0.0,0.0,0.0,0.0,0.000,0.7700,0.0011,0.1734,980.72,17.6555,10.3323,53.17,0.0000,0.00,0,0,0,980.64,0,0.000,0.0000
2026-08-24T00:23:54.435825,1250.08,DONE,7.0622,23.4667,105.75,0.0000,0.0000,20.6660,0,0.0,0.0,0.0,0.0,0.000,0.7700,0.0011,0.1734,981.72,17.6555,10.3323,53.17,0.0000,0.00,0,0,0,981.64,0,0.000,0.0000
2026-08-24T00:23:55.435613,1251.08,DONE,7.0622,23.4667,105.75,0.0000,0.0000,20.6660,0,0.0,0.0,0.0,0.0,0.000,0.7700,0.0011,0.1734,982.72,17.6555,10.3323,53.17,0.0000,0.00,0,0,0,982.64,0,0.000,0.0000
2026-08-24T00:23:56.435617,1252.08,DONE,7.0622,23.4667,105.75,0.0000,0.0000,20.6660,0,0.0,0.0,0.0,0.0,0.000,0.7700,0.0011,0.1734,983.72,17.6555,10.3323,53.17,0.0000,0.00,0,0,0,983.64,0,0.000,0.0000
2026-08-24T00:23:57.435605,1253.08,DONE,7.0622,23.4667,105.75,0.0000,0.0000,20.6660,0,0.0,0.0,0.0,0.0,0.000,0.7700,0.0011,0.1734,984.72,17.6555,10.3323,53.17,0.0000,0.00,0,0,0,984.64,0,0.000,0.0000
2026-08-24T00:23:58.435830,1254.08,DONE,7.0622,23.4667,105.75,0.0000,0.0000,20.6660,0,0.0,0.0,0.0,0.0,0.000,0.7700,0.0011,0.1734,985.72,17.6555,10.3323,53.17,0.0000,0.00,0,0,0,985.64,0,0.000,0.0000
2026-08-24T00:23:59.435561,1255.08,DONE,7.0622,23.4667,105.75,0.0000,0.0000,20.6660,0,0.0,0.0,0.0,0.0,0.000,0.7700,0.0011,0.1734,986.72,17.6555,10.3323,53.17,0.0000,0.00,0,0,0,986.64,0,0.000,0.0000
2026-08-24T00:24:00.435610,1256.08,DONE,7.0622,23.4667,105.75,0.0000,0.0000,20.6660,0,0.0,0.0,0.0,0.0,0.000,0.7700,0.0011,0.1734,987.72,17.6555,10.3323,53.17,0.0000,0.00,0,0,0,987.64,0,0.000,0.0000
2026-08-24T00:24:01.435570,1257.08,DONE,7.0622,23.4667,105.75,0.0000,0.0000,20.6660,0,0.0,0.0,0.0,0.0,0.000,0.7700,0.0011,0.1734,988.72,17.6555,10.3323,53.17,0.0000,0.00,0,0,0,988.64,0,0.000,0.0000
2026-08-24T00:24:02.435704,1258.08,DONE,7.0622,23.4667,105.75,0.0000,0.0000,20.6660,0,0.0,0.0,0.0,0.0,0.000,0.7700,0.0011,0.1734,989.72,17.6555,10.3323,53.17,0.0000,0.00,0,0,0,989.64,0,0.000,0.0000
2026-08-24T00:24:03.435802,1259.08,DONE,7.0622,23.4667,105.75,0.0000,0.0000,20.6660,0,0.0,0.0,0.0,0.0,0.000,0.7700,0.0011,0.1734,990.72,17.6555,10.3323,53.17,0.0000,0.00,0,0,0,990.64,0,0.000,0.0000
2026-08-24T00:24:04.435639,1260.08,DONE,7.0622,23.4667,105.75,0.0000,0.0000,20.6660,0,0.0,0.0,0.0,0.0,0.000,0.7700,0.0011,0.1734,991.72,17.6555,10.3323,53.17,0.0000,0.00,0,0,0,991.64,0,0.000,0.0000
2026-08-24T00:24:05.435578,1261.08,DONE,7.0622,23.4667,105.75,0.0000,0.0000,20.6660,0,0.0,0.0,0.0,0.0,0.000,0.7700,0.0011,0.1734,992.72,17.6555,10.3323,53.17,0.0000,0.00,0,0,0,992.64,0,0.000,0.0000
2026-08-24T00:24:06.435612,1262.08,DONE,7.0622,23.4667,105.75,0.0000,0.0000,20.6660,0,0.0,0.0,0.0,0.0,0.000,0.7700,0.0011,0.1734,993.72,17.6555,10.3323,53.17,0.0000,0.00,0,0,0,993.64,0,0.000,0.0000
2026-08-24T00:24:07.435596,1263.08,DONE,7.0622,23.4667,105.75,0.0000,0.0000,20.6660,0,0.0,0.0,0.0,0.0,0.000,0.7700,0.0011,0.1734,994.72,17.6555,10.3323,53.17,0.0000,0.00,0,0,0,994.64,0,0.000,0.0000
2026-08-24T00:24:08.435758,1264.08,DONE,7.0622,23.4667,105.75,0.0000,0.0000,20.6660,0,0.0,0.0,0.0,0.0,0.000,0.7700,0.0011,0.1734,995.72,17.6555,10.3323,53.17,0.0000,0.00,0,0,0,995.64,0,0.000,0.0000
2026-08-24T00:24:09.435725,1265.08,DONE,7.0622,23.4667,105.75,0.0000,0.0000,20.6660,0,0.0,0.0,0.0,0.0,0.000,0.7700,0.0011,0.1734,996.72,17.6555,10.3323,53.17,0.0000,0.00,0,0,0,996.64,0,0.000,0.0000
2026-08-24T00:24:10.435717,1266.08,DONE,7.0622,23.4667,105.75,0.0000,0.0000,20.6660,0,0.0,0.0,0.0,0.0,0.000,0.7700,0.0011,0.1734,997.72,17.6555,10.3323,53.17,0.0000,0.00,0,0,0,997.64,0,0.000,0.0000
2026-08-24T00:24:11.435902,1267.08,DONE,7.0622,23.4667,105.75,0.0000,0.0000,20.6660,0,0.0,0.0,0.0,0.0,0.000,0.7700,0.0011,0.1734,998.72,17.6555,10.3323,53.17,0.0000,0.00,0,0,0,998.64,0,0.000,0.0000
2026-08-24T00:24:12.435626,1268.08,DONE,7.0622,23.4667,105.75,0.0000,0.0000,20.6660,0,0.0,0.0,0.0,0.0,0.000,0.7700,0.0011,0.1734,999.72,17.6555,10.3323,53.17,0.0000,0.00,0,0,0,999.64,0,0.000,0.0000
2026-08-24T00:24:13.435700,1269.08,DONE,7.0622,23.4667,105.75,0.0000,0.0000,20.6660,0,0.0,0.0,0.0,0.0,0.000,0.7700,0.0011,0.1734,1000.72,17.6555,10.3323,53.17,0.0000,0.00,0,0,0,1000.64,0,0.000,0.0000
2026-08-24T00:24:14.435597,1270.08,DONE,7.0622,23.4667,105.75,0.0000,0.0000,20.6660,0,0.0,0.0,0.0,0.0,0.000,0.7700,0.0011,0.1734,1001.72,17.6555,10.3323,53.17,0.0000,0.00,0,0,0,1001.64,0,0.000,0.0000
2026-08-24T00:24:15.435701,1271.08,DONE,7.0622,23.4667,105.75,0.0000,0.0000,20.6660,0,0.0,0.0,0.0,0.0,0.000,0.7700,0.0011,0.1734,1002.72,17.6555,10.3323,53.17,0.0000,0.00,0,0,0,1002.64,0,0.000,0.0000
2026-08-24T00:24:16.435669,1272.08,DONE,7.0622,23.4667,105.75,0.0000,0.0000,20.6660,0,0.0,0.0,0.0,0.0,0.000,0.7700,0.0011,0.1734,1003.72,17.6555,10.3323,53.17,0.0000,0.00,0,0,0,1003.64,0,0.000,0.0000
2026-08-24T00:24:17.435601,1273.08,DONE,7.0622,23.4667,105.75,0.0000,0.0000,20.6660,0,0.0,0.0,0.0,0.0,0.000,0.7700,0.0011,0.1734,1004.72,17.6555,10.3323,53.17,0.0000,0.00,0,0,0,1004.64,0,0.000,0.0000
2026-08-24T00:24:18.435532,1274.08,DONE,7.0622,23.4667,105.75,0.0000,0.0000,20.6660,0,0.0,0.0,0.0,0.0,0.000,0.7700,0.0011,0.1734,1005.72,17.6555,10.3323,53.17,0.0000,0.00,0,0,0,1005.64,0,0.000,0.0000
2026-08-24T00:24:19.435671,1275.08,DONE,7.0622,23.4667,105.75,0.0000,0.0000,20.6660,0,0.0,0.0,0.0,0.0,0.000,0.7700,0.0011,0.1734,1006.72,17.6555,10.3323,53.17,0.0000,0.00,0,0,0,1006.64,0,0.000,0.0000
2026-08-24T00:24:20.436148,1276.08,DONE,7.0622,23.4667,105.75,0.0000,0.0000,20.6660,0,0.0,0.0,0.0,0.0,0.000,0.7700,0.0011,0.1734,1007.72,17.6555,10.3323,53.17,0.0000,0.00,0,0,0,1007.64,0,0.000,0.0000
2026-08-24T00:24:21.435607,1277.08,DONE,7.0622,23.4667,105.75,0.0000,0.0000,20.6660,0,0.0,0.0,0.0,0.0,0.000,0.7700,0.0011,0.1734,1008.72,17.6555,10.3323,53.17,0.0000,0.00,0,0,0,1008.64,0,0.000,0.0000
2026-08-24T00:24:22.435580,1278.08,DONE,7.0622,23.4667,105.75,0.0000,0.0000,20.6660,0,0.0,0.0,0.0,0.0,0.000,0.7700,0.0011,0.1734,1009.72,17.6555,10.3323,53.17,0.0000,0.00,0,0,0,1009.64,0,0.000,0.0000
2026-08-24T00:24:23.435616,1279.08,DONE,7.0622,23.4667,105.75,0.0000,0.0000,20.6660,0,0.0,0.0,0.0,0.0,0.000,0.7700,0.0011,0.1734,1010.72,17.6555,10.3323,53.17,0.0000,0.00,0,0,0,1010.64,0,0.000,0.0000
2026-08-24T00:24:24.435763,1280.08,DONE,7.0622,23.4667,105.75,0.0000,0.0000,20.6660,0,0.0,0.0,0.0,0.0,0.000,0.7700,0.0011,0.1734,1011.72,17.6555,10.3323,53.17,0.0000,0.00,0,0,0,1011.64,0,0.000,0.0000
2026-08-24T00:24:25.435662,1281.08,DONE,7.0622,23.4667,105.75,0.0000,0.0000,20.6660,0,0.0,0.0,0.0,0.0,0.000,0.7700,0.0011,0.1734,1012.72,17.6555,10.3323,53.17,0.0000,0.00,0,0,0,1012.64,0,0.000,0.0000
2026-08-24T00:24:26.435609,1282.08,DONE,7.0622,23.4667,105.75,0.0000,0.0000,20.6660,0,0.0,0.0,0.0,0.0,0.000,0.7700,0.0011,0.1734,1013.72,17.6555,10.3323,53.17,0.0000,0.00,0,0,0,1013.64,0,0.000,0.0000
2026-08-24T00:24:27.435703,1283.08,DONE,7.0622,23.4667,105.75,0.0000,0.0000,20.6660,0,0.0,0.0,0.0,0.0,0.000,0.7700,0.0011,0.1734,1014.72,17.6555,10.3323,53.17,0.0000,0.00,0,0,0,1014.64,0,0.000,0.0000
2026-08-24T00:24:28.435742,1284.08,DONE,7.0622,23.4667,105.75,0.0000,0.0000,20.6660,0,0.0,0.0,0.0,0.0,0.000,0.7700,0.0011,0.1734,1015.72,17.6555,10.3323,53.17,0.0000,0.00,0,0,0,1015.64,0,0.000,0.0000
2026-08-24T00:24:29.435731,1285.08,DONE,7.0622,23.4667,105.75,0.0000,0.0000,20.6660,0,0.0,0.0,0.0,0.0,0.000,0.7700,0.0011,0.1734,1016.72,17.6555,10.3323,53.17,0.0000,0.00,0,0,0,1016.64,0,0.000,0.0000
2026-08-24T00:24:30.435704,1286.08,DONE,7.0622,23.4667,105.75,0.0000,0.0000,20.6660,0,0.0,0.0,0.0,0.0,0.000,0.7700,0.0011,0.1734,1017.72,17.6555,10.3323,53.17,0.0000,0.00,0,0,0,1017.64,0,0.000,0.0000
2026-08-24T00:24:31.435714,1287.08,DONE,7.0622,23.4667,105.75,0.0000,0.0000,20.6660,0,0.0,0.0,0.0,0.0,0.000,0.7700,0.0011,0.1734,1018.72,17.6555,10.3323,53.17,0.0000,0.00,0,0,0,1018.64,0,0.000,0.0000
2026-08-24T00:24:32.435687,1288.08,DONE,7.0622,23.4667,105.75,0.0000,0.0000,20.6660,0,0.0,0.0,0.0,0.0,0.000,0.7700,0.0011,0.1734,1019.72,17.6555,10.3323,53.17,0.0000,0.00,0,0,0,1019.64,0,0.000,0.0000
2026-08-24T00:24:33.435724,1289.08,DONE,7.0622,23.4667,105.75,0.0000,0.0000,20.6660,0,0.0,0.0,0.0,0.0,0.000,0.7700,0.0011,0.1734,1020.72,17.6555,10.3323,53.17,0.0000,0.00,0,0,0,1020.64,0,0.000,0.0000
2026-08-24T00:24:34.435619,1290.08,DONE,7.0622,23.4667,105.75,0.0000,0.0000,20.6660,0,0.0,0.0,0.0,0.0,0.000,0.7700,0.0011,0.1734,1021.72,17.6555,10.3323,53.17,0.0000,0.00,0,0,0,1021.64,0,0.000,0.0000
2026-08-24T00:24:35.435633,1291.08,DONE,7.0622,23.4667,105.75,0.0000,0.0000,20.6660,0,0.0,0.0,0.0,0.0,0.000,0.7700,0.0011,0.1734,1022.72,17.6555,10.3323,53.17,0.0000,0.00,0,0,0,1022.64,0,0.000,0.0000
2026-08-24T00:24:36.435594,1292.08,DONE,7.0622,23.4667,105.75,0.0000,0.0000,20.6660,0,0.0,0.0,0.0,0.0,0.000,0.7700,0.0011,0.1734,1023.72,17.6555,10.3323,53.17,0.0000,0.00,0,0,0,1023.64,0,0.000,0.0000
2026-08-24T00:24:37.435618,1293.08,DONE,7.0622,23.4667,105.75,0.0000,0.0000,20.6660,0,0.0,0.0,0.0,0.0,0.000,0.7700,0.0011,0.1734,1024.72,17.6555,10.3323,53.17,0.0000,0.00,0,0,0,1024.64,0,0.000,0.0000
2026-08-24T00:24:38.435602,1294.08,DONE,7.0622,23.4667,105.75,0.0000,0.0000,20.6660,0,0.0,0.0,0.0,0.0,0.000,0.7700,0.0011,0.1734,1025.72,17.6555,10.3323,53.17,0.0000,0.00,0,0,0,1025.64,0,0.000,0.0000
2026-08-24T00:24:39.435761,1295.08,DONE,7.0622,23.4667,105.75,0.0000,0.0000,20.6660,0,0.0,0.0,0.0,0.0,0.000,0.7700,0.0011,0.1734,1026.72,17.6555,10.3323,53.17,0.0000,0.00,0,0,0,1026.64,0,0.000,0.0000
2026-08-24T00:24:40.437048,1296.08,DONE,7.0622,23.4667,105.75,0.0000,0.0000,20.6660,0,0.0,0.0,0.0,0.0,0.000,0.7700,0.0011,0.1734,1027.72,17.6555,10.3323,53.17,0.0000,0.00,0,0,0,1027.64,0,0.000,0.0000
2026-08-24T00:24:41.435587,1297.08,DONE,7.0622,23.4667,105.75,0.0000,0.0000,20.6660,0,0.0,0.0,0.0,0.0,0.000,0.7700,0.0011,0.1734,1028.72,17.6555,10.3323,53.17,0.0000,0.00,0,0,0,1028.64,0,0.000,0.0000
2026-08-24T00:24:42.435841,1298.08,DONE,7.0622,23.4667,105.75,0.0000,0.0000,20.6660,0,0.0,0.0,0.0,0.0,0.000,0.7700,0.0011,0.1734,1029.72,17.6555,10.3323,53.17,0.0000,0.00,0,0,0,1029.64,0,0.000,0.0000
2026-08-24T00:24:43.435636,1299.08,DONE,7.0622,23.4667,105.75,0.0000,0.0000,20.6660,0,0.0,0.0,0.0,0.0,0.000,0.7700,0.0011,0.1734,1030.72,17.6555,10.3323,53.17,0.0000,0.00,0,0,0,1030.64,0,0.000,0.0000
2026-08-24T00:24:44.435599,1300.08,DONE,7.0622,23.4667,105.75,0.0000,0.0000,20.6660,0,0.0,0.0,0.0,0.0,0.000,0.7700,0.0011,0.1734,1031.72,17.6555,10.3323,53.17,0.0000,0.00,0,0,0,1031.64,0,0.000,0.0000
2026-08-24T00:24:45.435756,1301.08,DONE,7.0622,23.4667,105.75,0.0000,0.0000,20.6660,0,0.0,0.0,0.0,0.0,0.000,0.7700,0.0011,0.1734,1032.72,17.6555,10.3323,53.17,0.0000,0.00,0,0,0,1032.64,0,0.000,0.0000
2026-08-24T00:24:46.435827,1302.08,DONE,7.0622,23.4667,105.75,0.0000,0.0000,20.6660,0,0.0,0.0,0.0,0.0,0.000,0.7700,0.0011,0.1734,1033.72,17.6555,10.3323,53.17,0.0000,0.00,0,0,0,1033.64,0,0.000,0.0000
2026-08-24T00:24:47.435709,1303.08,DONE,7.0622,23.4667,105.75,0.0000,0.0000,20.6660,0,0.0,0.0,0.0,0.0,0.000,0.7700,0.0011,0.1734,1034.72,17.6555,10.3323,53.17,0.0000,0.00,0,0,0,1034.64,0,0.000,0.0000
2026-08-24T00:24:48.435685,1304.08,DONE,7.0622,23.4667,105.75,0.0000,0.0000,20.6660,0,0.0,0.0,0.0,0.0,0.000,0.7700,0.0011,0.1734,1035.72,17.6555,10.3323,53.17,0.0000,0.00,0,0,0,1035.64,0,0.000,0.0000
2026-08-24T00:24:49.435692,1305.08,DONE,7.0622,23.4667,105.75,0.0000,0.0000,20.6660,0,0.0,0.0,0.0,0.0,0.000,0.7700,0.0011,0.1734,1036.72,17.6555,10.3323,53.17,0.0000,0.00,0,0,0,1036.64,0,0.000,0.0000
2026-08-24T00:24:50.435815,1306.08,DONE,7.0622,23.4667,105.75,0.0000,0.0000,20.6660,0,0.0,0.0,0.0,0.0,0.000,0.7700,0.0011,0.1734,1037.72,17.6555,10.3323,53.17,0.0000,0.00,0,0,0,1037.64,0,0.000,0.0000
2026-08-24T00:24:51.435537,1307.08,DONE,7.0622,23.4667,105.75,0.0000,0.0000,20.6660,0,0.0,0.0,0.0,0.0,0.000,0.7700,0.0011,0.1734,1038.72,17.6555,10.3323,53.17,0.0000,0.00,0,0,0,1038.64,0,0.000,0.0000
2026-08-24T00:24:52.435730,1308.08,DONE,7.0622,23.4667,105.75,0.0000,0.0000,20.6660,0,0.0,0.0,0.0,0.0,0.000,0.7700,0.0011,0.1734,1039.72,17.6555,10.3323,53.17,0.0000,0.00,0,0,0,1039.64,0,0.000,0.0000
2026-08-24T00:24:53.435707,1309.08,DONE,7.0622,23.4667,105.75,0.0000,0.0000,20.6660,0,0.0,0.0,0.0,0.0,0.000,0.7700,0.0011,0.1734,1040.72,17.6555,10.3323,53.17,0.0000,0.00,0,0,0,1040.64,0,0.000,0.0000
2026-08-24T00:24:54.435798,1310.08,DONE,7.0622,23.4667,105.75,0.0000,0.0000,20.6660,0,0.0,0.0,0.0,0.0,0.000,0.7700,0.0011,0.1734,1041.72,17.6555,10.3323,53.17,0.0000,0.00,0,0,0,1041.64,0,0.000,0.0000
2026-08-24T00:24:55.435616,1311.08,DONE,7.0622,23.4667,105.75,0.0000,0.0000,20.6660,0,0.0,0.0,0.0,0.0,0.000,0.7700,0.0011,0.1734,1042.72,17.6555,10.3323,53.17,0.0000,0.00,0,0,0,1042.64,0,0.000,0.0000
2026-08-24T00:24:56.435813,1312.08,DONE,7.0622,23.4667,105.75,0.0000,0.0000,20.6660,0,0.0,0.0,0.0,0.0,0.000,0.7700,0.0011,0.1734,1043.72,17.6555,10.3323,53.17,0.0000,0.00,0,0,0,1043.64,0,0.000,0.0000
2026-08-24T00:24:57.435861,1313.08,DONE,7.0622,23.4667,105.75,0.0000,0.0000,20.6660,0,0.0,0.0,0.0,0.0,0.000,0.7700,0.0011,0.1734,1044.72,17.6555,10.3323,53.17,0.0000,0.00,0,0,0,1044.64,0,0.000,0.0000
2026-08-24T00:24:58.435688,1314.08,DONE,7.0622,23.4667,105.75,0.0000,0.0000,20.6660,0,0.0,0.0,0.0,0.0,0.000,0.7700,0.0011,0.1734,1045.72,17.6555,10.3323,53.17,0.0000,0.00,0,0,0,1045.64,0,0.000,0.0000
2026-08-24T00:24:59.435625,1315.08,DONE,7.0622,23.4667,105.75,0.0000,0.0000,20.6660,0,0.0,0.0,0.0,0.0,0.000,0.7700,0.0011,0.1734,1046.72,17.6555,10.3323,53.17,0.0000,0.00,0,0,0,1046.64,0,0.000,0.0000
2026-08-24T00:25:00.435642,1316.08,DONE,7.0622,23.4667,105.75,0.0000,0.0000,20.6660,0,0.0,0.0,0.0,0.0,0.000,0.7700,0.0011,0.1734,1047.72,17.6555,10.3323,53.17,0.0000,0.00,0,0,0,1047.64,0,0.000,0.0000
2026-08-24T00:25:01.435644,1317.08,DONE,7.0622,23.4667,105.75,0.0000,0.0000,20.6660,0,0.0,0.0,0.0,0.0,0.000,0.7700,0.0011,0.1734,1048.72,17.6555,10.3323,53.17,0.0000,0.00,0,0,0,1048.64,0,0.000,0.0000
2026-08-24T00:25:02.435662,1318.08,DONE,7.0622,23.4667,105.75,0.0000,0.0000,20.6660,0,0.0,0.0,0.0,0.0,0.000,0.7700,0.0011,0.1734,1049.72,17.6555,10.3323,53.17,0.0000,0.00,0,0,0,1049.64,0,0.000,0.0000
2026-08-24T00:25:03.435538,1319.08,DONE,7.0622,23.4667,105.75,0.0000,0.0000,20.6660,0,0.0,0.0,0.0,0.0,0.000,0.7700,0.0011,0.1734,1050.72,17.6555,10.3323,53.17,0.0000,0.00,0,0,0,1050.64,0,0.000,0.0000
2026-08-24T00:25:04.435693,1320.08,DONE,7.0622,23.4667,105.75,0.0000,0.0000,20.6660,0,0.0,0.0,0.0,0.0,0.000,0.7700,0.0011,0.1734,1051.72,17.6555,10.3323,53.17,0.0000,0.00,0,0,0,1051.64,0,0.000,0.0000
2026-08-24T00:25:05.435615,1321.08,DONE,7.0622,23.4667,105.75,0.0000,0.0000,20.6660,0,0.0,0.0,0.0,0.0,0.000,0.7700,0.0011,0.1734,1052.72,17.6555,10.3323,53.17,0.0000,0.00,0,0,0,1052.64,0,0.000,0.0000
2026-08-24T00:25:06.435759,1322.08,DONE,7.0622,23.4667,105.75,0.0000,0.0000,20.6660,0,0.0,0.0,0.0,0.0,0.000,0.7700,0.0011,0.1734,1053.72,17.6555,10.3323,53.17,0.0000,0.00,0,0,0,1053.64,0,0.000,0.0000
2026-08-24T00:25:07.435637,1323.08,DONE,7.0622,23.4667,105.75,0.0000,0.0000,20.6660,0,0.0,0.0,0.0,0.0,0.000,0.7700,0.0011,0.1734,1054.72,17.6555,10.3323,53.17,0.0000,0.00,0,0,0,1054.64,0,0.000,0.0000
2026-08-24T00:25:08.435612,1324.08,DONE,7.0622,23.4667,105.75,0.0000,0.0000,20.6660,0,0.0,0.0,0.0,0.0,0.000,0.7700,0.0011,0.1734,1055.72,17.6555,10.3323,53.17,0.0000,0.00,0,0,0,1055.64,0,0.000,0.0000
2026-08-24T00:25:09.435707,1325.08,DONE,7.0622,23.4667,105.75,0.0000,0.0000,20.6660,0,0.0,0.0,0.0,0.0,0.000,0.7700,0.0011,0.1734,1056.72,17.6555,10.3323,53.17,0.0000,0.00,0,0,0,1056.64,0,0.000,0.0000
2026-08-24T00:25:10.435612,1326.08,DONE,7.0622,23.4667,105.75,0.0000,0.0000,20.6660,0,0.0,0.0,0.0,0.0,0.000,0.7700,0.0011,0.1734,1057.72,17.6555,10.3323,53.17,0.0000,0.00,0,0,0,1057.64,0,0.000,0.0000
2026-08-24T00:25:11.435981,1327.08,DONE,7.0622,23.4667,105.75,0.0000,0.0000,20.6660,0,0.0,0.0,0.0,0.0,0.000,0.7700,0.0011,0.1734,1058.72,17.6555,10.3323,53.17,0.0000,0.00,0,0,0,1058.64,0,0.000,0.0000
2026-08-24T00:25:12.435795,1328.08,DONE,7.0622,23.4667,105.75,0.0000,0.0000,20.6660,0,0.0,0.0,0.0,0.0,0.000,0.7700,0.0011,0.1734,1059.72,17.6555,10.3323,53.17,0.0000,0.00,0,0,0,1059.64,0,0.000,0.0000
2026-08-24T00:25:13.435630,1329.08,DONE,7.0622,23.4667,105.75,0.0000,0.0000,20.6660,0,0.0,0.0,0.0,0.0,0.000,0.7700,0.0011,0.1734,1060.72,17.6555,10.3323,53.17,0.0000,0.00,0,0,0,1060.64,0,0.000,0.0000
2026-08-24T00:25:14.435894,1330.08,DONE,7.0622,23.4667,105.75,0.0000,0.0000,20.6660,0,0.0,0.0,0.0,0.0,0.000,0.7700,0.0011,0.1734,1061.72,17.6555,10.3323,53.17,0.0000,0.00,0,0,0,1061.64,0,0.000,0.0000
2026-08-24T00:25:15.435569,1331.08,DONE,7.0622,23.4667,105.75,0.0000,0.0000,20.6660,0,0.0,0.0,0.0,0.0,0.000,0.7700,0.0011,0.1734,1062.72,17.6555,10.3323,53.17,0.0000,0.00,0,0,0,1062.64,0,0.000,0.0000
2026-08-24T00:25:16.435595,1332.08,DONE,7.0622,23.4667,105.75,0.0000,0.0000,20.6660,0,0.0,0.0,0.0,0.0,0.000,0.7700,0.0011,0.1734,1063.72,17.6555,10.3323,53.17,0.0000,0.00,0,0,0,1063.64,0,0.000,0.0000
2026-08-24T00:25:17.435787,1333.08,DONE,7.0622,23.4667,105.75,0.0000,0.0000,20.6660,0,0.0,0.0,0.0,0.0,0.000,0.7700,0.0011,0.1734,1064.72,17.6555,10.3323,53.17,0.0000,0.00,0,0,0,1064.64,0,0.000,0.0000
2026-08-24T00:25:18.435595,1334.08,DONE,7.0622,23.4667,105.75,0.0000,0.0000,20.6660,0,0.0,0.0,0.0,0.0,0.000,0.7700,0.0011,0.1734,1065.72,17.6555,10.3323,53.17,0.0000,0.00,0,0,0,1065.64,0,0.000,0.0000
2026-08-24T00:25:19.435579,1335.08,DONE,7.0622,23.4667,105.75,0.0000,0.0000,20.6660,0,0.0,0.0,0.0,0.0,0.000,0.7700,0.0011,0.1734,1066.72,17.6555,10.3323,53.17,0.0000,0.00,0,0,0,1066.64,0,0.000,0.0000
2026-08-24T00:25:20.435641,1336.08,DONE,7.0622,23.4667,105.75,0.0000,0.0000,20.6660,0,0.0,0.0,0.0,0.0,0.000,0.7700,0.0011,0.1734,1067.72,17.6555,10.3323,53.17,0.0000,0.00,0,0,0,1067.64,0,0.000,0.0000
2026-08-24T00:25:21.435826,1337.08,DONE,7.0622,23.4667,105.75,0.0000,0.0000,20.6660,0,0.0,0.0,0.0,0.0,0.000,0.7700,0.0011,0.1734,1068.72,17.6555,10.3323,53.17,0.0000,0.00,0,0,0,1068.64,0,0.000,0.0000
2026-08-24T00:25:22.435654,1338.08,DONE,7.0622,23.4667,105.75,0.0000,0.0000,20.6660,0,0.0,0.0,0.0,0.0,0.000,0.7700,0.0011,0.1734,1069.72,17.6555,10.3323,53.17,0.0000,0.00,0,0,0,1069.64,0,0.000,0.0000
2026-08-24T00:25:23.435616,1339.08,DONE,7.0622,23.4667,105.75,0.0000,0.0000,20.6660,0,0.0,0.0,0.0,0.0,0.000,0.7700,0.0011,0.1734,1070.72,17.6555,10.3323,53.17,0.0000,0.00,0,0,0,1070.64,0,0.000,0.0000
2026-08-24T00:25:24.435651,1340.08,DONE,7.0622,23.4667,105.75,0.0000,0.0000,20.6660,0,0.0,0.0,0.0,0.0,0.000,0.7700,0.0011,0.1734,1071.72,17.6555,10.3323,53.17,0.0000,0.00,0,0,0,1071.64,0,0.000,0.0000
2026-08-24T00:25:25.435674,1341.08,DONE,7.0622,23.4667,105.75,0.0000,0.0000,20.6660,0,0.0,0.0,0.0,0.0,0.000,0.7700,0.0011,0.1734,1072.72,17.6555,10.3323,53.17,0.0000,0.00,0,0,0,1072.64,0,0.000,0.0000
2026-08-24T00:25:26.435864,1342.08,DONE,7.0622,23.4667,105.75,0.0000,0.0000,20.6660,0,0.0,0.0,0.0,0.0,0.000,0.7700,0.0011,0.1734,1073.72,17.6555,10.3323,53.17,0.0000,0.00,0,0,0,1073.64,0,0.000,0.0000
2026-08-24T00:25:27.435704,1343.08,DONE,7.0622,23.4667,105.75,0.0000,0.0000,20.6660,0,0.0,0.0,0.0,0.0,0.000,0.7700,0.0011,0.1734,1074.72,17.6555,10.3323,53.17,0.0000,0.00,0,0,0,1074.64,0,0.000,0.0000
2026-08-24T00:25:28.435672,1344.08,DONE,7.0622,23.4667,105.75,0.0000,0.0000,20.6660,0,0.0,0.0,0.0,0.0,0.000,0.7700,0.0011,0.1734,1075.72,17.6555,10.3323,53.17,0.0000,0.00,0,0,0,1075.64,0,0.000,0.0000
2026-08-24T00:25:29.435593,1345.08,DONE,7.0622,23.4667,105.75,0.0000,0.0000,20.6660,0,0.0,0.0,0.0,0.0,0.000,0.7700,0.0011,0.1734,1076.72,17.6555,10.3323,53.17,0.0000,0.00,0,0,0,1076.64,0,0.000,0.0000
2026-08-24T00:25:30.435883,1346.08,DONE,7.0622,23.4667,105.75,0.0000,0.0000,20.6660,0,0.0,0.0,0.0,0.0,0.000,0.7700,0.0011,0.1734,1077.72,17.6555,10.3323,53.17,0.0000,0.00,0,0,0,1077.64,0,0.000,0.0000
2026-08-24T00:25:31.436021,1347.08,DONE,7.0622,23.4667,105.75,0.0000,0.0000,20.6660,0,0.0,0.0,0.0,0.0,0.000,0.7700,0.0011,0.1734,1078.72,17.6555,10.3323,53.17,0.0000,0.00,0,0,0,1078.64,0,0.000,0.0000
2026-08-24T00:25:32.435744,1348.08,DONE,7.0622,23.4667,105.75,0.0000,0.0000,20.6660,0,0.0,0.0,0.0,0.0,0.000,0.7700,0.0011,0.1734,1079.72,17.6555,10.3323,53.17,0.0000,0.00,0,0,0,1079.64,0,0.000,0.0000
2026-08-24T00:25:33.435683,1349.08,DONE,7.0622,23.4667,105.75,0.0000,0.0000,20.6660,0,0.0,0.0,0.0,0.0,0.000,0.7700,0.0011,0.1734,1080.72,17.6555,10.3323,53.17,0.0000,0.00,0,0,0,1080.64,0,0.000,0.0000
2026-08-24T00:25:34.435623,1350.08,DONE,7.0622,23.4667,105.75,0.0000,0.0000,20.6660,0,0.0,0.0,0.0,0.0,0.000,0.7700,0.0011,0.1734,1081.72,17.6555,10.3323,53.17,0.0000,0.00,0,0,0,1081.64,0,0.000,0.0000
2026-08-24T00:25:35.435680,1351.08,DONE,7.0622,23.4667,105.75,0.0000,0.0000,20.6660,0,0.0,0.0,0.0,0.0,0.000,0.7700,0.0011,0.1734,1082.72,17.6555,10.3323,53.17,0.0000,0.00,0,0,0,1082.64,0,0.000,0.0000
2026-08-24T00:25:36.435687,1352.08,DONE,7.0622,23.4667,105.75,0.0000,0.0000,20.6660,0,0.0,0.0,0.0,0.0,0.000,0.7700,0.0011,0.1734,1083.72,17.6555,10.3323,53.17,0.0000,0.00,0,0,0,1083.64,0,0.000,0.0000
2026-08-24T00:25:37.436110,1353.08,DONE,7.0622,23.4667,105.75,0.0000,0.0000,20.6660,0,0.0,0.0,0.0,0.0,0.000,0.7700,0.0011,0.1734,1084.72,17.6555,10.3323,53.17,0.0000,0.00,0,0,0,1084.64,0,0.000,0.0000
2026-08-24T00:25:38.435635,1354.08,DONE,7.0622,23.4667,105.75,0.0000,0.0000,20.6660,0,0.0,0.0,0.0,0.0,0.000,0.7700,0.0011,0.1734,1085.72,17.6555,10.3323,53.17,0.0000,0.00,0,0,0,1085.64,0,0.000,0.0000
2026-08-24T00:25:39.435834,1355.08,DONE,7.0622,23.4667,105.75,0.0000,0.0000,20.6660,0,0.0,0.0,0.0,0.0,0.000,0.7700,0.0011,0.1734,1086.72,17.6555,10.3323,53.17,0.0000,0.00,0,0,0,1086.64,0,0.000,0.0000
2026-08-24T00:25:40.435767,1356.08,DONE,7.0622,23.4667,105.75,0.0000,0.0000,20.6660,0,0.0,0.0,0.0,0.0,0.000,0.7700,0.0011,0.1734,1087.72,17.6555,10.3323,53.17,0.0000,0.00,0,0,0,1087.64,0,0.000,0.0000
2026-08-24T00:25:41.435625,1357.08,DONE,7.0622,23.4667,105.75,0.0000,0.0000,20.6660,0,0.0,0.0,0.0,0.0,0.000,0.7700,0.0011,0.1734,1088.72,17.6555,10.3323,53.17,0.0000,0.00,0,0,0,1088.64,0,0.000,0.0000
2026-08-24T00:25:42.435628,1358.08,DONE,7.0622,23.4667,105.75,0.0000,0.0000,20.6660,0,0.0,0.0,0.0,0.0,0.000,0.7700,0.0011,0.1734,1089.72,17.6555,10.3323,53.17,0.0000,0.00,0,0,0,1089.64,0,0.000,0.0000
2026-08-24T00:25:43.435717,1359.08,DONE,7.0622,23.4667,105.75,0.0000,0.0000,20.6660,0,0.0,0.0,0.0,0.0,0.000,0.7700,0.0011,0.1734,1090.72,17.6555,10.3323,53.17,0.0000,0.00,0,0,0,1090.64,0,0.000,0.0000
2026-08-24T00:25:44.435499,1360.08,DONE,7.0622,23.4667,105.75,0.0000,0.0000,20.6660,0,0.0,0.0,0.0,0.0,0.000,0.7700,0.0011,0.1734,1091.72,17.6555,10.3323,53.17,0.0000,0.00,0,0,0,1091.64,0,0.000,0.0000
2026-08-24T00:25:45.435693,1361.08,DONE,7.0622,23.4667,105.75,0.0000,0.0000,20.6660,0,0.0,0.0,0.0,0.0,0.000,0.7700,0.0011,0.1734,1092.72,17.6555,10.3323,53.17,0.0000,0.00,0,0,0,1092.64,0,0.000,0.0000
2026-08-24T00:25:46.435622,1362.08,DONE,7.0622,23.4667,105.75,0.0000,0.0000,20.6660,0,0.0,0.0,0.0,0.0,0.000,0.7700,0.0011,0.1734,1093.72,17.6555,10.3323,53.17,0.0000,0.00,0,0,0,1093.64,0,0.000,0.0000
2026-08-24T00:25:47.435619,1363.08,DONE,7.0622,23.4667,105.75,0.0000,0.0000,20.6660,0,0.0,0.0,0.0,0.0,0.000,0.7700,0.0011,0.1734,1094.72,17.6555,10.3323,53.17,0.0000,0.00,0,0,0,1094.64,0,0.000,0.0000
2026-08-24T00:25:48.435864,1364.08,DONE,7.0622,23.4667,105.75,0.0000,0.0000,20.6660,0,0.0,0.0,0.0,0.0,0.000,0.7700,0.0011,0.1734,1095.72,17.6555,10.3323,53.17,0.0000,0.00,0,0,0,1095.64,0,0.000,0.0000
2026-08-24T00:25:49.435635,1365.08,DONE,7.0622,23.4667,105.75,0.0000,0.0000,20.6660,0,0.0,0.0,0.0,0.0,0.000,0.7700,0.0011,0.1734,1096.72,17.6555,10.3323,53.17,0.0000,0.00,0,0,0,1096.64,0,0.000,0.0000
2026-08-24T00:25:50.435589,1366.08,DONE,7.0622,23.4667,105.75,0.0000,0.0000,20.6660,0,0.0,0.0,0.0,0.0,0.000,0.7700,0.0011,0.1734,1097.72,17.6555,10.3323,53.17,0.0000,0.00,0,0,0,1097.64,0,0.000,0.0000
2026-08-24T00:25:51.435653,1367.08,DONE,7.0622,23.4667,105.75,0.0000,0.0000,20.6660,0,0.0,0.0,0.0,0.0,0.000,0.7700,0.0011,0.1734,1098.72,17.6555,10.3323,53.17,0.0000,0.00,0,0,0,1098.64,0,0.000,0.0000
2026-08-24T00:25:52.436049,1368.08,DONE,7.0622,23.4667,105.75,0.0000,0.0000,20.6660,0,0.0,0.0,0.0,0.0,0.000,0.7700,0.0011,0.1734,1099.72,17.6555,10.3323,53.17,0.0000,0.00,0,0,0,1099.64,0,0.000,0.0000
2026-08-24T00:25:53.435596,1369.08,DONE,7.0622,23.4667,105.75,0.0000,0.0000,20.6660,0,0.0,0.0,0.0,0.0,0.000,0.7700,0.0011,0.1734,1100.72,17.6555,10.3323,53.17,0.0000,0.00,0,0,0,1100.64,0,0.000,0.0000
2026-08-24T00:25:54.435640,1370.08,DONE,7.0622,23.4667,105.75,0.0000,0.0000,20.6660,0,0.0,0.0,0.0,0.0,0.000,0.7700,0.0011,0.1734,1101.72,17.6555,10.3323,53.17,0.0000,0.00,0,0,0,1101.64,0,0.000,0.0000
2026-08-24T00:25:55.435671,1371.08,DONE,7.0622,23.4667,105.75,0.0000,0.0000,20.6660,0,0.0,0.0,0.0,0.0,0.000,0.7700,0.0011,0.1734,1102.72,17.6555,10.3323,53.17,0.0000,0.00,0,0,0,1102.64,0,0.000,0.0000
2026-08-24T00:25:56.435753,1372.08,DONE,7.0622,23.4667,105.75,0.0000,0.0000,20.6660,0,0.0,0.0,0.0,0.0,0.000,0.7700,0.0011,0.1734,1103.72,17.6555,10.3323,53.17,0.0000,0.00,0,0,0,1103.64,0,0.000,0.0000
2026-08-24T00:25:57.435649,1373.08,DONE,7.0622,23.4667,105.75,0.0000,0.0000,20.6660,0,0.0,0.0,0.0,0.0,0.000,0.7700,0.0011,0.1734,1104.72,17.6555,10.3323,53.17,0.0000,0.00,0,0,0,1104.64,0,0.000,0.0000
2026-08-24T00:25:58.435572,1374.08,DONE,7.0622,23.4667,105.75,0.0000,0.0000,20.6660,0,0.0,0.0,0.0,0.0,0.000,0.7700,0.0011,0.1734,1105.72,17.6555,10.3323,53.17,0.0000,0.00,0,0,0,1105.64,0,0.000,0.0000
2026-08-24T00:25:59.435628,1375.08,DONE,7.0622,23.4667,105.75,0.0000,0.0000,20.6660,0,0.0,0.0,0.0,0.0,0.000,0.7700,0.0011,0.1734,1106.72,17.6555,10.3323,53.17,0.0000,0.00,0,0,0,1106.64,0,0.000,0.0000
2026-08-24T00:26:00.436051,1376.08,DONE,7.0622,23.4667,105.75,0.0000,0.0000,20.6660,0,0.0,0.0,0.0,0.0,0.000,0.7700,0.0011,0.1734,1107.72,17.6555,10.3323,53.17,0.0000,0.00,0,0,0,1107.64,0,0.000,0.0000
2026-08-24T00:26:01.435571,1377.08,DONE,7.0622,23.4667,105.75,0.0000,0.0000,20.6660,0,0.0,0.0,0.0,0.0,0.000,0.7700,0.0011,0.1734,1108.72,17.6555,10.3323,53.17,0.0000,0.00,0,0,0,1108.64,0,0.000,0.0000
2026-08-24T00:26:02.435648,1378.08,DONE,7.0622,23.4667,105.75,0.0000,0.0000,20.6660,0,0.0,0.0,0.0,0.0,0.000,0.7700,0.0011,0.1734,1109.72,17.6555,10.3323,53.17,0.0000,0.00,0,0,0,1109.64,0,0.000,0.0000
2026-08-24T00:26:03.435669,1379.08,DONE,7.0622,23.4667,105.75,0.0000,0.0000,20.6660,0,0.0,0.0,0.0,0.0,0.000,0.7700,0.0011,0.1734,1110.72,17.6555,10.3323,53.17,0.0000,0.00,0,0,0,1110.64,0,0.000,0.0000
2026-08-24T00:26:04.435580,1380.08,DONE,7.0622,23.4667,105.75,0.0000,0.0000,20.6660,0,0.0,0.0,0.0,0.0,0.000,0.7700,0.0011,0.1734,1111.72,17.6555,10.3323,53.17,0.0000,0.00,0,0,0,1111.64,0,0.000,0.0000
2026-08-24T00:26:05.435675,1381.08,DONE,7.0622,23.4667,105.75,0.0000,0.0000,20.6660,0,0.0,0.0,0.0,0.0,0.000,0.7700,0.0011,0.1734,1112.72,17.6555,10.3323,53.17,0.0000,0.00,0,0,0,1112.64,0,0.000,0.0000
2026-08-24T00:26:06.435811,1382.08,DONE,7.0622,23.4667,105.75,0.0000,0.0000,20.6660,0,0.0,0.0,0.0,0.0,0.000,0.7700,0.0011,0.1734,1113.72,17.6555,10.3323,53.17,0.0000,0.00,0,0,0,1113.64,0,0.000,0.0000
2026-08-24T00:26:07.435689,1383.08,DONE,7.0622,23.4667,105.75,0.0000,0.0000,20.6660,0,0.0,0.0,0.0,0.0,0.000,0.7700,0.0011,0.1734,1114.72,17.6555,10.3323,53.17,0.0000,0.00,0,0,0,1114.64,0,0.000,0.0000
2026-08-24T00:26:08.435588,1384.08,DONE,7.0622,23.4667,105.75,0.0000,0.0000,20.6660,0,0.0,0.0,0.0,0.0,0.000,0.7700,0.0011,0.1734,1115.72,17.6555,10.3323,53.17,0.0000,0.00,0,0,0,1115.64,0,0.000,0.0000
2026-08-24T00:26:09.435903,1385.08,DONE,7.0622,23.4667,105.75,0.0000,0.0000,20.6660,0,0.0,0.0,0.0,0.0,0.000,0.7700,0.0011,0.1734,1116.72,17.6555,10.3323,53.17,0.0000,0.00,0,0,0,1116.64,0,0.000,0.0000
2026-08-24T00:26:10.435790,1386.08,DONE,7.0622,23.4667,105.75,0.0000,0.0000,20.6660,0,0.0,0.0,0.0,0.0,0.000,0.7700,0.0011,0.1734,1117.72,17.6555,10.3323,53.17,0.0000,0.00,0,0,0,1117.64,0,0.000,0.0000
2026-08-24T00:26:11.435524,1387.08,DONE,7.0622,23.4667,105.75,0.0000,0.0000,20.6660,0,0.0,0.0,0.0,0.0,0.000,0.7700,0.0011,0.1734,1118.72,17.6555,10.3323,53.17,0.0000,0.00,0,0,0,1118.64,0,0.000,0.0000
2026-08-24T00:26:12.435721,1388.08,DONE,7.0622,23.4667,105.75,0.0000,0.0000,20.6660,0,0.0,0.0,0.0,0.0,0.000,0.7700,0.0011,0.1734,1119.72,17.6555,10.3323,53.17,0.0000,0.00,0,0,0,1119.64,0,0.000,0.0000
2026-08-24T00:26:13.435710,1389.08,DONE,7.0622,23.4667,105.75,0.0000,0.0000,20.6660,0,0.0,0.0,0.0,0.0,0.000,0.7700,0.0011,0.1734,1120.72,17.6555,10.3323,53.17,0.0000,0.00,0,0,0,1120.64,0,0.000,0.0000
2026-08-24T00:26:14.435610,1390.08,DONE,7.0622,23.4667,105.75,0.0000,0.0000,20.6660,0,0.0,0.0,0.0,0.0,0.000,0.7700,0.0011,0.1734,1121.72,17.6555,10.3323,53.17,0.0000,0.00,0,0,0,1121.64,0,0.000,0.0000
2026-08-24T00:26:15.435555,1391.08,DONE,7.0622,23.4667,105.75,0.0000,0.0000,20.6660,0,0.0,0.0,0.0,0.0,0.000,0.7700,0.0011,0.1734,1122.72,17.6555,10.3323,53.17,0.0000,0.00,0,0,0,1122.64,0,0.000,0.0000
2026-08-24T00:26:16.435808,1392.08,DONE,7.0622,23.4667,105.75,0.0000,0.0000,20.6660,0,0.0,0.0,0.0,0.0,0.000,0.7700,0.0011,0.1734,1123.72,17.6555,10.3323,53.17,0.0000,0.00,0,0,0,1123.64,0,0.000,0.0000
2026-08-24T00:26:17.435608,1393.08,DONE,7.0622,23.4667,105.75,0.0000,0.0000,20.6660,0,0.0,0.0,0.0,0.0,0.000,0.7700,0.0011,0.1734,1124.72,17.6555,10.3323,53.17,0.0000,0.00,0,0,0,1124.64,0,0.000,0.0000
2026-08-24T00:26:18.435755,1394.08,DONE,7.0622,23.4667,105.75,0.0000,0.0000,20.6660,0,0.0,0.0,0.0,0.0,0.000,0.7700,0.0011,0.1734,1125.72,17.6555,10.3323,53.17,0.0000,0.00,0,0,0,1125.64,0,0.000,0.0000
2026-08-24T00:26:19.435595,1395.08,DONE,7.0622,23.4667,105.75,0.0000,0.0000,20.6660,0,0.0,0.0,0.0,0.0,0.000,0.7700,0.0011,0.1734,1126.72,17.6555,10.3323,53.17,0.0000,0.00,0,0,0,1126.64,0,0.000,0.0000
2026-08-24T00:26:20.435698,1396.08,DONE,7.0622,23.4667,105.75,0.0000,0.0000,20.6660,0,0.0,0.0,0.0,0.0,0.000,0.7700,0.0011,0.1734,1127.72,17.6555,10.3323,53.17,0.0000,0.00,0,0,0,1127.64,0,0.000,0.0000
2026-08-24T00:26:21.435677,1397.08,DONE,7.0622,23.4667,105.75,0.0000,0.0000,20.6660,0,0.0,0.0,0.0,0.0,0.000,0.7700,0.0011,0.1734,1128.72,17.6555,10.3323,53.17,0.0000,0.00,0,0,0,1128.64,0,0.000,0.0000
2026-08-24T00:26:22.435656,1398.08,DONE,7.0622,23.4667,105.75,0.0000,0.0000,20.6660,0,0.0,0.0,0.0,0.0,0.000,0.7700,0.0011,0.1734,1129.72,17.6555,10.3323,53.17,0.0000,0.00,0,0,0,1129.64,0,0.000,0.0000
2026-08-24T00:26:23.435916,1399.08,DONE,7.0622,23.4667,105.75,0.0000,0.0000,20.6660,0,0.0,0.0,0.0,0.0,0.000,0.7700,0.0011,0.1734,1130.72,17.6555,10.3323,53.17,0.0000,0.00,0,0,0,1130.64,0,0.000,0.0000
2026-08-24T00:26:24.435732,1400.08,DONE,7.0622,23.4667,105.75,0.0000,0.0000,20.6660,0,0.0,0.0,0.0,0.0,0.000,0.7700,0.0011,0.1734,1131.72,17.6555,10.3323,53.17,0.0000,0.00,0,0,0,1131.64,0,0.000,0.0000
2026-08-24T00:26:25.435623,1401.08,DONE,7.0622,23.4667,105.75,0.0000,0.0000,20.6660,0,0.0,0.0,0.0,0.0,0.000,0.7700,0.0011,0.1734,1132.72,17.6555,10.3323,53.17,0.0000,0.00,0,0,0,1132.64,0,0.000,0.0000
2026-08-24T00:26:26.435682,1402.08,DONE,7.0622,23.4667,105.75,0.0000,0.0000,20.6660,0,0.0,0.0,0.0,0.0,0.000,0.7700,0.0011,0.1734,1133.72,17.6555,10.3323,53.17,0.0000,0.00,0,0,0,1133.64,0,0.000,0.0000
2026-08-24T00:26:27.435630,1403.08,DONE,7.0622,23.4667,105.75,0.0000,0.0000,20.6660,0,0.0,0.0,0.0,0.0,0.000,0.7700,0.0011,0.1734,1134.72,17.6555,10.3323,53.17,0.0000,0.00,0,0,0,1134.64,0,0.000,0.0000
2026-08-24T00:26:28.435629,1404.08,DONE,7.0622,23.4667,105.75,0.0000,0.0000,20.6660,0,0.0,0.0,0.0,0.0,0.000,0.7700,0.0011,0.1734,1135.72,17.6555,10.3323,53.17,0.0000,0.00,0,0,0,1135.64,0,0.000,0.0000
2026-08-24T00:26:29.435543,1405.08,DONE,7.0622,23.4667,105.75,0.0000,0.0000,20.6660,0,0.0,0.0,0.0,0.0,0.000,0.7700,0.0011,0.1734,1136.72,17.6555,10.3323,53.17,0.0000,0.00,0,0,0,1136.64,0,0.000,0.0000
2026-08-24T00:26:30.436126,1406.08,DONE,7.0622,23.4667,105.75,0.0000,0.0000,20.6660,0,0.0,0.0,0.0,0.0,0.000,0.7700,0.0011,0.1734,1137.72,17.6555,10.3323,53.17,0.0000,0.00,0,0,0,1137.64,0,0.000,0.0000
2026-08-24T00:26:31.436000,1407.08,DONE,7.0622,23.4667,105.75,0.0000,0.0000,20.6660,0,0.0,0.0,0.0,0.0,0.000,0.7700,0.0011,0.1734,1138.72,17.6555,10.3323,53.17,0.0000,0.00,0,0,0,1138.64,0,0.000,0.0000
2026-08-24T00:26:32.435718,1408.08,DONE,7.0622,23.4667,105.75,0.0000,0.0000,20.6660,0,0.0,0.0,0.0,0.0,0.000,0.7700,0.0011,0.1734,1139.72,17.6555,10.3323,53.17,0.0000,0.00,0,0,0,1139.64,0,0.000,0.0000
2026-08-24T00:26:33.435555,1409.08,DONE,7.0622,23.4667,105.75,0.0000,0.0000,20.6660,0,0.0,0.0,0.0,0.0,0.000,0.7700,0.0011,0.1734,1140.72,17.6555,10.3323,53.17,0.0000,0.00,0,0,0,1140.64,0,0.000,0.0000
2026-08-24T00:26:34.436058,1410.08,DONE,7.0622,23.4667,105.75,0.0000,0.0000,20.6660,0,0.0,0.0,0.0,0.0,0.000,0.7700,0.0011,0.1734,1141.72,17.6555,10.3323,53.17,0.0000,0.00,0,0,0,1141.64,0,0.000,0.0000
2026-08-24T00:26:35.436388,1411.08,DONE,7.0622,23.4667,105.75,0.0000,0.0000,20.6660,0,0.0,0.0,0.0,0.0,0.000,0.7700,0.0011,0.1734,1142.72,17.6555,10.3323,53.17,0.0000,0.00,0,0,0,1142.64,0,0.000,0.0000
2026-08-24T00:26:36.435731,1412.08,DONE,7.0622,23.4667,105.75,0.0000,0.0000,20.6660,0,0.0,0.0,0.0,0.0,0.000,0.7700,0.0011,0.1734,1143.72,17.6555,10.3323,53.17,0.0000,0.00,0,0,0,1143.64,0,0.000,0.0000
2026-08-24T00:26:37.435659,1413.08,DONE,7.0622,23.4667,105.75,0.0000,0.0000,20.6660,0,0.0,0.0,0.0,0.0,0.000,0.7700,0.0011,0.1734,1144.72,17.6555,10.3323,53.17,0.0000,0.00,0,0,0,1144.64,0,0.000,0.0000
2026-08-24T00:26:38.435680,1414.08,DONE,7.0622,23.4667,105.75,0.0000,0.0000,20.6660,0,0.0,0.0,0.0,0.0,0.000,0.7700,0.0011,0.1734,1145.72,17.6555,10.3323,53.17,0.0000,0.00,0,0,0,1145.64,0,0.000,0.0000
2026-08-24T00:26:39.435611,1415.08,DONE,7.0622,23.4667,105.75,0.0000,0.0000,20.6660,0,0.0,0.0,0.0,0.0,0.000,0.7700,0.0011,0.1734,1146.72,17.6555,10.3323,53.17,0.0000,0.00,0,0,0,1146.64,0,0.000,0.0000
2026-08-24T00:26:40.435915,1416.08,DONE,7.0622,23.4667,105.75,0.0000,0.0000,20.6660,0,0.0,0.0,0.0,0.0,0.000,0.7700,0.0011,0.1734,1147.72,17.6555,10.3323,53.17,0.0000,0.00,0,0,0,1147.64,0,0.000,0.0000
2026-08-24T00:26:41.435608,1417.08,DONE,7.0622,23.4667,105.75,0.0000,0.0000,20.6660,0,0.0,0.0,0.0,0.0,0.000,0.7700,0.0011,0.1734,1148.72,17.6555,10.3323,53.17,0.0000,0.00,0,0,0,1148.64,0,0.000,0.0000
2026-08-24T00:26:42.435612,1418.08,DONE,7.0622,23.4667,105.75,0.0000,0.0000,20.6660,0,0.0,0.0,0.0,0.0,0.000,0.7700,0.0011,0.1734,1149.72,17.6555,10.3323,53.17,0.0000,0.00,0,0,0,1149.64,0,0.000,0.0000
2026-08-24T00:26:43.436088,1419.08,DONE,7.0622,23.4667,105.75,0.0000,0.0000,20.6660,0,0.0,0.0,0.0,0.0,0.000,0.7700,0.0011,0.1734,1150.72,17.6555,10.3323,53.17,0.0000,0.00,0,0,0,1150.64,0,0.000,0.0000
2026-08-24T00:26:44.435818,1420.08,DONE,7.0622,23.4667,105.75,0.0000,0.0000,20.6660,0,0.0,0.0,0.0,0.0,0.000,0.7700,0.0011,0.1734,1151.72,17.6555,10.3323,53.17,0.0000,0.00,0,0,0,1151.64,0,0.000,0.0000
2026-08-24T00:26:45.435618,1421.08,DONE,7.0622,23.4667,105.75,0.0000,0.0000,20.6660,0,0.0,0.0,0.0,0.0,0.000,0.7700,0.0011,0.1734,1152.72,17.6555,10.3323,53.17,0.0000,0.00,0,0,0,1152.64,0,0.000,0.0000
2026-08-24T00:26:46.435736,1422.08,DONE,7.0622,23.4667,105.75,0.0000,0.0000,20.6660,0,0.0,0.0,0.0,0.0,0.000,0.7700,0.0011,0.1734,1153.72,17.6555,10.3323,53.17,0.0000,0.00,0,0,0,1153.64,0,0.000,0.0000
2026-08-24T00:26:47.435626,1423.08,DONE,7.0622,23.4667,105.75,0.0000,0.0000,20.6660,0,0.0,0.0,0.0,0.0,0.000,0.7700,0.0011,0.1734,1154.72,17.6555,10.3323,53.17,0.0000,0.00,0,0,0,1154.64,0,0.000,0.0000
2026-08-24T00:26:48.435628,1424.08,DONE,7.0622,23.4667,105.75,0.0000,0.0000,20.6660,0,0.0,0.0,0.0,0.0,0.000,0.7700,0.0011,0.1734,1155.72,17.6555,10.3323,53.17,0.0000,0.00,0,0,0,1155.64,0,0.000,0.0000
2026-08-24T00:26:49.435640,1425.08,DONE,7.0622,23.4667,105.75,0.0000,0.0000,20.6660,0,0.0,0.0,0.0,0.0,0.000,0.7700,0.0011,0.1734,1156.72,17.6555,10.3323,53.17,0.0000,0.00,0,0,0,1156.64,0,0.000,0.0000
2026-08-24T00:26:50.435683,1426.08,DONE,7.0622,23.4667,105.75,0.0000,0.0000,20.6660,0,0.0,0.0,0.0,0.0,0.000,0.7700,0.0011,0.1734,1157.72,17.6555,10.3323,53.17,0.0000,0.00,0,0,0,1157.64,0,0.000,0.0000
2026-08-24T00:26:51.435851,1427.08,DONE,7.0622,23.4667,105.75,0.0000,0.0000,20.6660,0,0.0,0.0,0.0,0.0,0.000,0.7700,0.0011,0.1734,1158.72,17.6555,10.3323,53.17,0.0000,0.00,0,0,0,1158.64,0,0.000,0.0000
2026-08-24T00:26:52.435602,1428.08,DONE,7.0622,23.4667,105.75,0.0000,0.0000,20.6660,0,0.0,0.0,0.0,0.0,0.000,0.7700,0.0011,0.1734,1159.72,17.6555,10.3323,53.17,0.0000,0.00,0,0,0,1159.64,0,0.000,0.0000
2026-08-24T00:26:53.436345,1429.08,DONE,7.0622,23.4667,105.75,0.0000,0.0000,20.6660,0,0.0,0.0,0.0,0.0,0.000,0.7700,0.0011,0.1734,1160.72,17.6555,10.3323,53.17,0.0000,0.00,0,0,0,1160.64,0,0.000,0.0000
2026-08-24T00:26:54.435862,1430.08,DONE,7.0622,23.4667,105.75,0.0000,0.0000,20.6660,0,0.0,0.0,0.0,0.0,0.000,0.7700,0.0011,0.1734,1161.72,17.6555,10.3323,53.17,0.0000,0.00,0,0,0,1161.64,0,0.000,0.0000
2026-08-24T00:26:55.435586,1431.08,DONE,7.0622,23.4667,105.75,0.0000,0.0000,20.6660,0,0.0,0.0,0.0,0.0,0.000,0.7700,0.0011,0.1734,1162.72,17.6555,10.3323,53.17,0.0000,0.00,0,0,0,1162.64,0,0.000,0.0000
2026-08-24T00:26:56.435615,1432.08,DONE,7.0622,23.4667,105.75,0.0000,0.0000,20.6660,0,0.0,0.0,0.0,0.0,0.000,0.7700,0.0011,0.1734,1163.72,17.6555,10.3323,53.17,0.0000,0.00,0,0,0,1163.64,0,0.000,0.0000
2026-08-24T00:26:57.435730,1433.08,DONE,7.0622,23.4667,105.75,0.0000,0.0000,20.6660,0,0.0,0.0,0.0,0.0,0.000,0.7700,0.0011,0.1734,1164.72,17.6555,10.3323,53.17,0.0000,0.00,0,0,0,1164.64,0,0.000,0.0000
2026-08-24T00:26:58.435733,1434.08,DONE,7.0622,23.4667,105.75,0.0000,0.0000,20.6660,0,0.0,0.0,0.0,0.0,0.000,0.7700,0.0011,0.1734,1165.72,17.6555,10.3323,53.17,0.0000,0.00,0,0,0,1165.64,0,0.000,0.0000
2026-08-24T00:26:59.435841,1435.08,DONE,7.0622,23.4667,105.75,0.0000,0.0000,20.6660,0,0.0,0.0,0.0,0.0,0.000,0.7700,0.0011,0.1734,1166.72,17.6555,10.3323,53.17,0.0000,0.00,0,0,0,1166.64,0,0.000,0.0000
2026-08-24T00:27:00.435709,1436.08,DONE,7.0622,23.4667,105.75,0.0000,0.0000,20.6660,0,0.0,0.0,0.0,0.0,0.000,0.7700,0.0011,0.1734,1167.72,17.6555,10.3323,53.17,0.0000,0.00,0,0,0,1167.64,0,0.000,0.0000
2026-08-24T00:27:01.435618,1437.08,DONE,7.0622,23.4667,105.75,0.0000,0.0000,20.6660,0,0.0,0.0,0.0,0.0,0.000,0.7700,0.0011,0.1734,1168.72,17.6555,10.3323,53.17,0.0000,0.00,0,0,0,1168.64,0,0.000,0.0000
2026-08-24T00:27:02.435743,1438.08,DONE,7.0622,23.4667,105.75,0.0000,0.0000,20.6660,0,0.0,0.0,0.0,0.0,0.000,0.7700,0.0011,0.1734,1169.72,17.6555,10.3323,53.17,0.0000,0.00,0,0,0,1169.64,0,0.000,0.0000
2026-08-24T00:27:03.435583,1439.08,DONE,7.0622,23.4667,105.75,0.0000,0.0000,20.6660,0,0.0,0.0,0.0,0.0,0.000,0.7700,0.0011,0.1734,1170.72,17.6555,10.3323,53.17,0.0000,0.00,0,0,0,1170.64,0,0.000,0.0000
2026-08-24T00:27:04.436597,1440.08,DONE,7.0622,23.4667,105.75,0.0000,0.0000,20.6660,0,0.0,0.0,0.0,0.0,0.000,0.7700,0.0011,0.1734,1171.72,17.6555,10.3323,53.17,0.0000,0.00,0,0,0,1171.64,0,0.000,0.0000
2026-08-24T00:27:05.435574,1441.08,DONE,7.0622,23.4667,105.75,0.0000,0.0000,20.6660,0,0.0,0.0,0.0,0.0,0.000,0.7700,0.0011,0.1734,1172.72,17.6555,10.3323,53.17,0.0000,0.00,0,0,0,1172.64,0,0.000,0.0000
2026-08-24T00:27:06.435787,1442.08,DONE,7.0622,23.4667,105.75,0.0000,0.0000,20.6660,0,0.0,0.0,0.0,0.0,0.000,0.7700,0.0011,0.1734,1173.72,17.6555,10.3323,53.17,0.0000,0.00,0,0,0,1173.64,0,0.000,0.0000
2026-08-24T00:27:07.435731,1443.08,DONE,7.0622,23.4667,105.75,0.0000,0.0000,20.6660,0,0.0,0.0,0.0,0.0,0.000,0.7700,0.0011,0.1734,1174.72,17.6555,10.3323,53.17,0.0000,0.00,0,0,0,1174.64,0,0.000,0.0000
2026-08-24T00:27:08.435636,1444.08,DONE,7.0622,23.4667,105.75,0.0000,0.0000,20.6660,0,0.0,0.0,0.0,0.0,0.000,0.7700,0.0011,0.1734,1175.72,17.6555,10.3323,53.17,0.0000,0.00,0,0,0,1175.64,0,0.000,0.0000
2026-08-24T00:27:09.435618,1445.08,DONE,7.0622,23.4667,105.75,0.0000,0.0000,20.6660,0,0.0,0.0,0.0,0.0,0.000,0.7700,0.0011,0.1734,1176.72,17.6555,10.3323,53.17,0.0000,0.00,0,0,0,1176.64,0,0.000,0.0000
2026-08-24T00:27:10.435787,1446.08,DONE,7.0622,23.4667,105.75,0.0000,0.0000,20.6660,0,0.0,0.0,0.0,0.0,0.000,0.7700,0.0011,0.1734,1177.72,17.6555,10.3323,53.17,0.0000,0.00,0,0,0,1177.64,0,0.000,0.0000
2026-08-24T00:27:11.435744,1447.08,DONE,7.0622,23.4667,105.75,0.0000,0.0000,20.6660,0,0.0,0.0,0.0,0.0,0.000,0.7700,0.0011,0.1734,1178.72,17.6555,10.3323,53.17,0.0000,0.00,0,0,0,1178.64,0,0.000,0.0000
2026-08-24T00:27:12.435829,1448.08,DONE,7.0622,23.4667,105.75,0.0000,0.0000,20.6660,0,0.0,0.0,0.0,0.0,0.000,0.7700,0.0011,0.1734,1179.72,17.6555,10.3323,53.17,0.0000,0.00,0,0,0,1179.64,0,0.000,0.0000
2026-08-24T00:27:13.435630,1449.08,DONE,7.0622,23.4667,105.75,0.0000,0.0000,20.6660,0,0.0,0.0,0.0,0.0,0.000,0.7700,0.0011,0.1734,1180.72,17.6555,10.3323,53.17,0.0000,0.00,0,0,0,1180.64,0,0.000,0.0000
2026-08-24T00:27:14.435853,1450.08,DONE,7.0622,23.4667,105.75,0.0000,0.0000,20.6660,0,0.0,0.0,0.0,0.0,0.000,0.7700,0.0011,0.1734,1181.72,17.6555,10.3323,53.17,0.0000,0.00,0,0,0,1181.64,0,0.000,0.0000
2026-08-24T00:27:15.436034,1451.08,DONE,7.0622,23.4667,105.75,0.0000,0.0000,20.6660,0,0.0,0.0,0.0,0.0,0.000,0.7700,0.0011,0.1734,1182.72,17.6555,10.3323,53.17,0.0000,0.00,0,0,0,1182.64,0,0.000,0.0000
2026-08-24T00:27:16.435737,1452.08,DONE,7.0622,23.4667,105.75,0.0000,0.0000,20.6660,0,0.0,0.0,0.0,0.0,0.000,0.7700,0.0011,0.1734,1183.72,17.6555,10.3323,53.17,0.0000,0.00,0,0,0,1183.64,0,0.000,0.0000
2026-08-24T00:27:17.435681,1453.08,DONE,7.0622,23.4667,105.75,0.0000,0.0000,20.6660,0,0.0,0.0,0.0,0.0,0.000,0.7700,0.0011,0.1734,1184.72,17.6555,10.3323,53.17,0.0000,0.00,0,0,0,1184.64,0,0.000,0.0000
2026-08-24T00:27:18.435646,1454.08,DONE,7.0622,23.4667,105.75,0.0000,0.0000,20.6660,0,0.0,0.0,0.0,0.0,0.000,0.7700,0.0011,0.1734,1185.72,17.6555,10.3323,53.17,0.0000,0.00,0,0,0,1185.64,0,0.000,0.0000
2026-08-24T00:27:19.435547,1455.08,DONE,7.0622,23.4667,105.75,0.0000,0.0000,20.6660,0,0.0,0.0,0.0,0.0,0.000,0.7700,0.0011,0.1734,1186.72,17.6555,10.3323,53.17,0.0000,0.00,0,0,0,1186.64,0,0.000,0.0000
2026-08-24T00:27:20.435819,1456.08,DONE,7.0622,23.4667,105.75,0.0000,0.0000,20.6660,0,0.0,0.0,0.0,0.0,0.000,0.7700,0.0011,0.1734,1187.72,17.6555,10.3323,53.17,0.0000,0.00,0,0,0,1187.64,0,0.000,0.0000
2026-08-24T00:27:21.435608,1457.08,DONE,7.0622,23.4667,105.75,0.0000,0.0000,20.6660,0,0.0,0.0,0.0,0.0,0.000,0.7700,0.0011,0.1734,1188.72,17.6555,10.3323,53.17,0.0000,0.00,0,0,0,1188.64,0,0.000,0.0000
2026-08-24T00:27:22.435684,1458.08,DONE,7.0622,23.4667,105.75,0.0000,0.0000,20.6660,0,0.0,0.0,0.0,0.0,0.000,0.7700,0.0011,0.1734,1189.72,17.6555,10.3323,53.17,0.0000,0.00,0,0,0,1189.64,0,0.000,0.0000
2026-08-24T00:27:23.435672,1459.08,DONE,7.0622,23.4667,105.75,0.0000,0.0000,20.6660,0,0.0,0.0,0.0,0.0,0.000,0.7700,0.0011,0.1734,1190.72,17.6555,10.3323,53.17,0.0000,0.00,0,0,0,1190.64,0,0.000,0.0000
2026-08-24T00:27:24.435588,1460.08,DONE,7.0622,23.4667,105.75,0.0000,0.0000,20.6660,0,0.0,0.0,0.0,0.0,0.000,0.7700,0.0011,0.1734,1191.72,17.6555,10.3323,53.17,0.0000,0.00,0,0,0,1191.64,0,0.000,0.0000
2026-08-24T00:27:25.436285,1461.08,DONE,7.0622,23.4667,105.75,0.0000,0.0000,20.6660,0,0.0,0.0,0.0,0.0,0.000,0.7700,0.0011,0.1734,1192.72,17.6555,10.3323,53.17,0.0000,0.00,0,0,0,1192.64,0,0.000,0.0000
2026-08-24T00:27:26.435476,1462.08,DONE,7.0622,23.4667,105.75,0.0000,0.0000,20.6660,0,0.0,0.0,0.0,0.0,0.000,0.7700,0.0011,0.1734,1193.72,17.6555,10.3323,53.17,0.0000,0.00,0,0,0,1193.64,0,0.000,0.0000
2026-08-24T00:27:27.435603,1463.08,DONE,7.0622,23.4667,105.75,0.0000,0.0000,20.6660,0,0.0,0.0,0.0,0.0,0.000,0.7700,0.0011,0.1734,1194.72,17.6555,10.3323,53.17,0.0000,0.00,0,0,0,1194.64,0,0.000,0.0000
2026-08-24T00:27:28.435575,1464.08,DONE,7.0622,23.4667,105.75,0.0000,0.0000,20.6660,0,0.0,0.0,0.0,0.0,0.000,0.7700,0.0011,0.1734,1195.72,17.6555,10.3323,53.17,0.0000,0.00,0,0,0,1195.64,0,0.000,0.0000
2026-08-24T00:27:29.435630,1465.08,DONE,7.0622,23.4667,105.75,0.0000,0.0000,20.6660,0,0.0,0.0,0.0,0.0,0.000,0.7700,0.0011,0.1734,1196.72,17.6555,10.3323,53.17,0.0000,0.00,0,0,0,1196.64,0,0.000,0.0000
2026-08-24T00:27:30.435477,1466.08,DONE,7.0622,23.4667,105.75,0.0000,0.0000,20.6660,0,0.0,0.0,0.0,0.0,0.000,0.7700,0.0011,0.1734,1197.72,17.6555,10.3323,53.17,0.0000,0.00,0,0,0,1197.64,0,0.000,0.0000
2026-08-24T00:27:31.435625,1467.08,DONE,7.0622,23.4667,105.75,0.0000,0.0000,20.6660,0,0.0,0.0,0.0,0.0,0.000,0.7700,0.0011,0.1734,1198.72,17.6555,10.3323,53.17,0.0000,0.00,0,0,0,1198.64,0,0.000,0.0000
2026-08-24T00:27:32.435652,1468.08,DONE,7.0622,23.4667,105.75,0.0000,0.0000,20.6660,0,0.0,0.0,0.0,0.0,0.000,0.7700,0.0011,0.1734,1199.72,17.6555,10.3323,53.17,0.0000,0.00,0,0,0,1199.64,0,0.000,0.0000
2026-08-24T00:27:33.435525,1469.08,DONE,7.0622,23.4667,105.75,0.0000,0.0000,20.6660,0,0.0,0.0,0.0,0.0,0.000,0.7700,0.0011,0.1734,1200.72,17.6555,10.3323,53.17,0.0000,0.00,0,0,0,1200.64,0,0.000,0.0000
2026-08-24T00:27:34.435686,1470.08,DONE,7.0622,23.4667,105.75,0.0000,0.0000,20.6660,0,0.0,0.0,0.0,0.0,0.000,0.7700,0.0011,0.1734,1201.72,17.6555,10.3323,53.17,0.0000,0.00,0,0,0,1201.64,0,0.000,0.0000
2026-08-24T00:27:35.435528,1471.08,DONE,7.0622,23.4667,105.75,0.0000,0.0000,20.6660,0,0.0,0.0,0.0,0.0,0.000,0.7700,0.0011,0.1734,1202.72,17.6555,10.3323,53.17,0.0000,0.00,0,0,0,1202.64,0,0.000,0.0000
2026-08-24T00:27:36.435622,1472.08,DONE,7.0622,23.4667,105.75,0.0000,0.0000,20.6660,0,0.0,0.0,0.0,0.0,0.000,0.7700,0.0011,0.1734,1203.72,17.6555,10.3323,53.17,0.0000,0.00,0,0,0,1203.64,0,0.000,0.0000
2026-08-24T00:27:37.435723,1473.08,DONE,7.0622,23.4667,105.75,0.0000,0.0000,20.6660,0,0.0,0.0,0.0,0.0,0.000,0.7700,0.0011,0.1734,1204.72,17.6555,10.3323,53.17,0.0000,0.00,0,0,0,1204.64,0,0.000,0.0000
2026-08-24T00:27:38.435620,1474.08,DONE,7.0622,23.4667,105.75,0.0000,0.0000,20.6660,0,0.0,0.0,0.0,0.0,0.000,0.7700,0.0011,0.1734,1205.72,17.6555,10.3323,53.17,0.0000,0.00,0,0,0,1205.64,0,0.000,0.0000
2026-08-24T00:27:39.435641,1475.08,DONE,7.0622,23.4667,105.75,0.0000,0.0000,20.6660,0,0.0,0.0,0.0,0.0,0.000,0.7700,0.0011,0.1734,1206.72,17.6555,10.3323,53.17,0.0000,0.00,0,0,0,1206.64,0,0.000,0.0000
2026-08-24T00:27:40.435628,1476.08,DONE,7.0622,23.4667,105.75,0.0000,0.0000,20.6660,0,0.0,0.0,0.0,0.0,0.000,0.7700,0.0011,0.1734,1207.72,17.6555,10.3323,53.17,0.0000,0.00,0,0,0,1207.64,0,0.000,0.0000
2026-08-24T00:27:41.435584,1477.08,DONE,7.0622,23.4667,105.75,0.0000,0.0000,20.6660,0,0.0,0.0,0.0,0.0,0.000,0.7700,0.0011,0.1734,1208.72,17.6555,10.3323,53.17,0.0000,0.00,0,0,0,1208.64,0,0.000,0.0000
2026-08-24T00:27:42.435636,1478.08,DONE,7.0622,23.4667,105.75,0.0000,0.0000,20.6660,0,0.0,0.0,0.0,0.0,0.000,0.7700,0.0011,0.1734,1209.72,17.6555,10.3323,53.17,0.0000,0.00,0,0,0,1209.64,0,0.000,0.0000
2026-08-24T00:27:43.435611,1479.08,DONE,7.0622,23.4667,105.75,0.0000,0.0000,20.6660,0,0.0,0.0,0.0,0.0,0.000,0.7700,0.0011,0.1734,1210.72,17.6555,10.3323,53.17,0.0000,0.00,0,0,0,1210.64,0,0.000,0.0000
2026-08-24T00:27:44.435639,1480.08,DONE,7.0622,23.4667,105.75,0.0000,0.0000,20.6660,0,0.0,0.0,0.0,0.0,0.000,0.7700,0.0011,0.1734,1211.72,17.6555,10.3323,53.17,0.0000,0.00,0,0,0,1211.64,0,0.000,0.0000
2026-08-24T00:27:45.435680,1481.08,DONE,7.0622,23.4667,105.75,0.0000,0.0000,20.6660,0,0.0,0.0,0.0,0.0,0.000,0.7700,0.0011,0.1734,1212.72,17.6555,10.3323,53.17,0.0000,0.00,0,0,0,1212.64,0,0.000,0.0000
2026-08-24T00:27:46.435739,1482.08,DONE,7.0622,23.4667,105.75,0.0000,0.0000,20.6660,0,0.0,0.0,0.0,0.0,0.000,0.7700,0.0011,0.1734,1213.72,17.6555,10.3323,53.17,0.0000,0.00,0,0,0,1213.64,0,0.000,0.0000
2026-08-24T00:27:47.435789,1483.08,DONE,7.0622,23.4667,105.75,0.0000,0.0000,20.6660,0,0.0,0.0,0.0,0.0,0.000,0.7700,0.0011,0.1734,1214.72,17.6555,10.3323,53.17,0.0000,0.00,0,0,0,1214.64,0,0.000,0.0000
2026-08-24T00:27:48.435595,1484.08,DONE,7.0622,23.4667,105.75,0.0000,0.0000,20.6660,0,0.0,0.0,0.0,0.0,0.000,0.7700,0.0011,0.1734,1215.72,17.6555,10.3323,53.17,0.0000,0.00,0,0,0,1215.64,0,0.000,0.0000
2026-08-24T00:27:49.435716,1485.08,DONE,7.0622,23.4667,105.75,0.0000,0.0000,20.6660,0,0.0,0.0,0.0,0.0,0.000,0.7700,0.0011,0.1734,1216.72,17.6555,10.3323,53.17,0.0000,0.00,0,0,0,1216.64,0,0.000,0.0000
2026-08-24T00:27:50.435520,1486.08,DONE,7.0622,23.4667,105.75,0.0000,0.0000,20.6660,0,0.0,0.0,0.0,0.0,0.000,0.7700,0.0011,0.1734,1217.72,17.6555,10.3323,53.17,0.0000,0.00,0,0,0,1217.64,0,0.000,0.0000
2026-08-24T00:27:51.435616,1487.08,DONE,7.0622,23.4667,105.75,0.0000,0.0000,20.6660,0,0.0,0.0,0.0,0.0,0.000,0.7700,0.0011,0.1734,1218.72,17.6555,10.3323,53.17,0.0000,0.00,0,0,0,1218.64,0,0.000,0.0000
2026-08-24T00:27:52.435631,1488.08,DONE,7.0622,23.4667,105.75,0.0000,0.0000,20.6660,0,0.0,0.0,0.0,0.0,0.000,0.7700,0.0011,0.1734,1219.72,17.6555,10.3323,53.17,0.0000,0.00,0,0,0,1219.64,0,0.000,0.0000
2026-08-24T00:27:53.435704,1489.08,DONE,7.0622,23.4667,105.75,0.0000,0.0000,20.6660,0,0.0,0.0,0.0,0.0,0.000,0.7700,0.0011,0.1734,1220.72,17.6555,10.3323,53.17,0.0000,0.00,0,0,0,1220.64,0,0.000,0.0000
2026-08-24T00:27:54.435619,1490.08,DONE,7.0622,23.4667,105.75,0.0000,0.0000,20.6660,0,0.0,0.0,0.0,0.0,0.000,0.7700,0.0011,0.1734,1221.72,17.6555,10.3323,53.17,0.0000,0.00,0,0,0,1221.64,0,0.000,0.0000
2026-08-24T00:27:55.435823,1491.08,DONE,7.0622,23.4667,105.75,0.0000,0.0000,20.6660,0,0.0,0.0,0.0,0.0,0.000,0.7700,0.0011,0.1734,1222.72,17.6555,10.3323,53.17,0.0000,0.00,0,0,0,1222.64,0,0.000,0.0000
2026-08-24T00:27:56.435590,1492.08,DONE,7.0622,23.4667,105.75,0.0000,0.0000,20.6660,0,0.0,0.0,0.0,0.0,0.000,0.7700,0.0011,0.1734,1223.72,17.6555,10.3323,53.17,0.0000,0.00,0,0,0,1223.64,0,0.000,0.0000
2026-08-24T00:27:57.435691,1493.08,DONE,7.0622,23.4667,105.75,0.0000,0.0000,20.6660,0,0.0,0.0,0.0,0.0,0.000,0.7700,0.0011,0.1734,1224.72,17.6555,10.3323,53.17,0.0000,0.00,0,0,0,1224.64,0,0.000,0.0000
2026-08-24T00:27:58.435588,1494.08,DONE,7.0622,23.4667,105.75,0.0000,0.0000,20.6660,0,0.0,0.0,0.0,0.0,0.000,0.7700,0.0011,0.1734,1225.72,17.6555,10.3323,53.17,0.0000,0.00,0,0,0,1225.64,0,0.000,0.0000
2026-08-24T00:27:59.435618,1495.08,DONE,7.0622,23.4667,105.75,0.0000,0.0000,20.6660,0,0.0,0.0,0.0,0.0,0.000,0.7700,0.0011,0.1734,1226.72,17.6555,10.3323,53.17,0.0000,0.00,0,0,0,1226.64,0,0.000,0.0000
2026-08-24T00:28:00.435580,1496.08,DONE,7.0622,23.4667,105.75,0.0000,0.0000,20.6660,0,0.0,0.0,0.0,0.0,0.000,0.7700,0.0011,0.1734,1227.72,17.6555,10.3323,53.17,0.0000,0.00,0,0,0,1227.64,0,0.000,0.0000
2026-08-24T00:28:01.435586,1497.08,DONE,7.0622,23.4667,105.75,0.0000,0.0000,20.6660,0,0.0,0.0,0.0,0.0,0.000,0.7700,0.0011,0.1734,1228.72,17.6555,10.3323,53.17,0.0000,0.00,0,0,0,1228.64,0,0.000,0.0000
2026-08-24T00:28:02.435703,1498.08,DONE,7.0622,23.4667,105.75,0.0000,0.0000,20.6660,0,0.0,0.0,0.0,0.0,0.000,0.7700,0.0011,0.1734,1229.72,17.6555,10.3323,53.17,0.0000,0.00,0,0,0,1229.64,0,0.000,0.0000
2026-08-24T00:28:03.435603,1499.08,DONE,7.0622,23.4667,105.75,0.0000,0.0000,20.6660,0,0.0,0.0,0.0,0.0,0.000,0.7700,0.0011,0.1734,1230.72,17.6555,10.3323,53.17,0.0000,0.00,0,0,0,1230.64,0,0.000,0.0000
2026-08-24T00:28:04.435764,1500.08,DONE,7.0622,23.4667,105.75,0.0000,0.0000,20.6660,0,0.0,0.0,0.0,0.0,0.000,0.7700,0.0011,0.1734,1231.72,17.6555,10.3323,53.17,0.0000,0.00,0,0,0,1231.64,0,0.000,0.0000
2026-08-24T00:28:05.435643,1501.08,DONE,7.0622,23.4667,105.75,0.0000,0.0000,20.6660,0,0.0,0.0,0.0,0.0,0.000,0.7700,0.0011,0.1734,1232.72,17.6555,10.3323,53.17,0.0000,0.00,0,0,0,1232.64,0,0.000,0.0000
2026-08-24T00:28:06.436051,1502.08,DONE,7.0622,23.4667,105.75,0.0000,0.0000,20.6660,0,0.0,0.0,0.0,0.0,0.000,0.7700,0.0011,0.1734,1233.72,17.6555,10.3323,53.17,0.0000,0.00,0,0,0,1233.64,0,0.000,0.0000
2026-08-24T00:28:07.435579,1503.08,DONE,7.0622,23.4667,105.75,0.0000,0.0000,20.6660,0,0.0,0.0,0.0,0.0,0.000,0.7700,0.0011,0.1734,1234.72,17.6555,10.3323,53.17,0.0000,0.00,0,0,0,1234.64,0,0.000,0.0000
2026-08-24T00:28:08.435591,1504.08,DONE,7.0622,23.4667,105.75,0.0000,0.0000,20.6660,0,0.0,0.0,0.0,0.0,0.000,0.7700,0.0011,0.1734,1235.72,17.6555,10.3323,53.17,0.0000,0.00,0,0,0,1235.64,0,0.000,0.0000
2026-08-24T00:28:09.435667,1505.08,DONE,7.0622,23.4667,105.75,0.0000,0.0000,20.6660,0,0.0,0.0,0.0,0.0,0.000,0.7700,0.0011,0.1734,1236.72,17.6555,10.3323,53.17,0.0000,0.00,0,0,0,1236.64,0,0.000,0.0000
2026-08-24T00:28:10.435856,1506.08,DONE,7.0622,23.4667,105.75,0.0000,0.0000,20.6660,0,0.0,0.0,0.0,0.0,0.000,0.7700,0.0011,0.1734,1237.72,17.6555,10.3323,53.17,0.0000,0.00,0,0,0,1237.64,0,0.000,0.0000
2026-08-24T00:28:11.435619,1507.08,DONE,7.0622,23.4667,105.75,0.0000,0.0000,20.6660,0,0.0,0.0,0.0,0.0,0.000,0.7700,0.0011,0.1734,1238.72,17.6555,10.3323,53.17,0.0000,0.00,0,0,0,1238.64,0,0.000,0.0000
2026-08-24T00:28:12.435589,1508.08,DONE,7.0622,23.4667,105.75,0.0000,0.0000,20.6660,0,0.0,0.0,0.0,0.0,0.000,0.7700,0.0011,0.1734,1239.72,17.6555,10.3323,53.17,0.0000,0.00,0,0,0,1239.64,0,0.000,0.0000
2026-08-24T00:28:13.435833,1509.08,DONE,7.0622,23.4667,105.75,0.0000,0.0000,20.6660,0,0.0,0.0,0.0,0.0,0.000,0.7700,0.0011,0.1734,1240.72,17.6555,10.3323,53.17,0.0000,0.00,0,0,0,1240.64,0,0.000,0.0000
2026-08-24T00:28:14.435696,1510.08,DONE,7.0622,23.4667,105.75,0.0000,0.0000,20.6660,0,0.0,0.0,0.0,0.0,0.000,0.7700,0.0011,0.1734,1241.72,17.6555,10.3323,53.17,0.0000,0.00,0,0,0,1241.64,0,0.000,0.0000
2026-08-24T00:28:15.436151,1511.08,DONE,7.0622,23.4667,105.75,0.0000,0.0000,20.6660,0,0.0,0.0,0.0,0.0,0.000,0.7700,0.0011,0.1734,1242.72,17.6555,10.3323,53.17,0.0000,0.00,0,0,0,1242.64,0,0.000,0.0000
2026-08-24T00:28:16.435730,1512.08,DONE,7.0622,23.4667,105.75,0.0000,0.0000,20.6660,0,0.0,0.0,0.0,0.0,0.000,0.7700,0.0011,0.1734,1243.72,17.6555,10.3323,53.17,0.0000,0.00,0,0,0,1243.64,0,0.000,0.0000
2026-08-24T00:28:17.435595,1513.08,DONE,7.0622,23.4667,105.75,0.0000,0.0000,20.6660,0,0.0,0.0,0.0,0.0,0.000,0.7700,0.0011,0.1734,1244.72,17.6555,10.3323,53.17,0.0000,0.00,0,0,0,1244.64,0,0.000,0.0000
2026-08-24T00:28:18.435537,1514.08,DONE,7.0622,23.4667,105.75,0.0000,0.0000,20.6660,0,0.0,0.0,0.0,0.0,0.000,0.7700,0.0011,0.1734,1245.72,17.6555,10.3323,53.17,0.0000,0.00,0,0,0,1245.64,0,0.000,0.0000
2026-08-24T00:28:19.435784,1515.08,DONE,7.0622,23.4667,105.75,0.0000,0.0000,20.6660,0,0.0,0.0,0.0,0.0,0.000,0.7700,0.0011,0.1734,1246.72,17.6555,10.3323,53.17,0.0000,0.00,0,0,0,1246.64,0,0.000,0.0000
2026-08-24T00:28:20.435518,1516.08,DONE,7.0622,23.4667,105.75,0.0000,0.0000,20.6660,0,0.0,0.0,0.0,0.0,0.000,0.7700,0.0011,0.1734,1247.72,17.6555,10.3323,53.17,0.0000,0.00,0,0,0,1247.64,0,0.000,0.0000
2026-08-24T00:28:21.435856,1517.08,DONE,7.0622,23.4667,105.75,0.0000,0.0000,20.6660,0,0.0,0.0,0.0,0.0,0.000,0.7700,0.0011,0.1734,1248.72,17.6555,10.3323,53.17,0.0000,0.00,0,0,0,1248.64,0,0.000,0.0000
2026-08-24T00:28:22.436310,1518.08,DONE,7.0622,23.4667,105.75,0.0000,0.0000,20.6660,0,0.0,0.0,0.0,0.0,0.000,0.7700,0.0011,0.1734,1249.72,17.6555,10.3323,53.17,0.0000,0.00,0,0,0,1249.64,0,0.000,0.0000
2026-08-24T00:28:23.435749,1519.08,DONE,7.0622,23.4667,105.75,0.0000,0.0000,20.6660,0,0.0,0.0,0.0,0.0,0.000,0.7700,0.0011,0.1734,1250.72,17.6555,10.3323,53.17,0.0000,0.00,0,0,0,1250.64,0,0.000,0.0000
2026-08-24T00:28:24.435736,1520.08,DONE,7.0622,23.4667,105.75,0.0000,0.0000,20.6660,0,0.0,0.0,0.0,0.0,0.000,0.7700,0.0011,0.1734,1251.72,17.6555,10.3323,53.17,0.0000,0.00,0,0,0,1251.64,0,0.000,0.0000
2026-08-24T00:28:25.435644,1521.08,DONE,7.0622,23.4667,105.75,0.0000,0.0000,20.6660,0,0.0,0.0,0.0,0.0,0.000,0.7700,0.0011,0.1734,1252.72,17.6555,10.3323,53.17,0.0000,0.00,0,0,0,1252.64,0,0.000,0.0000
2026-08-24T00:28:26.436463,1522.08,DONE,7.0622,23.4667,105.75,0.0000,0.0000,20.6660,0,0.0,0.0,0.0,0.0,0.000,0.7700,0.0011,0.1734,1253.72,17.6555,10.3323,53.17,0.0000,0.00,0,0,0,1253.64,0,0.000,0.0000
2026-08-24T00:28:27.435677,1523.08,DONE,7.0622,23.4667,105.75,0.0000,0.0000,20.6660,0,0.0,0.0,0.0,0.0,0.000,0.7700,0.0011,0.1734,1254.72,17.6555,10.3323,53.17,0.0000,0.00,0,0,0,1254.64,0,0.000,0.0000
2026-08-24T00:28:28.435569,1524.08,DONE,7.0622,23.4667,105.75,0.0000,0.0000,20.6660,0,0.0,0.0,0.0,0.0,0.000,0.7700,0.0011,0.1734,1255.72,17.6555,10.3323,53.17,0.0000,0.00,0,0,0,1255.64,0,0.000,0.0000
2026-08-24T00:28:29.435535,1525.08,DONE,7.0622,23.4667,105.75,0.0000,0.0000,20.6660,0,0.0,0.0,0.0,0.0,0.000,0.7700,0.0011,0.1734,1256.72,17.6555,10.3323,53.17,0.0000,0.00,0,0,0,1256.64,0,0.000,0.0000
2026-08-24T00:28:30.435755,1526.08,DONE,7.0622,23.4667,105.75,0.0000,0.0000,20.6660,0,0.0,0.0,0.0,0.0,0.000,0.7700,0.0011,0.1734,1257.72,17.6555,10.3323,53.17,0.0000,0.00,0,0,0,1257.64,0,0.000,0.0000
2026-08-24T00:28:31.435832,1527.08,DONE,7.0622,23.4667,105.75,0.0000,0.0000,20.6660,0,0.0,0.0,0.0,0.0,0.000,0.7700,0.0011,0.1734,1258.72,17.6555,10.3323,53.17,0.0000,0.00,0,0,0,1258.64,0,0.000,0.0000
2026-08-24T00:28:32.435591,1528.08,DONE,7.0622,23.4667,105.75,0.0000,0.0000,20.6660,0,0.0,0.0,0.0,0.0,0.000,0.7700,0.0011,0.1734,1259.72,17.6555,10.3323,53.17,0.0000,0.00,0,0,0,1259.64,0,0.000,0.0000
2026-08-24T00:28:33.435724,1529.08,DONE,7.0622,23.4667,105.75,0.0000,0.0000,20.6660,0,0.0,0.0,0.0,0.0,0.000,0.7700,0.0011,0.1734,1260.72,17.6555,10.3323,53.17,0.0000,0.00,0,0,0,1260.64,0,0.000,0.0000
2026-08-24T00:28:34.435703,1530.08,DONE,7.0622,23.4667,105.75,0.0000,0.0000,20.6660,0,0.0,0.0,0.0,0.0,0.000,0.7700,0.0011,0.1734,1261.72,17.6555,10.3323,53.17,0.0000,0.00,0,0,0,1261.64,0,0.000,0.0000
2026-08-24T00:28:35.435668,1531.08,DONE,7.0622,23.4667,105.75,0.0000,0.0000,20.6660,0,0.0,0.0,0.0,0.0,0.000,0.7700,0.0011,0.1734,1262.72,17.6555,10.3323,53.17,0.0000,0.00,0,0,0,1262.64,0,0.000,0.0000
2026-08-24T00:28:36.435662,1532.08,DONE,7.0622,23.4667,105.75,0.0000,0.0000,20.6660,0,0.0,0.0,0.0,0.0,0.000,0.7700,0.0011,0.1734,1263.72,17.6555,10.3323,53.17,0.0000,0.00,0,0,0,1263.64,0,0.000,0.0000
2026-08-24T00:28:37.436088,1533.08,DONE,7.0622,23.4667,105.75,0.0000,0.0000,20.6660,0,0.0,0.0,0.0,0.0,0.000,0.7700,0.0011,0.1734,1264.72,17.6555,10.3323,53.17,0.0000,0.00,0,0,0,1264.64,0,0.000,0.0000
2026-08-24T00:28:38.435606,1534.08,DONE,7.0622,23.4667,105.75,0.0000,0.0000,20.6660,0,0.0,0.0,0.0,0.0,0.000,0.7700,0.0011,0.1734,1265.72,17.6555,10.3323,53.17,0.0000,0.00,0,0,0,1265.64,0,0.000,0.0000
2026-08-24T00:28:39.435764,1535.08,DONE,7.0622,23.4667,105.75,0.0000,0.0000,20.6660,0,0.0,0.0,0.0,0.0,0.000,0.7700,0.0011,0.1734,1266.72,17.6555,10.3323,53.17,0.0000,0.00,0,0,0,1266.64,0,0.000,0.0000
2026-08-24T00:28:40.435537,1536.08,DONE,7.0622,23.4667,105.75,0.0000,0.0000,20.6660,0,0.0,0.0,0.0,0.0,0.000,0.7700,0.0011,0.1734,1267.72,17.6555,10.3323,53.17,0.0000,0.00,0,0,0,1267.64,0,0.000,0.0000
2026-08-24T00:28:41.436055,1537.08,DONE,7.0622,23.4667,105.75,0.0000,0.0000,20.6660,0,0.0,0.0,0.0,0.0,0.000,0.7700,0.0011,0.1734,1268.72,17.6555,10.3323,53.17,0.0000,0.00,0,0,0,1268.64,0,0.000,0.0000
2026-08-24T00:28:42.435679,1538.08,DONE,7.0622,23.4667,105.75,0.0000,0.0000,20.6660,0,0.0,0.0,0.0,0.0,0.000,0.7700,0.0011,0.1734,1269.72,17.6555,10.3323,53.17,0.0000,0.00,0,0,0,1269.64,0,0.000,0.0000
2026-08-24T00:28:43.435561,1539.08,DONE,7.0622,23.4667,105.75,0.0000,0.0000,20.6660,0,0.0,0.0,0.0,0.0,0.000,0.7700,0.0011,0.1734,1270.72,17.6555,10.3323,53.17,0.0000,0.00,0,0,0,1270.64,0,0.000,0.0000
2026-08-24T00:28:44.435613,1540.08,DONE,7.0622,23.4667,105.75,0.0000,0.0000,20.6660,0,0.0,0.0,0.0,0.0,0.000,0.7700,0.0011,0.1734,1271.72,17.6555,10.3323,53.17,0.0000,0.00,0,0,0,1271.64,0,0.000,0.0000
2026-08-24T00:28:45.435770,1541.08,DONE,7.0622,23.4667,105.75,0.0000,0.0000,20.6660,0,0.0,0.0,0.0,0.0,0.000,0.7700,0.0011,0.1734,1272.72,17.6555,10.3323,53.17,0.0000,0.00,0,0,0,1272.64,0,0.000,0.0000
2026-08-24T00:28:46.435860,1542.08,DONE,7.0622,23.4667,105.75,0.0000,0.0000,20.6660,0,0.0,0.0,0.0,0.0,0.000,0.7700,0.0011,0.1734,1273.72,17.6555,10.3323,53.17,0.0000,0.00,0,0,0,1273.64,0,0.000,0.0000
2026-08-24T00:28:47.435566,1543.08,DONE,7.0622,23.4667,105.75,0.0000,0.0000,20.6660,0,0.0,0.0,0.0,0.0,0.000,0.7700,0.0011,0.1734,1274.72,17.6555,10.3323,53.17,0.0000,0.00,0,0,0,1274.64,0,0.000,0.0000
2026-08-24T00:28:48.435706,1544.08,DONE,7.0622,23.4667,105.75,0.0000,0.0000,20.6660,0,0.0,0.0,0.0,0.0,0.000,0.7700,0.0011,0.1734,1275.72,17.6555,10.3323,53.17,0.0000,0.00,0,0,0,1275.64,0,0.000,0.0000
2026-08-24T00:28:49.435630,1545.08,DONE,7.0622,23.4667,105.75,0.0000,0.0000,20.6660,0,0.0,0.0,0.0,0.0,0.000,0.7700,0.0011,0.1734,1276.72,17.6555,10.3323,53.17,0.0000,0.00,0,0,0,1276.64,0,0.000,0.0000
2026-08-24T00:28:50.435855,1546.08,DONE,7.0622,23.4667,105.75,0.0000,0.0000,20.6660,0,0.0,0.0,0.0,0.0,0.000,0.7700,0.0011,0.1734,1277.72,17.6555,10.3323,53.17,0.0000,0.00,0,0,0,1277.64,0,0.000,0.0000
2026-08-24T00:28:51.435874,1547.08,DONE,7.0622,23.4667,105.75,0.0000,0.0000,20.6660,0,0.0,0.0,0.0,0.0,0.000,0.7700,0.0011,0.1734,1278.72,17.6555,10.3323,53.17,0.0000,0.00,0,0,0,1278.64,0,0.000,0.0000
2026-08-24T00:28:52.435722,1548.08,DONE,7.0622,23.4667,105.75,0.0000,0.0000,20.6660,0,0.0,0.0,0.0,0.0,0.000,0.7700,0.0011,0.1734,1279.72,17.6555,10.3323,53.17,0.0000,0.00,0,0,0,1279.64,0,0.000,0.0000
2026-08-24T00:28:53.435577,1549.08,DONE,7.0622,23.4667,105.75,0.0000,0.0000,20.6660,0,0.0,0.0,0.0,0.0,0.000,0.7700,0.0011,0.1734,1280.72,17.6555,10.3323,53.17,0.0000,0.00,0,0,0,1280.64,0,0.000,0.0000
2026-08-24T00:28:54.435874,1550.08,DONE,7.0622,23.4667,105.75,0.0000,0.0000,20.6660,0,0.0,0.0,0.0,0.0,0.000,0.7700,0.0011,0.1734,1281.72,17.6555,10.3323,53.17,0.0000,0.00,0,0,0,1281.64,0,0.000,0.0000
2026-08-24T00:28:55.435732,1551.08,DONE,7.0622,23.4667,105.75,0.0000,0.0000,20.6660,0,0.0,0.0,0.0,0.0,0.000,0.7700,0.0011,0.1734,1282.72,17.6555,10.3323,53.17,0.0000,0.00,0,0,0,1282.64,0,0.000,0.0000
2026-08-24T00:28:56.435634,1552.08,DONE,7.0622,23.4667,105.75,0.0000,0.0000,20.6660,0,0.0,0.0,0.0,0.0,0.000,0.7700,0.0011,0.1734,1283.72,17.6555,10.3323,53.17,0.0000,0.00,0,0,0,1283.64,0,0.000,0.0000
2026-08-24T00:28:57.435605,1553.08,DONE,7.0622,23.4667,105.75,0.0000,0.0000,20.6660,0,0.0,0.0,0.0,0.0,0.000,0.7700,0.0011,0.1734,1284.72,17.6555,10.3323,53.17,0.0000,0.00,0,0,0,1284.64,0,0.000,0.0000
2026-08-24T00:28:58.436107,1554.08,DONE,7.0622,23.4667,105.75,0.0000,0.0000,20.6660,0,0.0,0.0,0.0,0.0,0.000,0.7700,0.0011,0.1734,1285.72,17.6555,10.3323,53.17,0.0000,0.00,0,0,0,1285.64,0,0.000,0.0000
2026-08-24T00:28:59.435684,1555.08,DONE,7.0622,23.4667,105.75,0.0000,0.0000,20.6660,0,0.0,0.0,0.0,0.0,0.000,0.7700,0.0011,0.1734,1286.72,17.6555,10.3323,53.17,0.0000,0.00,0,0,0,1286.64,0,0.000,0.0000
2026-08-24T00:29:00.435604,1556.08,DONE,7.0622,23.4667,105.75,0.0000,0.0000,20.6660,0,0.0,0.0,0.0,0.0,0.000,0.7700,0.0011,0.1734,1287.72,17.6555,10.3323,53.17,0.0000,0.00,0,0,0,1287.64,0,0.000,0.0000
2026-08-24T00:29:01.435641,1557.08,DONE,7.0622,23.4667,105.75,0.0000,0.0000,20.6660,0,0.0,0.0,0.0,0.0,0.000,0.7700,0.0011,0.1734,1288.72,17.6555,10.3323,53.17,0.0000,0.00,0,0,0,1288.64,0,0.000,0.0000
2026-08-24T00:29:02.435740,1558.08,DONE,7.0622,23.4667,105.75,0.0000,0.0000,20.6660,0,0.0,0.0,0.0,0.0,0.000,0.7700,0.0011,0.1734,1289.72,17.6555,10.3323,53.17,0.0000,0.00,0,0,0,1289.64,0,0.000,0.0000
2026-08-24T00:29:03.436222,1559.08,DONE,7.0622,23.4667,105.75,0.0000,0.0000,20.6660,0,0.0,0.0,0.0,0.0,0.000,0.7700,0.0011,0.1734,1290.72,17.6555,10.3323,53.17,0.0000,0.00,0,0,0,1290.64,0,0.000,0.0000
2026-08-24T00:29:04.437385,1560.08,DONE,7.0622,23.4667,105.75,0.0000,0.0000,20.6660,0,0.0,0.0,0.0,0.0,0.000,0.7700,0.0011,0.1734,1291.72,17.6555,10.3323,53.17,0.0000,0.00,0,0,0,1291.64,0,0.000,0.0000
2026-08-24T00:29:05.435944,1561.08,DONE,7.0622,23.4667,105.75,0.0000,0.0000,20.6660,0,0.0,0.0,0.0,0.0,0.000,0.7700,0.0011,0.1734,1292.72,17.6555,10.3323,53.17,0.0000,0.00,0,0,0,1292.64,0,0.000,0.0000
2026-08-24T00:29:06.435623,1562.08,DONE,7.0622,23.4667,105.75,0.0000,0.0000,20.6660,0,0.0,0.0,0.0,0.0,0.000,0.7700,0.0011,0.1734,1293.72,17.6555,10.3323,53.17,0.0000,0.00,0,0,0,1293.64,0,0.000,0.0000
2026-08-24T00:29:07.435604,1563.08,DONE,7.0622,23.4667,105.75,0.0000,0.0000,20.6660,0,0.0,0.0,0.0,0.0,0.000,0.7700,0.0011,0.1734,1294.72,17.6555,10.3323,53.17,0.0000,0.00,0,0,0,1294.64,0,0.000,0.0000
2026-08-24T00:29:08.436038,1564.08,DONE,7.0622,23.4667,105.75,0.0000,0.0000,20.6660,0,0.0,0.0,0.0,0.0,0.000,0.7700,0.0011,0.1734,1295.72,17.6555,10.3323,53.17,0.0000,0.00,0,0,0,1295.64,0,0.000,0.0000
2026-08-24T00:29:09.435526,1565.08,DONE,7.0622,23.4667,105.75,0.0000,0.0000,20.6660,0,0.0,0.0,0.0,0.0,0.000,0.7700,0.0011,0.1734,1296.72,17.6555,10.3323,53.17,0.0000,0.00,0,0,0,1296.64,0,0.000,0.0000
2026-08-24T00:29:10.435616,1566.08,DONE,7.0622,23.4667,105.75,0.0000,0.0000,20.6660,0,0.0,0.0,0.0,0.0,0.000,0.7700,0.0011,0.1734,1297.72,17.6555,10.3323,53.17,0.0000,0.00,0,0,0,1297.64,0,0.000,0.0000
2026-08-24T00:29:11.435705,1567.08,DONE,7.0622,23.4667,105.75,0.0000,0.0000,20.6660,0,0.0,0.0,0.0,0.0,0.000,0.7700,0.0011,0.1734,1298.72,17.6555,10.3323,53.17,0.0000,0.00,0,0,0,1298.64,0,0.000,0.0000
2026-08-24T00:29:12.435749,1568.08,DONE,7.0622,23.4667,105.75,0.0000,0.0000,20.6660,0,0.0,0.0,0.0,0.0,0.000,0.7700,0.0011,0.1734,1299.72,17.6555,10.3323,53.17,0.0000,0.00,0,0,0,1299.64,0,0.000,0.0000
2026-08-24T00:29:13.435853,1569.08,DONE,7.0622,23.4667,105.75,0.0000,0.0000,20.6660,0,0.0,0.0,0.0,0.0,0.000,0.7700,0.0011,0.1734,1300.72,17.6555,10.3323,53.17,0.0000,0.00,0,0,0,1300.64,0,0.000,0.0000
2026-08-24T00:29:14.435567,1570.08,DONE,7.0622,23.4667,105.75,0.0000,0.0000,20.6660,0,0.0,0.0,0.0,0.0,0.000,0.7700,0.0011,0.1734,1301.72,17.6555,10.3323,53.17,0.0000,0.00,0,0,0,1301.64,0,0.000,0.0000
2026-08-24T00:29:15.435538,1571.08,DONE,7.0622,23.4667,105.75,0.0000,0.0000,20.6660,0,0.0,0.0,0.0,0.0,0.000,0.7700,0.0011,0.1734,1302.72,17.6555,10.3323,53.17,0.0000,0.00,0,0,0,1302.64,0,0.000,0.0000
2026-08-24T00:29:16.435741,1572.08,DONE,7.0622,23.4667,105.75,0.0000,0.0000,20.6660,0,0.0,0.0,0.0,0.0,0.000,0.7700,0.0011,0.1734,1303.72,17.6555,10.3323,53.17,0.0000,0.00,0,0,0,1303.64,0,0.000,0.0000
2026-08-24T00:29:17.435705,1573.08,DONE,7.0622,23.4667,105.75,0.0000,0.0000,20.6660,0,0.0,0.0,0.0,0.0,0.000,0.7700,0.0011,0.1734,1304.72,17.6555,10.3323,53.17,0.0000,0.00,0,0,0,1304.64,0,0.000,0.0000
2026-08-24T00:29:18.435818,1574.08,DONE,7.0622,23.4667,105.75,0.0000,0.0000,20.6660,0,0.0,0.0,0.0,0.0,0.000,0.7700,0.0011,0.1734,1305.72,17.6555,10.3323,53.17,0.0000,0.00,0,0,0,1305.64,0,0.000,0.0000
2026-08-24T00:29:19.435529,1575.08,DONE,7.0622,23.4667,105.75,0.0000,0.0000,20.6660,0,0.0,0.0,0.0,0.0,0.000,0.7700,0.0011,0.1734,1306.72,17.6555,10.3323,53.17,0.0000,0.00,0,0,0,1306.64,0,0.000,0.0000
2026-08-24T00:29:20.436054,1576.08,DONE,7.0622,23.4667,105.75,0.0000,0.0000,20.6660,0,0.0,0.0,0.0,0.0,0.000,0.7700,0.0011,0.1734,1307.72,17.6555,10.3323,53.17,0.0000,0.00,0,0,0,1307.64,0,0.000,0.0000
2026-08-24T00:29:21.435654,1577.08,DONE,7.0622,23.4667,105.75,0.0000,0.0000,20.6660,0,0.0,0.0,0.0,0.0,0.000,0.7700,0.0011,0.1734,1308.72,17.6555,10.3323,53.17,0.0000,0.00,0,0,0,1308.64,0,0.000,0.0000
2026-08-24T00:29:22.435872,1578.08,DONE,7.0622,23.4667,105.75,0.0000,0.0000,20.6660,0,0.0,0.0,0.0,0.0,0.000,0.7700,0.0011,0.1734,1309.72,17.6555,10.3323,53.17,0.0000,0.00,0,0,0,1309.64,0,0.000,0.0000
2026-08-24T00:29:23.435492,1579.08,DONE,7.0622,23.4667,105.75,0.0000,0.0000,20.6660,0,0.0,0.0,0.0,0.0,0.000,0.7700,0.0011,0.1734,1310.72,17.6555,10.3323,53.17,0.0000,0.00,0,0,0,1310.64,0,0.000,0.0000
2026-08-24T00:29:24.435753,1580.08,DONE,7.0622,23.4667,105.75,0.0000,0.0000,20.6660,0,0.0,0.0,0.0,0.0,0.000,0.7700,0.0011,0.1734,1311.72,17.6555,10.3323,53.17,0.0000,0.00,0,0,0,1311.64,0,0.000,0.0000
2026-08-24T00:29:25.436028,1581.08,DONE,7.0622,23.4667,105.75,0.0000,0.0000,20.6660,0,0.0,0.0,0.0,0.0,0.000,0.7700,0.0011,0.1734,1312.72,17.6555,10.3323,53.17,0.0000,0.00,0,0,0,1312.64,0,0.000,0.0000
2026-08-24T00:29:26.435527,1582.08,DONE,7.0622,23.4667,105.75,0.0000,0.0000,20.6660,0,0.0,0.0,0.0,0.0,0.000,0.7700,0.0011,0.1734,1313.72,17.6555,10.3323,53.17,0.0000,0.00,0,0,0,1313.64,0,0.000,0.0000
2026-08-24T00:29:27.435771,1583.08,DONE,7.0622,23.4667,105.75,0.0000,0.0000,20.6660,0,0.0,0.0,0.0,0.0,0.000,0.7700,0.0011,0.1734,1314.72,17.6555,10.3323,53.17,0.0000,0.00,0,0,0,1314.64,0,0.000,0.0000
2026-08-24T00:29:28.435667,1584.08,DONE,7.0622,23.4667,105.75,0.0000,0.0000,20.6660,0,0.0,0.0,0.0,0.0,0.000,0.7700,0.0011,0.1734,1315.72,17.6555,10.3323,53.17,0.0000,0.00,0,0,0,1315.64,0,0.000,0.0000
2026-08-24T00:29:29.435841,1585.08,DONE,7.0622,23.4667,105.75,0.0000,0.0000,20.6660,0,0.0,0.0,0.0,0.0,0.000,0.7700,0.0011,0.1734,1316.72,17.6555,10.3323,53.17,0.0000,0.00,0,0,0,1316.64,0,0.000,0.0000
2026-08-24T00:29:30.435490,1586.08,DONE,7.0622,23.4667,105.75,0.0000,0.0000,20.6660,0,0.0,0.0,0.0,0.0,0.000,0.7700,0.0011,0.1734,1317.72,17.6555,10.3323,53.17,0.0000,0.00,0,0,0,1317.64,0,0.000,0.0000
2026-08-24T00:29:31.435617,1587.08,DONE,7.0622,23.4667,105.75,0.0000,0.0000,20.6660,0,0.0,0.0,0.0,0.0,0.000,0.7700,0.0011,0.1734,1318.72,17.6555,10.3323,53.17,0.0000,0.00,0,0,0,1318.64,0,0.000,0.0000
2026-08-24T00:29:32.435652,1588.08,DONE,7.0622,23.4667,105.75,0.0000,0.0000,20.6660,0,0.0,0.0,0.0,0.0,0.000,0.7700,0.0011,0.1734,1319.72,17.6555,10.3323,53.17,0.0000,0.00,0,0,0,1319.64,0,0.000,0.0000
2026-08-24T00:29:33.436340,1589.08,DONE,7.0622,23.4667,105.75,0.0000,0.0000,20.6660,0,0.0,0.0,0.0,0.0,0.000,0.7700,0.0011,0.1734,1320.72,17.6555,10.3323,53.17,0.0000,0.00,0,0,0,1320.64,0,0.000,0.0000
2026-08-24T00:29:34.435764,1590.08,DONE,7.0622,23.4667,105.75,0.0000,0.0000,20.6660,0,0.0,0.0,0.0,0.0,0.000,0.7700,0.0011,0.1734,1321.72,17.6555,10.3323,53.17,0.0000,0.00,0,0,0,1321.64,0,0.000,0.0000
2026-08-24T00:29:35.435668,1591.08,DONE,7.0622,23.4667,105.75,0.0000,0.0000,20.6660,0,0.0,0.0,0.0,0.0,0.000,0.7700,0.0011,0.1734,1322.72,17.6555,10.3323,53.17,0.0000,0.00,0,0,0,1322.64,0,0.000,0.0000
2026-08-24T00:29:36.436111,1592.08,DONE,7.0622,23.4667,105.75,0.0000,0.0000,20.6660,0,0.0,0.0,0.0,0.0,0.000,0.7700,0.0011,0.1734,1323.72,17.6555,10.3323,53.17,0.0000,0.00,0,0,0,1323.64,0,0.000,0.0000
2026-08-24T00:29:37.435859,1593.08,DONE,7.0622,23.4667,105.75,0.0000,0.0000,20.6660,0,0.0,0.0,0.0,0.0,0.000,0.7700,0.0011,0.1734,1324.72,17.6555,10.3323,53.17,0.0000,0.00,0,0,0,1324.64,0,0.000,0.0000
2026-08-24T00:29:38.435640,1594.08,DONE,7.0622,23.4667,105.75,0.0000,0.0000,20.6660,0,0.0,0.0,0.0,0.0,0.000,0.7700,0.0011,0.1734,1325.72,17.6555,10.3323,53.17,0.0000,0.00,0,0,0,1325.64,0,0.000,0.0000
2026-08-24T00:29:39.436039,1595.08,DONE,7.0622,23.4667,105.75,0.0000,0.0000,20.6660,0,0.0,0.0,0.0,0.0,0.000,0.7700,0.0011,0.1734,1326.72,17.6555,10.3323,53.17,0.0000,0.00,0,0,0,1326.64,0,0.000,0.0000
2026-08-24T00:29:40.436081,1596.08,DONE,7.0622,23.4667,105.75,0.0000,0.0000,20.6660,0,0.0,0.0,0.0,0.0,0.000,0.7700,0.0011,0.1734,1327.72,17.6555,10.3323,53.17,0.0000,0.00,0,0,0,1327.64,0,0.000,0.0000
2026-08-24T00:29:41.436269,1597.08,DONE,7.0622,23.4667,105.75,0.0000,0.0000,20.6660,0,0.0,0.0,0.0,0.0,0.000,0.7700,0.0011,0.1734,1328.72,17.6555,10.3323,53.17,0.0000,0.00,0,0,0,1328.64,0,0.000,0.0000
2026-08-24T00:29:42.435884,1598.08,DONE,7.0622,23.4667,105.75,0.0000,0.0000,20.6660,0,0.0,0.0,0.0,0.0,0.000,0.7700,0.0011,0.1734,1329.72,17.6555,10.3323,53.17,0.0000,0.00,0,0,0,1329.64,0,0.000,0.0000
2026-08-24T00:29:43.435952,1599.08,DONE,7.0622,23.4667,105.75,0.0000,0.0000,20.6660,0,0.0,0.0,0.0,0.0,0.000,0.7700,0.0011,0.1734,1330.72,17.6555,10.3323,53.17,0.0000,0.00,0,0,0,1330.64,0,0.000,0.0000
2026-08-24T00:29:44.435945,1600.08,DONE,7.0622,23.4667,105.75,0.0000,0.0000,20.6660,0,0.0,0.0,0.0,0.0,0.000,0.7700,0.0011,0.1734,1331.72,17.6555,10.3323,53.17,0.0000,0.00,0,0,0,1331.64,0,0.000,0.0000
2026-08-24T00:29:45.435699,1601.08,DONE,7.0622,23.4667,105.75,0.0000,0.0000,20.6660,0,0.0,0.0,0.0,0.0,0.000,0.7700,0.0011,0.1734,1332.72,17.6555,10.3323,53.17,0.0000,0.00,0,0,0,1332.64,0,0.000,0.0000
2026-08-24T00:29:46.435599,1602.08,DONE,7.0622,23.4667,105.75,0.0000,0.0000,20.6660,0,0.0,0.0,0.0,0.0,0.000,0.7700,0.0011,0.1734,1333.72,17.6555,10.3323,53.17,0.0000,0.00,0,0,0,1333.64,0,0.000,0.0000
2026-08-24T00:29:47.435877,1603.08,DONE,7.0622,23.4667,105.75,0.0000,0.0000,20.6660,0,0.0,0.0,0.0,0.0,0.000,0.7700,0.0011,0.1734,1334.72,17.6555,10.3323,53.17,0.0000,0.00,0,0,0,1334.64,0,0.000,0.0000
2026-08-24T00:29:48.435623,1604.08,DONE,7.0622,23.4667,105.75,0.0000,0.0000,20.6660,0,0.0,0.0,0.0,0.0,0.000,0.7700,0.0011,0.1734,1335.72,17.6555,10.3323,53.17,0.0000,0.00,0,0,0,1335.64,0,0.000,0.0000
2026-08-24T00:29:49.435481,1605.08,DONE,7.0622,23.4667,105.75,0.0000,0.0000,20.6660,0,0.0,0.0,0.0,0.0,0.000,0.7700,0.0011,0.1734,1336.72,17.6555,10.3323,53.17,0.0000,0.00,0,0,0,1336.64,0,0.000,0.0000
2026-08-24T00:29:50.436086,1606.08,DONE,7.0622,23.4667,105.75,0.0000,0.0000,20.6660,0,0.0,0.0,0.0,0.0,0.000,0.7700,0.0011,0.1734,1337.72,17.6555,10.3323,53.17,0.0000,0.00,0,0,0,1337.64,0,0.000,0.0000
2026-08-24T00:29:51.435570,1607.08,DONE,7.0622,23.4667,105.75,0.0000,0.0000,20.6660,0,0.0,0.0,0.0,0.0,0.000,0.7700,0.0011,0.1734,1338.72,17.6555,10.3323,53.17,0.0000,0.00,0,0,0,1338.64,0,0.000,0.0000
2026-08-24T00:29:52.436317,1608.08,DONE,7.0622,23.4667,105.75,0.0000,0.0000,20.6660,0,0.0,0.0,0.0,0.0,0.000,0.7700,0.0011,0.1734,1339.72,17.6555,10.3323,53.17,0.0000,0.00,0,0,0,1339.64,0,0.000,0.0000
2026-08-24T00:29:53.435538,1609.08,DONE,7.0622,23.4667,105.75,0.0000,0.0000,20.6660,0,0.0,0.0,0.0,0.0,0.000,0.7700,0.0011,0.1734,1340.72,17.6555,10.3323,53.17,0.0000,0.00,0,0,0,1340.64,0,0.000,0.0000
2026-08-24T00:29:54.435686,1610.08,DONE,7.0622,23.4667,105.75,0.0000,0.0000,20.6660,0,0.0,0.0,0.0,0.0,0.000,0.7700,0.0011,0.1734,1341.72,17.6555,10.3323,53.17,0.0000,0.00,0,0,0,1341.64,0,0.000,0.0000
2026-08-24T00:29:55.435661,1611.08,DONE,7.0622,23.4667,105.75,0.0000,0.0000,20.6660,0,0.0,0.0,0.0,0.0,0.000,0.7700,0.0011,0.1734,1342.72,17.6555,10.3323,53.17,0.0000,0.00,0,0,0,1342.64,0,0.000,0.0000
2026-08-24T00:29:56.435568,1612.08,DONE,7.0622,23.4667,105.75,0.0000,0.0000,20.6660,0,0.0,0.0,0.0,0.0,0.000,0.7700,0.0011,0.1734,1343.72,17.6555,10.3323,53.17,0.0000,0.00,0,0,0,1343.64,0,0.000,0.0000
2026-08-24T00:29:57.435716,1613.08,DONE,7.0622,23.4667,105.75,0.0000,0.0000,20.6660,0,0.0,0.0,0.0,0.0,0.000,0.7700,0.0011,0.1734,1344.72,17.6555,10.3323,53.17,0.0000,0.00,0,0,0,1344.64,0,0.000,0.0000
2026-08-24T00:29:58.436171,1614.08,DONE,7.0622,23.4667,105.75,0.0000,0.0000,20.6660,0,0.0,0.0,0.0,0.0,0.000,0.7700,0.0011,0.1734,1345.72,17.6555,10.3323,53.17,0.0000,0.00,0,0,0,1345.64,0,0.000,0.0000
2026-08-24T00:29:59.435831,1615.08,DONE,7.0622,23.4667,105.75,0.0000,0.0000,20.6660,0,0.0,0.0,0.0,0.0,0.000,0.7700,0.0011,0.1734,1346.72,17.6555,10.3323,53.17,0.0000,0.00,0,0,0,1346.64,0,0.000,0.0000
2026-08-24T00:30:00.435870,1616.08,DONE,7.0622,23.4667,105.75,0.0000,0.0000,20.6660,0,0.0,0.0,0.0,0.0,0.000,0.7700,0.0011,0.1734,1347.72,17.6555,10.3323,53.17,0.0000,0.00,0,0,0,1347.64,0,0.000,0.0000
2026-08-24T00:30:01.438266,1617.08,DONE,7.0622,23.4667,105.75,0.0000,0.0000,20.6660,0,0.0,0.0,0.0,0.0,0.000,0.7700,0.0011,0.1734,1348.73,17.6555,10.3323,53.17,0.0000,0.00,0,0,0,1348.64,0,0.000,0.0000
2026-08-24T00:30:02.435538,1618.08,DONE,7.0622,23.4667,105.75,0.0000,0.0000,20.6660,0,0.0,0.0,0.0,0.0,0.000,0.7700,0.0011,0.1734,1349.72,17.6555,10.3323,53.17,0.0000,0.00,0,0,0,1349.64,0,0.000,0.0000
2026-08-24T00:30:03.435690,1619.08,DONE,7.0622,23.4667,105.75,0.0000,0.0000,20.6660,0,0.0,0.0,0.0,0.0,0.000,0.7700,0.0011,0.1734,1350.72,17.6555,10.3323,53.17,0.0000,0.00,0,0,0,1350.64,0,0.000,0.0000
2026-08-24T00:30:04.435973,1620.08,DONE,7.0622,23.4667,105.75,0.0000,0.0000,20.6660,0,0.0,0.0,0.0,0.0,0.000,0.7700,0.0011,0.1734,1351.72,17.6555,10.3323,53.17,0.0000,0.00,0,0,0,1351.64,0,0.000,0.0000
2026-08-24T00:30:05.436097,1621.08,DONE,7.0622,23.4667,105.75,0.0000,0.0000,20.6660,0,0.0,0.0,0.0,0.0,0.000,0.7700,0.0011,0.1734,1352.72,17.6555,10.3323,53.17,0.0000,0.00,0,0,0,1352.64,0,0.000,0.0000
2026-08-24T00:30:06.435819,1622.08,DONE,7.0622,23.4667,105.75,0.0000,0.0000,20.6660,0,0.0,0.0,0.0,0.0,0.000,0.7700,0.0011,0.1734,1353.72,17.6555,10.3323,53.17,0.0000,0.00,0,0,0,1353.64,0,0.000,0.0000
2026-08-24T00:30:07.435689,1623.08,DONE,7.0622,23.4667,105.75,0.0000,0.0000,20.6660,0,0.0,0.0,0.0,0.0,0.000,0.7700,0.0011,0.1734,1354.72,17.6555,10.3323,53.17,0.0000,0.00,0,0,0,1354.64,0,0.000,0.0000
2026-08-24T00:30:08.435487,1624.08,DONE,7.0622,23.4667,105.75,0.0000,0.0000,20.6660,0,0.0,0.0,0.0,0.0,0.000,0.7700,0.0011,0.1734,1355.72,17.6555,10.3323,53.17,0.0000,0.00,0,0,0,1355.64,0,0.000,0.0000
2026-08-24T00:30:09.435639,1625.08,DONE,7.0622,23.4667,105.75,0.0000,0.0000,20.6660,0,0.0,0.0,0.0,0.0,0.000,0.7700,0.0011,0.1734,1356.72,17.6555,10.3323,53.17,0.0000,0.00,0,0,0,1356.64,0,0.000,0.0000
2026-08-24T00:30:10.435829,1626.08,DONE,7.0622,23.4667,105.75,0.0000,0.0000,20.6660,0,0.0,0.0,0.0,0.0,0.000,0.7700,0.0011,0.1734,1357.72,17.6555,10.3323,53.17,0.0000,0.00,0,0,0,1357.64,0,0.000,0.0000
2026-08-24T00:30:11.435598,1627.08,DONE,7.0622,23.4667,105.75,0.0000,0.0000,20.6660,0,0.0,0.0,0.0,0.0,0.000,0.7700,0.0011,0.1734,1358.72,17.6555,10.3323,53.17,0.0000,0.00,0,0,0,1358.64,0,0.000,0.0000
2026-08-24T00:30:12.435661,1628.08,DONE,7.0622,23.4667,105.75,0.0000,0.0000,20.6660,0,0.0,0.0,0.0,0.0,0.000,0.7700,0.0011,0.1734,1359.72,17.6555,10.3323,53.17,0.0000,0.00,0,0,0,1359.64,0,0.000,0.0000
2026-08-24T00:30:13.435804,1629.08,DONE,7.0622,23.4667,105.75,0.0000,0.0000,20.6660,0,0.0,0.0,0.0,0.0,0.000,0.7700,0.0011,0.1734,1360.72,17.6555,10.3323,53.17,0.0000,0.00,0,0,0,1360.64,0,0.000,0.0000
2026-08-24T00:30:14.436285,1630.08,DONE,7.0622,23.4667,105.75,0.0000,0.0000,20.6660,0,0.0,0.0,0.0,0.0,0.000,0.7700,0.0011,0.1734,1361.72,17.6555,10.3323,53.17,0.0000,0.00,0,0,0,1361.64,0,0.000,0.0000
2026-08-24T00:30:15.435718,1631.08,DONE,7.0622,23.4667,105.75,0.0000,0.0000,20.6660,0,0.0,0.0,0.0,0.0,0.000,0.7700,0.0011,0.1734,1362.72,17.6555,10.3323,53.17,0.0000,0.00,0,0,0,1362.64,0,0.000,0.0000
2026-08-24T00:30:16.436202,1632.08,DONE,7.0622,23.4667,105.75,0.0000,0.0000,20.6660,0,0.0,0.0,0.0,0.0,0.000,0.7700,0.0011,0.1734,1363.72,17.6555,10.3323,53.17,0.0000,0.00,0,0,0,1363.64,0,0.000,0.0000
2026-08-24T00:30:17.435689,1633.08,DONE,7.0622,23.4667,105.75,0.0000,0.0000,20.6660,0,0.0,0.0,0.0,0.0,0.000,0.7700,0.0011,0.1734,1364.72,17.6555,10.3323,53.17,0.0000,0.00,0,0,0,1364.64,0,0.000,0.0000
2026-08-24T00:30:18.435558,1634.08,DONE,7.0622,23.4667,105.75,0.0000,0.0000,20.6660,0,0.0,0.0,0.0,0.0,0.000,0.7700,0.0011,0.1734,1365.72,17.6555,10.3323,53.17,0.0000,0.00,0,0,0,1365.64,0,0.000,0.0000
2026-08-24T00:30:19.435636,1635.08,DONE,7.0622,23.4667,105.75,0.0000,0.0000,20.6660,0,0.0,0.0,0.0,0.0,0.000,0.7700,0.0011,0.1734,1366.72,17.6555,10.3323,53.17,0.0000,0.00,0,0,0,1366.64,0,0.000,0.0000
2026-08-24T00:30:20.435960,1636.08,DONE,7.0622,23.4667,105.75,0.0000,0.0000,20.6660,0,0.0,0.0,0.0,0.0,0.000,0.7700,0.0011,0.1734,1367.72,17.6555,10.3323,53.17,0.0000,0.00,0,0,0,1367.64,0,0.000,0.0000
2026-08-24T00:30:21.435632,1637.08,DONE,7.0622,23.4667,105.75,0.0000,0.0000,20.6660,0,0.0,0.0,0.0,0.0,0.000,0.7700,0.0011,0.1734,1368.72,17.6555,10.3323,53.17,0.0000,0.00,0,0,0,1368.64,0,0.000,0.0000
2026-08-24T00:30:22.435690,1638.08,DONE,7.0622,23.4667,105.75,0.0000,0.0000,20.6660,0,0.0,0.0,0.0,0.0,0.000,0.7700,0.0011,0.1734,1369.72,17.6555,10.3323,53.17,0.0000,0.00,0,0,0,1369.64,0,0.000,0.0000
2026-08-24T00:30:23.435909,1639.08,DONE,7.0622,23.4667,105.75,0.0000,0.0000,20.6660,0,0.0,0.0,0.0,0.0,0.000,0.7700,0.0011,0.1734,1370.72,17.6555,10.3323,53.17,0.0000,0.00,0,0,0,1370.64,0,0.000,0.0000
2026-08-24T00:30:24.436034,1640.08,DONE,7.0622,23.4667,105.75,0.0000,0.0000,20.6660,0,0.0,0.0,0.0,0.0,0.000,0.7700,0.0011,0.1734,1371.72,17.6555,10.3323,53.17,0.0000,0.00,0,0,0,1371.64,0,0.000,0.0000
2026-08-24T00:30:25.435754,1641.08,DONE,7.0622,23.4667,105.75,0.0000,0.0000,20.6660,0,0.0,0.0,0.0,0.0,0.000,0.7700,0.0011,0.1734,1372.72,17.6555,10.3323,53.17,0.0000,0.00,0,0,0,1372.64,0,0.000,0.0000
2026-08-24T00:30:26.435630,1642.08,DONE,7.0622,23.4667,105.75,0.0000,0.0000,20.6660,0,0.0,0.0,0.0,0.0,0.000,0.7700,0.0011,0.1734,1373.72,17.6555,10.3323,53.17,0.0000,0.00,0,0,0,1373.64,0,0.000,0.0000
2026-08-24T00:30:27.436074,1643.08,DONE,7.0622,23.4667,105.75,0.0000,0.0000,20.6660,0,0.0,0.0,0.0,0.0,0.000,0.7700,0.0011,0.1734,1374.72,17.6555,10.3323,53.17,0.0000,0.00,0,0,0,1374.64,0,0.000,0.0000
2026-08-24T00:30:28.435608,1644.08,DONE,7.0622,23.4667,105.75,0.0000,0.0000,20.6660,0,0.0,0.0,0.0,0.0,0.000,0.7700,0.0011,0.1734,1375.72,17.6555,10.3323,53.17,0.0000,0.00,0,0,0,1375.64,0,0.000,0.0000
2026-08-24T00:30:29.435787,1645.08,DONE,7.0622,23.4667,105.75,0.0000,0.0000,20.6660,0,0.0,0.0,0.0,0.0,0.000,0.7700,0.0011,0.1734,1376.72,17.6555,10.3323,53.17,0.0000,0.00,0,0,0,1376.64,0,0.000,0.0000
2026-08-24T00:30:30.435528,1646.08,DONE,7.0622,23.4667,105.75,0.0000,0.0000,20.6660,0,0.0,0.0,0.0,0.0,0.000,0.7700,0.0011,0.1734,1377.72,17.6555,10.3323,53.17,0.0000,0.00,0,0,0,1377.64,0,0.000,0.0000
2026-08-24T00:30:31.435544,1647.08,DONE,7.0622,23.4667,105.75,0.0000,0.0000,20.6660,0,0.0,0.0,0.0,0.0,0.000,0.7700,0.0011,0.1734,1378.72,17.6555,10.3323,53.17,0.0000,0.00,0,0,0,1378.64,0,0.000,0.0000
2026-08-24T00:30:32.435670,1648.08,DONE,7.0622,23.4667,105.75,0.0000,0.0000,20.6660,0,0.0,0.0,0.0,0.0,0.000,0.7700,0.0011,0.1734,1379.72,17.6555,10.3323,53.17,0.0000,0.00,0,0,0,1379.64,0,0.000,0.0000
2026-08-24T00:30:33.435595,1649.08,DONE,7.0622,23.4667,105.75,0.0000,0.0000,20.6660,0,0.0,0.0,0.0,0.0,0.000,0.7700,0.0011,0.1734,1380.72,17.6555,10.3323,53.17,0.0000,0.00,0,0,0,1380.64,0,0.000,0.0000
2026-08-24T00:30:34.435791,1650.08,DONE,7.0622,23.4667,105.75,0.0000,0.0000,20.6660,0,0.0,0.0,0.0,0.0,0.000,0.7700,0.0011,0.1734,1381.72,17.6555,10.3323,53.17,0.0000,0.00,0,0,0,1381.64,0,0.000,0.0000
2026-08-24T00:30:35.436348,1651.08,DONE,7.0622,23.4667,105.75,0.0000,0.0000,20.6660,0,0.0,0.0,0.0,0.0,0.000,0.7700,0.0011,0.1734,1382.72,17.6555,10.3323,53.17,0.0000,0.00,0,0,0,1382.64,0,0.000,0.0000
2026-08-24T00:30:36.436301,1652.08,DONE,7.0622,23.4667,105.75,0.0000,0.0000,20.6660,0,0.0,0.0,0.0,0.0,0.000,0.7700,0.0011,0.1734,1383.72,17.6555,10.3323,53.17,0.0000,0.00,0,0,0,1383.64,0,0.000,0.0000
2026-08-24T00:30:37.435631,1653.08,DONE,7.0622,23.4667,105.75,0.0000,0.0000,20.6660,0,0.0,0.0,0.0,0.0,0.000,0.7700,0.0011,0.1734,1384.72,17.6555,10.3323,53.17,0.0000,0.00,0,0,0,1384.64,0,0.000,0.0000
2026-08-24T00:30:38.439065,1654.08,DONE,7.0622,23.4667,105.75,0.0000,0.0000,20.6660,0,0.0,0.0,0.0,0.0,0.000,0.7700,0.0011,0.1734,1385.73,17.6555,10.3323,53.17,0.0000,0.00,0,0,0,1385.64,0,0.000,0.0000
2026-08-24T00:30:39.435557,1655.08,DONE,7.0622,23.4667,105.75,0.0000,0.0000,20.6660,0,0.0,0.0,0.0,0.0,0.000,0.7700,0.0011,0.1734,1386.72,17.6555,10.3323,53.17,0.0000,0.00,0,0,0,1386.64,0,0.000,0.0000
2026-08-24T00:30:40.435661,1656.08,DONE,7.0622,23.4667,105.75,0.0000,0.0000,20.6660,0,0.0,0.0,0.0,0.0,0.000,0.7700,0.0011,0.1734,1387.72,17.6555,10.3323,53.17,0.0000,0.00,0,0,0,1387.64,0,0.000,0.0000
2026-08-24T00:30:41.435627,1657.08,DONE,7.0622,23.4667,105.75,0.0000,0.0000,20.6660,0,0.0,0.0,0.0,0.0,0.000,0.7700,0.0011,0.1734,1388.72,17.6555,10.3323,53.17,0.0000,0.00,0,0,0,1388.64,0,0.000,0.0000
2026-08-24T00:30:42.435586,1658.08,DONE,7.0622,23.4667,105.75,0.0000,0.0000,20.6660,0,0.0,0.0,0.0,0.0,0.000,0.7700,0.0011,0.1734,1389.72,17.6555,10.3323,53.17,0.0000,0.00,0,0,0,1389.64,0,0.000,0.0000
2026-08-24T00:30:43.435561,1659.08,DONE,7.0622,23.4667,105.75,0.0000,0.0000,20.6660,0,0.0,0.0,0.0,0.0,0.000,0.7700,0.0011,0.1734,1390.72,17.6555,10.3323,53.17,0.0000,0.00,0,0,0,1390.64,0,0.000,0.0000
2026-08-24T00:30:44.435698,1660.08,DONE,7.0622,23.4667,105.75,0.0000,0.0000,20.6660,0,0.0,0.0,0.0,0.0,0.000,0.7700,0.0011,0.1734,1391.72,17.6555,10.3323,53.17,0.0000,0.00,0,0,0,1391.64,0,0.000,0.0000
2026-08-24T00:30:45.435716,1661.08,DONE,7.0622,23.4667,105.75,0.0000,0.0000,20.6660,0,0.0,0.0,0.0,0.0,0.000,0.7700,0.0011,0.1734,1392.72,17.6555,10.3323,53.17,0.0000,0.00,0,0,0,1392.64,0,0.000,0.0000
2026-08-24T00:30:46.435730,1662.08,DONE,7.0622,23.4667,105.75,0.0000,0.0000,20.6660,0,0.0,0.0,0.0,0.0,0.000,0.7700,0.0011,0.1734,1393.72,17.6555,10.3323,53.17,0.0000,0.00,0,0,0,1393.64,0,0.000,0.0000
2026-08-24T00:30:47.436011,1663.08,DONE,7.0622,23.4667,105.75,0.0000,0.0000,20.6660,0,0.0,0.0,0.0,0.0,0.000,0.7700,0.0011,0.1734,1394.72,17.6555,10.3323,53.17,0.0000,0.00,0,0,0,1394.64,0,0.000,0.0000
2026-08-24T00:30:48.435582,1664.08,DONE,7.0622,23.4667,105.75,0.0000,0.0000,20.6660,0,0.0,0.0,0.0,0.0,0.000,0.7700,0.0011,0.1734,1395.72,17.6555,10.3323,53.17,0.0000,0.00,0,0,0,1395.64,0,0.000,0.0000
2026-08-24T00:30:49.435601,1665.08,DONE,7.0622,23.4667,105.75,0.0000,0.0000,20.6660,0,0.0,0.0,0.0,0.0,0.000,0.7700,0.0011,0.1734,1396.72,17.6555,10.3323,53.17,0.0000,0.00,0,0,0,1396.64,0,0.000,0.0000
2026-08-24T00:30:50.435864,1666.08,DONE,7.0622,23.4667,105.75,0.0000,0.0000,20.6660,0,0.0,0.0,0.0,0.0,0.000,0.7700,0.0011,0.1734,1397.72,17.6555,10.3323,53.17,0.0000,0.00,0,0,0,1397.64,0,0.000,0.0000
2026-08-24T00:30:51.435551,1667.08,DONE,7.0622,23.4667,105.75,0.0000,0.0000,20.6660,0,0.0,0.0,0.0,0.0,0.000,0.7700,0.0011,0.1734,1398.72,17.6555,10.3323,53.17,0.0000,0.00,0,0,0,1398.64,0,0.000,0.0000
2026-08-24T00:30:52.435617,1668.08,DONE,7.0622,23.4667,105.75,0.0000,0.0000,20.6660,0,0.0,0.0,0.0,0.0,0.000,0.7700,0.0011,0.1734,1399.72,17.6555,10.3323,53.17,0.0000,0.00,0,0,0,1399.64,0,0.000,0.0000
2026-08-24T00:30:53.435624,1669.08,DONE,7.0622,23.4667,105.75,0.0000,0.0000,20.6660,0,0.0,0.0,0.0,0.0,0.000,0.7700,0.0011,0.1734,1400.72,17.6555,10.3323,53.17,0.0000,0.00,0,0,0,1400.64,0,0.000,0.0000
2026-08-24T00:30:54.435608,1670.08,DONE,7.0622,23.4667,105.75,0.0000,0.0000,20.6660,0,0.0,0.0,0.0,0.0,0.000,0.7700,0.0011,0.1734,1401.72,17.6555,10.3323,53.17,0.0000,0.00,0,0,0,1401.64,0,0.000,0.0000
2026-08-24T00:30:55.436951,1671.08,DONE,7.0622,23.4667,105.75,0.0000,0.0000,20.6660,0,0.0,0.0,0.0,0.0,0.000,0.7700,0.0011,0.1734,1402.72,17.6555,10.3323,53.17,0.0000,0.00,0,0,0,1402.64,0,0.000,0.0000
2026-08-24T00:30:56.435819,1672.08,DONE,7.0622,23.4667,105.75,0.0000,0.0000,20.6660,0,0.0,0.0,0.0,0.0,0.000,0.7700,0.0011,0.1734,1403.72,17.6555,10.3323,53.17,0.0000,0.00,0,0,0,1403.64,0,0.000,0.0000
2026-08-24T00:30:57.435743,1673.08,DONE,7.0622,23.4667,105.75,0.0000,0.0000,20.6660,0,0.0,0.0,0.0,0.0,0.000,0.7700,0.0011,0.1734,1404.72,17.6555,10.3323,53.17,0.0000,0.00,0,0,0,1404.64,0,0.000,0.0000
2026-08-24T00:30:58.435902,1674.08,DONE,7.0622,23.4667,105.75,0.0000,0.0000,20.6660,0,0.0,0.0,0.0,0.0,0.000,0.7700,0.0011,0.1734,1405.72,17.6555,10.3323,53.17,0.0000,0.00,0,0,0,1405.64,0,0.000,0.0000
2026-08-24T00:30:59.435571,1675.08,DONE,7.0622,23.4667,105.75,0.0000,0.0000,20.6660,0,0.0,0.0,0.0,0.0,0.000,0.7700,0.0011,0.1734,1406.72,17.6555,10.3323,53.17,0.0000,0.00,0,0,0,1406.64,0,0.000,0.0000
2026-08-24T00:31:00.435584,1676.08,DONE,7.0622,23.4667,105.75,0.0000,0.0000,20.6660,0,0.0,0.0,0.0,0.0,0.000,0.7700,0.0011,0.1734,1407.72,17.6555,10.3323,53.17,0.0000,0.00,0,0,0,1407.64,0,0.000,0.0000
2026-08-24T00:31:01.435855,1677.08,DONE,7.0622,23.4667,105.75,0.0000,0.0000,20.6660,0,0.0,0.0,0.0,0.0,0.000,0.7700,0.0011,0.1734,1408.72,17.6555,10.3323,53.17,0.0000,0.00,0,0,0,1408.64,0,0.000,0.0000
2026-08-24T00:31:02.435577,1678.08,DONE,7.0622,23.4667,105.75,0.0000,0.0000,20.6660,0,0.0,0.0,0.0,0.0,0.000,0.7700,0.0011,0.1734,1409.72,17.6555,10.3323,53.17,0.0000,0.00,0,0,0,1409.64,0,0.000,0.0000
2026-08-24T00:31:03.435585,1679.08,DONE,7.0622,23.4667,105.75,0.0000,0.0000,20.6660,0,0.0,0.0,0.0,0.0,0.000,0.7700,0.0011,0.1734,1410.72,17.6555,10.3323,53.17,0.0000,0.00,0,0,0,1410.64,0,0.000,0.0000
2026-08-24T00:31:04.435669,1680.08,DONE,7.0622,23.4667,105.75,0.0000,0.0000,20.6660,0,0.0,0.0,0.0,0.0,0.000,0.7700,0.0011,0.1734,1411.72,17.6555,10.3323,53.17,0.0000,0.00,0,0,0,1411.64,0,0.000,0.0000
2026-08-24T00:31:05.435812,1681.08,DONE,7.0622,23.4667,105.75,0.0000,0.0000,20.6660,0,0.0,0.0,0.0,0.0,0.000,0.7700,0.0011,0.1734,1412.72,17.6555,10.3323,53.17,0.0000,0.00,0,0,0,1412.64,0,0.000,0.0000
2026-08-24T00:31:06.435759,1682.08,DONE,7.0622,23.4667,105.75,0.0000,0.0000,20.6660,0,0.0,0.0,0.0,0.0,0.000,0.7700,0.0011,0.1734,1413.72,17.6555,10.3323,53.17,0.0000,0.00,0,0,0,1413.64,0,0.000,0.0000
2026-08-24T00:31:07.436039,1683.08,DONE,7.0622,23.4667,105.75,0.0000,0.0000,20.6660,0,0.0,0.0,0.0,0.0,0.000,0.7700,0.0011,0.1734,1414.72,17.6555,10.3323,53.17,0.0000,0.00,0,0,0,1414.64,0,0.000,0.0000
2026-08-24T00:31:08.435660,1684.08,DONE,7.0622,23.4667,105.75,0.0000,0.0000,20.6660,0,0.0,0.0,0.0,0.0,0.000,0.7700,0.0011,0.1734,1415.72,17.6555,10.3323,53.17,0.0000,0.00,0,0,0,1415.64,0,0.000,0.0000
2026-08-24T00:31:09.435596,1685.08,DONE,7.0622,23.4667,105.75,0.0000,0.0000,20.6660,0,0.0,0.0,0.0,0.0,0.000,0.7700,0.0011,0.1734,1416.72,17.6555,10.3323,53.17,0.0000,0.00,0,0,0,1416.64,0,0.000,0.0000
2026-08-24T00:31:10.436759,1686.08,DONE,7.0622,23.4667,105.75,0.0000,0.0000,20.6660,0,0.0,0.0,0.0,0.0,0.000,0.7700,0.0011,0.1734,1417.72,17.6555,10.3323,53.17,0.0000,0.00,0,0,0,1417.64,0,0.000,0.0000
2026-08-24T00:31:11.435570,1687.08,DONE,7.0622,23.4667,105.75,0.0000,0.0000,20.6660,0,0.0,0.0,0.0,0.0,0.000,0.7700,0.0011,0.1734,1418.72,17.6555,10.3323,53.17,0.0000,0.00,0,0,0,1418.64,0,0.000,0.0000
2026-08-24T00:31:12.435524,1688.08,DONE,7.0622,23.4667,105.75,0.0000,0.0000,20.6660,0,0.0,0.0,0.0,0.0,0.000,0.7700,0.0011,0.1734,1419.72,17.6555,10.3323,53.17,0.0000,0.00,0,0,0,1419.64,0,0.000,0.0000
2026-08-24T00:31:13.435744,1689.08,DONE,7.0622,23.4667,105.75,0.0000,0.0000,20.6660,0,0.0,0.0,0.0,0.0,0.000,0.7700,0.0011,0.1734,1420.72,17.6555,10.3323,53.17,0.0000,0.00,0,0,0,1420.64,0,0.000,0.0000
2026-08-24T00:31:14.435803,1690.08,DONE,7.0622,23.4667,105.75,0.0000,0.0000,20.6660,0,0.0,0.0,0.0,0.0,0.000,0.7700,0.0011,0.1734,1421.72,17.6555,10.3323,53.17,0.0000,0.00,0,0,0,1421.64,0,0.000,0.0000
2026-08-24T00:31:15.435507,1691.08,DONE,7.0622,23.4667,105.75,0.0000,0.0000,20.6660,0,0.0,0.0,0.0,0.0,0.000,0.7700,0.0011,0.1734,1422.72,17.6555,10.3323,53.17,0.0000,0.00,0,0,0,1422.64,0,0.000,0.0000
2026-08-24T00:31:16.436564,1692.08,DONE,7.0622,23.4667,105.75,0.0000,0.0000,20.6660,0,0.0,0.0,0.0,0.0,0.000,0.7700,0.0011,0.1734,1423.72,17.6555,10.3323,53.17,0.0000,0.00,0,0,0,1423.64,0,0.000,0.0000
2026-08-24T00:31:17.435635,1693.08,DONE,7.0622,23.4667,105.75,0.0000,0.0000,20.6660,0,0.0,0.0,0.0,0.0,0.000,0.7700,0.0011,0.1734,1424.72,17.6555,10.3323,53.17,0.0000,0.00,0,0,0,1424.64,0,0.000,0.0000
2026-08-24T00:31:18.435763,1694.08,DONE,7.0622,23.4667,105.75,0.0000,0.0000,20.6660,0,0.0,0.0,0.0,0.0,0.000,0.7700,0.0011,0.1734,1425.72,17.6555,10.3323,53.17,0.0000,0.00,0,0,0,1425.64,0,0.000,0.0000
2026-08-24T00:31:19.435538,1695.08,DONE,7.0622,23.4667,105.75,0.0000,0.0000,20.6660,0,0.0,0.0,0.0,0.0,0.000,0.7700,0.0011,0.1734,1426.72,17.6555,10.3323,53.17,0.0000,0.00,0,0,0,1426.64,0,0.000,0.0000
2026-08-24T00:31:20.435625,1696.08,DONE,7.0622,23.4667,105.75,0.0000,0.0000,20.6660,0,0.0,0.0,0.0,0.0,0.000,0.7700,0.0011,0.1734,1427.72,17.6555,10.3323,53.17,0.0000,0.00,0,0,0,1427.64,0,0.000,0.0000
2026-08-24T00:31:21.435701,1697.08,DONE,7.0622,23.4667,105.75,0.0000,0.0000,20.6660,0,0.0,0.0,0.0,0.0,0.000,0.7700,0.0011,0.1734,1428.72,17.6555,10.3323,53.17,0.0000,0.00,0,0,0,1428.64,0,0.000,0.0000
2026-08-24T00:31:22.437172,1698.08,DONE,7.0622,23.4667,105.75,0.0000,0.0000,20.6660,0,0.0,0.0,0.0,0.0,0.000,0.7700,0.0011,0.1734,1429.72,17.6555,10.3323,53.17,0.0000,0.00,0,0,0,1429.64,0,0.000,0.0000
2026-08-24T00:31:23.435655,1699.08,DONE,7.0622,23.4667,105.75,0.0000,0.0000,20.6660,0,0.0,0.0,0.0,0.0,0.000,0.7700,0.0011,0.1734,1430.72,17.6555,10.3323,53.17,0.0000,0.00,0,0,0,1430.64,0,0.000,0.0000
2026-08-24T00:31:24.435658,1700.08,DONE,7.0622,23.4667,105.75,0.0000,0.0000,20.6660,0,0.0,0.0,0.0,0.0,0.000,0.7700,0.0011,0.1734,1431.72,17.6555,10.3323,53.17,0.0000,0.00,0,0,0,1431.64,0,0.000,0.0000
2026-08-24T00:31:25.435545,1701.08,DONE,7.0622,23.4667,105.75,0.0000,0.0000,20.6660,0,0.0,0.0,0.0,0.0,0.000,0.7700,0.0011,0.1734,1432.72,17.6555,10.3323,53.17,0.0000,0.00,0,0,0,1432.64,0,0.000,0.0000
2026-08-24T00:31:26.435869,1702.08,DONE,7.0622,23.4667,105.75,0.0000,0.0000,20.6660,0,0.0,0.0,0.0,0.0,0.000,0.7700,0.0011,0.1734,1433.72,17.6555,10.3323,53.17,0.0000,0.00,0,0,0,1433.64,0,0.000,0.0000
2026-08-24T00:31:27.435907,1703.08,DONE,7.0622,23.4667,105.75,0.0000,0.0000,20.6660,0,0.0,0.0,0.0,0.0,0.000,0.7700,0.0011,0.1734,1434.72,17.6555,10.3323,53.17,0.0000,0.00,0,0,0,1434.64,0,0.000,0.0000
2026-08-24T00:31:28.435861,1704.08,DONE,7.0622,23.4667,105.75,0.0000,0.0000,20.6660,0,0.0,0.0,0.0,0.0,0.000,0.7700,0.0011,0.1734,1435.72,17.6555,10.3323,53.17,0.0000,0.00,0,0,0,1435.64,0,0.000,0.0000
2026-08-24T00:31:29.435735,1705.08,DONE,7.0622,23.4667,105.75,0.0000,0.0000,20.6660,0,0.0,0.0,0.0,0.0,0.000,0.7700,0.0011,0.1734,1436.72,17.6555,10.3323,53.17,0.0000,0.00,0,0,0,1436.64,0,0.000,0.0000
2026-08-24T00:31:30.435616,1706.08,DONE,7.0622,23.4667,105.75,0.0000,0.0000,20.6660,0,0.0,0.0,0.0,0.0,0.000,0.7700,0.0011,0.1734,1437.72,17.6555,10.3323,53.17,0.0000,0.00,0,0,0,1437.64,0,0.000,0.0000
2026-08-24T00:31:31.435600,1707.08,DONE,7.0622,23.4667,105.75,0.0000,0.0000,20.6660,0,0.0,0.0,0.0,0.0,0.000,0.7700,0.0011,0.1734,1438.72,17.6555,10.3323,53.17,0.0000,0.00,0,0,0,1438.64,0,0.000,0.0000
2026-08-24T00:31:32.435613,1708.08,DONE,7.0622,23.4667,105.75,0.0000,0.0000,20.6660,0,0.0,0.0,0.0,0.0,0.000,0.7700,0.0011,0.1734,1439.72,17.6555,10.3323,53.17,0.0000,0.00,0,0,0,1439.64,0,0.000,0.0000
2026-08-24T00:31:33.435605,1709.08,DONE,7.0622,23.4667,105.75,0.0000,0.0000,20.6660,0,0.0,0.0,0.0,0.0,0.000,0.7700,0.0011,0.1734,1440.72,17.6555,10.3323,53.17,0.0000,0.00,0,0,0,1440.64,0,0.000,0.0000
2026-08-24T00:31:34.435585,1710.08,DONE,7.0622,23.4667,105.75,0.0000,0.0000,20.6660,0,0.0,0.0,0.0,0.0,0.000,0.7700,0.0011,0.1734,1441.72,17.6555,10.3323,53.17,0.0000,0.00,0,0,0,1441.64,0,0.000,0.0000
2026-08-24T00:31:35.435584,1711.08,DONE,7.0622,23.4667,105.75,0.0000,0.0000,20.6660,0,0.0,0.0,0.0,0.0,0.000,0.7700,0.0011,0.1734,1442.72,17.6555,10.3323,53.17,0.0000,0.00,0,0,0,1442.64,0,0.000,0.0000
2026-08-24T00:31:36.435547,1712.08,DONE,7.0622,23.4667,105.75,0.0000,0.0000,20.6660,0,0.0,0.0,0.0,0.0,0.000,0.7700,0.0011,0.1734,1443.72,17.6555,10.3323,53.17,0.0000,0.00,0,0,0,1443.64,0,0.000,0.0000
2026-08-24T00:31:37.435589,1713.08,DONE,7.0622,23.4667,105.75,0.0000,0.0000,20.6660,0,0.0,0.0,0.0,0.0,0.000,0.7700,0.0011,0.1734,1444.72,17.6555,10.3323,53.17,0.0000,0.00,0,0,0,1444.64,0,0.000,0.0000
2026-08-24T00:31:38.435954,1714.08,DONE,7.0622,23.4667,105.75,0.0000,0.0000,20.6660,0,0.0,0.0,0.0,0.0,0.000,0.7700,0.0011,0.1734,1445.72,17.6555,10.3323,53.17,0.0000,0.00,0,0,0,1445.64,0,0.000,0.0000
2026-08-24T00:31:39.437187,1715.08,DONE,7.0622,23.4667,105.75,0.0000,0.0000,20.6660,0,0.0,0.0,0.0,0.0,0.000,0.7700,0.0011,0.1734,1446.72,17.6555,10.3323,53.17,0.0000,0.00,0,0,0,1446.64,0,0.000,0.0000
2026-08-24T00:31:40.435691,1716.08,DONE,7.0622,23.4667,105.75,0.0000,0.0000,20.6660,0,0.0,0.0,0.0,0.0,0.000,0.7700,0.0011,0.1734,1447.72,17.6555,10.3323,53.17,0.0000,0.00,0,0,0,1447.64,0,0.000,0.0000
2026-08-24T00:31:41.436073,1717.08,DONE,7.0622,23.4667,105.75,0.0000,0.0000,20.6660,0,0.0,0.0,0.0,0.0,0.000,0.7700,0.0011,0.1734,1448.72,17.6555,10.3323,53.17,0.0000,0.00,0,0,0,1448.64,0,0.000,0.0000
2026-08-24T00:31:42.435977,1718.08,DONE,7.0622,23.4667,105.75,0.0000,0.0000,20.6660,0,0.0,0.0,0.0,0.0,0.000,0.7700,0.0011,0.1734,1449.72,17.6555,10.3323,53.17,0.0000,0.00,0,0,0,1449.64,0,0.000,0.0000
2026-08-24T00:31:43.435872,1719.08,DONE,7.0622,23.4667,105.75,0.0000,0.0000,20.6660,0,0.0,0.0,0.0,0.0,0.000,0.7700,0.0011,0.1734,1450.72,17.6555,10.3323,53.17,0.0000,0.00,0,0,0,1450.64,0,0.000,0.0000
2026-08-24T00:31:44.435879,1720.08,DONE,7.0622,23.4667,105.75,0.0000,0.0000,20.6660,0,0.0,0.0,0.0,0.0,0.000,0.7700,0.0011,0.1734,1451.72,17.6555,10.3323,53.17,0.0000,0.00,0,0,0,1451.64,0,0.000,0.0000
2026-08-24T00:31:45.435718,1721.08,DONE,7.0622,23.4667,105.75,0.0000,0.0000,20.6660,0,0.0,0.0,0.0,0.0,0.000,0.7700,0.0011,0.1734,1452.72,17.6555,10.3323,53.17,0.0000,0.00,0,0,0,1452.64,0,0.000,0.0000
2026-08-24T00:31:46.436382,1722.08,DONE,7.0622,23.4667,105.75,0.0000,0.0000,20.6660,0,0.0,0.0,0.0,0.0,0.000,0.7700,0.0011,0.1734,1453.72,17.6555,10.3323,53.17,0.0000,0.00,0,0,0,1453.64,0,0.000,0.0000
2026-08-24T00:31:47.435647,1723.08,DONE,7.0622,23.4667,105.75,0.0000,0.0000,20.6660,0,0.0,0.0,0.0,0.0,0.000,0.7700,0.0011,0.1734,1454.72,17.6555,10.3323,53.17,0.0000,0.00,0,0,0,1454.64,0,0.000,0.0000
2026-08-24T00:31:48.435644,1724.08,DONE,7.0622,23.4667,105.75,0.0000,0.0000,20.6660,0,0.0,0.0,0.0,0.0,0.000,0.7700,0.0011,0.1734,1455.72,17.6555,10.3323,53.17,0.0000,0.00,0,0,0,1455.64,0,0.000,0.0000
2026-08-24T00:31:49.436102,1725.08,DONE,7.0622,23.4667,105.75,0.0000,0.0000,20.6660,0,0.0,0.0,0.0,0.0,0.000,0.7700,0.0011,0.1734,1456.72,17.6555,10.3323,53.17,0.0000,0.00,0,0,0,1456.64,0,0.000,0.0000
2026-08-24T00:31:50.435846,1726.08,DONE,7.0622,23.4667,105.75,0.0000,0.0000,20.6660,0,0.0,0.0,0.0,0.0,0.000,0.7700,0.0011,0.1734,1457.72,17.6555,10.3323,53.17,0.0000,0.00,0,0,0,1457.64,0,0.000,0.0000
2026-08-24T00:31:51.435616,1727.08,DONE,7.0622,23.4667,105.75,0.0000,0.0000,20.6660,0,0.0,0.0,0.0,0.0,0.000,0.7700,0.0011,0.1734,1458.72,17.6555,10.3323,53.17,0.0000,0.00,0,0,0,1458.64,0,0.000,0.0000
2026-08-24T00:31:52.435575,1728.08,DONE,7.0622,23.4667,105.75,0.0000,0.0000,20.6660,0,0.0,0.0,0.0,0.0,0.000,0.7700,0.0011,0.1734,1459.72,17.6555,10.3323,53.17,0.0000,0.00,0,0,0,1459.64,0,0.000,0.0000
2026-08-24T00:31:53.436614,1729.08,DONE,7.0622,23.4667,105.75,0.0000,0.0000,20.6660,0,0.0,0.0,0.0,0.0,0.000,0.7700,0.0011,0.1734,1460.72,17.6555,10.3323,53.17,0.0000,0.00,0,0,0,1460.64,0,0.000,0.0000
2026-08-24T00:31:54.436123,1730.08,DONE,7.0622,23.4667,105.75,0.0000,0.0000,20.6660,0,0.0,0.0,0.0,0.0,0.000,0.7700,0.0011,0.1734,1461.72,17.6555,10.3323,53.17,0.0000,0.00,0,0,0,1461.64,0,0.000,0.0000
2026-08-24T00:31:55.435999,1731.08,DONE,7.0622,23.4667,105.75,0.0000,0.0000,20.6660,0,0.0,0.0,0.0,0.0,0.000,0.7700,0.0011,0.1734,1462.72,17.6555,10.3323,53.17,0.0000,0.00,0,0,0,1462.64,0,0.000,0.0000
2026-08-24T00:31:56.435658,1732.08,DONE,7.0622,23.4667,105.75,0.0000,0.0000,20.6660,0,0.0,0.0,0.0,0.0,0.000,0.7700,0.0011,0.1734,1463.72,17.6555,10.3323,53.17,0.0000,0.00,0,0,0,1463.64,0,0.000,0.0000
2026-08-24T00:31:57.437752,1733.08,DONE,7.0622,23.4667,105.75,0.0000,0.0000,20.6660,0,0.0,0.0,0.0,0.0,0.000,0.7700,0.0011,0.1734,1464.73,17.6555,10.3323,53.17,0.0000,0.00,0,0,0,1464.64,0,0.000,0.0000
2026-08-24T00:31:58.435585,1734.08,DONE,7.0622,23.4667,105.75,0.0000,0.0000,20.6660,0,0.0,0.0,0.0,0.0,0.000,0.7700,0.0011,0.1734,1465.72,17.6555,10.3323,53.17,0.0000,0.00,0,0,0,1465.64,0,0.000,0.0000
2026-08-24T00:31:59.435661,1735.08,DONE,7.0622,23.4667,105.75,0.0000,0.0000,20.6660,0,0.0,0.0,0.0,0.0,0.000,0.7700,0.0011,0.1734,1466.72,17.6555,10.3323,53.17,0.0000,0.00,0,0,0,1466.64,0,0.000,0.0000
2026-08-24T00:32:00.435571,1736.08,DONE,7.0622,23.4667,105.75,0.0000,0.0000,20.6660,0,0.0,0.0,0.0,0.0,0.000,0.7700,0.0011,0.1734,1467.72,17.6555,10.3323,53.17,0.0000,0.00,0,0,0,1467.64,0,0.000,0.0000
2026-08-24T00:32:01.437682,1737.08,DONE,7.0622,23.4667,105.75,0.0000,0.0000,20.6660,0,0.0,0.0,0.0,0.0,0.000,0.7700,0.0011,0.1734,1468.73,17.6555,10.3323,53.17,0.0000,0.00,0,0,0,1468.64,0,0.000,0.0000
2026-08-24T00:32:02.435850,1738.08,DONE,7.0622,23.4667,105.75,0.0000,0.0000,20.6660,0,0.0,0.0,0.0,0.0,0.000,0.7700,0.0011,0.1734,1469.72,17.6555,10.3323,53.17,0.0000,0.00,0,0,0,1469.64,0,0.000,0.0000
2026-08-24T00:32:03.436164,1739.08,DONE,7.0622,23.4667,105.75,0.0000,0.0000,20.6660,0,0.0,0.0,0.0,0.0,0.000,0.7700,0.0011,0.1734,1470.72,17.6555,10.3323,53.17,0.0000,0.00,0,0,0,1470.64,0,0.000,0.0000
2026-08-24T00:32:04.435609,1740.08,DONE,7.0622,23.4667,105.75,0.0000,0.0000,20.6660,0,0.0,0.0,0.0,0.0,0.000,0.7700,0.0011,0.1734,1471.72,17.6555,10.3323,53.17,0.0000,0.00,0,0,0,1471.64,0,0.000,0.0000
2026-08-24T00:32:05.436281,1741.08,DONE,7.0622,23.4667,105.75,0.0000,0.0000,20.6660,0,0.0,0.0,0.0,0.0,0.000,0.7700,0.0011,0.1734,1472.72,17.6555,10.3323,53.17,0.0000,0.00,0,0,0,1472.64,0,0.000,0.0000
2026-08-24T00:32:06.436171,1742.08,DONE,7.0622,23.4667,105.75,0.0000,0.0000,20.6660,0,0.0,0.0,0.0,0.0,0.000,0.7700,0.0011,0.1734,1473.72,17.6555,10.3323,53.17,0.0000,0.00,0,0,0,1473.64,0,0.000,0.0000
2026-08-24T00:32:07.435610,1743.08,DONE,7.0622,23.4667,105.75,0.0000,0.0000,20.6660,0,0.0,0.0,0.0,0.0,0.000,0.7700,0.0011,0.1734,1474.72,17.6555,10.3323,53.17,0.0000,0.00,0,0,0,1474.64,0,0.000,0.0000
2026-08-24T00:32:08.435569,1744.08,DONE,7.0622,23.4667,105.75,0.0000,0.0000,20.6660,0,0.0,0.0,0.0,0.0,0.000,0.7700,0.0011,0.1734,1475.72,17.6555,10.3323,53.17,0.0000,0.00,0,0,0,1475.64,0,0.000,0.0000
2026-08-24T00:32:09.435862,1745.08,DONE,7.0622,23.4667,105.75,0.0000,0.0000,20.6660,0,0.0,0.0,0.0,0.0,0.000,0.7700,0.0011,0.1734,1476.72,17.6555,10.3323,53.17,0.0000,0.00,0,0,0,1476.64,0,0.000,0.0000
2026-08-24T00:32:10.435665,1746.08,DONE,7.0622,23.4667,105.75,0.0000,0.0000,20.6660,0,0.0,0.0,0.0,0.0,0.000,0.7700,0.0011,0.1734,1477.72,17.6555,10.3323,53.17,0.0000,0.00,0,0,0,1477.64,0,0.000,0.0000
2026-08-24T00:32:11.435684,1747.08,DONE,7.0622,23.4667,105.75,0.0000,0.0000,20.6660,0,0.0,0.0,0.0,0.0,0.000,0.7700,0.0011,0.1734,1478.72,17.6555,10.3323,53.17,0.0000,0.00,0,0,0,1478.64,0,0.000,0.0000
2026-08-24T00:32:12.435691,1748.08,DONE,7.0622,23.4667,105.75,0.0000,0.0000,20.6660,0,0.0,0.0,0.0,0.0,0.000,0.7700,0.0011,0.1734,1479.72,17.6555,10.3323,53.17,0.0000,0.00,0,0,0,1479.64,0,0.000,0.0000
2026-08-24T00:32:13.435597,1749.08,DONE,7.0622,23.4667,105.75,0.0000,0.0000,20.6660,0,0.0,0.0,0.0,0.0,0.000,0.7700,0.0011,0.1734,1480.72,17.6555,10.3323,53.17,0.0000,0.00,0,0,0,1480.64,0,0.000,0.0000
2026-08-24T00:32:14.435721,1750.08,DONE,7.0622,23.4667,105.75,0.0000,0.0000,20.6660,0,0.0,0.0,0.0,0.0,0.000,0.7700,0.0011,0.1734,1481.72,17.6555,10.3323,53.17,0.0000,0.00,0,0,0,1481.64,0,0.000,0.0000
2026-08-24T00:32:15.435813,1751.08,DONE,7.0622,23.4667,105.75,0.0000,0.0000,20.6660,0,0.0,0.0,0.0,0.0,0.000,0.7700,0.0011,0.1734,1482.72,17.6555,10.3323,53.17,0.0000,0.00,0,0,0,1482.64,0,0.000,0.0000
2026-08-24T00:32:16.435778,1752.08,DONE,7.0622,23.4667,105.75,0.0000,0.0000,20.6660,0,0.0,0.0,0.0,0.0,0.000,0.7700,0.0011,0.1734,1483.72,17.6555,10.3323,53.17,0.0000,0.00,0,0,0,1483.64,0,0.000,0.0000
2026-08-24T00:32:17.435810,1753.08,DONE,7.0622,23.4667,105.75,0.0000,0.0000,20.6660,0,0.0,0.0,0.0,0.0,0.000,0.7700,0.0011,0.1734,1484.72,17.6555,10.3323,53.17,0.0000,0.00,0,0,0,1484.64,0,0.000,0.0000
2026-08-24T00:32:18.435700,1754.08,DONE,7.0622,23.4667,105.75,0.0000,0.0000,20.6660,0,0.0,0.0,0.0,0.0,0.000,0.7700,0.0011,0.1734,1485.72,17.6555,10.3323,53.17,0.0000,0.00,0,0,0,1485.64,0,0.000,0.0000
2026-08-24T00:32:19.436020,1755.08,DONE,7.0622,23.4667,105.75,0.0000,0.0000,20.6660,0,0.0,0.0,0.0,0.0,0.000,0.7700,0.0011,0.1734,1486.72,17.6555,10.3323,53.17,0.0000,0.00,0,0,0,1486.64,0,0.000,0.0000
2026-08-24T00:32:20.435523,1756.08,DONE,7.0622,23.4667,105.75,0.0000,0.0000,20.6660,0,0.0,0.0,0.0,0.0,0.000,0.7700,0.0011,0.1734,1487.72,17.6555,10.3323,53.17,0.0000,0.00,0,0,0,1487.64,0,0.000,0.0000
2026-08-24T00:32:21.435658,1757.08,DONE,7.0622,23.4667,105.75,0.0000,0.0000,20.6660,0,0.0,0.0,0.0,0.0,0.000,0.7700,0.0011,0.1734,1488.72,17.6555,10.3323,53.17,0.0000,0.00,0,0,0,1488.64,0,0.000,0.0000
2026-08-24T00:32:22.435573,1758.08,DONE,7.0622,23.4667,105.75,0.0000,0.0000,20.6660,0,0.0,0.0,0.0,0.0,0.000,0.7700,0.0011,0.1734,1489.72,17.6555,10.3323,53.17,0.0000,0.00,0,0,0,1489.64,0,0.000,0.0000
2026-08-24T00:32:23.435551,1759.08,DONE,7.0622,23.4667,105.75,0.0000,0.0000,20.6660,0,0.0,0.0,0.0,0.0,0.000,0.7700,0.0011,0.1734,1490.72,17.6555,10.3323,53.17,0.0000,0.00,0,0,0,1490.64,0,0.000,0.0000
2026-08-24T00:32:24.435582,1760.08,DONE,7.0622,23.4667,105.75,0.0000,0.0000,20.6660,0,0.0,0.0,0.0,0.0,0.000,0.7700,0.0011,0.1734,1491.72,17.6555,10.3323,53.17,0.0000,0.00,0,0,0,1491.64,0,0.000,0.0000
2026-08-24T00:32:25.435640,1761.08,DONE,7.0622,23.4667,105.75,0.0000,0.0000,20.6660,0,0.0,0.0,0.0,0.0,0.000,0.7700,0.0011,0.1734,1492.72,17.6555,10.3323,53.17,0.0000,0.00,0,0,0,1492.64,0,0.000,0.0000
2026-08-24T00:32:26.435740,1762.08,DONE,7.0622,23.4667,105.75,0.0000,0.0000,20.6660,0,0.0,0.0,0.0,0.0,0.000,0.7700,0.0011,0.1734,1493.72,17.6555,10.3323,53.17,0.0000,0.00,0,0,0,1493.64,0,0.000,0.0000
2026-08-24T00:32:27.435740,1763.08,DONE,7.0622,23.4667,105.75,0.0000,0.0000,20.6660,0,0.0,0.0,0.0,0.0,0.000,0.7700,0.0011,0.1734,1494.72,17.6555,10.3323,53.17,0.0000,0.00,0,0,0,1494.64,0,0.000,0.0000
2026-08-24T00:32:28.436048,1764.08,DONE,7.0622,23.4667,105.75,0.0000,0.0000,20.6660,0,0.0,0.0,0.0,0.0,0.000,0.7700,0.0011,0.1734,1495.72,17.6555,10.3323,53.17,0.0000,0.00,0,0,0,1495.64,0,0.000,0.0000
2026-08-24T00:32:29.435647,1765.08,DONE,7.0622,23.4667,105.75,0.0000,0.0000,20.6660,0,0.0,0.0,0.0,0.0,0.000,0.7700,0.0011,0.1734,1496.72,17.6555,10.3323,53.17,0.0000,0.00,0,0,0,1496.64,0,0.000,0.0000
2026-08-24T00:32:30.435661,1766.08,DONE,7.0622,23.4667,105.75,0.0000,0.0000,20.6660,0,0.0,0.0,0.0,0.0,0.000,0.7700,0.0011,0.1734,1497.72,17.6555,10.3323,53.17,0.0000,0.00,0,0,0,1497.64,0,0.000,0.0000
2026-08-24T00:32:31.435630,1767.08,DONE,7.0622,23.4667,105.75,0.0000,0.0000,20.6660,0,0.0,0.0,0.0,0.0,0.000,0.7700,0.0011,0.1734,1498.72,17.6555,10.3323,53.17,0.0000,0.00,0,0,0,1498.64,0,0.000,0.0000
2026-08-24T00:32:32.435645,1768.08,DONE,7.0622,23.4667,105.75,0.0000,0.0000,20.6660,0,0.0,0.0,0.0,0.0,0.000,0.7700,0.0011,0.1734,1499.72,17.6555,10.3323,53.17,0.0000,0.00,0,0,0,1499.64,0,0.000,0.0000
2026-08-24T00:32:33.435670,1769.08,DONE,7.0622,23.4667,105.75,0.0000,0.0000,20.6660,0,0.0,0.0,0.0,0.0,0.000,0.7700,0.0011,0.1734,1500.72,17.6555,10.3323,53.17,0.0000,0.00,0,0,0,1500.64,0,0.000,0.0000
2026-08-24T00:32:34.435818,1770.08,DONE,7.0622,23.4667,105.75,0.0000,0.0000,20.6660,0,0.0,0.0,0.0,0.0,0.000,0.7700,0.0011,0.1734,1501.72,17.6555,10.3323,53.17,0.0000,0.00,0,0,0,1501.64,0,0.000,0.0000
2026-08-24T00:32:35.436138,1771.08,DONE,7.0622,23.4667,105.75,0.0000,0.0000,20.6660,0,0.0,0.0,0.0,0.0,0.000,0.7700,0.0011,0.1734,1502.72,17.6555,10.3323,53.17,0.0000,0.00,0,0,0,1502.64,0,0.000,0.0000
2026-08-24T00:32:36.435699,1772.08,DONE,7.0622,23.4667,105.75,0.0000,0.0000,20.6660,0,0.0,0.0,0.0,0.0,0.000,0.7700,0.0011,0.1734,1503.72,17.6555,10.3323,53.17,0.0000,0.00,0,0,0,1503.64,0,0.000,0.0000
2026-08-24T00:32:37.435963,1773.08,DONE,7.0622,23.4667,105.75,0.0000,0.0000,20.6660,0,0.0,0.0,0.0,0.0,0.000,0.7700,0.0011,0.1734,1504.72,17.6555,10.3323,53.17,0.0000,0.00,0,0,0,1504.64,0,0.000,0.0000
2026-08-24T00:32:38.436363,1774.08,DONE,7.0622,23.4667,105.75,0.0000,0.0000,20.6660,0,0.0,0.0,0.0,0.0,0.000,0.7700,0.0011,0.1734,1505.72,17.6555,10.3323,53.17,0.0000,0.00,0,0,0,1505.64,0,0.000,0.0000
2026-08-24T00:32:39.436054,1775.08,DONE,7.0622,23.4667,105.75,0.0000,0.0000,20.6660,0,0.0,0.0,0.0,0.0,0.000,0.7700,0.0011,0.1734,1506.72,17.6555,10.3323,53.17,0.0000,0.00,0,0,0,1506.64,0,0.000,0.0000
2026-08-24T00:32:40.435583,1776.08,DONE,7.0622,23.4667,105.75,0.0000,0.0000,20.6660,0,0.0,0.0,0.0,0.0,0.000,0.7700,0.0011,0.1734,1507.72,17.6555,10.3323,53.17,0.0000,0.00,0,0,0,1507.64,0,0.000,0.0000
2026-08-24T00:32:41.435529,1777.08,DONE,7.0622,23.4667,105.75,0.0000,0.0000,20.6660,0,0.0,0.0,0.0,0.0,0.000,0.7700,0.0011,0.1734,1508.72,17.6555,10.3323,53.17,0.0000,0.00,0,0,0,1508.64,0,0.000,0.0000
2026-08-24T00:32:42.435832,1778.08,DONE,7.0622,23.4667,105.75,0.0000,0.0000,20.6660,0,0.0,0.0,0.0,0.0,0.000,0.7700,0.0011,0.1734,1509.72,17.6555,10.3323,53.17,0.0000,0.00,0,0,0,1509.64,0,0.000,0.0000
2026-08-24T00:32:43.435754,1779.08,DONE,7.0622,23.4667,105.75,0.0000,0.0000,20.6660,0,0.0,0.0,0.0,0.0,0.000,0.7700,0.0011,0.1734,1510.72,17.6555,10.3323,53.17,0.0000,0.00,0,0,0,1510.64,0,0.000,0.0000
2026-08-24T00:32:44.435822,1780.08,DONE,7.0622,23.4667,105.75,0.0000,0.0000,20.6660,0,0.0,0.0,0.0,0.0,0.000,0.7700,0.0011,0.1734,1511.72,17.6555,10.3323,53.17,0.0000,0.00,0,0,0,1511.64,0,0.000,0.0000
2026-08-24T00:32:45.435673,1781.08,DONE,7.0622,23.4667,105.75,0.0000,0.0000,20.6660,0,0.0,0.0,0.0,0.0,0.000,0.7700,0.0011,0.1734,1512.72,17.6555,10.3323,53.17,0.0000,0.00,0,0,0,1512.64,0,0.000,0.0000
2026-08-24T00:32:46.436666,1782.08,DONE,7.0622,23.4667,105.75,0.0000,0.0000,20.6660,0,0.0,0.0,0.0,0.0,0.000,0.7700,0.0011,0.1734,1513.72,17.6555,10.3323,53.17,0.0000,0.00,0,0,0,1513.64,0,0.000,0.0000
2026-08-24T00:32:47.435597,1783.08,DONE,7.0622,23.4667,105.75,0.0000,0.0000,20.6660,0,0.0,0.0,0.0,0.0,0.000,0.7700,0.0011,0.1734,1514.72,17.6555,10.3323,53.17,0.0000,0.00,0,0,0,1514.64,0,0.000,0.0000
2026-08-24T00:32:48.435608,1784.08,DONE,7.0622,23.4667,105.75,0.0000,0.0000,20.6660,0,0.0,0.0,0.0,0.0,0.000,0.7700,0.0011,0.1734,1515.72,17.6555,10.3323,53.17,0.0000,0.00,0,0,0,1515.64,0,0.000,0.0000
2026-08-24T00:32:49.435721,1785.08,DONE,7.0622,23.4667,105.75,0.0000,0.0000,20.6660,0,0.0,0.0,0.0,0.0,0.000,0.7700,0.0011,0.1734,1516.72,17.6555,10.3323,53.17,0.0000,0.00,0,0,0,1516.64,0,0.000,0.0000
2026-08-24T00:32:50.435519,1786.08,DONE,7.0622,23.4667,105.75,0.0000,0.0000,20.6660,0,0.0,0.0,0.0,0.0,0.000,0.7700,0.0011,0.1734,1517.72,17.6555,10.3323,53.17,0.0000,0.00,0,0,0,1517.64,0,0.000,0.0000
2026-08-24T00:32:51.435777,1787.08,DONE,7.0622,23.4667,105.75,0.0000,0.0000,20.6660,0,0.0,0.0,0.0,0.0,0.000,0.7700,0.0011,0.1734,1518.72,17.6555,10.3323,53.17,0.0000,0.00,0,0,0,1518.64,0,0.000,0.0000
2026-08-24T00:32:52.435601,1788.08,DONE,7.0622,23.4667,105.75,0.0000,0.0000,20.6660,0,0.0,0.0,0.0,0.0,0.000,0.7700,0.0011,0.1734,1519.72,17.6555,10.3323,53.17,0.0000,0.00,0,0,0,1519.64,0,0.000,0.0000
2026-08-24T00:32:53.435620,1789.08,DONE,7.0622,23.4667,105.75,0.0000,0.0000,20.6660,0,0.0,0.0,0.0,0.0,0.000,0.7700,0.0011,0.1734,1520.72,17.6555,10.3323,53.17,0.0000,0.00,0,0,0,1520.64,0,0.000,0.0000
2026-08-24T00:32:54.435487,1790.08,DONE,7.0622,23.4667,105.75,0.0000,0.0000,20.6660,0,0.0,0.0,0.0,0.0,0.000,0.7700,0.0011,0.1734,1521.72,17.6555,10.3323,53.17,0.0000,0.00,0,0,0,1521.64,0,0.000,0.0000
2026-08-24T00:32:55.435761,1791.08,DONE,7.0622,23.4667,105.75,0.0000,0.0000,20.6660,0,0.0,0.0,0.0,0.0,0.000,0.7700,0.0011,0.1734,1522.72,17.6555,10.3323,53.17,0.0000,0.00,0,0,0,1522.64,0,0.000,0.0000
2026-08-24T00:32:56.436011,1792.08,DONE,7.0622,23.4667,105.75,0.0000,0.0000,20.6660,0,0.0,0.0,0.0,0.0,0.000,0.7700,0.0011,0.1734,1523.72,17.6555,10.3323,53.17,0.0000,0.00,0,0,0,1523.64,0,0.000,0.0000
2026-08-24T00:32:57.435627,1793.08,DONE,7.0622,23.4667,105.75,0.0000,0.0000,20.6660,0,0.0,0.0,0.0,0.0,0.000,0.7700,0.0011,0.1734,1524.72,17.6555,10.3323,53.17,0.0000,0.00,0,0,0,1524.64,0,0.000,0.0000
2026-08-24T00:32:58.435709,1794.08,DONE,7.0622,23.4667,105.75,0.0000,0.0000,20.6660,0,0.0,0.0,0.0,0.0,0.000,0.7700,0.0011,0.1734,1525.72,17.6555,10.3323,53.17,0.0000,0.00,0,0,0,1525.64,0,0.000,0.0000
2026-08-24T00:32:59.435578,1795.08,DONE,7.0622,23.4667,105.75,0.0000,0.0000,20.6660,0,0.0,0.0,0.0,0.0,0.000,0.7700,0.0011,0.1734,1526.72,17.6555,10.3323,53.17,0.0000,0.00,0,0,0,1526.64,0,0.000,0.0000
2026-08-24T00:33:00.435626,1796.08,DONE,7.0622,23.4667,105.75,0.0000,0.0000,20.6660,0,0.0,0.0,0.0,0.0,0.000,0.7700,0.0011,0.1734,1527.72,17.6555,10.3323,53.17,0.0000,0.00,0,0,0,1527.64,0,0.000,0.0000
2026-08-24T00:33:01.435693,1797.08,DONE,7.0622,23.4667,105.75,0.0000,0.0000,20.6660,0,0.0,0.0,0.0,0.0,0.000,0.7700,0.0011,0.1734,1528.72,17.6555,10.3323,53.17,0.0000,0.00,0,0,0,1528.64,0,0.000,0.0000
2026-08-24T00:33:02.435650,1798.08,DONE,7.0622,23.4667,105.75,0.0000,0.0000,20.6660,0,0.0,0.0,0.0,0.0,0.000,0.7700,0.0011,0.1734,1529.72,17.6555,10.3323,53.17,0.0000,0.00,0,0,0,1529.64,0,0.000,0.0000
2026-08-24T00:33:03.436124,1799.08,DONE,7.0622,23.4667,105.75,0.0000,0.0000,20.6660,0,0.0,0.0,0.0,0.0,0.000,0.7700,0.0011,0.1734,1530.72,17.6555,10.3323,53.17,0.0000,0.00,0,0,0,1530.64,0,0.000,0.0000
2026-08-24T00:33:04.435930,1800.08,DONE,7.0622,23.4667,105.75,0.0000,0.0000,20.6660,0,0.0,0.0,0.0,0.0,0.000,0.7700,0.0011,0.1734,1531.72,17.6555,10.3323,53.17,0.0000,0.00,0,0,0,1531.64,0,0.000,0.0000
2026-08-24T00:33:05.435592,1801.08,DONE,7.0622,23.4667,105.75,0.0000,0.0000,20.6660,0,0.0,0.0,0.0,0.0,0.000,0.7700,0.0011,0.1734,1532.72,17.6555,10.3323,53.17,0.0000,0.00,0,0,0,1532.64,0,0.000,0.0000
2026-08-24T00:33:06.436328,1802.08,DONE,7.0622,23.4667,105.75,0.0000,0.0000,20.6660,0,0.0,0.0,0.0,0.0,0.000,0.7700,0.0011,0.1734,1533.72,17.6555,10.3323,53.17,0.0000,0.00,0,0,0,1533.64,0,0.000,0.0000
2026-08-24T00:33:07.435716,1803.08,DONE,7.0622,23.4667,105.75,0.0000,0.0000,20.6660,0,0.0,0.0,0.0,0.0,0.000,0.7700,0.0011,0.1734,1534.72,17.6555,10.3323,53.17,0.0000,0.00,0,0,0,1534.64,0,0.000,0.0000
2026-08-24T00:33:08.435724,1804.08,DONE,7.0622,23.4667,105.75,0.0000,0.0000,20.6660,0,0.0,0.0,0.0,0.0,0.000,0.7700,0.0011,0.1734,1535.72,17.6555,10.3323,53.17,0.0000,0.00,0,0,0,1535.64,0,0.000,0.0000
2026-08-24T00:33:09.435900,1805.08,DONE,7.0622,23.4667,105.75,0.0000,0.0000,20.6660,0,0.0,0.0,0.0,0.0,0.000,0.7700,0.0011,0.1734,1536.72,17.6555,10.3323,53.17,0.0000,0.00,0,0,0,1536.64,0,0.000,0.0000
2026-08-24T00:33:10.435634,1806.08,DONE,7.0622,23.4667,105.75,0.0000,0.0000,20.6660,0,0.0,0.0,0.0,0.0,0.000,0.7700,0.0011,0.1734,1537.72,17.6555,10.3323,53.17,0.0000,0.00,0,0,0,1537.64,0,0.000,0.0000
2026-08-24T00:33:11.435890,1807.08,DONE,7.0622,23.4667,105.75,0.0000,0.0000,20.6660,0,0.0,0.0,0.0,0.0,0.000,0.7700,0.0011,0.1734,1538.72,17.6555,10.3323,53.17,0.0000,0.00,0,0,0,1538.64,0,0.000,0.0000
2026-08-24T00:33:12.435885,1808.08,DONE,7.0622,23.4667,105.75,0.0000,0.0000,20.6660,0,0.0,0.0,0.0,0.0,0.000,0.7700,0.0011,0.1734,1539.72,17.6555,10.3323,53.17,0.0000,0.00,0,0,0,1539.64,0,0.000,0.0000
2026-08-24T00:33:13.435640,1809.08,DONE,7.0622,23.4667,105.75,0.0000,0.0000,20.6660,0,0.0,0.0,0.0,0.0,0.000,0.7700,0.0011,0.1734,1540.72,17.6555,10.3323,53.17,0.0000,0.00,0,0,0,1540.64,0,0.000,0.0000
2026-08-24T00:33:14.435473,1810.08,DONE,7.0622,23.4667,105.75,0.0000,0.0000,20.6660,0,0.0,0.0,0.0,0.0,0.000,0.7700,0.0011,0.1734,1541.72,17.6555,10.3323,53.17,0.0000,0.00,0,0,0,1541.64,0,0.000,0.0000
2026-08-24T00:33:15.435606,1811.08,DONE,7.0622,23.4667,105.75,0.0000,0.0000,20.6660,0,0.0,0.0,0.0,0.0,0.000,0.7700,0.0011,0.1734,1542.72,17.6555,10.3323,53.17,0.0000,0.00,0,0,0,1542.64,0,0.000,0.0000
2026-08-24T00:33:16.435599,1812.08,DONE,7.0622,23.4667,105.75,0.0000,0.0000,20.6660,0,0.0,0.0,0.0,0.0,0.000,0.7700,0.0011,0.1734,1543.72,17.6555,10.3323,53.17,0.0000,0.00,0,0,0,1543.64,0,0.000,0.0000
2026-08-24T00:33:17.435557,1813.08,DONE,7.0622,23.4667,105.75,0.0000,0.0000,20.6660,0,0.0,0.0,0.0,0.0,0.000,0.7700,0.0011,0.1734,1544.72,17.6555,10.3323,53.17,0.0000,0.00,0,0,0,1544.64,0,0.000,0.0000
2026-08-24T00:33:18.436173,1814.08,DONE,7.0622,23.4667,105.75,0.0000,0.0000,20.6660,0,0.0,0.0,0.0,0.0,0.000,0.7700,0.0011,0.1734,1545.72,17.6555,10.3323,53.17,0.0000,0.00,0,0,0,1545.64,0,0.000,0.0000
2026-08-24T00:33:19.435615,1815.08,DONE,7.0622,23.4667,105.75,0.0000,0.0000,20.6660,0,0.0,0.0,0.0,0.0,0.000,0.7700,0.0011,0.1734,1546.72,17.6555,10.3323,53.17,0.0000,0.00,0,0,0,1546.64,0,0.000,0.0000
2026-08-24T00:33:20.435580,1816.08,DONE,7.0622,23.4667,105.75,0.0000,0.0000,20.6660,0,0.0,0.0,0.0,0.0,0.000,0.7700,0.0011,0.1734,1547.72,17.6555,10.3323,53.17,0.0000,0.00,0,0,0,1547.64,0,0.000,0.0000
2026-08-24T00:33:21.435720,1817.08,DONE,7.0622,23.4667,105.75,0.0000,0.0000,20.6660,0,0.0,0.0,0.0,0.0,0.000,0.7700,0.0011,0.1734,1548.72,17.6555,10.3323,53.17,0.0000,0.00,0,0,0,1548.64,0,0.000,0.0000
2026-08-24T00:33:22.435536,1818.08,DONE,7.0622,23.4667,105.75,0.0000,0.0000,20.6660,0,0.0,0.0,0.0,0.0,0.000,0.7700,0.0011,0.1734,1549.72,17.6555,10.3323,53.17,0.0000,0.00,0,0,0,1549.64,0,0.000,0.0000
2026-08-24T00:33:23.435534,1819.08,DONE,7.0622,23.4667,105.75,0.0000,0.0000,20.6660,0,0.0,0.0,0.0,0.0,0.000,0.7700,0.0011,0.1734,1550.72,17.6555,10.3323,53.17,0.0000,0.00,0,0,0,1550.64,0,0.000,0.0000
2026-08-24T00:33:24.435695,1820.08,DONE,7.0622,23.4667,105.75,0.0000,0.0000,20.6660,0,0.0,0.0,0.0,0.0,0.000,0.7700,0.0011,0.1734,1551.72,17.6555,10.3323,53.17,0.0000,0.00,0,0,0,1551.64,0,0.000,0.0000
2026-08-24T00:33:25.435737,1821.08,DONE,7.0622,23.4667,105.75,0.0000,0.0000,20.6660,0,0.0,0.0,0.0,0.0,0.000,0.7700,0.0011,0.1734,1552.72,17.6555,10.3323,53.17,0.0000,0.00,0,0,0,1552.64,0,0.000,0.0000
2026-08-24T00:33:26.435610,1822.08,DONE,7.0622,23.4667,105.75,0.0000,0.0000,20.6660,0,0.0,0.0,0.0,0.0,0.000,0.7700,0.0011,0.1734,1553.72,17.6555,10.3323,53.17,0.0000,0.00,0,0,0,1553.64,0,0.000,0.0000
2026-08-24T00:33:27.435788,1823.08,DONE,7.0622,23.4667,105.75,0.0000,0.0000,20.6660,0,0.0,0.0,0.0,0.0,0.000,0.7700,0.0011,0.1734,1554.72,17.6555,10.3323,53.17,0.0000,0.00,0,0,0,1554.64,0,0.000,0.0000
2026-08-24T00:33:28.435939,1824.08,DONE,7.0622,23.4667,105.75,0.0000,0.0000,20.6660,0,0.0,0.0,0.0,0.0,0.000,0.7700,0.0011,0.1734,1555.72,17.6555,10.3323,53.17,0.0000,0.00,0,0,0,1555.64,0,0.000,0.0000
2026-08-24T00:33:29.435650,1825.08,DONE,7.0622,23.4667,105.75,0.0000,0.0000,20.6660,0,0.0,0.0,0.0,0.0,0.000,0.7700,0.0011,0.1734,1556.72,17.6555,10.3323,53.17,0.0000,0.00,0,0,0,1556.64,0,0.000,0.0000
2026-08-24T00:33:30.435674,1826.08,DONE,7.0622,23.4667,105.75,0.0000,0.0000,20.6660,0,0.0,0.0,0.0,0.0,0.000,0.7700,0.0011,0.1734,1557.72,17.6555,10.3323,53.17,0.0000,0.00,0,0,0,1557.64,0,0.000,0.0000
2026-08-24T00:33:31.435533,1827.08,DONE,7.0622,23.4667,105.75,0.0000,0.0000,20.6660,0,0.0,0.0,0.0,0.0,0.000,0.7700,0.0011,0.1734,1558.72,17.6555,10.3323,53.17,0.0000,0.00,0,0,0,1558.64,0,0.000,0.0000
2026-08-24T00:33:32.436079,1828.08,DONE,7.0622,23.4667,105.75,0.0000,0.0000,20.6660,0,0.0,0.0,0.0,0.0,0.000,0.7700,0.0011,0.1734,1559.72,17.6555,10.3323,53.17,0.0000,0.00,0,0,0,1559.64,0,0.000,0.0000
2026-08-24T00:33:33.435885,1829.08,DONE,7.0622,23.4667,105.75,0.0000,0.0000,20.6660,0,0.0,0.0,0.0,0.0,0.000,0.7700,0.0011,0.1734,1560.72,17.6555,10.3323,53.17,0.0000,0.00,0,0,0,1560.64,0,0.000,0.0000
2026-08-24T00:33:34.435586,1830.08,DONE,7.0622,23.4667,105.75,0.0000,0.0000,20.6660,0,0.0,0.0,0.0,0.0,0.000,0.7700,0.0011,0.1734,1561.72,17.6555,10.3323,53.17,0.0000,0.00,0,0,0,1561.64,0,0.000,0.0000
2026-08-24T00:33:35.435630,1831.08,DONE,7.0622,23.4667,105.75,0.0000,0.0000,20.6660,0,0.0,0.0,0.0,0.0,0.000,0.7700,0.0011,0.1734,1562.72,17.6555,10.3323,53.17,0.0000,0.00,0,0,0,1562.64,0,0.000,0.0000
2026-08-24T00:33:36.436070,1832.08,DONE,7.0622,23.4667,105.75,0.0000,0.0000,20.6660,0,0.0,0.0,0.0,0.0,0.000,0.7700,0.0011,0.1734,1563.72,17.6555,10.3323,53.17,0.0000,0.00,0,0,0,1563.64,0,0.000,0.0000
2026-08-24T00:33:37.435633,1833.08,DONE,7.0622,23.4667,105.75,0.0000,0.0000,20.6660,0,0.0,0.0,0.0,0.0,0.000,0.7700,0.0011,0.1734,1564.72,17.6555,10.3323,53.17,0.0000,0.00,0,0,0,1564.64,0,0.000,0.0000
2026-08-24T00:33:38.435599,1834.08,DONE,7.0622,23.4667,105.75,0.0000,0.0000,20.6660,0,0.0,0.0,0.0,0.0,0.000,0.7700,0.0011,0.1734,1565.72,17.6555,10.3323,53.17,0.0000,0.00,0,0,0,1565.64,0,0.000,0.0000
2026-08-24T00:33:39.436064,1835.08,DONE,7.0622,23.4667,105.75,0.0000,0.0000,20.6660,0,0.0,0.0,0.0,0.0,0.000,0.7700,0.0011,0.1734,1566.72,17.6555,10.3323,53.17,0.0000,0.00,0,0,0,1566.64,0,0.000,0.0000
2026-08-24T00:33:40.435792,1836.08,DONE,7.0622,23.4667,105.75,0.0000,0.0000,20.6660,0,0.0,0.0,0.0,0.0,0.000,0.7700,0.0011,0.1734,1567.72,17.6555,10.3323,53.17,0.0000,0.00,0,0,0,1567.64,0,0.000,0.0000
2026-08-24T00:33:41.435620,1837.08,DONE,7.0622,23.4667,105.75,0.0000,0.0000,20.6660,0,0.0,0.0,0.0,0.0,0.000,0.7700,0.0011,0.1734,1568.72,17.6555,10.3323,53.17,0.0000,0.00,0,0,0,1568.64,0,0.000,0.0000
2026-08-24T00:33:42.435560,1838.08,DONE,7.0622,23.4667,105.75,0.0000,0.0000,20.6660,0,0.0,0.0,0.0,0.0,0.000,0.7700,0.0011,0.1734,1569.72,17.6555,10.3323,53.17,0.0000,0.00,0,0,0,1569.64,0,0.000,0.0000
2026-08-24T00:33:43.435874,1839.08,DONE,7.0622,23.4667,105.75,0.0000,0.0000,20.6660,0,0.0,0.0,0.0,0.0,0.000,0.7700,0.0011,0.1734,1570.72,17.6555,10.3323,53.17,0.0000,0.00,0,0,0,1570.64,0,0.000,0.0000
2026-08-24T00:33:44.435633,1840.08,DONE,7.0622,23.4667,105.75,0.0000,0.0000,20.6660,0,0.0,0.0,0.0,0.0,0.000,0.7700,0.0011,0.1734,1571.72,17.6555,10.3323,53.17,0.0000,0.00,0,0,0,1571.64,0,0.000,0.0000
2026-08-24T00:33:45.436052,1841.08,DONE,7.0622,23.4667,105.75,0.0000,0.0000,20.6660,0,0.0,0.0,0.0,0.0,0.000,0.7700,0.0011,0.1734,1572.72,17.6555,10.3323,53.17,0.0000,0.00,0,0,0,1572.64,0,0.000,0.0000
2026-08-24T00:33:46.435634,1842.08,DONE,7.0622,23.4667,105.75,0.0000,0.0000,20.6660,0,0.0,0.0,0.0,0.0,0.000,0.7700,0.0011,0.1734,1573.72,17.6555,10.3323,53.17,0.0000,0.00,0,0,0,1573.64,0,0.000,0.0000
2026-08-24T00:33:47.435507,1843.08,DONE,7.0622,23.4667,105.75,0.0000,0.0000,20.6660,0,0.0,0.0,0.0,0.0,0.000,0.7700,0.0011,0.1734,1574.72,17.6555,10.3323,53.17,0.0000,0.00,0,0,0,1574.64,0,0.000,0.0000
2026-08-24T00:33:48.435610,1844.08,DONE,7.0622,23.4667,105.75,0.0000,0.0000,20.6660,0,0.0,0.0,0.0,0.0,0.000,0.7700,0.0011,0.1734,1575.72,17.6555,10.3323,53.17,0.0000,0.00,0,0,0,1575.64,0,0.000,0.0000
2026-08-24T00:33:49.435620,1845.08,DONE,7.0622,23.4667,105.75,0.0000,0.0000,20.6660,0,0.0,0.0,0.0,0.0,0.000,0.7700,0.0011,0.1734,1576.72,17.6555,10.3323,53.17,0.0000,0.00,0,0,0,1576.64,0,0.000,0.0000
2026-08-24T00:33:50.436107,1846.08,DONE,7.0622,23.4667,105.75,0.0000,0.0000,20.6660,0,0.0,0.0,0.0,0.0,0.000,0.7700,0.0011,0.1734,1577.72,17.6555,10.3323,53.17,0.0000,0.00,0,0,0,1577.64,0,0.000,0.0000
2026-08-24T00:33:51.436100,1847.08,DONE,7.0622,23.4667,105.75,0.0000,0.0000,20.6660,0,0.0,0.0,0.0,0.0,0.000,0.7700,0.0011,0.1734,1578.72,17.6555,10.3323,53.17,0.0000,0.00,0,0,0,1578.64,0,0.000,0.0000
2026-08-24T00:33:52.436041,1848.08,DONE,7.0622,23.4667,105.75,0.0000,0.0000,20.6660,0,0.0,0.0,0.0,0.0,0.000,0.7700,0.0011,0.1734,1579.72,17.6555,10.3323,53.17,0.0000,0.00,0,0,0,1579.64,0,0.000,0.0000
2026-08-24T00:33:53.436262,1849.08,DONE,7.0622,23.4667,105.75,0.0000,0.0000,20.6660,0,0.0,0.0,0.0,0.0,0.000,0.7700,0.0011,0.1734,1580.72,17.6555,10.3323,53.17,0.0000,0.00,0,0,0,1580.64,0,0.000,0.0000
2026-08-24T00:33:54.435787,1850.08,DONE,7.0622,23.4667,105.75,0.0000,0.0000,20.6660,0,0.0,0.0,0.0,0.0,0.000,0.7700,0.0011,0.1734,1581.72,17.6555,10.3323,53.17,0.0000,0.00,0,0,0,1581.64,0,0.000,0.0000
2026-08-24T00:33:55.435667,1851.08,DONE,7.0622,23.4667,105.75,0.0000,0.0000,20.6660,0,0.0,0.0,0.0,0.0,0.000,0.7700,0.0011,0.1734,1582.72,17.6555,10.3323,53.17,0.0000,0.00,0,0,0,1582.64,0,0.000,0.0000
2026-08-24T00:33:56.435737,1852.08,DONE,7.0622,23.4667,105.75,0.0000,0.0000,20.6660,0,0.0,0.0,0.0,0.0,0.000,0.7700,0.0011,0.1734,1583.72,17.6555,10.3323,53.17,0.0000,0.00,0,0,0,1583.64,0,0.000,0.0000
2026-08-24T00:33:57.435607,1853.08,DONE,7.0622,23.4667,105.75,0.0000,0.0000,20.6660,0,0.0,0.0,0.0,0.0,0.000,0.7700,0.0011,0.1734,1584.72,17.6555,10.3323,53.17,0.0000,0.00,0,0,0,1584.64,0,0.000,0.0000
2026-08-24T00:33:58.435600,1854.08,DONE,7.0622,23.4667,105.75,0.0000,0.0000,20.6660,0,0.0,0.0,0.0,0.0,0.000,0.7700,0.0011,0.1734,1585.72,17.6555,10.3323,53.17,0.0000,0.00,0,0,0,1585.64,0,0.000,0.0000
2026-08-24T00:33:59.435694,1855.08,DONE,7.0622,23.4667,105.75,0.0000,0.0000,20.6660,0,0.0,0.0,0.0,0.0,0.000,0.7700,0.0011,0.1734,1586.72,17.6555,10.3323,53.17,0.0000,0.00,0,0,0,1586.64,0,0.000,0.0000
2026-08-24T00:34:00.436015,1856.08,DONE,7.0622,23.4667,105.75,0.0000,0.0000,20.6660,0,0.0,0.0,0.0,0.0,0.000,0.7700,0.0011,0.1734,1587.72,17.6555,10.3323,53.17,0.0000,0.00,0,0,0,1587.64,0,0.000,0.0000
2026-08-24T00:34:01.435977,1857.08,DONE,7.0622,23.4667,105.75,0.0000,0.0000,20.6660,0,0.0,0.0,0.0,0.0,0.000,0.7700,0.0011,0.1734,1588.72,17.6555,10.3323,53.17,0.0000,0.00,0,0,0,1588.64,0,0.000,0.0000
2026-08-24T00:34:02.435800,1858.08,DONE,7.0622,23.4667,105.75,0.0000,0.0000,20.6660,0,0.0,0.0,0.0,0.0,0.000,0.7700,0.0011,0.1734,1589.72,17.6555,10.3323,53.17,0.0000,0.00,0,0,0,1589.64,0,0.000,0.0000
2026-08-24T00:34:03.435713,1859.08,DONE,7.0622,23.4667,105.75,0.0000,0.0000,20.6660,0,0.0,0.0,0.0,0.0,0.000,0.7700,0.0011,0.1734,1590.72,17.6555,10.3323,53.17,0.0000,0.00,0,0,0,1590.64,0,0.000,0.0000
2026-08-24T00:34:04.435579,1860.08,DONE,7.0622,23.4667,105.75,0.0000,0.0000,20.6660,0,0.0,0.0,0.0,0.0,0.000,0.7700,0.0011,0.1734,1591.72,17.6555,10.3323,53.17,0.0000,0.00,0,0,0,1591.64,0,0.000,0.0000
2026-08-24T00:34:05.435696,1861.08,DONE,7.0622,23.4667,105.75,0.0000,0.0000,20.6660,0,0.0,0.0,0.0,0.0,0.000,0.7700,0.0011,0.1734,1592.72,17.6555,10.3323,53.17,0.0000,0.00,0,0,0,1592.64,0,0.000,0.0000
2026-08-24T00:34:06.435559,1862.08,DONE,7.0622,23.4667,105.75,0.0000,0.0000,20.6660,0,0.0,0.0,0.0,0.0,0.000,0.7700,0.0011,0.1734,1593.72,17.6555,10.3323,53.17,0.0000,0.00,0,0,0,1593.64,0,0.000,0.0000
2026-08-24T00:34:07.436137,1863.08,DONE,7.0622,23.4667,105.75,0.0000,0.0000,20.6660,0,0.0,0.0,0.0,0.0,0.000,0.7700,0.0011,0.1734,1594.72,17.6555,10.3323,53.17,0.0000,0.00,0,0,0,1594.64,0,0.000,0.0000
2026-08-24T00:34:08.435623,1864.08,DONE,7.0622,23.4667,105.75,0.0000,0.0000,20.6660,0,0.0,0.0,0.0,0.0,0.000,0.7700,0.0011,0.1734,1595.72,17.6555,10.3323,53.17,0.0000,0.00,0,0,0,1595.64,0,0.000,0.0000
2026-08-24T00:34:09.435835,1865.08,DONE,7.0622,23.4667,105.75,0.0000,0.0000,20.6660,0,0.0,0.0,0.0,0.0,0.000,0.7700,0.0011,0.1734,1596.72,17.6555,10.3323,53.17,0.0000,0.00,0,0,0,1596.64,0,0.000,0.0000
2026-08-24T00:34:10.435734,1866.08,DONE,7.0622,23.4667,105.75,0.0000,0.0000,20.6660,0,0.0,0.0,0.0,0.0,0.000,0.7700,0.0011,0.1734,1597.72,17.6555,10.3323,53.17,0.0000,0.00,0,0,0,1597.64,0,0.000,0.0000
2026-08-24T00:34:11.435838,1867.08,DONE,7.0622,23.4667,105.75,0.0000,0.0000,20.6660,0,0.0,0.0,0.0,0.0,0.000,0.7700,0.0011,0.1734,1598.72,17.6555,10.3323,53.17,0.0000,0.00,0,0,0,1598.64,0,0.000,0.0000
2026-08-24T00:34:12.435627,1868.08,DONE,7.0622,23.4667,105.75,0.0000,0.0000,20.6660,0,0.0,0.0,0.0,0.0,0.000,0.7700,0.0011,0.1734,1599.72,17.6555,10.3323,53.17,0.0000,0.00,0,0,0,1599.64,0,0.000,0.0000
2026-08-24T00:34:13.435819,1869.08,DONE,7.0622,23.4667,105.75,0.0000,0.0000,20.6660,0,0.0,0.0,0.0,0.0,0.000,0.7700,0.0011,0.1734,1600.72,17.6555,10.3323,53.17,0.0000,0.00,0,0,0,1600.64,0,0.000,0.0000
2026-08-24T00:34:14.436140,1870.08,DONE,7.0622,23.4667,105.75,0.0000,0.0000,20.6660,0,0.0,0.0,0.0,0.0,0.000,0.7700,0.0011,0.1734,1601.72,17.6555,10.3323,53.17,0.0000,0.00,0,0,0,1601.64,0,0.000,0.0000
2026-08-24T00:34:15.436141,1871.08,DONE,7.0622,23.4667,105.75,0.0000,0.0000,20.6660,0,0.0,0.0,0.0,0.0,0.000,0.7700,0.0011,0.1734,1602.72,17.6555,10.3323,53.17,0.0000,0.00,0,0,0,1602.64,0,0.000,0.0000
2026-08-24T00:34:16.436207,1872.08,DONE,7.0622,23.4667,105.75,0.0000,0.0000,20.6660,0,0.0,0.0,0.0,0.0,0.000,0.7700,0.0011,0.1734,1603.72,17.6555,10.3323,53.17,0.0000,0.00,0,0,0,1603.64,0,0.000,0.0000
2026-08-24T00:34:17.435643,1873.08,DONE,7.0622,23.4667,105.75,0.0000,0.0000,20.6660,0,0.0,0.0,0.0,0.0,0.000,0.7700,0.0011,0.1734,1604.72,17.6555,10.3323,53.17,0.0000,0.00,0,0,0,1604.64,0,0.000,0.0000
2026-08-24T00:34:18.435670,1874.08,DONE,7.0622,23.4667,105.75,0.0000,0.0000,20.6660,0,0.0,0.0,0.0,0.0,0.000,0.7700,0.0011,0.1734,1605.72,17.6555,10.3323,53.17,0.0000,0.00,0,0,0,1605.64,0,0.000,0.0000
2026-08-24T00:34:19.435630,1875.08,DONE,7.0622,23.4667,105.75,0.0000,0.0000,20.6660,0,0.0,0.0,0.0,0.0,0.000,0.7700,0.0011,0.1734,1606.72,17.6555,10.3323,53.17,0.0000,0.00,0,0,0,1606.64,0,0.000,0.0000
2026-08-24T00:34:20.435605,1876.08,DONE,7.0622,23.4667,105.75,0.0000,0.0000,20.6660,0,0.0,0.0,0.0,0.0,0.000,0.7700,0.0011,0.1734,1607.72,17.6555,10.3323,53.17,0.0000,0.00,0,0,0,1607.64,0,0.000,0.0000
2026-08-24T00:34:21.436038,1877.08,DONE,7.0622,23.4667,105.75,0.0000,0.0000,20.6660,0,0.0,0.0,0.0,0.0,0.000,0.7700,0.0011,0.1734,1608.72,17.6555,10.3323,53.17,0.0000,0.00,0,0,0,1608.64,0,0.000,0.0000
2026-08-24T00:34:22.436013,1878.08,DONE,7.0622,23.4667,105.75,0.0000,0.0000,20.6660,0,0.0,0.0,0.0,0.0,0.000,0.7700,0.0011,0.1734,1609.72,17.6555,10.3323,53.17,0.0000,0.00,0,0,0,1609.64,0,0.000,0.0000
2026-08-24T00:34:23.435668,1879.08,DONE,7.0622,23.4667,105.75,0.0000,0.0000,20.6660,0,0.0,0.0,0.0,0.0,0.000,0.7700,0.0011,0.1734,1610.72,17.6555,10.3323,53.17,0.0000,0.00,0,0,0,1610.64,0,0.000,0.0000
2026-08-24T00:34:24.435607,1880.08,DONE,7.0622,23.4667,105.75,0.0000,0.0000,20.6660,0,0.0,0.0,0.0,0.0,0.000,0.7700,0.0011,0.1734,1611.72,17.6555,10.3323,53.17,0.0000,0.00,0,0,0,1611.64,0,0.000,0.0000
2026-08-24T00:34:25.435622,1881.08,DONE,7.0622,23.4667,105.75,0.0000,0.0000,20.6660,0,0.0,0.0,0.0,0.0,0.000,0.7700,0.0011,0.1734,1612.72,17.6555,10.3323,53.17,0.0000,0.00,0,0,0,1612.64,0,0.000,0.0000
2026-08-24T00:34:26.435545,1882.08,DONE,7.0622,23.4667,105.75,0.0000,0.0000,20.6660,0,0.0,0.0,0.0,0.0,0.000,0.7700,0.0011,0.1734,1613.72,17.6555,10.3323,53.17,0.0000,0.00,0,0,0,1613.64,0,0.000,0.0000
2026-08-24T00:34:27.435656,1883.08,DONE,7.0622,23.4667,105.75,0.0000,0.0000,20.6660,0,0.0,0.0,0.0,0.0,0.000,0.7700,0.0011,0.1734,1614.72,17.6555,10.3323,53.17,0.0000,0.00,0,0,0,1614.64,0,0.000,0.0000
2026-08-24T00:34:28.435715,1884.08,DONE,7.0622,23.4667,105.75,0.0000,0.0000,20.6660,0,0.0,0.0,0.0,0.0,0.000,0.7700,0.0011,0.1734,1615.72,17.6555,10.3323,53.17,0.0000,0.00,0,0,0,1615.64,0,0.000,0.0000
2026-08-24T00:34:29.435808,1885.08,DONE,7.0622,23.4667,105.75,0.0000,0.0000,20.6660,0,0.0,0.0,0.0,0.0,0.000,0.7700,0.0011,0.1734,1616.72,17.6555,10.3323,53.17,0.0000,0.00,0,0,0,1616.64,0,0.000,0.0000
2026-08-24T00:34:30.435974,1886.08,DONE,7.0622,23.4667,105.75,0.0000,0.0000,20.6660,0,0.0,0.0,0.0,0.0,0.000,0.7700,0.0011,0.1734,1617.72,17.6555,10.3323,53.17,0.0000,0.00,0,0,0,1617.64,0,0.000,0.0000
2026-08-24T00:34:31.436145,1887.08,DONE,7.0622,23.4667,105.75,0.0000,0.0000,20.6660,0,0.0,0.0,0.0,0.0,0.000,0.7700,0.0011,0.1734,1618.72,17.6555,10.3323,53.17,0.0000,0.00,0,0,0,1618.64,0,0.000,0.0000
2026-08-24T00:34:32.435569,1888.08,DONE,7.0622,23.4667,105.75,0.0000,0.0000,20.6660,0,0.0,0.0,0.0,0.0,0.000,0.7700,0.0011,0.1734,1619.72,17.6555,10.3323,53.17,0.0000,0.00,0,0,0,1619.64,0,0.000,0.0000
2026-08-24T00:34:33.435840,1889.08,DONE,7.0622,23.4667,105.75,0.0000,0.0000,20.6660,0,0.0,0.0,0.0,0.0,0.000,0.7700,0.0011,0.1734,1620.72,17.6555,10.3323,53.17,0.0000,0.00,0,0,0,1620.64,0,0.000,0.0000
2026-08-24T00:34:34.435694,1890.08,DONE,7.0622,23.4667,105.75,0.0000,0.0000,20.6660,0,0.0,0.0,0.0,0.0,0.000,0.7700,0.0011,0.1734,1621.72,17.6555,10.3323,53.17,0.0000,0.00,0,0,0,1621.64,0,0.000,0.0000
2026-08-24T00:34:35.435597,1891.08,DONE,7.0622,23.4667,105.75,0.0000,0.0000,20.6660,0,0.0,0.0,0.0,0.0,0.000,0.7700,0.0011,0.1734,1622.72,17.6555,10.3323,53.17,0.0000,0.00,0,0,0,1622.64,0,0.000,0.0000
2026-08-24T00:34:36.435517,1892.08,DONE,7.0622,23.4667,105.75,0.0000,0.0000,20.6660,0,0.0,0.0,0.0,0.0,0.000,0.7700,0.0011,0.1734,1623.72,17.6555,10.3323,53.17,0.0000,0.00,0,0,0,1623.64,0,0.000,0.0000
2026-08-24T00:34:37.435694,1893.08,DONE,7.0622,23.4667,105.75,0.0000,0.0000,20.6660,0,0.0,0.0,0.0,0.0,0.000,0.7700,0.0011,0.1734,1624.72,17.6555,10.3323,53.17,0.0000,0.00,0,0,0,1624.64,0,0.000,0.0000
2026-08-24T00:34:38.435794,1894.08,DONE,7.0622,23.4667,105.75,0.0000,0.0000,20.6660,0,0.0,0.0,0.0,0.0,0.000,0.7700,0.0011,0.1734,1625.72,17.6555,10.3323,53.17,0.0000,0.00,0,0,0,1625.64,0,0.000,0.0000
2026-08-24T00:34:39.436097,1895.08,DONE,7.0622,23.4667,105.75,0.0000,0.0000,20.6660,0,0.0,0.0,0.0,0.0,0.000,0.7700,0.0011,0.1734,1626.72,17.6555,10.3323,53.17,0.0000,0.00,0,0,0,1626.64,0,0.000,0.0000
2026-08-24T00:34:40.435803,1896.08,DONE,7.0622,23.4667,105.75,0.0000,0.0000,20.6660,0,0.0,0.0,0.0,0.0,0.000,0.7700,0.0011,0.1734,1627.72,17.6555,10.3323,53.17,0.0000,0.00,0,0,0,1627.64,0,0.000,0.0000
2026-08-24T00:34:41.436018,1897.08,DONE,7.0622,23.4667,105.75,0.0000,0.0000,20.6660,0,0.0,0.0,0.0,0.0,0.000,0.7700,0.0011,0.1734,1628.72,17.6555,10.3323,53.17,0.0000,0.00,0,0,0,1628.64,0,0.000,0.0000
2026-08-24T00:34:42.435574,1898.08,DONE,7.0622,23.4667,105.75,0.0000,0.0000,20.6660,0,0.0,0.0,0.0,0.0,0.000,0.7700,0.0011,0.1734,1629.72,17.6555,10.3323,53.17,0.0000,0.00,0,0,0,1629.64,0,0.000,0.0000
2026-08-24T00:34:43.435847,1899.08,DONE,7.0622,23.4667,105.75,0.0000,0.0000,20.6660,0,0.0,0.0,0.0,0.0,0.000,0.7700,0.0011,0.1734,1630.72,17.6555,10.3323,53.17,0.0000,0.00,0,0,0,1630.64,0,0.000,0.0000
2026-08-24T00:34:44.435526,1900.08,DONE,7.0622,23.4667,105.75,0.0000,0.0000,20.6660,0,0.0,0.0,0.0,0.0,0.000,0.7700,0.0011,0.1734,1631.72,17.6555,10.3323,53.17,0.0000,0.00,0,0,0,1631.64,0,0.000,0.0000
2026-08-24T00:34:45.435954,1901.08,DONE,7.0622,23.4667,105.75,0.0000,0.0000,20.6660,0,0.0,0.0,0.0,0.0,0.000,0.7700,0.0011,0.1734,1632.72,17.6555,10.3323,53.17,0.0000,0.00,0,0,0,1632.64,0,0.000,0.0000
2026-08-24T00:34:46.435896,1902.08,DONE,7.0622,23.4667,105.75,0.0000,0.0000,20.6660,0,0.0,0.0,0.0,0.0,0.000,0.7700,0.0011,0.1734,1633.72,17.6555,10.3323,53.17,0.0000,0.00,0,0,0,1633.64,0,0.000,0.0000
2026-08-24T00:34:47.435714,1903.08,DONE,7.0622,23.4667,105.75,0.0000,0.0000,20.6660,0,0.0,0.0,0.0,0.0,0.000,0.7700,0.0011,0.1734,1634.72,17.6555,10.3323,53.17,0.0000,0.00,0,0,0,1634.64,0,0.000,0.0000
2026-08-24T00:34:48.435839,1904.08,DONE,7.0622,23.4667,105.75,0.0000,0.0000,20.6660,0,0.0,0.0,0.0,0.0,0.000,0.7700,0.0011,0.1734,1635.72,17.6555,10.3323,53.17,0.0000,0.00,0,0,0,1635.64,0,0.000,0.0000
2026-08-24T00:34:49.435726,1905.08,DONE,7.0622,23.4667,105.75,0.0000,0.0000,20.6660,0,0.0,0.0,0.0,0.0,0.000,0.7700,0.0011,0.1734,1636.72,17.6555,10.3323,53.17,0.0000,0.00,0,0,0,1636.64,0,0.000,0.0000
2026-08-24T00:34:50.435610,1906.08,DONE,7.0622,23.4667,105.75,0.0000,0.0000,20.6660,0,0.0,0.0,0.0,0.0,0.000,0.7700,0.0011,0.1734,1637.72,17.6555,10.3323,53.17,0.0000,0.00,0,0,0,1637.64,0,0.000,0.0000
2026-08-24T00:34:51.435578,1907.08,DONE,7.0622,23.4667,105.75,0.0000,0.0000,20.6660,0,0.0,0.0,0.0,0.0,0.000,0.7700,0.0011,0.1734,1638.72,17.6555,10.3323,53.17,0.0000,0.00,0,0,0,1638.64,0,0.000,0.0000
2026-08-24T00:34:52.436057,1908.08,DONE,7.0622,23.4667,105.75,0.0000,0.0000,20.6660,0,0.0,0.0,0.0,0.0,0.000,0.7700,0.0011,0.1734,1639.72,17.6555,10.3323,53.17,0.0000,0.00,0,0,0,1639.64,0,0.000,0.0000
2026-08-24T00:34:53.436031,1909.08,DONE,7.0622,23.4667,105.75,0.0000,0.0000,20.6660,0,0.0,0.0,0.0,0.0,0.000,0.7700,0.0011,0.1734,1640.72,17.6555,10.3323,53.17,0.0000,0.00,0,0,0,1640.64,0,0.000,0.0000
2026-08-24T00:34:54.435892,1910.08,DONE,7.0622,23.4667,105.75,0.0000,0.0000,20.6660,0,0.0,0.0,0.0,0.0,0.000,0.7700,0.0011,0.1734,1641.72,17.6555,10.3323,53.17,0.0000,0.00,0,0,0,1641.64,0,0.000,0.0000
2026-08-24T00:34:55.435799,1911.08,DONE,7.0622,23.4667,105.75,0.0000,0.0000,20.6660,0,0.0,0.0,0.0,0.0,0.000,0.7700,0.0011,0.1734,1642.72,17.6555,10.3323,53.17,0.0000,0.00,0,0,0,1642.64,0,0.000,0.0000
2026-08-24T00:34:56.435515,1912.08,DONE,7.0622,23.4667,105.75,0.0000,0.0000,20.6660,0,0.0,0.0,0.0,0.0,0.000,0.7700,0.0011,0.1734,1643.72,17.6555,10.3323,53.17,0.0000,0.00,0,0,0,1643.64,0,0.000,0.0000
2026-08-24T00:34:57.435602,1913.08,DONE,7.0622,23.4667,105.75,0.0000,0.0000,20.6660,0,0.0,0.0,0.0,0.0,0.000,0.7700,0.0011,0.1734,1644.72,17.6555,10.3323,53.17,0.0000,0.00,0,0,0,1644.64,0,0.000,0.0000
2026-08-24T00:34:58.436053,1914.08,DONE,7.0622,23.4667,105.75,0.0000,0.0000,20.6660,0,0.0,0.0,0.0,0.0,0.000,0.7700,0.0011,0.1734,1645.72,17.6555,10.3323,53.17,0.0000,0.00,0,0,0,1645.64,0,0.000,0.0000
2026-08-24T00:34:59.435871,1915.08,DONE,7.0622,23.4667,105.75,0.0000,0.0000,20.6660,0,0.0,0.0,0.0,0.0,0.000,0.7700,0.0011,0.1734,1646.72,17.6555,10.3323,53.17,0.0000,0.00,0,0,0,1646.64,0,0.000,0.0000
2026-08-24T00:35:00.435836,1916.08,DONE,7.0622,23.4667,105.75,0.0000,0.0000,20.6660,0,0.0,0.0,0.0,0.0,0.000,0.7700,0.0011,0.1734,1647.72,17.6555,10.3323,53.17,0.0000,0.00,0,0,0,1647.64,0,0.000,0.0000
2026-08-24T00:35:01.435608,1917.08,DONE,7.0622,23.4667,105.75,0.0000,0.0000,20.6660,0,0.0,0.0,0.0,0.0,0.000,0.7700,0.0011,0.1734,1648.72,17.6555,10.3323,53.17,0.0000,0.00,0,0,0,1648.64,0,0.000,0.0000
2026-08-24T00:35:02.435618,1918.08,DONE,7.0622,23.4667,105.75,0.0000,0.0000,20.6660,0,0.0,0.0,0.0,0.0,0.000,0.7700,0.0011,0.1734,1649.72,17.6555,10.3323,53.17,0.0000,0.00,0,0,0,1649.64,0,0.000,0.0000
2026-08-24T00:35:03.435627,1919.08,DONE,7.0622,23.4667,105.75,0.0000,0.0000,20.6660,0,0.0,0.0,0.0,0.0,0.000,0.7700,0.0011,0.1734,1650.72,17.6555,10.3323,53.17,0.0000,0.00,0,0,0,1650.64,0,0.000,0.0000
2026-08-24T00:35:04.435573,1920.08,DONE,7.0622,23.4667,105.75,0.0000,0.0000,20.6660,0,0.0,0.0,0.0,0.0,0.000,0.7700,0.0011,0.1734,1651.72,17.6555,10.3323,53.17,0.0000,0.00,0,0,0,1651.64,0,0.000,0.0000
2026-08-24T00:35:05.435861,1921.08,DONE,7.0622,23.4667,105.75,0.0000,0.0000,20.6660,0,0.0,0.0,0.0,0.0,0.000,0.7700,0.0011,0.1734,1652.72,17.6555,10.3323,53.17,0.0000,0.00,0,0,0,1652.64,0,0.000,0.0000
2026-08-24T00:35:06.435973,1922.08,DONE,7.0622,23.4667,105.75,0.0000,0.0000,20.6660,0,0.0,0.0,0.0,0.0,0.000,0.7700,0.0011,0.1734,1653.72,17.6555,10.3323,53.17,0.0000,0.00,0,0,0,1653.64,0,0.000,0.0000
2026-08-24T00:35:07.435965,1923.08,DONE,7.0622,23.4667,105.75,0.0000,0.0000,20.6660,0,0.0,0.0,0.0,0.0,0.000,0.7700,0.0011,0.1734,1654.72,17.6555,10.3323,53.17,0.0000,0.00,0,0,0,1654.64,0,0.000,0.0000
2026-08-24T00:35:08.435912,1924.08,DONE,7.0622,23.4667,105.75,0.0000,0.0000,20.6660,0,0.0,0.0,0.0,0.0,0.000,0.7700,0.0011,0.1734,1655.72,17.6555,10.3323,53.17,0.0000,0.00,0,0,0,1655.64,0,0.000,0.0000
2026-08-24T00:35:09.435550,1925.08,DONE,7.0622,23.4667,105.75,0.0000,0.0000,20.6660,0,0.0,0.0,0.0,0.0,0.000,0.7700,0.0011,0.1734,1656.72,17.6555,10.3323,53.17,0.0000,0.00,0,0,0,1656.64,0,0.000,0.0000
2026-08-24T00:35:10.435746,1926.08,DONE,7.0622,23.4667,105.75,0.0000,0.0000,20.6660,0,0.0,0.0,0.0,0.0,0.000,0.7700,0.0011,0.1734,1657.72,17.6555,10.3323,53.17,0.0000,0.00,0,0,0,1657.64,0,0.000,0.0000
2026-08-24T00:35:11.435784,1927.08,DONE,7.0622,23.4667,105.75,0.0000,0.0000,20.6660,0,0.0,0.0,0.0,0.0,0.000,0.7700,0.0011,0.1734,1658.72,17.6555,10.3323,53.17,0.0000,0.00,0,0,0,1658.64,0,0.000,0.0000
2026-08-24T00:35:12.437273,1928.08,DONE,7.0622,23.4667,105.75,0.0000,0.0000,20.6660,0,0.0,0.0,0.0,0.0,0.000,0.7700,0.0011,0.1734,1659.72,17.6555,10.3323,53.17,0.0000,0.00,0,0,0,1659.64,0,0.000,0.0000
2026-08-24T00:35:13.435743,1929.08,DONE,7.0622,23.4667,105.75,0.0000,0.0000,20.6660,0,0.0,0.0,0.0,0.0,0.000,0.7700,0.0011,0.1734,1660.72,17.6555,10.3323,53.17,0.0000,0.00,0,0,0,1660.64,0,0.000,0.0000
2026-08-24T00:35:14.435889,1930.08,DONE,7.0622,23.4667,105.75,0.0000,0.0000,20.6660,0,0.0,0.0,0.0,0.0,0.000,0.7700,0.0011,0.1734,1661.72,17.6555,10.3323,53.17,0.0000,0.00,0,0,0,1661.64,0,0.000,0.0000
2026-08-24T00:35:15.435868,1931.08,DONE,7.0622,23.4667,105.75,0.0000,0.0000,20.6660,0,0.0,0.0,0.0,0.0,0.000,0.7700,0.0011,0.1734,1662.72,17.6555,10.3323,53.17,0.0000,0.00,0,0,0,1662.64,0,0.000,0.0000
2026-08-24T00:35:16.436506,1932.08,DONE,7.0622,23.4667,105.75,0.0000,0.0000,20.6660,0,0.0,0.0,0.0,0.0,0.000,0.7700,0.0011,0.1734,1663.72,17.6555,10.3323,53.17,0.0000,0.00,0,0,0,1663.64,0,0.000,0.0000
2026-08-24T00:35:17.435859,1933.08,DONE,7.0622,23.4667,105.75,0.0000,0.0000,20.6660,0,0.0,0.0,0.0,0.0,0.000,0.7700,0.0011,0.1734,1664.72,17.6555,10.3323,53.17,0.0000,0.00,0,0,0,1664.64,0,0.000,0.0000
2026-08-24T00:35:18.436126,1934.08,DONE,7.0622,23.4667,105.75,0.0000,0.0000,20.6660,0,0.0,0.0,0.0,0.0,0.000,0.7700,0.0011,0.1734,1665.72,17.6555,10.3323,53.17,0.0000,0.00,0,0,0,1665.64,0,0.000,0.0000
2026-08-24T00:35:19.436025,1935.08,DONE,7.0622,23.4667,105.75,0.0000,0.0000,20.6660,0,0.0,0.0,0.0,0.0,0.000,0.7700,0.0011,0.1734,1666.72,17.6555,10.3323,53.17,0.0000,0.00,0,0,0,1666.64,0,0.000,0.0000
2026-08-24T00:35:20.435862,1936.08,DONE,7.0622,23.4667,105.75,0.0000,0.0000,20.6660,0,0.0,0.0,0.0,0.0,0.000,0.7700,0.0011,0.1734,1667.72,17.6555,10.3323,53.17,0.0000,0.00,0,0,0,1667.64,0,0.000,0.0000
2026-08-24T00:35:21.436006,1937.08,DONE,7.0622,23.4667,105.75,0.0000,0.0000,20.6660,0,0.0,0.0,0.0,0.0,0.000,0.7700,0.0011,0.1734,1668.72,17.6555,10.3323,53.17,0.0000,0.00,0,0,0,1668.64,0,0.000,0.0000
2026-08-24T00:35:22.436523,1938.08,DONE,7.0622,23.4667,105.75,0.0000,0.0000,20.6660,0,0.0,0.0,0.0,0.0,0.000,0.7700,0.0011,0.1734,1669.72,17.6555,10.3323,53.17,0.0000,0.00,0,0,0,1669.64,0,0.000,0.0000
2026-08-24T00:35:23.436116,1939.08,DONE,7.0622,23.4667,105.75,0.0000,0.0000,20.6660,0,0.0,0.0,0.0,0.0,0.000,0.7700,0.0011,0.1734,1670.72,17.6555,10.3323,53.17,0.0000,0.00,0,0,0,1670.64,0,0.000,0.0000
2026-08-24T00:35:24.435980,1940.08,DONE,7.0622,23.4667,105.75,0.0000,0.0000,20.6660,0,0.0,0.0,0.0,0.0,0.000,0.7700,0.0011,0.1734,1671.72,17.6555,10.3323,53.17,0.0000,0.00,0,0,0,1671.64,0,0.000,0.0000
2026-08-24T00:35:25.435579,1941.08,DONE,7.0622,23.4667,105.75,0.0000,0.0000,20.6660,0,0.0,0.0,0.0,0.0,0.000,0.7700,0.0011,0.1734,1672.72,17.6555,10.3323,53.17,0.0000,0.00,0,0,0,1672.64,0,0.000,0.0000
2026-08-24T00:35:26.435626,1942.08,DONE,7.0622,23.4667,105.75,0.0000,0.0000,20.6660,0,0.0,0.0,0.0,0.0,0.000,0.7700,0.0011,0.1734,1673.72,17.6555,10.3323,53.17,0.0000,0.00,0,0,0,1673.64,0,0.000,0.0000
2026-08-24T00:35:27.435603,1943.08,DONE,7.0622,23.4667,105.75,0.0000,0.0000,20.6660,0,0.0,0.0,0.0,0.0,0.000,0.7700,0.0011,0.1734,1674.72,17.6555,10.3323,53.17,0.0000,0.00,0,0,0,1674.64,0,0.000,0.0000
2026-08-24T00:35:28.436753,1944.08,DONE,7.0622,23.4667,105.75,0.0000,0.0000,20.6660,0,0.0,0.0,0.0,0.0,0.000,0.7700,0.0011,0.1734,1675.72,17.6555,10.3323,53.17,0.0000,0.00,0,0,0,1675.64,0,0.000,0.0000
2026-08-24T00:35:29.435522,1945.08,DONE,7.0622,23.4667,105.75,0.0000,0.0000,20.6660,0,0.0,0.0,0.0,0.0,0.000,0.7700,0.0011,0.1734,1676.72,17.6555,10.3323,53.17,0.0000,0.00,0,0,0,1676.64,0,0.000,0.0000
2026-08-24T00:35:30.435618,1946.08,DONE,7.0622,23.4667,105.75,0.0000,0.0000,20.6660,0,0.0,0.0,0.0,0.0,0.000,0.7700,0.0011,0.1734,1677.72,17.6555,10.3323,53.17,0.0000,0.00,0,0,0,1677.64,0,0.000,0.0000
2026-08-24T00:35:31.435752,1947.08,DONE,7.0622,23.4667,105.75,0.0000,0.0000,20.6660,0,0.0,0.0,0.0,0.0,0.000,0.7700,0.0011,0.1734,1678.72,17.6555,10.3323,53.17,0.0000,0.00,0,0,0,1678.64,0,0.000,0.0000
2026-08-24T00:35:32.435561,1948.08,DONE,7.0622,23.4667,105.75,0.0000,0.0000,20.6660,0,0.0,0.0,0.0,0.0,0.000,0.7700,0.0011,0.1734,1679.72,17.6555,10.3323,53.17,0.0000,0.00,0,0,0,1679.64,0,0.000,0.0000
2026-08-24T00:35:33.435597,1949.08,DONE,7.0622,23.4667,105.75,0.0000,0.0000,20.6660,0,0.0,0.0,0.0,0.0,0.000,0.7700,0.0011,0.1734,1680.72,17.6555,10.3323,53.17,0.0000,0.00,0,0,0,1680.64,0,0.000,0.0000
2026-08-24T00:35:34.435768,1950.08,DONE,7.0622,23.4667,105.75,0.0000,0.0000,20.6660,0,0.0,0.0,0.0,0.0,0.000,0.7700,0.0011,0.1734,1681.72,17.6555,10.3323,53.17,0.0000,0.00,0,0,0,1681.64,0,0.000,0.0000
2026-08-24T00:35:35.436682,1951.08,DONE,7.0622,23.4667,105.75,0.0000,0.0000,20.6660,0,0.0,0.0,0.0,0.0,0.000,0.7700,0.0011,0.1734,1682.72,17.6555,10.3323,53.17,0.0000,0.00,0,0,0,1682.64,0,0.000,0.0000
2026-08-24T00:35:36.435888,1952.08,DONE,7.0622,23.4667,105.75,0.0000,0.0000,20.6660,0,0.0,0.0,0.0,0.0,0.000,0.7700,0.0011,0.1734,1683.72,17.6555,10.3323,53.17,0.0000,0.00,0,0,0,1683.64,0,0.000,0.0000
2026-08-24T00:35:37.435886,1953.08,DONE,7.0622,23.4667,105.75,0.0000,0.0000,20.6660,0,0.0,0.0,0.0,0.0,0.000,0.7700,0.0011,0.1734,1684.72,17.6555,10.3323,53.17,0.0000,0.00,0,0,0,1684.64,0,0.000,0.0000
2026-08-24T00:35:38.435823,1954.08,DONE,7.0622,23.4667,105.75,0.0000,0.0000,20.6660,0,0.0,0.0,0.0,0.0,0.000,0.7700,0.0011,0.1734,1685.72,17.6555,10.3323,53.17,0.0000,0.00,0,0,0,1685.64,0,0.000,0.0000
2026-08-24T00:35:39.436053,1955.08,DONE,7.0622,23.4667,105.75,0.0000,0.0000,20.6660,0,0.0,0.0,0.0,0.0,0.000,0.7700,0.0011,0.1734,1686.72,17.6555,10.3323,53.17,0.0000,0.00,0,0,0,1686.64,0,0.000,0.0000
2026-08-24T00:35:40.435660,1956.08,DONE,7.0622,23.4667,105.75,0.0000,0.0000,20.6660,0,0.0,0.0,0.0,0.0,0.000,0.7700,0.0011,0.1734,1687.72,17.6555,10.3323,53.17,0.0000,0.00,0,0,0,1687.64,0,0.000,0.0000
2026-08-24T00:35:41.435536,1957.08,DONE,7.0622,23.4667,105.75,0.0000,0.0000,20.6660,0,0.0,0.0,0.0,0.0,0.000,0.7700,0.0011,0.1734,1688.72,17.6555,10.3323,53.17,0.0000,0.00,0,0,0,1688.64,0,0.000,0.0000
2026-08-24T00:35:42.435555,1958.08,DONE,7.0622,23.4667,105.75,0.0000,0.0000,20.6660,0,0.0,0.0,0.0,0.0,0.000,0.7700,0.0011,0.1734,1689.72,17.6555,10.3323,53.17,0.0000,0.00,0,0,0,1689.64,0,0.000,0.0000
2026-08-24T00:35:43.435914,1959.08,DONE,7.0622,23.4667,105.75,0.0000,0.0000,20.6660,0,0.0,0.0,0.0,0.0,0.000,0.7700,0.0011,0.1734,1690.72,17.6555,10.3323,53.17,0.0000,0.00,0,0,0,1690.64,0,0.000,0.0000
2026-08-24T00:35:44.435679,1960.08,DONE,7.0622,23.4667,105.75,0.0000,0.0000,20.6660,0,0.0,0.0,0.0,0.0,0.000,0.7700,0.0011,0.1734,1691.72,17.6555,10.3323,53.17,0.0000,0.00,0,0,0,1691.64,0,0.000,0.0000
2026-08-24T00:35:45.435880,1961.08,DONE,7.0622,23.4667,105.75,0.0000,0.0000,20.6660,0,0.0,0.0,0.0,0.0,0.000,0.7700,0.0011,0.1734,1692.72,17.6555,10.3323,53.17,0.0000,0.00,0,0,0,1692.64,0,0.000,0.0000
2026-08-24T00:35:46.435567,1962.08,DONE,7.0622,23.4667,105.75,0.0000,0.0000,20.6660,0,0.0,0.0,0.0,0.0,0.000,0.7700,0.0011,0.1734,1693.72,17.6555,10.3323,53.17,0.0000,0.00,0,0,0,1693.64,0,0.000,0.0000
2026-08-24T00:35:47.435552,1963.08,DONE,7.0622,23.4667,105.75,0.0000,0.0000,20.6660,0,0.0,0.0,0.0,0.0,0.000,0.7700,0.0011,0.1734,1694.72,17.6555,10.3323,53.17,0.0000,0.00,0,0,0,1694.64,0,0.000,0.0000
2026-08-24T00:35:48.435597,1964.08,DONE,7.0622,23.4667,105.75,0.0000,0.0000,20.6660,0,0.0,0.0,0.0,0.0,0.000,0.7700,0.0011,0.1734,1695.72,17.6555,10.3323,53.17,0.0000,0.00,0,0,0,1695.64,0,0.000,0.0000
2026-08-24T00:35:49.435717,1965.08,DONE,7.0622,23.4667,105.75,0.0000,0.0000,20.6660,0,0.0,0.0,0.0,0.0,0.000,0.7700,0.0011,0.1734,1696.72,17.6555,10.3323,53.17,0.0000,0.00,0,0,0,1696.64,0,0.000,0.0000
2026-08-24T00:35:50.435768,1966.08,DONE,7.0622,23.4667,105.75,0.0000,0.0000,20.6660,0,0.0,0.0,0.0,0.0,0.000,0.7700,0.0011,0.1734,1697.72,17.6555,10.3323,53.17,0.0000,0.00,0,0,0,1697.64,0,0.000,0.0000
2026-08-24T00:35:51.435591,1967.08,DONE,7.0622,23.4667,105.75,0.0000,0.0000,20.6660,0,0.0,0.0,0.0,0.0,0.000,0.7700,0.0011,0.1734,1698.72,17.6555,10.3323,53.17,0.0000,0.00,0,0,0,1698.64,0,0.000,0.0000
2026-08-24T00:35:52.436006,1968.08,DONE,7.0622,23.4667,105.75,0.0000,0.0000,20.6660,0,0.0,0.0,0.0,0.0,0.000,0.7700,0.0011,0.1734,1699.72,17.6555,10.3323,53.17,0.0000,0.00,0,0,0,1699.64,0,0.000,0.0000
2026-08-24T00:35:53.435878,1969.08,DONE,7.0622,23.4667,105.75,0.0000,0.0000,20.6660,0,0.0,0.0,0.0,0.0,0.000,0.7700,0.0011,0.1734,1700.72,17.6555,10.3323,53.17,0.0000,0.00,0,0,0,1700.64,0,0.000,0.0000
2026-08-24T00:35:54.435719,1970.08,DONE,7.0622,23.4667,105.75,0.0000,0.0000,20.6660,0,0.0,0.0,0.0,0.0,0.000,0.7700,0.0011,0.1734,1701.72,17.6555,10.3323,53.17,0.0000,0.00,0,0,0,1701.64,0,0.000,0.0000
2026-08-24T00:35:55.435752,1971.08,DONE,7.0622,23.4667,105.75,0.0000,0.0000,20.6660,0,0.0,0.0,0.0,0.0,0.000,0.7700,0.0011,0.1734,1702.72,17.6555,10.3323,53.17,0.0000,0.00,0,0,0,1702.64,0,0.000,0.0000
2026-08-24T00:35:56.435565,1972.08,DONE,7.0622,23.4667,105.75,0.0000,0.0000,20.6660,0,0.0,0.0,0.0,0.0,0.000,0.7700,0.0011,0.1734,1703.72,17.6555,10.3323,53.17,0.0000,0.00,0,0,0,1703.64,0,0.000,0.0000
2026-08-24T00:35:57.435607,1973.08,DONE,7.0622,23.4667,105.75,0.0000,0.0000,20.6660,0,0.0,0.0,0.0,0.0,0.000,0.7700,0.0011,0.1734,1704.72,17.6555,10.3323,53.17,0.0000,0.00,0,0,0,1704.64,0,0.000,0.0000
2026-08-24T00:35:58.435635,1974.08,DONE,7.0622,23.4667,105.75,0.0000,0.0000,20.6660,0,0.0,0.0,0.0,0.0,0.000,0.7700,0.0011,0.1734,1705.72,17.6555,10.3323,53.17,0.0000,0.00,0,0,0,1705.64,0,0.000,0.0000
2026-08-24T00:35:59.436042,1975.08,DONE,7.0622,23.4667,105.75,0.0000,0.0000,20.6660,0,0.0,0.0,0.0,0.0,0.000,0.7700,0.0011,0.1734,1706.72,17.6555,10.3323,53.17,0.0000,0.00,0,0,0,1706.64,0,0.000,0.0000
2026-08-24T00:36:00.435876,1976.08,DONE,7.0622,23.4667,105.75,0.0000,0.0000,20.6660,0,0.0,0.0,0.0,0.0,0.000,0.7700,0.0011,0.1734,1707.72,17.6555,10.3323,53.17,0.0000,0.00,0,0,0,1707.64,0,0.000,0.0000
2026-08-24T00:36:01.435935,1977.08,DONE,7.0622,23.4667,105.75,0.0000,0.0000,20.6660,0,0.0,0.0,0.0,0.0,0.000,0.7700,0.0011,0.1734,1708.72,17.6555,10.3323,53.17,0.0000,0.00,0,0,0,1708.64,0,0.000,0.0000
2026-08-24T00:36:02.435587,1978.08,DONE,7.0622,23.4667,105.75,0.0000,0.0000,20.6660,0,0.0,0.0,0.0,0.0,0.000,0.7700,0.0011,0.1734,1709.72,17.6555,10.3323,53.17,0.0000,0.00,0,0,0,1709.64,0,0.000,0.0000
2026-08-24T00:36:03.435639,1979.08,DONE,7.0622,23.4667,105.75,0.0000,0.0000,20.6660,0,0.0,0.0,0.0,0.0,0.000,0.7700,0.0011,0.1734,1710.72,17.6555,10.3323,53.17,0.0000,0.00,0,0,0,1710.64,0,0.000,0.0000
2026-08-24T00:36:04.435707,1980.08,DONE,7.0622,23.4667,105.75,0.0000,0.0000,20.6660,0,0.0,0.0,0.0,0.0,0.000,0.7700,0.0011,0.1734,1711.72,17.6555,10.3323,53.17,0.0000,0.00,0,0,0,1711.64,0,0.000,0.0000
2026-08-24T00:36:05.436255,1981.08,DONE,7.0622,23.4667,105.75,0.0000,0.0000,20.6660,0,0.0,0.0,0.0,0.0,0.000,0.7700,0.0011,0.1734,1712.72,17.6555,10.3323,53.17,0.0000,0.00,0,0,0,1712.64,0,0.000,0.0000
2026-08-24T00:36:06.436006,1982.08,DONE,7.0622,23.4667,105.75,0.0000,0.0000,20.6660,0,0.0,0.0,0.0,0.0,0.000,0.7700,0.0011,0.1734,1713.72,17.6555,10.3323,53.17,0.0000,0.00,0,0,0,1713.64,0,0.000,0.0000
2026-08-24T00:36:07.435471,1983.08,DONE,7.0622,23.4667,105.75,0.0000,0.0000,20.6660,0,0.0,0.0,0.0,0.0,0.000,0.7700,0.0011,0.1734,1714.72,17.6555,10.3323,53.17,0.0000,0.00,0,0,0,1714.64,0,0.000,0.0000
2026-08-24T00:36:08.435511,1984.08,DONE,7.0622,23.4667,105.75,0.0000,0.0000,20.6660,0,0.0,0.0,0.0,0.0,0.000,0.7700,0.0011,0.1734,1715.72,17.6555,10.3323,53.17,0.0000,0.00,0,0,0,1715.64,0,0.000,0.0000
2026-08-24T00:36:09.435592,1985.08,DONE,7.0622,23.4667,105.75,0.0000,0.0000,20.6660,0,0.0,0.0,0.0,0.0,0.000,0.7700,0.0011,0.1734,1716.72,17.6555,10.3323,53.17,0.0000,0.00,0,0,0,1716.64,0,0.000,0.0000
2026-08-24T00:36:10.435721,1986.08,DONE,7.0622,23.4667,105.75,0.0000,0.0000,20.6660,0,0.0,0.0,0.0,0.0,0.000,0.7700,0.0011,0.1734,1717.72,17.6555,10.3323,53.17,0.0000,0.00,0,0,0,1717.64,0,0.000,0.0000
2026-08-24T00:36:11.435603,1987.08,DONE,7.0622,23.4667,105.75,0.0000,0.0000,20.6660,0,0.0,0.0,0.0,0.0,0.000,0.7700,0.0011,0.1734,1718.72,17.6555,10.3323,53.17,0.0000,0.00,0,0,0,1718.64,0,0.000,0.0000
2026-08-24T00:36:12.435566,1988.08,DONE,7.0622,23.4667,105.75,0.0000,0.0000,20.6660,0,0.0,0.0,0.0,0.0,0.000,0.7700,0.0011,0.1734,1719.72,17.6555,10.3323,53.17,0.0000,0.00,0,0,0,1719.64,0,0.000,0.0000
2026-08-24T00:36:13.435786,1989.08,DONE,7.0622,23.4667,105.75,0.0000,0.0000,20.6660,0,0.0,0.0,0.0,0.0,0.000,0.7700,0.0011,0.1734,1720.72,17.6555,10.3323,53.17,0.0000,0.00,0,0,0,1720.64,0,0.000,0.0000
2026-08-24T00:36:14.435693,1990.08,DONE,7.0622,23.4667,105.75,0.0000,0.0000,20.6660,0,0.0,0.0,0.0,0.0,0.000,0.7700,0.0011,0.1734,1721.72,17.6555,10.3323,53.17,0.0000,0.00,0,0,0,1721.64,0,0.000,0.0000
2026-08-24T00:36:15.435474,1991.08,DONE,7.0622,23.4667,105.75,0.0000,0.0000,20.6660,0,0.0,0.0,0.0,0.0,0.000,0.7700,0.0011,0.1734,1722.72,17.6555,10.3323,53.17,0.0000,0.00,0,0,0,1722.64,0,0.000,0.0000
2026-08-24T00:36:16.435585,1992.08,DONE,7.0622,23.4667,105.75,0.0000,0.0000,20.6660,0,0.0,0.0,0.0,0.0,0.000,0.7700,0.0011,0.1734,1723.72,17.6555,10.3323,53.17,0.0000,0.00,0,0,0,1723.64,0,0.000,0.0000
2026-08-24T00:36:17.435694,1993.08,DONE,7.0622,23.4667,105.75,0.0000,0.0000,20.6660,0,0.0,0.0,0.0,0.0,0.000,0.7700,0.0011,0.1734,1724.72,17.6555,10.3323,53.17,0.0000,0.00,0,0,0,1724.64,0,0.000,0.0000
2026-08-24T00:36:18.435869,1994.08,DONE,7.0622,23.4667,105.75,0.0000,0.0000,20.6660,0,0.0,0.0,0.0,0.0,0.000,0.7700,0.0011,0.1734,1725.72,17.6555,10.3323,53.17,0.0000,0.00,0,0,0,1725.64,0,0.000,0.0000
2026-08-24T00:36:19.436191,1995.08,DONE,7.0622,23.4667,105.75,0.0000,0.0000,20.6660,0,0.0,0.0,0.0,0.0,0.000,0.7700,0.0011,0.1734,1726.72,17.6555,10.3323,53.17,0.0000,0.00,0,0,0,1726.64,0,0.000,0.0000
2026-08-24T00:36:20.435657,1996.08,DONE,7.0622,23.4667,105.75,0.0000,0.0000,20.6660,0,0.0,0.0,0.0,0.0,0.000,0.7700,0.0011,0.1734,1727.72,17.6555,10.3323,53.17,0.0000,0.00,0,0,0,1727.64,0,0.000,0.0000
2026-08-24T00:36:21.436138,1997.08,DONE,7.0622,23.4667,105.75,0.0000,0.0000,20.6660,0,0.0,0.0,0.0,0.0,0.000,0.7700,0.0011,0.1734,1728.72,17.6555,10.3323,53.17,0.0000,0.00,0,0,0,1728.64,0,0.000,0.0000
2026-08-24T00:36:22.435624,1998.08,DONE,7.0622,23.4667,105.75,0.0000,0.0000,20.6660,0,0.0,0.0,0.0,0.0,0.000,0.7700,0.0011,0.1734,1729.72,17.6555,10.3323,53.17,0.0000,0.00,0,0,0,1729.64,0,0.000,0.0000
2026-08-24T00:36:23.435548,1999.08,DONE,7.0622,23.4667,105.75,0.0000,0.0000,20.6660,0,0.0,0.0,0.0,0.0,0.000,0.7700,0.0011,0.1734,1730.72,17.6555,10.3323,53.17,0.0000,0.00,0,0,0,1730.64,0,0.000,0.0000
2026-08-24T00:36:24.435792,2000.08,DONE,7.0622,23.4667,105.75,0.0000,0.0000,20.6660,0,0.0,0.0,0.0,0.0,0.000,0.7700,0.0011,0.1734,1731.72,17.6555,10.3323,53.17,0.0000,0.00,0,0,0,1731.64,0,0.000,0.0000
2026-08-24T00:36:25.435736,2001.08,DONE,7.0622,23.4667,105.75,0.0000,0.0000,20.6660,0,0.0,0.0,0.0,0.0,0.000,0.7700,0.0011,0.1734,1732.72,17.6555,10.3323,53.17,0.0000,0.00,0,0,0,1732.64,0,0.000,0.0000
2026-08-24T00:36:26.436010,2002.08,DONE,7.0622,23.4667,105.75,0.0000,0.0000,20.6660,0,0.0,0.0,0.0,0.0,0.000,0.7700,0.0011,0.1734,1733.72,17.6555,10.3323,53.17,0.0000,0.00,0,0,0,1733.64,0,0.000,0.0000
2026-08-24T00:36:27.435626,2003.08,DONE,7.0622,23.4667,105.75,0.0000,0.0000,20.6660,0,0.0,0.0,0.0,0.0,0.000,0.7700,0.0011,0.1734,1734.72,17.6555,10.3323,53.17,0.0000,0.00,0,0,0,1734.64,0,0.000,0.0000
2026-08-24T00:36:28.435603,2004.08,DONE,7.0622,23.4667,105.75,0.0000,0.0000,20.6660,0,0.0,0.0,0.0,0.0,0.000,0.7700,0.0011,0.1734,1735.72,17.6555,10.3323,53.17,0.0000,0.00,0,0,0,1735.64,0,0.000,0.0000
2026-08-24T00:36:29.435543,2005.08,DONE,7.0622,23.4667,105.75,0.0000,0.0000,20.6660,0,0.0,0.0,0.0,0.0,0.000,0.7700,0.0011,0.1734,1736.72,17.6555,10.3323,53.17,0.0000,0.00,0,0,0,1736.64,0,0.000,0.0000
2026-08-24T00:36:30.435638,2006.08,DONE,7.0622,23.4667,105.75,0.0000,0.0000,20.6660,0,0.0,0.0,0.0,0.0,0.000,0.7700,0.0011,0.1734,1737.72,17.6555,10.3323,53.17,0.0000,0.00,0,0,0,1737.64,0,0.000,0.0000
2026-08-24T00:36:31.435581,2007.08,DONE,7.0622,23.4667,105.75,0.0000,0.0000,20.6660,0,0.0,0.0,0.0,0.0,0.000,0.7700,0.0011,0.1734,1738.72,17.6555,10.3323,53.17,0.0000,0.00,0,0,0,1738.64,0,0.000,0.0000
2026-08-24T00:36:32.435572,2008.08,DONE,7.0622,23.4667,105.75,0.0000,0.0000,20.6660,0,0.0,0.0,0.0,0.0,0.000,0.7700,0.0011,0.1734,1739.72,17.6555,10.3323,53.17,0.0000,0.00,0,0,0,1739.64,0,0.000,0.0000
2026-08-24T00:36:33.435492,2009.08,DONE,7.0622,23.4667,105.75,0.0000,0.0000,20.6660,0,0.0,0.0,0.0,0.0,0.000,0.7700,0.0011,0.1734,1740.72,17.6555,10.3323,53.17,0.0000,0.00,0,0,0,1740.64,0,0.000,0.0000
2026-08-24T00:36:34.435553,2010.08,DONE,7.0622,23.4667,105.75,0.0000,0.0000,20.6660,0,0.0,0.0,0.0,0.0,0.000,0.7700,0.0011,0.1734,1741.72,17.6555,10.3323,53.17,0.0000,0.00,0,0,0,1741.64,0,0.000,0.0000
2026-08-24T00:36:35.435821,2011.08,DONE,7.0622,23.4667,105.75,0.0000,0.0000,20.6660,0,0.0,0.0,0.0,0.0,0.000,0.7700,0.0011,0.1734,1742.72,17.6555,10.3323,53.17,0.0000,0.00,0,0,0,1742.64,0,0.000,0.0000
2026-08-24T00:36:36.437570,2012.08,DONE,7.0622,23.4667,105.75,0.0000,0.0000,20.6660,0,0.0,0.0,0.0,0.0,0.000,0.7700,0.0011,0.1734,1743.73,17.6555,10.3323,53.17,0.0000,0.00,0,0,0,1743.64,0,0.000,0.0000
2026-08-24T00:36:37.436671,2013.08,DONE,7.0622,23.4667,105.75,0.0000,0.0000,20.6660,0,0.0,0.0,0.0,0.0,0.000,0.7700,0.0011,0.1734,1744.72,17.6555,10.3323,53.17,0.0000,0.00,0,0,0,1744.64,0,0.000,0.0000
2026-08-24T00:36:38.435703,2014.08,DONE,7.0622,23.4667,105.75,0.0000,0.0000,20.6660,0,0.0,0.0,0.0,0.0,0.000,0.7700,0.0011,0.1734,1745.72,17.6555,10.3323,53.17,0.0000,0.00,0,0,0,1745.64,0,0.000,0.0000
2026-08-24T00:36:39.435564,2015.08,DONE,7.0622,23.4667,105.75,0.0000,0.0000,20.6660,0,0.0,0.0,0.0,0.0,0.000,0.7700,0.0011,0.1734,1746.72,17.6555,10.3323,53.17,0.0000,0.00,0,0,0,1746.64,0,0.000,0.0000
2026-08-24T00:36:40.435534,2016.08,DONE,7.0622,23.4667,105.75,0.0000,0.0000,20.6660,0,0.0,0.0,0.0,0.0,0.000,0.7700,0.0011,0.1734,1747.72,17.6555,10.3323,53.17,0.0000,0.00,0,0,0,1747.64,0,0.000,0.0000
2026-08-24T00:36:41.435590,2017.08,DONE,7.0622,23.4667,105.75,0.0000,0.0000,20.6660,0,0.0,0.0,0.0,0.0,0.000,0.7700,0.0011,0.1734,1748.72,17.6555,10.3323,53.17,0.0000,0.00,0,0,0,1748.64,0,0.000,0.0000
2026-08-24T00:36:42.435536,2018.08,DONE,7.0622,23.4667,105.75,0.0000,0.0000,20.6660,0,0.0,0.0,0.0,0.0,0.000,0.7700,0.0011,0.1734,1749.72,17.6555,10.3323,53.17,0.0000,0.00,0,0,0,1749.64,0,0.000,0.0000
2026-08-24T00:36:43.435556,2019.08,DONE,7.0622,23.4667,105.75,0.0000,0.0000,20.6660,0,0.0,0.0,0.0,0.0,0.000,0.7700,0.0011,0.1734,1750.72,17.6555,10.3323,53.17,0.0000,0.00,0,0,0,1750.64,0,0.000,0.0000
2026-08-24T00:36:44.436260,2020.08,DONE,7.0622,23.4667,105.75,0.0000,0.0000,20.6660,0,0.0,0.0,0.0,0.0,0.000,0.7700,0.0011,0.1734,1751.72,17.6555,10.3323,53.17,0.0000,0.00,0,0,0,1751.64,0,0.000,0.0000
2026-08-24T00:36:45.435895,2021.08,DONE,7.0622,23.4667,105.75,0.0000,0.0000,20.6660,0,0.0,0.0,0.0,0.0,0.000,0.7700,0.0011,0.1734,1752.72,17.6555,10.3323,53.17,0.0000,0.00,0,0,0,1752.64,0,0.000,0.0000
2026-08-24T00:36:46.435618,2022.08,DONE,7.0622,23.4667,105.75,0.0000,0.0000,20.6660,0,0.0,0.0,0.0,0.0,0.000,0.7700,0.0011,0.1734,1753.72,17.6555,10.3323,53.17,0.0000,0.00,0,0,0,1753.64,0,0.000,0.0000
2026-08-24T00:36:47.435497,2023.08,DONE,7.0622,23.4667,105.75,0.0000,0.0000,20.6660,0,0.0,0.0,0.0,0.0,0.000,0.7700,0.0011,0.1734,1754.72,17.6555,10.3323,53.17,0.0000,0.00,0,0,0,1754.64,0,0.000,0.0000
2026-08-24T00:36:48.436067,2024.08,DONE,7.0622,23.4667,105.75,0.0000,0.0000,20.6660,0,0.0,0.0,0.0,0.0,0.000,0.7700,0.0011,0.1734,1755.72,17.6555,10.3323,53.17,0.0000,0.00,0,0,0,1755.64,0,0.000,0.0000
2026-08-24T00:36:49.435618,2025.08,DONE,7.0622,23.4667,105.75,0.0000,0.0000,20.6660,0,0.0,0.0,0.0,0.0,0.000,0.7700,0.0011,0.1734,1756.72,17.6555,10.3323,53.17,0.0000,0.00,0,0,0,1756.64,0,0.000,0.0000
2026-08-24T00:36:50.435630,2026.08,DONE,7.0622,23.4667,105.75,0.0000,0.0000,20.6660,0,0.0,0.0,0.0,0.0,0.000,0.7700,0.0011,0.1734,1757.72,17.6555,10.3323,53.17,0.0000,0.00,0,0,0,1757.64,0,0.000,0.0000
2026-08-24T00:36:51.435644,2027.08,DONE,7.0622,23.4667,105.75,0.0000,0.0000,20.6660,0,0.0,0.0,0.0,0.0,0.000,0.7700,0.0011,0.1734,1758.72,17.6555,10.3323,53.17,0.0000,0.00,0,0,0,1758.64,0,0.000,0.0000
2026-08-24T00:36:52.435706,2028.08,DONE,7.0622,23.4667,105.75,0.0000,0.0000,20.6660,0,0.0,0.0,0.0,0.0,0.000,0.7700,0.0011,0.1734,1759.72,17.6555,10.3323,53.17,0.0000,0.00,0,0,0,1759.64,0,0.000,0.0000
2026-08-24T00:36:53.436014,2029.08,DONE,7.0622,23.4667,105.75,0.0000,0.0000,20.6660,0,0.0,0.0,0.0,0.0,0.000,0.7700,0.0011,0.1734,1760.72,17.6555,10.3323,53.17,0.0000,0.00,0,0,0,1760.64,0,0.000,0.0000
2026-08-24T00:36:54.435861,2030.08,DONE,7.0622,23.4667,105.75,0.0000,0.0000,20.6660,0,0.0,0.0,0.0,0.0,0.000,0.7700,0.0011,0.1734,1761.72,17.6555,10.3323,53.17,0.0000,0.00,0,0,0,1761.64,0,0.000,0.0000
2026-08-24T00:36:55.435900,2031.08,DONE,7.0622,23.4667,105.75,0.0000,0.0000,20.6660,0,0.0,0.0,0.0,0.0,0.000,0.7700,0.0011,0.1734,1762.72,17.6555,10.3323,53.17,0.0000,0.00,0,0,0,1762.64,0,0.000,0.0000
2026-08-24T00:36:56.435500,2032.08,DONE,7.0622,23.4667,105.75,0.0000,0.0000,20.6660,0,0.0,0.0,0.0,0.0,0.000,0.7700,0.0011,0.1734,1763.72,17.6555,10.3323,53.17,0.0000,0.00,0,0,0,1763.64,0,0.000,0.0000
2026-08-24T00:36:57.435705,2033.08,DONE,7.0622,23.4667,105.75,0.0000,0.0000,20.6660,0,0.0,0.0,0.0,0.0,0.000,0.7700,0.0011,0.1734,1764.72,17.6555,10.3323,53.17,0.0000,0.00,0,0,0,1764.64,0,0.000,0.0000
2026-08-24T00:36:58.435623,2034.08,DONE,7.0622,23.4667,105.75,0.0000,0.0000,20.6660,0,0.0,0.0,0.0,0.0,0.000,0.7700,0.0011,0.1734,1765.72,17.6555,10.3323,53.17,0.0000,0.00,0,0,0,1765.64,0,0.000,0.0000
2026-08-24T00:36:59.435555,2035.08,DONE,7.0622,23.4667,105.75,0.0000,0.0000,20.6660,0,0.0,0.0,0.0,0.0,0.000,0.7700,0.0011,0.1734,1766.72,17.6555,10.3323,53.17,0.0000,0.00,0,0,0,1766.64,0,0.000,0.0000
2026-08-24T00:37:00.435635,2036.08,DONE,7.0622,23.4667,105.75,0.0000,0.0000,20.6660,0,0.0,0.0,0.0,0.0,0.000,0.7700,0.0011,0.1734,1767.72,17.6555,10.3323,53.17,0.0000,0.00,0,0,0,1767.64,0,0.000,0.0000
2026-08-24T00:37:01.435528,2037.08,DONE,7.0622,23.4667,105.75,0.0000,0.0000,20.6660,0,0.0,0.0,0.0,0.0,0.000,0.7700,0.0011,0.1734,1768.72,17.6555,10.3323,53.17,0.0000,0.00,0,0,0,1768.64,0,0.000,0.0000
2026-08-24T00:37:02.435820,2038.08,DONE,7.0622,23.4667,105.75,0.0000,0.0000,20.6660,0,0.0,0.0,0.0,0.0,0.000,0.7700,0.0011,0.1734,1769.72,17.6555,10.3323,53.17,0.0000,0.00,0,0,0,1769.64,0,0.000,0.0000
2026-08-24T00:37:03.435955,2039.08,DONE,7.0622,23.4667,105.75,0.0000,0.0000,20.6660,0,0.0,0.0,0.0,0.0,0.000,0.7700,0.0011,0.1734,1770.72,17.6555,10.3323,53.17,0.0000,0.00,0,0,0,1770.64,0,0.000,0.0000
2026-08-24T00:37:04.435594,2040.08,DONE,7.0622,23.4667,105.75,0.0000,0.0000,20.6660,0,0.0,0.0,0.0,0.0,0.000,0.7700,0.0011,0.1734,1771.72,17.6555,10.3323,53.17,0.0000,0.00,0,0,0,1771.64,0,0.000,0.0000
2026-08-24T00:37:05.435663,2041.08,DONE,7.0622,23.4667,105.75,0.0000,0.0000,20.6660,0,0.0,0.0,0.0,0.0,0.000,0.7700,0.0011,0.1734,1772.72,17.6555,10.3323,53.17,0.0000,0.00,0,0,0,1772.64,0,0.000,0.0000
2026-08-24T00:37:06.437396,2042.08,DONE,7.0622,23.4667,105.75,0.0000,0.0000,20.6660,0,0.0,0.0,0.0,0.0,0.000,0.7700,0.0011,0.1734,1773.72,17.6555,10.3323,53.17,0.0000,0.00,0,0,0,1773.65,0,0.000,0.0000
2026-08-24T00:37:07.435896,2043.08,DONE,7.0622,23.4667,105.75,0.0000,0.0000,20.6660,0,0.0,0.0,0.0,0.0,0.000,0.7700,0.0011,0.1734,1774.72,17.6555,10.3323,53.17,0.0000,0.00,0,0,0,1774.64,0,0.000,0.0000
2026-08-24T00:37:08.435658,2044.08,DONE,7.0622,23.4667,105.75,0.0000,0.0000,20.6660,0,0.0,0.0,0.0,0.0,0.000,0.7700,0.0011,0.1734,1775.72,17.6555,10.3323,53.17,0.0000,0.00,0,0,0,1775.64,0,0.000,0.0000
2026-08-24T00:37:09.435478,2045.08,DONE,7.0622,23.4667,105.75,0.0000,0.0000,20.6660,0,0.0,0.0,0.0,0.0,0.000,0.7700,0.0011,0.1734,1776.72,17.6555,10.3323,53.17,0.0000,0.00,0,0,0,1776.64,0,0.000,0.0000
2026-08-24T00:37:10.435657,2046.08,DONE,7.0622,23.4667,105.75,0.0000,0.0000,20.6660,0,0.0,0.0,0.0,0.0,0.000,0.7700,0.0011,0.1734,1777.72,17.6555,10.3323,53.17,0.0000,0.00,0,0,0,1777.64,0,0.000,0.0000
2026-08-24T00:37:11.435811,2047.08,DONE,7.0622,23.4667,105.75,0.0000,0.0000,20.6660,0,0.0,0.0,0.0,0.0,0.000,0.7700,0.0011,0.1734,1778.72,17.6555,10.3323,53.17,0.0000,0.00,0,0,0,1778.64,0,0.000,0.0000
2026-08-24T00:37:12.435666,2048.08,DONE,7.0622,23.4667,105.75,0.0000,0.0000,20.6660,0,0.0,0.0,0.0,0.0,0.000,0.7700,0.0011,0.1734,1779.72,17.6555,10.3323,53.17,0.0000,0.00,0,0,0,1779.64,0,0.000,0.0000
2026-08-24T00:37:13.435576,2049.08,DONE,7.0622,23.4667,105.75,0.0000,0.0000,20.6660,0,0.0,0.0,0.0,0.0,0.000,0.7700,0.0011,0.1734,1780.72,17.6555,10.3323,53.17,0.0000,0.00,0,0,0,1780.64,0,0.000,0.0000
2026-08-24T00:37:14.435585,2050.08,DONE,7.0622,23.4667,105.75,0.0000,0.0000,20.6660,0,0.0,0.0,0.0,0.0,0.000,0.7700,0.0011,0.1734,1781.72,17.6555,10.3323,53.17,0.0000,0.00,0,0,0,1781.64,0,0.000,0.0000
2026-08-24T00:37:15.435572,2051.08,DONE,7.0622,23.4667,105.75,0.0000,0.0000,20.6660,0,0.0,0.0,0.0,0.0,0.000,0.7700,0.0011,0.1734,1782.72,17.6555,10.3323,53.17,0.0000,0.00,0,0,0,1782.64,0,0.000,0.0000
2026-08-24T00:37:16.435581,2052.08,DONE,7.0622,23.4667,105.75,0.0000,0.0000,20.6660,0,0.0,0.0,0.0,0.0,0.000,0.7700,0.0011,0.1734,1783.72,17.6555,10.3323,53.17,0.0000,0.00,0,0,0,1783.64,0,0.000,0.0000
2026-08-24T00:37:17.435589,2053.08,DONE,7.0622,23.4667,105.75,0.0000,0.0000,20.6660,0,0.0,0.0,0.0,0.0,0.000,0.7700,0.0011,0.1734,1784.72,17.6555,10.3323,53.17,0.0000,0.00,0,0,0,1784.64,0,0.000,0.0000
2026-08-24T00:37:18.436226,2054.08,DONE,7.0622,23.4667,105.75,0.0000,0.0000,20.6660,0,0.0,0.0,0.0,0.0,0.000,0.7700,0.0011,0.1734,1785.72,17.6555,10.3323,53.17,0.0000,0.00,0,0,0,1785.64,0,0.000,0.0000
2026-08-24T00:37:19.436797,2055.08,DONE,7.0622,23.4667,105.75,0.0000,0.0000,20.6660,0,0.0,0.0,0.0,0.0,0.000,0.7700,0.0011,0.1734,1786.72,17.6555,10.3323,53.17,0.0000,0.00,0,0,0,1786.64,0,0.000,0.0000
2026-08-24T00:37:20.436076,2056.08,DONE,7.0622,23.4667,105.75,0.0000,0.0000,20.6660,0,0.0,0.0,0.0,0.0,0.000,0.7700,0.0011,0.1734,1787.72,17.6555,10.3323,53.17,0.0000,0.00,0,0,0,1787.64,0,0.000,0.0000
2026-08-24T00:37:21.436142,2057.08,DONE,7.0622,23.4667,105.75,0.0000,0.0000,20.6660,0,0.0,0.0,0.0,0.0,0.000,0.7700,0.0011,0.1734,1788.72,17.6555,10.3323,53.17,0.0000,0.00,0,0,0,1788.64,0,0.000,0.0000
2026-08-24T00:37:22.435629,2058.08,DONE,7.0622,23.4667,105.75,0.0000,0.0000,20.6660,0,0.0,0.0,0.0,0.0,0.000,0.7700,0.0011,0.1734,1789.72,17.6555,10.3323,53.17,0.0000,0.00,0,0,0,1789.64,0,0.000,0.0000
2026-08-24T00:37:23.435570,2059.08,DONE,7.0622,23.4667,105.75,0.0000,0.0000,20.6660,0,0.0,0.0,0.0,0.0,0.000,0.7700,0.0011,0.1734,1790.72,17.6555,10.3323,53.17,0.0000,0.00,0,0,0,1790.64,0,0.000,0.0000
2026-08-24T00:37:24.435563,2060.08,DONE,7.0622,23.4667,105.75,0.0000,0.0000,20.6660,0,0.0,0.0,0.0,0.0,0.000,0.7700,0.0011,0.1734,1791.72,17.6555,10.3323,53.17,0.0000,0.00,0,0,0,1791.64,0,0.000,0.0000
2026-08-24T00:37:25.435564,2061.08,DONE,7.0622,23.4667,105.75,0.0000,0.0000,20.6660,0,0.0,0.0,0.0,0.0,0.000,0.7700,0.0011,0.1734,1792.72,17.6555,10.3323,53.17,0.0000,0.00,0,0,0,1792.64,0,0.000,0.0000
2026-08-24T00:37:26.435587,2062.08,DONE,7.0622,23.4667,105.75,0.0000,0.0000,20.6660,0,0.0,0.0,0.0,0.0,0.000,0.7700,0.0011,0.1734,1793.72,17.6555,10.3323,53.17,0.0000,0.00,0,0,0,1793.64,0,0.000,0.0000
2026-08-24T00:37:27.435603,2063.08,DONE,7.0622,23.4667,105.75,0.0000,0.0000,20.6660,0,0.0,0.0,0.0,0.0,0.000,0.7700,0.0011,0.1734,1794.72,17.6555,10.3323,53.17,0.0000,0.00,0,0,0,1794.64,0,0.000,0.0000
2026-08-24T00:37:28.435602,2064.08,DONE,7.0622,23.4667,105.75,0.0000,0.0000,20.6660,0,0.0,0.0,0.0,0.0,0.000,0.7700,0.0011,0.1734,1795.72,17.6555,10.3323,53.17,0.0000,0.00,0,0,0,1795.64,0,0.000,0.0000
2026-08-24T00:37:29.435572,2065.08,DONE,7.0622,23.4667,105.75,0.0000,0.0000,20.6660,0,0.0,0.0,0.0,0.0,0.000,0.7700,0.0011,0.1734,1796.72,17.6555,10.3323,53.17,0.0000,0.00,0,0,0,1796.64,0,0.000,0.0000
2026-08-24T00:37:30.435610,2066.08,DONE,7.0622,23.4667,105.75,0.0000,0.0000,20.6660,0,0.0,0.0,0.0,0.0,0.000,0.7700,0.0011,0.1734,1797.72,17.6555,10.3323,53.17,0.0000,0.00,0,0,0,1797.64,0,0.000,0.0000
2026-08-24T00:37:31.435611,2067.08,DONE,7.0622,23.4667,105.75,0.0000,0.0000,20.6660,0,0.0,0.0,0.0,0.0,0.000,0.7700,0.0011,0.1734,1798.72,17.6555,10.3323,53.17,0.0000,0.00,0,0,0,1798.64,0,0.000,0.0000
2026-08-24T00:37:32.435623,2068.08,DONE,7.0622,23.4667,105.75,0.0000,0.0000,20.6660,0,0.0,0.0,0.0,0.0,0.000,0.7700,0.0011,0.1734,1799.72,17.6555,10.3323,53.17,0.0000,0.00,0,0,0,1799.64,0,0.000,0.0000
2026-08-24T00:37:33.435596,2069.08,DONE,7.0622,23.4667,105.75,0.0000,0.0000,20.6660,0,0.0,0.0,0.0,0.0,0.000,0.7700,0.0011,0.1734,1800.72,17.6555,10.3323,53.17,0.0000,0.00,0,0,0,1800.64,0,0.000,0.0000
2026-08-24T00:37:34.435585,2070.08,DONE,7.0622,23.4667,105.75,0.0000,0.0000,20.6660,0,0.0,0.0,0.0,0.0,0.000,0.7700,0.0011,0.1734,1801.72,17.6555,10.3323,53.17,0.0000,0.00,0,0,0,1801.64,0,0.000,0.0000
2026-08-24T00:37:35.435753,2071.08,DONE,7.0622,23.4667,105.75,0.0000,0.0000,20.6660,0,0.0,0.0,0.0,0.0,0.000,0.7700,0.0011,0.1734,1802.72,17.6555,10.3323,53.17,0.0000,0.00,0,0,0,1802.64,0,0.000,0.0000
2026-08-24T00:37:36.435722,2072.08,DONE,7.0622,23.4667,105.75,0.0000,0.0000,20.6660,0,0.0,0.0,0.0,0.0,0.000,0.7700,0.0011,0.1734,1803.72,17.6555,10.3323,53.17,0.0000,0.00,0,0,0,1803.64,0,0.000,0.0000
2026-08-24T00:37:37.435805,2073.08,DONE,7.0622,23.4667,105.75,0.0000,0.0000,20.6660,0,0.0,0.0,0.0,0.0,0.000,0.7700,0.0011,0.1734,1804.72,17.6555,10.3323,53.17,0.0000,0.00,0,0,0,1804.64,0,0.000,0.0000
2026-08-24T00:37:38.436136,2074.08,DONE,7.0622,23.4667,105.75,0.0000,0.0000,20.6660,0,0.0,0.0,0.0,0.0,0.000,0.7700,0.0011,0.1734,1805.72,17.6555,10.3323,53.17,0.0000,0.00,0,0,0,1805.64,0,0.000,0.0000
2026-08-24T00:37:39.435472,2075.08,DONE,7.0622,23.4667,105.75,0.0000,0.0000,20.6660,0,0.0,0.0,0.0,0.0,0.000,0.7700,0.0011,0.1734,1806.72,17.6555,10.3323,53.17,0.0000,0.00,0,0,0,1806.64,0,0.000,0.0000
2026-08-24T00:37:40.435998,2076.08,DONE,7.0622,23.4667,105.75,0.0000,0.0000,20.6660,0,0.0,0.0,0.0,0.0,0.000,0.7700,0.0011,0.1734,1807.72,17.6555,10.3323,53.17,0.0000,0.00,0,0,0,1807.64,0,0.000,0.0000
2026-08-24T00:37:41.435611,2077.08,DONE,7.0622,23.4667,105.75,0.0000,0.0000,20.6660,0,0.0,0.0,0.0,0.0,0.000,0.7700,0.0011,0.1734,1808.72,17.6555,10.3323,53.17,0.0000,0.00,0,0,0,1808.64,0,0.000,0.0000
2026-08-24T00:37:42.436388,2078.08,DONE,7.0622,23.4667,105.75,0.0000,0.0000,20.6660,0,0.0,0.0,0.0,0.0,0.000,0.7700,0.0011,0.1734,1809.72,17.6555,10.3323,53.17,0.0000,0.00,0,0,0,1809.64,0,0.000,0.0000
2026-08-24T00:37:43.435667,2079.08,DONE,7.0622,23.4667,105.75,0.0000,0.0000,20.6660,0,0.0,0.0,0.0,0.0,0.000,0.7700,0.0011,0.1734,1810.72,17.6555,10.3323,53.17,0.0000,0.00,0,0,0,1810.64,0,0.000,0.0000
2026-08-24T00:37:44.435748,2080.08,DONE,7.0622,23.4667,105.75,0.0000,0.0000,20.6660,0,0.0,0.0,0.0,0.0,0.000,0.7700,0.0011,0.1734,1811.72,17.6555,10.3323,53.17,0.0000,0.00,0,0,0,1811.64,0,0.000,0.0000
2026-08-24T00:37:45.435640,2081.08,DONE,7.0622,23.4667,105.75,0.0000,0.0000,20.6660,0,0.0,0.0,0.0,0.0,0.000,0.7700,0.0011,0.1734,1812.72,17.6555,10.3323,53.17,0.0000,0.00,0,0,0,1812.64,0,0.000,0.0000
2026-08-24T00:37:46.435880,2082.08,DONE,7.0622,23.4667,105.75,0.0000,0.0000,20.6660,0,0.0,0.0,0.0,0.0,0.000,0.7700,0.0011,0.1734,1813.72,17.6555,10.3323,53.17,0.0000,0.00,0,0,0,1813.64,0,0.000,0.0000
2026-08-24T00:37:47.435771,2083.08,DONE,7.0622,23.4667,105.75,0.0000,0.0000,20.6660,0,0.0,0.0,0.0,0.0,0.000,0.7700,0.0011,0.1734,1814.72,17.6555,10.3323,53.17,0.0000,0.00,0,0,0,1814.64,0,0.000,0.0000
2026-08-24T00:37:48.435644,2084.08,DONE,7.0622,23.4667,105.75,0.0000,0.0000,20.6660,0,0.0,0.0,0.0,0.0,0.000,0.7700,0.0011,0.1734,1815.72,17.6555,10.3323,53.17,0.0000,0.00,0,0,0,1815.64,0,0.000,0.0000
2026-08-24T00:37:49.435632,2085.08,DONE,7.0622,23.4667,105.75,0.0000,0.0000,20.6660,0,0.0,0.0,0.0,0.0,0.000,0.7700,0.0011,0.1734,1816.72,17.6555,10.3323,53.17,0.0000,0.00,0,0,0,1816.64,0,0.000,0.0000
2026-08-24T00:37:50.435859,2086.08,DONE,7.0622,23.4667,105.75,0.0000,0.0000,20.6660,0,0.0,0.0,0.0,0.0,0.000,0.7700,0.0011,0.1734,1817.72,17.6555,10.3323,53.17,0.0000,0.00,0,0,0,1817.64,0,0.000,0.0000
2026-08-24T00:37:51.435614,2087.08,DONE,7.0622,23.4667,105.75,0.0000,0.0000,20.6660,0,0.0,0.0,0.0,0.0,0.000,0.7700,0.0011,0.1734,1818.72,17.6555,10.3323,53.17,0.0000,0.00,0,0,0,1818.64,0,0.000,0.0000
2026-08-24T00:37:52.435712,2088.08,DONE,7.0622,23.4667,105.75,0.0000,0.0000,20.6660,0,0.0,0.0,0.0,0.0,0.000,0.7700,0.0011,0.1734,1819.72,17.6555,10.3323,53.17,0.0000,0.00,0,0,0,1819.64,0,0.000,0.0000
2026-08-24T00:37:53.435484,2089.08,DONE,7.0622,23.4667,105.75,0.0000,0.0000,20.6660,0,0.0,0.0,0.0,0.0,0.000,0.7700,0.0011,0.1734,1820.72,17.6555,10.3323,53.17,0.0000,0.00,0,0,0,1820.64,0,0.000,0.0000
2026-08-24T00:37:54.435492,2090.08,DONE,7.0622,23.4667,105.75,0.0000,0.0000,20.6660,0,0.0,0.0,0.0,0.0,0.000,0.7700,0.0011,0.1734,1821.72,17.6555,10.3323,53.17,0.0000,0.00,0,0,0,1821.64,0,0.000,0.0000
2026-08-24T00:37:55.435782,2091.08,DONE,7.0622,23.4667,105.75,0.0000,0.0000,20.6660,0,0.0,0.0,0.0,0.0,0.000,0.7700,0.0011,0.1734,1822.72,17.6555,10.3323,53.17,0.0000,0.00,0,0,0,1822.64,0,0.000,0.0000
2026-08-24T00:37:56.435584,2092.08,DONE,7.0622,23.4667,105.75,0.0000,0.0000,20.6660,0,0.0,0.0,0.0,0.0,0.000,0.7700,0.0011,0.1734,1823.72,17.6555,10.3323,53.17,0.0000,0.00,0,0,0,1823.64,0,0.000,0.0000
2026-08-24T00:37:57.435485,2093.08,DONE,7.0622,23.4667,105.75,0.0000,0.0000,20.6660,0,0.0,0.0,0.0,0.0,0.000,0.7700,0.0011,0.1734,1824.72,17.6555,10.3323,53.17,0.0000,0.00,0,0,0,1824.64,0,0.000,0.0000
2026-08-24T00:37:58.435673,2094.08,DONE,7.0622,23.4667,105.75,0.0000,0.0000,20.6660,0,0.0,0.0,0.0,0.0,0.000,0.7700,0.0011,0.1734,1825.72,17.6555,10.3323,53.17,0.0000,0.00,0,0,0,1825.64,0,0.000,0.0000
2026-08-24T00:37:59.435737,2095.08,DONE,7.0622,23.4667,105.75,0.0000,0.0000,20.6660,0,0.0,0.0,0.0,0.0,0.000,0.7700,0.0011,0.1734,1826.72,17.6555,10.3323,53.17,0.0000,0.00,0,0,0,1826.64,0,0.000,0.0000
2026-08-24T00:38:00.435943,2096.08,DONE,7.0622,23.4667,105.75,0.0000,0.0000,20.6660,0,0.0,0.0,0.0,0.0,0.000,0.7700,0.0011,0.1734,1827.72,17.6555,10.3323,53.17,0.0000,0.00,0,0,0,1827.64,0,0.000,0.0000
2026-08-24T00:38:01.436027,2097.08,DONE,7.0622,23.4667,105.75,0.0000,0.0000,20.6660,0,0.0,0.0,0.0,0.0,0.000,0.7700,0.0011,0.1734,1828.72,17.6555,10.3323,53.17,0.0000,0.00,0,0,0,1828.64,0,0.000,0.0000
2026-08-24T00:38:02.436222,2098.08,DONE,7.0622,23.4667,105.75,0.0000,0.0000,20.6660,0,0.0,0.0,0.0,0.0,0.000,0.7700,0.0011,0.1734,1829.72,17.6555,10.3323,53.17,0.0000,0.00,0,0,0,1829.64,0,0.000,0.0000
2026-08-24T00:38:03.435555,2099.08,DONE,7.0622,23.4667,105.75,0.0000,0.0000,20.6660,0,0.0,0.0,0.0,0.0,0.000,0.7700,0.0011,0.1734,1830.72,17.6555,10.3323,53.17,0.0000,0.00,0,0,0,1830.64,0,0.000,0.0000
2026-08-24T00:38:04.435857,2100.08,DONE,7.0622,23.4667,105.75,0.0000,0.0000,20.6660,0,0.0,0.0,0.0,0.0,0.000,0.7700,0.0011,0.1734,1831.72,17.6555,10.3323,53.17,0.0000,0.00,0,0,0,1831.64,0,0.000,0.0000
2026-08-24T00:38:05.435948,2101.08,DONE,7.0622,23.4667,105.75,0.0000,0.0000,20.6660,0,0.0,0.0,0.0,0.0,0.000,0.7700,0.0011,0.1734,1832.72,17.6555,10.3323,53.17,0.0000,0.00,0,0,0,1832.64,0,0.000,0.0000
2026-08-24T00:38:06.435744,2102.08,DONE,7.0622,23.4667,105.75,0.0000,0.0000,20.6660,0,0.0,0.0,0.0,0.0,0.000,0.7700,0.0011,0.1734,1833.72,17.6555,10.3323,53.17,0.0000,0.00,0,0,0,1833.64,0,0.000,0.0000
2026-08-24T00:38:07.435959,2103.08,DONE,7.0622,23.4667,105.75,0.0000,0.0000,20.6660,0,0.0,0.0,0.0,0.0,0.000,0.7700,0.0011,0.1734,1834.72,17.6555,10.3323,53.17,0.0000,0.00,0,0,0,1834.64,0,0.000,0.0000
2026-08-24T00:38:08.436008,2104.08,DONE,7.0622,23.4667,105.75,0.0000,0.0000,20.6660,0,0.0,0.0,0.0,0.0,0.000,0.7700,0.0011,0.1734,1835.72,17.6555,10.3323,53.17,0.0000,0.00,0,0,0,1835.64,0,0.000,0.0000
2026-08-24T00:38:09.436999,2105.08,DONE,7.0622,23.4667,105.75,0.0000,0.0000,20.6660,0,0.0,0.0,0.0,0.0,0.000,0.7700,0.0011,0.1734,1836.72,17.6555,10.3323,53.17,0.0000,0.00,0,0,0,1836.64,0,0.000,0.0000
2026-08-24T00:38:10.435603,2106.08,DONE,7.0622,23.4667,105.75,0.0000,0.0000,20.6660,0,0.0,0.0,0.0,0.0,0.000,0.7700,0.0011,0.1734,1837.72,17.6555,10.3323,53.17,0.0000,0.00,0,0,0,1837.64,0,0.000,0.0000
2026-08-24T00:38:11.435569,2107.08,DONE,7.0622,23.4667,105.75,0.0000,0.0000,20.6660,0,0.0,0.0,0.0,0.0,0.000,0.7700,0.0011,0.1734,1838.72,17.6555,10.3323,53.17,0.0000,0.00,0,0,0,1838.64,0,0.000,0.0000
2026-08-24T00:38:12.435478,2108.08,DONE,7.0622,23.4667,105.75,0.0000,0.0000,20.6660,0,0.0,0.0,0.0,0.0,0.000,0.7700,0.0011,0.1734,1839.72,17.6555,10.3323,53.17,0.0000,0.00,0,0,0,1839.64,0,0.000,0.0000
2026-08-24T00:38:13.436397,2109.08,DONE,7.0622,23.4667,105.75,0.0000,0.0000,20.6660,0,0.0,0.0,0.0,0.0,0.000,0.7700,0.0011,0.1734,1840.72,17.6555,10.3323,53.17,0.0000,0.00,0,0,0,1840.64,0,0.000,0.0000
2026-08-24T00:38:14.435583,2110.08,DONE,7.0622,23.4667,105.75,0.0000,0.0000,20.6660,0,0.0,0.0,0.0,0.0,0.000,0.7700,0.0011,0.1734,1841.72,17.6555,10.3323,53.17,0.0000,0.00,0,0,0,1841.64,0,0.000,0.0000
2026-08-24T00:38:15.435769,2111.08,DONE,7.0622,23.4667,105.75,0.0000,0.0000,20.6660,0,0.0,0.0,0.0,0.0,0.000,0.7700,0.0011,0.1734,1842.72,17.6555,10.3323,53.17,0.0000,0.00,0,0,0,1842.64,0,0.000,0.0000
2026-08-24T00:38:16.435660,2112.08,DONE,7.0622,23.4667,105.75,0.0000,0.0000,20.6660,0,0.0,0.0,0.0,0.0,0.000,0.7700,0.0011,0.1734,1843.72,17.6555,10.3323,53.17,0.0000,0.00,0,0,0,1843.64,0,0.000,0.0000
2026-08-24T00:38:17.435711,2113.08,DONE,7.0622,23.4667,105.75,0.0000,0.0000,20.6660,0,0.0,0.0,0.0,0.0,0.000,0.7700,0.0011,0.1734,1844.72,17.6555,10.3323,53.17,0.0000,0.00,0,0,0,1844.64,0,0.000,0.0000
2026-08-24T00:38:18.435659,2114.08,DONE,7.0622,23.4667,105.75,0.0000,0.0000,20.6660,0,0.0,0.0,0.0,0.0,0.000,0.7700,0.0011,0.1734,1845.72,17.6555,10.3323,53.17,0.0000,0.00,0,0,0,1845.64,0,0.000,0.0000
2026-08-24T00:38:19.435937,2115.08,DONE,7.0622,23.4667,105.75,0.0000,0.0000,20.6660,0,0.0,0.0,0.0,0.0,0.000,0.7700,0.0011,0.1734,1846.72,17.6555,10.3323,53.17,0.0000,0.00,0,0,0,1846.64,0,0.000,0.0000
2026-08-24T00:38:20.436553,2116.08,DONE,7.0622,23.4667,105.75,0.0000,0.0000,20.6660,0,0.0,0.0,0.0,0.0,0.000,0.7700,0.0011,0.1734,1847.72,17.6555,10.3323,53.17,0.0000,0.00,0,0,0,1847.64,0,0.000,0.0000
2026-08-24T00:38:21.436073,2117.08,DONE,7.0622,23.4667,105.75,0.0000,0.0000,20.6660,0,0.0,0.0,0.0,0.0,0.000,0.7700,0.0011,0.1734,1848.72,17.6555,10.3323,53.17,0.0000,0.00,0,0,0,1848.64,0,0.000,0.0000
2026-08-24T00:38:22.435474,2118.08,DONE,7.0622,23.4667,105.75,0.0000,0.0000,20.6660,0,0.0,0.0,0.0,0.0,0.000,0.7700,0.0011,0.1734,1849.72,17.6555,10.3323,53.17,0.0000,0.00,0,0,0,1849.64,0,0.000,0.0000
2026-08-24T00:38:23.436048,2119.08,DONE,7.0622,23.4667,105.75,0.0000,0.0000,20.6660,0,0.0,0.0,0.0,0.0,0.000,0.7700,0.0011,0.1734,1850.72,17.6555,10.3323,53.17,0.0000,0.00,0,0,0,1850.64,0,0.000,0.0000
2026-08-24T00:38:24.435651,2120.08,DONE,7.0622,23.4667,105.75,0.0000,0.0000,20.6660,0,0.0,0.0,0.0,0.0,0.000,0.7700,0.0011,0.1734,1851.72,17.6555,10.3323,53.17,0.0000,0.00,0,0,0,1851.64,0,0.000,0.0000
2026-08-24T00:38:25.435683,2121.08,DONE,7.0622,23.4667,105.75,0.0000,0.0000,20.6660,0,0.0,0.0,0.0,0.0,0.000,0.7700,0.0011,0.1734,1852.72,17.6555,10.3323,53.17,0.0000,0.00,0,0,0,1852.64,0,0.000,0.0000
2026-08-24T00:38:26.435558,2122.08,DONE,7.0622,23.4667,105.75,0.0000,0.0000,20.6660,0,0.0,0.0,0.0,0.0,0.000,0.7700,0.0011,0.1734,1853.72,17.6555,10.3323,53.17,0.0000,0.00,0,0,0,1853.64,0,0.000,0.0000
2026-08-24T00:38:27.435517,2123.08,DONE,7.0622,23.4667,105.75,0.0000,0.0000,20.6660,0,0.0,0.0,0.0,0.0,0.000,0.7700,0.0011,0.1734,1854.72,17.6555,10.3323,53.17,0.0000,0.00,0,0,0,1854.64,0,0.000,0.0000
2026-08-24T00:38:28.435676,2124.08,DONE,7.0622,23.4667,105.75,0.0000,0.0000,20.6660,0,0.0,0.0,0.0,0.0,0.000,0.7700,0.0011,0.1734,1855.72,17.6555,10.3323,53.17,0.0000,0.00,0,0,0,1855.64,0,0.000,0.0000
2026-08-24T00:38:29.436130,2125.08,DONE,7.0622,23.4667,105.75,0.0000,0.0000,20.6660,0,0.0,0.0,0.0,0.0,0.000,0.7700,0.0011,0.1734,1856.72,17.6555,10.3323,53.17,0.0000,0.00,0,0,0,1856.64,0,0.000,0.0000
2026-08-24T00:38:30.435799,2126.08,DONE,7.0622,23.4667,105.75,0.0000,0.0000,20.6660,0,0.0,0.0,0.0,0.0,0.000,0.7700,0.0011,0.1734,1857.72,17.6555,10.3323,53.17,0.0000,0.00,0,0,0,1857.64,0,0.000,0.0000
2026-08-24T00:38:31.435670,2127.08,DONE,7.0622,23.4667,105.75,0.0000,0.0000,20.6660,0,0.0,0.0,0.0,0.0,0.000,0.7700,0.0011,0.1734,1858.72,17.6555,10.3323,53.17,0.0000,0.00,0,0,0,1858.64,0,0.000,0.0000
2026-08-24T00:38:32.436026,2128.08,DONE,7.0622,23.4667,105.75,0.0000,0.0000,20.6660,0,0.0,0.0,0.0,0.0,0.000,0.7700,0.0011,0.1734,1859.72,17.6555,10.3323,53.17,0.0000,0.00,0,0,0,1859.64,0,0.000,0.0000
2026-08-24T00:38:33.436016,2129.08,DONE,7.0622,23.4667,105.75,0.0000,0.0000,20.6660,0,0.0,0.0,0.0,0.0,0.000,0.7700,0.0011,0.1734,1860.72,17.6555,10.3323,53.17,0.0000,0.00,0,0,0,1860.64,0,0.000,0.0000
2026-08-24T00:38:34.435732,2130.08,DONE,7.0622,23.4667,105.75,0.0000,0.0000,20.6660,0,0.0,0.0,0.0,0.0,0.000,0.7700,0.0011,0.1734,1861.72,17.6555,10.3323,53.17,0.0000,0.00,0,0,0,1861.64,0,0.000,0.0000
2026-08-24T00:38:35.436058,2131.08,DONE,7.0622,23.4667,105.75,0.0000,0.0000,20.6660,0,0.0,0.0,0.0,0.0,0.000,0.7700,0.0011,0.1734,1862.72,17.6555,10.3323,53.17,0.0000,0.00,0,0,0,1862.64,0,0.000,0.0000
2026-08-24T00:38:36.436589,2132.08,DONE,7.0622,23.4667,105.75,0.0000,0.0000,20.6660,0,0.0,0.0,0.0,0.0,0.000,0.7700,0.0011,0.1734,1863.72,17.6555,10.3323,53.17,0.0000,0.00,0,0,0,1863.64,0,0.000,0.0000
2026-08-24T00:38:37.435984,2133.08,DONE,7.0622,23.4667,105.75,0.0000,0.0000,20.6660,0,0.0,0.0,0.0,0.0,0.000,0.7700,0.0011,0.1734,1864.72,17.6555,10.3323,53.17,0.0000,0.00,0,0,0,1864.64,0,0.000,0.0000
2026-08-24T00:38:38.435806,2134.08,DONE,7.0622,23.4667,105.75,0.0000,0.0000,20.6660,0,0.0,0.0,0.0,0.0,0.000,0.7700,0.0011,0.1734,1865.72,17.6555,10.3323,53.17,0.0000,0.00,0,0,0,1865.64,0,0.000,0.0000
2026-08-24T00:38:39.435570,2135.08,DONE,7.0622,23.4667,105.75,0.0000,0.0000,20.6660,0,0.0,0.0,0.0,0.0,0.000,0.7700,0.0011,0.1734,1866.72,17.6555,10.3323,53.17,0.0000,0.00,0,0,0,1866.64,0,0.000,0.0000
2026-08-24T00:38:40.435620,2136.08,DONE,7.0622,23.4667,105.75,0.0000,0.0000,20.6660,0,0.0,0.0,0.0,0.0,0.000,0.7700,0.0011,0.1734,1867.72,17.6555,10.3323,53.17,0.0000,0.00,0,0,0,1867.64,0,0.000,0.0000
2026-08-24T00:38:41.435640,2137.08,DONE,7.0622,23.4667,105.75,0.0000,0.0000,20.6660,0,0.0,0.0,0.0,0.0,0.000,0.7700,0.0011,0.1734,1868.72,17.6555,10.3323,53.17,0.0000,0.00,0,0,0,1868.64,0,0.000,0.0000
2026-08-24T00:38:42.435609,2138.08,DONE,7.0622,23.4667,105.75,0.0000,0.0000,20.6660,0,0.0,0.0,0.0,0.0,0.000,0.7700,0.0011,0.1734,1869.72,17.6555,10.3323,53.17,0.0000,0.00,0,0,0,1869.64,0,0.000,0.0000
2026-08-24T00:38:43.435526,2139.08,DONE,7.0622,23.4667,105.75,0.0000,0.0000,20.6660,0,0.0,0.0,0.0,0.0,0.000,0.7700,0.0011,0.1734,1870.72,17.6555,10.3323,53.17,0.0000,0.00,0,0,0,1870.64,0,0.000,0.0000
2026-08-24T00:38:44.435609,2140.08,DONE,7.0622,23.4667,105.75,0.0000,0.0000,20.6660,0,0.0,0.0,0.0,0.0,0.000,0.7700,0.0011,0.1734,1871.72,17.6555,10.3323,53.17,0.0000,0.00,0,0,0,1871.64,0,0.000,0.0000
2026-08-24T00:38:45.435536,2141.08,DONE,7.0622,23.4667,105.75,0.0000,0.0000,20.6660,0,0.0,0.0,0.0,0.0,0.000,0.7700,0.0011,0.1734,1872.72,17.6555,10.3323,53.17,0.0000,0.00,0,0,0,1872.64,0,0.000,0.0000
2026-08-24T00:38:46.435629,2142.08,DONE,7.0622,23.4667,105.75,0.0000,0.0000,20.6660,0,0.0,0.0,0.0,0.0,0.000,0.7700,0.0011,0.1734,1873.72,17.6555,10.3323,53.17,0.0000,0.00,0,0,0,1873.64,0,0.000,0.0000
2026-08-24T00:38:47.435678,2143.08,DONE,7.0622,23.4667,105.75,0.0000,0.0000,20.6660,0,0.0,0.0,0.0,0.0,0.000,0.7700,0.0011,0.1734,1874.72,17.6555,10.3323,53.17,0.0000,0.00,0,0,0,1874.64,0,0.000,0.0000
2026-08-24T00:38:48.435636,2144.08,DONE,7.0622,23.4667,105.75,0.0000,0.0000,20.6660,0,0.0,0.0,0.0,0.0,0.000,0.7700,0.0011,0.1734,1875.72,17.6555,10.3323,53.17,0.0000,0.00,0,0,0,1875.64,0,0.000,0.0000
2026-08-24T00:38:49.435765,2145.08,DONE,7.0622,23.4667,105.75,0.0000,0.0000,20.6660,0,0.0,0.0,0.0,0.0,0.000,0.7700,0.0011,0.1734,1876.72,17.6555,10.3323,53.17,0.0000,0.00,0,0,0,1876.64,0,0.000,0.0000
2026-08-24T00:38:50.435638,2146.08,DONE,7.0622,23.4667,105.75,0.0000,0.0000,20.6660,0,0.0,0.0,0.0,0.0,0.000,0.7700,0.0011,0.1734,1877.72,17.6555,10.3323,53.17,0.0000,0.00,0,0,0,1877.64,0,0.000,0.0000
2026-08-24T00:38:51.435859,2147.08,DONE,7.0622,23.4667,105.75,0.0000,0.0000,20.6660,0,0.0,0.0,0.0,0.0,0.000,0.7700,0.0011,0.1734,1878.72,17.6555,10.3323,53.17,0.0000,0.00,0,0,0,1878.64,0,0.000,0.0000
2026-08-24T00:38:52.436216,2148.08,DONE,7.0622,23.4667,105.75,0.0000,0.0000,20.6660,0,0.0,0.0,0.0,0.0,0.000,0.7700,0.0011,0.1734,1879.72,17.6555,10.3323,53.17,0.0000,0.00,0,0,0,1879.64,0,0.000,0.0000
2026-08-24T00:38:53.435726,2149.08,DONE,7.0622,23.4667,105.75,0.0000,0.0000,20.6660,0,0.0,0.0,0.0,0.0,0.000,0.7700,0.0011,0.1734,1880.72,17.6555,10.3323,53.17,0.0000,0.00,0,0,0,1880.64,0,0.000,0.0000
2026-08-24T00:38:54.437496,2150.08,DONE,7.0622,23.4667,105.75,0.0000,0.0000,20.6660,0,0.0,0.0,0.0,0.0,0.000,0.7700,0.0011,0.1734,1881.72,17.6555,10.3323,53.17,0.0000,0.00,0,0,0,1881.64,0,0.000,0.0000
2026-08-24T00:38:55.435893,2151.08,DONE,7.0622,23.4667,105.75,0.0000,0.0000,20.6660,0,0.0,0.0,0.0,0.0,0.000,0.7700,0.0011,0.1734,1882.72,17.6555,10.3323,53.17,0.0000,0.00,0,0,0,1882.64,0,0.000,0.0000
2026-08-24T00:38:56.436359,2152.08,DONE,7.0622,23.4667,105.75,0.0000,0.0000,20.6660,0,0.0,0.0,0.0,0.0,0.000,0.7700,0.0011,0.1734,1883.72,17.6555,10.3323,53.17,0.0000,0.00,0,0,0,1883.64,0,0.000,0.0000
2026-08-24T00:38:57.436018,2153.08,DONE,7.0622,23.4667,105.75,0.0000,0.0000,20.6660,0,0.0,0.0,0.0,0.0,0.000,0.7700,0.0011,0.1734,1884.72,17.6555,10.3323,53.17,0.0000,0.00,0,0,0,1884.64,0,0.000,0.0000
2026-08-24T00:38:58.435726,2154.08,DONE,7.0622,23.4667,105.75,0.0000,0.0000,20.6660,0,0.0,0.0,0.0,0.0,0.000,0.7700,0.0011,0.1734,1885.72,17.6555,10.3323,53.17,0.0000,0.00,0,0,0,1885.64,0,0.000,0.0000
2026-08-24T00:38:59.435975,2155.08,DONE,7.0622,23.4667,105.75,0.0000,0.0000,20.6660,0,0.0,0.0,0.0,0.0,0.000,0.7700,0.0011,0.1734,1886.72,17.6555,10.3323,53.17,0.0000,0.00,0,0,0,1886.64,0,0.000,0.0000
2026-08-24T00:39:00.435503,2156.08,DONE,7.0622,23.4667,105.75,0.0000,0.0000,20.6660,0,0.0,0.0,0.0,0.0,0.000,0.7700,0.0011,0.1734,1887.72,17.6555,10.3323,53.17,0.0000,0.00,0,0,0,1887.64,0,0.000,0.0000
2026-08-24T00:39:01.435434,2157.08,DONE,7.0622,23.4667,105.75,0.0000,0.0000,20.6660,0,0.0,0.0,0.0,0.0,0.000,0.7700,0.0011,0.1734,1888.72,17.6555,10.3323,53.17,0.0000,0.00,0,0,0,1888.64,0,0.000,0.0000
2026-08-24T00:39:02.435855,2158.08,DONE,7.0622,23.4667,105.75,0.0000,0.0000,20.6660,0,0.0,0.0,0.0,0.0,0.000,0.7700,0.0011,0.1734,1889.72,17.6555,10.3323,53.17,0.0000,0.00,0,0,0,1889.64,0,0.000,0.0000
2026-08-24T00:39:03.435764,2159.08,DONE,7.0622,23.4667,105.75,0.0000,0.0000,20.6660,0,0.0,0.0,0.0,0.0,0.000,0.7700,0.0011,0.1734,1890.72,17.6555,10.3323,53.17,0.0000,0.00,0,0,0,1890.64,0,0.000,0.0000
2026-08-24T00:39:04.435606,2160.08,DONE,7.0622,23.4667,105.75,0.0000,0.0000,20.6660,0,0.0,0.0,0.0,0.0,0.000,0.7700,0.0011,0.1734,1891.72,17.6555,10.3323,53.17,0.0000,0.00,0,0,0,1891.64,0,0.000,0.0000
2026-08-24T00:39:05.438903,2161.08,DONE,7.0622,23.4667,105.75,0.0000,0.0000,20.6660,0,0.0,0.0,0.0,0.0,0.000,0.7700,0.0011,0.1734,1892.73,17.6555,10.3323,53.17,0.0000,0.00,0,0,0,1892.64,0,0.000,0.0000
2026-08-24T00:39:06.435755,2162.08,DONE,7.0622,23.4667,105.75,0.0000,0.0000,20.6660,0,0.0,0.0,0.0,0.0,0.000,0.7700,0.0011,0.1734,1893.72,17.6555,10.3323,53.17,0.0000,0.00,0,0,0,1893.64,0,0.000,0.0000
2026-08-24T00:39:07.435649,2163.08,DONE,7.0622,23.4667,105.75,0.0000,0.0000,20.6660,0,0.0,0.0,0.0,0.0,0.000,0.7700,0.0011,0.1734,1894.72,17.6555,10.3323,53.17,0.0000,0.00,0,0,0,1894.64,0,0.000,0.0000
2026-08-24T00:39:08.437257,2164.08,DONE,7.0622,23.4667,105.75,0.0000,0.0000,20.6660,0,0.0,0.0,0.0,0.0,0.000,0.7700,0.0011,0.1734,1895.72,17.6555,10.3323,53.17,0.0000,0.00,0,0,0,1895.64,0,0.000,0.0000
2026-08-24T00:39:09.435953,2165.08,DONE,7.0622,23.4667,105.75,0.0000,0.0000,20.6660,0,0.0,0.0,0.0,0.0,0.000,0.7700,0.0011,0.1734,1896.72,17.6555,10.3323,53.17,0.0000,0.00,0,0,0,1896.64,0,0.000,0.0000
2026-08-24T00:39:10.435625,2166.08,DONE,7.0622,23.4667,105.75,0.0000,0.0000,20.6660,0,0.0,0.0,0.0,0.0,0.000,0.7700,0.0011,0.1734,1897.72,17.6555,10.3323,53.17,0.0000,0.00,0,0,0,1897.64,0,0.000,0.0000
2026-08-24T00:39:11.435622,2167.08,DONE,7.0622,23.4667,105.75,0.0000,0.0000,20.6660,0,0.0,0.0,0.0,0.0,0.000,0.7700,0.0011,0.1734,1898.72,17.6555,10.3323,53.17,0.0000,0.00,0,0,0,1898.64,0,0.000,0.0000
2026-08-24T00:39:12.435621,2168.08,DONE,7.0622,23.4667,105.75,0.0000,0.0000,20.6660,0,0.0,0.0,0.0,0.0,0.000,0.7700,0.0011,0.1734,1899.72,17.6555,10.3323,53.17,0.0000,0.00,0,0,0,1899.64,0,0.000,0.0000
2026-08-24T00:39:13.435564,2169.08,DONE,7.0622,23.4667,105.75,0.0000,0.0000,20.6660,0,0.0,0.0,0.0,0.0,0.000,0.7700,0.0011,0.1734,1900.72,17.6555,10.3323,53.17,0.0000,0.00,0,0,0,1900.64,0,0.000,0.0000
2026-08-24T00:39:14.435598,2170.08,DONE,7.0622,23.4667,105.75,0.0000,0.0000,20.6660,0,0.0,0.0,0.0,0.0,0.000,0.7700,0.0011,0.1734,1901.72,17.6555,10.3323,53.17,0.0000,0.00,0,0,0,1901.64,0,0.000,0.0000
2026-08-24T00:39:15.435587,2171.08,DONE,7.0622,23.4667,105.75,0.0000,0.0000,20.6660,0,0.0,0.0,0.0,0.0,0.000,0.7700,0.0011,0.1734,1902.72,17.6555,10.3323,53.17,0.0000,0.00,0,0,0,1902.64,0,0.000,0.0000
2026-08-24T00:39:16.435537,2172.08,DONE,7.0622,23.4667,105.75,0.0000,0.0000,20.6660,0,0.0,0.0,0.0,0.0,0.000,0.7700,0.0011,0.1734,1903.72,17.6555,10.3323,53.17,0.0000,0.00,0,0,0,1903.64,0,0.000,0.0000
2026-08-24T00:39:17.435587,2173.08,DONE,7.0622,23.4667,105.75,0.0000,0.0000,20.6660,0,0.0,0.0,0.0,0.0,0.000,0.7700,0.0011,0.1734,1904.72,17.6555,10.3323,53.17,0.0000,0.00,0,0,0,1904.64,0,0.000,0.0000
2026-08-24T00:39:18.435907,2174.08,DONE,7.0622,23.4667,105.75,0.0000,0.0000,20.6660,0,0.0,0.0,0.0,0.0,0.000,0.7700,0.0011,0.1734,1905.72,17.6555,10.3323,53.17,0.0000,0.00,0,0,0,1905.64,0,0.000,0.0000
2026-08-24T00:39:19.435573,2175.08,DONE,7.0622,23.4667,105.75,0.0000,0.0000,20.6660,0,0.0,0.0,0.0,0.0,0.000,0.7700,0.0011,0.1734,1906.72,17.6555,10.3323,53.17,0.0000,0.00,0,0,0,1906.64,0,0.000,0.0000
2026-08-24T00:39:20.438302,2176.08,DONE,7.0622,23.4667,105.75,0.0000,0.0000,20.6660,0,0.0,0.0,0.0,0.0,0.000,0.7700,0.0011,0.1734,1907.73,17.6555,10.3323,53.17,0.0000,0.00,0,0,0,1907.64,0,0.000,0.0000
2026-08-24T00:39:21.435590,2177.08,DONE,7.0622,23.4667,105.75,0.0000,0.0000,20.6660,0,0.0,0.0,0.0,0.0,0.000,0.7700,0.0011,0.1734,1908.72,17.6555,10.3323,53.17,0.0000,0.00,0,0,0,1908.64,0,0.000,0.0000
2026-08-24T00:39:22.435700,2178.08,DONE,7.0622,23.4667,105.75,0.0000,0.0000,20.6660,0,0.0,0.0,0.0,0.0,0.000,0.7700,0.0011,0.1734,1909.72,17.6555,10.3323,53.17,0.0000,0.00,0,0,0,1909.64,0,0.000,0.0000
2026-08-24T00:39:23.435962,2179.08,DONE,7.0622,23.4667,105.75,0.0000,0.0000,20.6660,0,0.0,0.0,0.0,0.0,0.000,0.7700,0.0011,0.1734,1910.72,17.6555,10.3323,53.17,0.0000,0.00,0,0,0,1910.64,0,0.000,0.0000
2026-08-24T00:39:24.435671,2180.08,DONE,7.0622,23.4667,105.75,0.0000,0.0000,20.6660,0,0.0,0.0,0.0,0.0,0.000,0.7700,0.0011,0.1734,1911.72,17.6555,10.3323,53.17,0.0000,0.00,0,0,0,1911.64,0,0.000,0.0000
2026-08-24T00:39:25.435517,2181.08,DONE,7.0622,23.4667,105.75,0.0000,0.0000,20.6660,0,0.0,0.0,0.0,0.0,0.000,0.7700,0.0011,0.1734,1912.72,17.6555,10.3323,53.17,0.0000,0.00,0,0,0,1912.64,0,0.000,0.0000
2026-08-24T00:39:26.435604,2182.08,DONE,7.0622,23.4667,105.75,0.0000,0.0000,20.6660,0,0.0,0.0,0.0,0.0,0.000,0.7700,0.0011,0.1734,1913.72,17.6555,10.3323,53.17,0.0000,0.00,0,0,0,1913.64,0,0.000,0.0000
2026-08-24T00:39:27.435538,2183.08,DONE,7.0622,23.4667,105.75,0.0000,0.0000,20.6660,0,0.0,0.0,0.0,0.0,0.000,0.7700,0.0011,0.1734,1914.72,17.6555,10.3323,53.17,0.0000,0.00,0,0,0,1914.64,0,0.000,0.0000
2026-08-24T00:39:28.435544,2184.08,DONE,7.0622,23.4667,105.75,0.0000,0.0000,20.6660,0,0.0,0.0,0.0,0.0,0.000,0.7700,0.0011,0.1734,1915.72,17.6555,10.3323,53.17,0.0000,0.00,0,0,0,1915.64,0,0.000,0.0000
2026-08-24T00:39:29.435536,2185.08,DONE,7.0622,23.4667,105.75,0.0000,0.0000,20.6660,0,0.0,0.0,0.0,0.0,0.000,0.7700,0.0011,0.1734,1916.72,17.6555,10.3323,53.17,0.0000,0.00,0,0,0,1916.64,0,0.000,0.0000
2026-08-24T00:39:30.435659,2186.08,DONE,7.0622,23.4667,105.75,0.0000,0.0000,20.6660,0,0.0,0.0,0.0,0.0,0.000,0.7700,0.0011,0.1734,1917.72,17.6555,10.3323,53.17,0.0000,0.00,0,0,0,1917.64,0,0.000,0.0000
2026-08-24T00:39:31.435589,2187.08,DONE,7.0622,23.4667,105.75,0.0000,0.0000,20.6660,0,0.0,0.0,0.0,0.0,0.000,0.7700,0.0011,0.1734,1918.72,17.6555,10.3323,53.17,0.0000,0.00,0,0,0,1918.64,0,0.000,0.0000
2026-08-24T00:39:32.435477,2188.08,DONE,7.0622,23.4667,105.75,0.0000,0.0000,20.6660,0,0.0,0.0,0.0,0.0,0.000,0.7700,0.0011,0.1734,1919.72,17.6555,10.3323,53.17,0.0000,0.00,0,0,0,1919.64,0,0.000,0.0000
2026-08-24T00:39:33.435915,2189.08,DONE,7.0622,23.4667,105.75,0.0000,0.0000,20.6660,0,0.0,0.0,0.0,0.0,0.000,0.7700,0.0011,0.1734,1920.72,17.6555,10.3323,53.17,0.0000,0.00,0,0,0,1920.64,0,0.000,0.0000
2026-08-24T00:39:34.435793,2190.08,DONE,7.0622,23.4667,105.75,0.0000,0.0000,20.6660,0,0.0,0.0,0.0,0.0,0.000,0.7700,0.0011,0.1734,1921.72,17.6555,10.3323,53.17,0.0000,0.00,0,0,0,1921.64,0,0.000,0.0000
2026-08-24T00:39:35.435783,2191.08,DONE,7.0622,23.4667,105.75,0.0000,0.0000,20.6660,0,0.0,0.0,0.0,0.0,0.000,0.7700,0.0011,0.1734,1922.72,17.6555,10.3323,53.17,0.0000,0.00,0,0,0,1922.64,0,0.000,0.0000
2026-08-24T00:39:36.436025,2192.08,DONE,7.0622,23.4667,105.75,0.0000,0.0000,20.6660,0,0.0,0.0,0.0,0.0,0.000,0.7700,0.0011,0.1734,1923.72,17.6555,10.3323,53.17,0.0000,0.00,0,0,0,1923.64,0,0.000,0.0000
2026-08-24T00:39:37.435577,2193.08,DONE,7.0622,23.4667,105.75,0.0000,0.0000,20.6660,0,0.0,0.0,0.0,0.0,0.000,0.7700,0.0011,0.1734,1924.72,17.6555,10.3323,53.17,0.0000,0.00,0,0,0,1924.64,0,0.000,0.0000
2026-08-24T00:39:38.435658,2194.08,DONE,7.0622,23.4667,105.75,0.0000,0.0000,20.6660,0,0.0,0.0,0.0,0.0,0.000,0.7700,0.0011,0.1734,1925.72,17.6555,10.3323,53.17,0.0000,0.00,0,0,0,1925.64,0,0.000,0.0000
2026-08-24T00:39:39.437044,2195.08,DONE,7.0622,23.4667,105.75,0.0000,0.0000,20.6660,0,0.0,0.0,0.0,0.0,0.000,0.7700,0.0011,0.1734,1926.72,17.6555,10.3323,53.17,0.0000,0.00,0,0,0,1926.64,0,0.000,0.0000
2026-08-24T00:39:40.435634,2196.08,DONE,7.0622,23.4667,105.75,0.0000,0.0000,20.6660,0,0.0,0.0,0.0,0.0,0.000,0.7700,0.0011,0.1734,1927.72,17.6555,10.3323,53.17,0.0000,0.00,0,0,0,1927.64,0,0.000,0.0000
2026-08-24T00:39:41.436482,2197.08,DONE,7.0622,23.4667,105.75,0.0000,0.0000,20.6660,0,0.0,0.0,0.0,0.0,0.000,0.7700,0.0011,0.1734,1928.72,17.6555,10.3323,53.17,0.0000,0.00,0,0,0,1928.64,0,0.000,0.0000
2026-08-24T00:39:42.435999,2198.08,DONE,7.0622,23.4667,105.75,0.0000,0.0000,20.6660,0,0.0,0.0,0.0,0.0,0.000,0.7700,0.0011,0.1734,1929.72,17.6555,10.3323,53.17,0.0000,0.00,0,0,0,1929.64,0,0.000,0.0000
2026-08-24T00:39:43.435619,2199.08,DONE,7.0622,23.4667,105.75,0.0000,0.0000,20.6660,0,0.0,0.0,0.0,0.0,0.000,0.7700,0.0011,0.1734,1930.72,17.6555,10.3323,53.17,0.0000,0.00,0,0,0,1930.64,0,0.000,0.0000
2026-08-24T00:39:44.435639,2200.08,DONE,7.0622,23.4667,105.75,0.0000,0.0000,20.6660,0,0.0,0.0,0.0,0.0,0.000,0.7700,0.0011,0.1734,1931.72,17.6555,10.3323,53.17,0.0000,0.00,0,0,0,1931.64,0,0.000,0.0000
2026-08-24T00:39:45.435894,2201.08,DONE,7.0622,23.4667,105.75,0.0000,0.0000,20.6660,0,0.0,0.0,0.0,0.0,0.000,0.7700,0.0011,0.1734,1932.72,17.6555,10.3323,53.17,0.0000,0.00,0,0,0,1932.64,0,0.000,0.0000
2026-08-24T00:39:46.435666,2202.08,DONE,7.0622,23.4667,105.75,0.0000,0.0000,20.6660,0,0.0,0.0,0.0,0.0,0.000,0.7700,0.0011,0.1734,1933.72,17.6555,10.3323,53.17,0.0000,0.00,0,0,0,1933.64,0,0.000,0.0000
2026-08-24T00:39:47.435708,2203.08,DONE,7.0622,23.4667,105.75,0.0000,0.0000,20.6660,0,0.0,0.0,0.0,0.0,0.000,0.7700,0.0011,0.1734,1934.72,17.6555,10.3323,53.17,0.0000,0.00,0,0,0,1934.64,0,0.000,0.0000
2026-08-24T00:39:48.436082,2204.08,DONE,7.0622,23.4667,105.75,0.0000,0.0000,20.6660,0,0.0,0.0,0.0,0.0,0.000,0.7700,0.0011,0.1734,1935.72,17.6555,10.3323,53.17,0.0000,0.00,0,0,0,1935.64,0,0.000,0.0000
2026-08-24T00:39:49.435530,2205.08,DONE,7.0622,23.4667,105.75,0.0000,0.0000,20.6660,0,0.0,0.0,0.0,0.0,0.000,0.7700,0.0011,0.1734,1936.72,17.6555,10.3323,53.17,0.0000,0.00,0,0,0,1936.64,0,0.000,0.0000
2026-08-24T00:39:50.435604,2206.08,DONE,7.0622,23.4667,105.75,0.0000,0.0000,20.6660,0,0.0,0.0,0.0,0.0,0.000,0.7700,0.0011,0.1734,1937.72,17.6555,10.3323,53.17,0.0000,0.00,0,0,0,1937.64,0,0.000,0.0000
2026-08-24T00:39:51.435726,2207.08,DONE,7.0622,23.4667,105.75,0.0000,0.0000,20.6660,0,0.0,0.0,0.0,0.0,0.000,0.7700,0.0011,0.1734,1938.72,17.6555,10.3323,53.17,0.0000,0.00,0,0,0,1938.64,0,0.000,0.0000
2026-08-24T00:39:52.435726,2208.08,DONE,7.0622,23.4667,105.75,0.0000,0.0000,20.6660,0,0.0,0.0,0.0,0.0,0.000,0.7700,0.0011,0.1734,1939.72,17.6555,10.3323,53.17,0.0000,0.00,0,0,0,1939.64,0,0.000,0.0000
2026-08-24T00:39:53.435678,2209.08,DONE,7.0622,23.4667,105.75,0.0000,0.0000,20.6660,0,0.0,0.0,0.0,0.0,0.000,0.7700,0.0011,0.1734,1940.72,17.6555,10.3323,53.17,0.0000,0.00,0,0,0,1940.64,0,0.000,0.0000
2026-08-24T00:39:54.435955,2210.08,DONE,7.0622,23.4667,105.75,0.0000,0.0000,20.6660,0,0.0,0.0,0.0,0.0,0.000,0.7700,0.0011,0.1734,1941.72,17.6555,10.3323,53.17,0.0000,0.00,0,0,0,1941.64,0,0.000,0.0000
2026-08-24T00:39:55.435464,2211.08,DONE,7.0622,23.4667,105.75,0.0000,0.0000,20.6660,0,0.0,0.0,0.0,0.0,0.000,0.7700,0.0011,0.1734,1942.72,17.6555,10.3323,53.17,0.0000,0.00,0,0,0,1942.64,0,0.000,0.0000
2026-08-24T00:39:56.435708,2212.08,DONE,7.0622,23.4667,105.75,0.0000,0.0000,20.6660,0,0.0,0.0,0.0,0.0,0.000,0.7700,0.0011,0.1734,1943.72,17.6555,10.3323,53.17,0.0000,0.00,0,0,0,1943.64,0,0.000,0.0000
2026-08-24T00:39:57.435690,2213.08,DONE,7.0622,23.4667,105.75,0.0000,0.0000,20.6660,0,0.0,0.0,0.0,0.0,0.000,0.7700,0.0011,0.1734,1944.72,17.6555,10.3323,53.17,0.0000,0.00,0,0,0,1944.64,0,0.000,0.0000
2026-08-24T00:39:58.435640,2214.08,DONE,7.0622,23.4667,105.75,0.0000,0.0000,20.6660,0,0.0,0.0,0.0,0.0,0.000,0.7700,0.0011,0.1734,1945.72,17.6555,10.3323,53.17,0.0000,0.00,0,0,0,1945.64,0,0.000,0.0000
2026-08-24T00:39:59.435992,2215.08,DONE,7.0622,23.4667,105.75,0.0000,0.0000,20.6660,0,0.0,0.0,0.0,0.0,0.000,0.7700,0.0011,0.1734,1946.72,17.6555,10.3323,53.17,0.0000,0.00,0,0,0,1946.64,0,0.000,0.0000
2026-08-24T00:40:00.436112,2216.08,DONE,7.0622,23.4667,105.75,0.0000,0.0000,20.6660,0,0.0,0.0,0.0,0.0,0.000,0.7700,0.0011,0.1734,1947.72,17.6555,10.3323,53.17,0.0000,0.00,0,0,0,1947.64,0,0.000,0.0000
2026-08-24T00:40:01.435819,2217.08,DONE,7.0622,23.4667,105.75,0.0000,0.0000,20.6660,0,0.0,0.0,0.0,0.0,0.000,0.7700,0.0011,0.1734,1948.72,17.6555,10.3323,53.17,0.0000,0.00,0,0,0,1948.64,0,0.000,0.0000
2026-08-24T00:40:02.435573,2218.08,DONE,7.0622,23.4667,105.75,0.0000,0.0000,20.6660,0,0.0,0.0,0.0,0.0,0.000,0.7700,0.0011,0.1734,1949.72,17.6555,10.3323,53.17,0.0000,0.00,0,0,0,1949.64,0,0.000,0.0000
2026-08-24T00:40:03.435652,2219.08,DONE,7.0622,23.4667,105.75,0.0000,0.0000,20.6660,0,0.0,0.0,0.0,0.0,0.000,0.7700,0.0011,0.1734,1950.72,17.6555,10.3323,53.17,0.0000,0.00,0,0,0,1950.64,0,0.000,0.0000
2026-08-24T00:40:04.435739,2220.08,DONE,7.0622,23.4667,105.75,0.0000,0.0000,20.6660,0,0.0,0.0,0.0,0.0,0.000,0.7700,0.0011,0.1734,1951.72,17.6555,10.3323,53.17,0.0000,0.00,0,0,0,1951.64,0,0.000,0.0000
2026-08-24T00:40:05.436067,2221.08,DONE,7.0622,23.4667,105.75,0.0000,0.0000,20.6660,0,0.0,0.0,0.0,0.0,0.000,0.7700,0.0011,0.1734,1952.72,17.6555,10.3323,53.17,0.0000,0.00,0,0,0,1952.64,0,0.000,0.0000
2026-08-24T00:40:06.436373,2222.08,DONE,7.0622,23.4667,105.75,0.0000,0.0000,20.6660,0,0.0,0.0,0.0,0.0,0.000,0.7700,0.0011,0.1734,1953.72,17.6555,10.3323,53.17,0.0000,0.00,0,0,0,1953.64,0,0.000,0.0000
2026-08-24T00:40:07.435540,2223.08,DONE,7.0622,23.4667,105.75,0.0000,0.0000,20.6660,0,0.0,0.0,0.0,0.0,0.000,0.7700,0.0011,0.1734,1954.72,17.6555,10.3323,53.17,0.0000,0.00,0,0,0,1954.64,0,0.000,0.0000
2026-08-24T00:40:08.435691,2224.08,DONE,7.0622,23.4667,105.75,0.0000,0.0000,20.6660,0,0.0,0.0,0.0,0.0,0.000,0.7700,0.0011,0.1734,1955.72,17.6555,10.3323,53.17,0.0000,0.00,0,0,0,1955.64,0,0.000,0.0000
2026-08-24T00:40:09.435729,2225.08,DONE,7.0622,23.4667,105.75,0.0000,0.0000,20.6660,0,0.0,0.0,0.0,0.0,0.000,0.7700,0.0011,0.1734,1956.72,17.6555,10.3323,53.17,0.0000,0.00,0,0,0,1956.64,0,0.000,0.0000
2026-08-24T00:40:10.435611,2226.08,DONE,7.0622,23.4667,105.75,0.0000,0.0000,20.6660,0,0.0,0.0,0.0,0.0,0.000,0.7700,0.0011,0.1734,1957.72,17.6555,10.3323,53.17,0.0000,0.00,0,0,0,1957.64,0,0.000,0.0000
2026-08-24T00:40:11.435981,2227.08,DONE,7.0622,23.4667,105.75,0.0000,0.0000,20.6660,0,0.0,0.0,0.0,0.0,0.000,0.7700,0.0011,0.1734,1958.72,17.6555,10.3323,53.17,0.0000,0.00,0,0,0,1958.64,0,0.000,0.0000
2026-08-24T00:40:12.435686,2228.08,DONE,7.0622,23.4667,105.75,0.0000,0.0000,20.6660,0,0.0,0.0,0.0,0.0,0.000,0.7700,0.0011,0.1734,1959.72,17.6555,10.3323,53.17,0.0000,0.00,0,0,0,1959.64,0,0.000,0.0000
2026-08-24T00:40:13.436018,2229.08,DONE,7.0622,23.4667,105.75,0.0000,0.0000,20.6660,0,0.0,0.0,0.0,0.0,0.000,0.7700,0.0011,0.1734,1960.72,17.6555,10.3323,53.17,0.0000,0.00,0,0,0,1960.64,0,0.000,0.0000
2026-08-24T00:40:14.435607,2230.08,DONE,7.0622,23.4667,105.75,0.0000,0.0000,20.6660,0,0.0,0.0,0.0,0.0,0.000,0.7700,0.0011,0.1734,1961.72,17.6555,10.3323,53.17,0.0000,0.00,0,0,0,1961.64,0,0.000,0.0000
2026-08-24T00:40:15.435639,2231.08,DONE,7.0622,23.4667,105.75,0.0000,0.0000,20.6660,0,0.0,0.0,0.0,0.0,0.000,0.7700,0.0011,0.1734,1962.72,17.6555,10.3323,53.17,0.0000,0.00,0,0,0,1962.64,0,0.000,0.0000
2026-08-24T00:40:16.435764,2232.08,DONE,7.0622,23.4667,105.75,0.0000,0.0000,20.6660,0,0.0,0.0,0.0,0.0,0.000,0.7700,0.0011,0.1734,1963.72,17.6555,10.3323,53.17,0.0000,0.00,0,0,0,1963.64,0,0.000,0.0000
2026-08-24T00:40:17.435631,2233.08,DONE,7.0622,23.4667,105.75,0.0000,0.0000,20.6660,0,0.0,0.0,0.0,0.0,0.000,0.7700,0.0011,0.1734,1964.72,17.6555,10.3323,53.17,0.0000,0.00,0,0,0,1964.64,0,0.000,0.0000
2026-08-24T00:40:18.435628,2234.08,DONE,7.0622,23.4667,105.75,0.0000,0.0000,20.6660,0,0.0,0.0,0.0,0.0,0.000,0.7700,0.0011,0.1734,1965.72,17.6555,10.3323,53.17,0.0000,0.00,0,0,0,1965.64,0,0.000,0.0000
2026-08-24T00:40:19.435609,2235.08,DONE,7.0622,23.4667,105.75,0.0000,0.0000,20.6660,0,0.0,0.0,0.0,0.0,0.000,0.7700,0.0011,0.1734,1966.72,17.6555,10.3323,53.17,0.0000,0.00,0,0,0,1966.64,0,0.000,0.0000
2026-08-24T00:40:20.435656,2236.08,DONE,7.0622,23.4667,105.75,0.0000,0.0000,20.6660,0,0.0,0.0,0.0,0.0,0.000,0.7700,0.0011,0.1734,1967.72,17.6555,10.3323,53.17,0.0000,0.00,0,0,0,1967.64,0,0.000,0.0000
2026-08-24T00:40:21.435553,2237.08,DONE,7.0622,23.4667,105.75,0.0000,0.0000,20.6660,0,0.0,0.0,0.0,0.0,0.000,0.7700,0.0011,0.1734,1968.72,17.6555,10.3323,53.17,0.0000,0.00,0,0,0,1968.64,0,0.000,0.0000
2026-08-24T00:40:22.435667,2238.08,DONE,7.0622,23.4667,105.75,0.0000,0.0000,20.6660,0,0.0,0.0,0.0,0.0,0.000,0.7700,0.0011,0.1734,1969.72,17.6555,10.3323,53.17,0.0000,0.00,0,0,0,1969.64,0,0.000,0.0000
2026-08-24T00:40:23.435616,2239.08,DONE,7.0622,23.4667,105.75,0.0000,0.0000,20.6660,0,0.0,0.0,0.0,0.0,0.000,0.7700,0.0011,0.1734,1970.72,17.6555,10.3323,53.17,0.0000,0.00,0,0,0,1970.64,0,0.000,0.0000
2026-08-24T00:40:24.435591,2240.08,DONE,7.0622,23.4667,105.75,0.0000,0.0000,20.6660,0,0.0,0.0,0.0,0.0,0.000,0.7700,0.0011,0.1734,1971.72,17.6555,10.3323,53.17,0.0000,0.00,0,0,0,1971.64,0,0.000,0.0000
2026-08-24T00:40:25.435618,2241.08,DONE,7.0622,23.4667,105.75,0.0000,0.0000,20.6660,0,0.0,0.0,0.0,0.0,0.000,0.7700,0.0011,0.1734,1972.72,17.6555,10.3323,53.17,0.0000,0.00,0,0,0,1972.64,0,0.000,0.0000
2026-08-24T00:40:26.436057,2242.08,DONE,7.0622,23.4667,105.75,0.0000,0.0000,20.6660,0,0.0,0.0,0.0,0.0,0.000,0.7700,0.0011,0.1734,1973.72,17.6555,10.3323,53.17,0.0000,0.00,0,0,0,1973.65,0,0.000,0.0000
2026-08-24T00:40:27.435531,2243.08,DONE,7.0622,23.4667,105.75,0.0000,0.0000,20.6660,0,0.0,0.0,0.0,0.0,0.000,0.7700,0.0011,0.1734,1974.72,17.6555,10.3323,53.17,0.0000,0.00,0,0,0,1974.64,0,0.000,0.0000
2026-08-24T00:40:28.437572,2244.08,DONE,7.0622,23.4667,105.75,0.0000,0.0000,20.6660,0,0.0,0.0,0.0,0.0,0.000,0.7700,0.0011,0.1734,1975.73,17.6555,10.3323,53.17,0.0000,0.00,0,0,0,1975.64,0,0.000,0.0000
2026-08-24T00:40:29.436035,2245.08,DONE,7.0622,23.4667,105.75,0.0000,0.0000,20.6660,0,0.0,0.0,0.0,0.0,0.000,0.7700,0.0011,0.1734,1976.72,17.6555,10.3323,53.17,0.0000,0.00,0,0,0,1976.64,0,0.000,0.0000
2026-08-24T00:40:30.437043,2246.08,DONE,7.0622,23.4667,105.75,0.0000,0.0000,20.6660,0,0.0,0.0,0.0,0.0,0.000,0.7700,0.0011,0.1734,1977.72,17.6555,10.3323,53.17,0.0000,0.00,0,0,0,1977.64,0,0.000,0.0000
2026-08-24T00:40:31.435759,2247.08,DONE,7.0622,23.4667,105.75,0.0000,0.0000,20.6660,0,0.0,0.0,0.0,0.0,0.000,0.7700,0.0011,0.1734,1978.72,17.6555,10.3323,53.17,0.0000,0.00,0,0,0,1978.64,0,0.000,0.0000
2026-08-24T00:40:32.435486,2248.08,DONE,7.0622,23.4667,105.75,0.0000,0.0000,20.6660,0,0.0,0.0,0.0,0.0,0.000,0.7700,0.0011,0.1734,1979.72,17.6555,10.3323,53.17,0.0000,0.00,0,0,0,1979.64,0,0.000,0.0000
2026-08-24T00:40:33.436628,2249.08,DONE,7.0622,23.4667,105.75,0.0000,0.0000,20.6660,0,0.0,0.0,0.0,0.0,0.000,0.7700,0.0011,0.1734,1980.72,17.6555,10.3323,53.17,0.0000,0.00,0,0,0,1980.64,0,0.000,0.0000
2026-08-24T00:40:34.436010,2250.08,DONE,7.0622,23.4667,105.75,0.0000,0.0000,20.6660,0,0.0,0.0,0.0,0.0,0.000,0.7700,0.0011,0.1734,1981.72,17.6555,10.3323,53.17,0.0000,0.00,0,0,0,1981.64,0,0.000,0.0000
2026-08-24T00:40:35.435745,2251.08,DONE,7.0622,23.4667,105.75,0.0000,0.0000,20.6660,0,0.0,0.0,0.0,0.0,0.000,0.7700,0.0011,0.1734,1982.72,17.6555,10.3323,53.17,0.0000,0.00,0,0,0,1982.64,0,0.000,0.0000
2026-08-24T00:40:36.435801,2252.08,DONE,7.0622,23.4667,105.75,0.0000,0.0000,20.6660,0,0.0,0.0,0.0,0.0,0.000,0.7700,0.0011,0.1734,1983.72,17.6555,10.3323,53.17,0.0000,0.00,0,0,0,1983.64,0,0.000,0.0000
2026-08-24T00:40:37.436077,2253.08,DONE,7.0622,23.4667,105.75,0.0000,0.0000,20.6660,0,0.0,0.0,0.0,0.0,0.000,0.7700,0.0011,0.1734,1984.72,17.6555,10.3323,53.17,0.0000,0.00,0,0,0,1984.64,0,0.000,0.0000
2026-08-24T00:40:38.435911,2254.08,DONE,7.0622,23.4667,105.75,0.0000,0.0000,20.6660,0,0.0,0.0,0.0,0.0,0.000,0.7700,0.0011,0.1734,1985.72,17.6555,10.3323,53.17,0.0000,0.00,0,0,0,1985.64,0,0.000,0.0000
2026-08-24T00:40:39.435436,2255.08,DONE,7.0622,23.4667,105.75,0.0000,0.0000,20.6660,0,0.0,0.0,0.0,0.0,0.000,0.7700,0.0011,0.1734,1986.72,17.6555,10.3323,53.17,0.0000,0.00,0,0,0,1986.64,0,0.000,0.0000
2026-08-24T00:40:40.435492,2256.08,DONE,7.0622,23.4667,105.75,0.0000,0.0000,20.6660,0,0.0,0.0,0.0,0.0,0.000,0.7700,0.0011,0.1734,1987.72,17.6555,10.3323,53.17,0.0000,0.00,0,0,0,1987.64,0,0.000,0.0000
2026-08-24T00:40:41.435736,2257.08,DONE,7.0622,23.4667,105.75,0.0000,0.0000,20.6660,0,0.0,0.0,0.0,0.0,0.000,0.7700,0.0011,0.1734,1988.72,17.6555,10.3323,53.17,0.0000,0.00,0,0,0,1988.64,0,0.000,0.0000
2026-08-24T00:40:42.435570,2258.08,DONE,7.0622,23.4667,105.75,0.0000,0.0000,20.6660,0,0.0,0.0,0.0,0.0,0.000,0.7700,0.0011,0.1734,1989.72,17.6555,10.3323,53.17,0.0000,0.00,0,0,0,1989.64,0,0.000,0.0000
2026-08-24T00:40:43.435629,2259.08,DONE,7.0622,23.4667,105.75,0.0000,0.0000,20.6660,0,0.0,0.0,0.0,0.0,0.000,0.7700,0.0011,0.1734,1990.72,17.6555,10.3323,53.17,0.0000,0.00,0,0,0,1990.64,0,0.000,0.0000
2026-08-24T00:40:44.436369,2260.08,DONE,7.0622,23.4667,105.75,0.0000,0.0000,20.6660,0,0.0,0.0,0.0,0.0,0.000,0.7700,0.0011,0.1734,1991.72,17.6555,10.3323,53.17,0.0000,0.00,0,0,0,1991.64,0,0.000,0.0000
2026-08-24T00:40:45.436019,2261.08,DONE,7.0622,23.4667,105.75,0.0000,0.0000,20.6660,0,0.0,0.0,0.0,0.0,0.000,0.7700,0.0011,0.1734,1992.72,17.6555,10.3323,53.17,0.0000,0.00,0,0,0,1992.64,0,0.000,0.0000
2026-08-24T00:40:46.435676,2262.08,DONE,7.0622,23.4667,105.75,0.0000,0.0000,20.6660,0,0.0,0.0,0.0,0.0,0.000,0.7700,0.0011,0.1734,1993.72,17.6555,10.3323,53.17,0.0000,0.00,0,0,0,1993.64,0,0.000,0.0000
2026-08-24T00:40:47.435665,2263.08,DONE,7.0622,23.4667,105.75,0.0000,0.0000,20.6660,0,0.0,0.0,0.0,0.0,0.000,0.7700,0.0011,0.1734,1994.72,17.6555,10.3323,53.17,0.0000,0.00,0,0,0,1994.64,0,0.000,0.0000
2026-08-24T00:40:48.435620,2264.08,DONE,7.0622,23.4667,105.75,0.0000,0.0000,20.6660,0,0.0,0.0,0.0,0.0,0.000,0.7700,0.0011,0.1734,1995.72,17.6555,10.3323,53.17,0.0000,0.00,0,0,0,1995.65,0,0.000,0.0000
2026-08-24T00:40:49.435964,2265.08,DONE,7.0622,23.4667,105.75,0.0000,0.0000,20.6660,0,0.0,0.0,0.0,0.0,0.000,0.7700,0.0011,0.1734,1996.72,17.6555,10.3323,53.17,0.0000,0.00,0,0,0,1996.64,0,0.000,0.0000
2026-08-24T00:40:50.436130,2266.08,DONE,7.0622,23.4667,105.75,0.0000,0.0000,20.6660,0,0.0,0.0,0.0,0.0,0.000,0.7700,0.0011,0.1734,1997.72,17.6555,10.3323,53.17,0.0000,0.00,0,0,0,1997.64,0,0.000,0.0000
2026-08-24T00:40:51.435597,2267.08,DONE,7.0622,23.4667,105.75,0.0000,0.0000,20.6660,0,0.0,0.0,0.0,0.0,0.000,0.7700,0.0011,0.1734,1998.72,17.6555,10.3323,53.17,0.0000,0.00,0,0,0,1998.64,0,0.000,0.0000
2026-08-24T00:40:52.435682,2268.08,DONE,7.0622,23.4667,105.75,0.0000,0.0000,20.6660,0,0.0,0.0,0.0,0.0,0.000,0.7700,0.0011,0.1734,1999.72,17.6555,10.3323,53.17,0.0000,0.00,0,0,0,1999.64,0,0.000,0.0000
2026-08-24T00:40:53.435695,2269.08,DONE,7.0622,23.4667,105.75,0.0000,0.0000,20.6660,0,0.0,0.0,0.0,0.0,0.000,0.7700,0.0011,0.1734,2000.72,17.6555,10.3323,53.17,0.0000,0.00,0,0,0,2000.64,0,0.000,0.0000
2026-08-24T00:40:54.435947,2270.08,DONE,7.0622,23.4667,105.75,0.0000,0.0000,20.6660,0,0.0,0.0,0.0,0.0,0.000,0.7700,0.0011,0.1734,2001.72,17.6555,10.3323,53.17,0.0000,0.00,0,0,0,2001.64,0,0.000,0.0000
2026-08-24T00:40:55.435632,2271.08,DONE,7.0622,23.4667,105.75,0.0000,0.0000,20.6660,0,0.0,0.0,0.0,0.0,0.000,0.7700,0.0011,0.1734,2002.72,17.6555,10.3323,53.17,0.0000,0.00,0,0,0,2002.64,0,0.000,0.0000
2026-08-24T00:40:56.435683,2272.08,DONE,7.0622,23.4667,105.75,0.0000,0.0000,20.6660,0,0.0,0.0,0.0,0.0,0.000,0.7700,0.0011,0.1734,2003.72,17.6555,10.3323,53.17,0.0000,0.00,0,0,0,2003.64,0,0.000,0.0000
2026-08-24T00:40:57.435566,2273.08,DONE,7.0622,23.4667,105.75,0.0000,0.0000,20.6660,0,0.0,0.0,0.0,0.0,0.000,0.7700,0.0011,0.1734,2004.72,17.6555,10.3323,53.17,0.0000,0.00,0,0,0,2004.64,0,0.000,0.0000
2026-08-24T00:40:58.435599,2274.08,DONE,7.0622,23.4667,105.75,0.0000,0.0000,20.6660,0,0.0,0.0,0.0,0.0,0.000,0.7700,0.0011,0.1734,2005.72,17.6555,10.3323,53.17,0.0000,0.00,0,0,0,2005.64,0,0.000,0.0000
2026-08-24T00:40:59.435912,2275.08,DONE,7.0622,23.4667,105.75,0.0000,0.0000,20.6660,0,0.0,0.0,0.0,0.0,0.000,0.7700,0.0011,0.1734,2006.72,17.6555,10.3323,53.17,0.0000,0.00,0,0,0,2006.64,0,0.000,0.0000
2026-08-24T00:41:00.435469,2276.08,DONE,7.0622,23.4667,105.75,0.0000,0.0000,20.6660,0,0.0,0.0,0.0,0.0,0.000,0.7700,0.0011,0.1734,2007.72,17.6555,10.3323,53.17,0.0000,0.00,0,0,0,2007.64,0,0.000,0.0000
2026-08-24T00:41:01.435934,2277.08,DONE,7.0622,23.4667,105.75,0.0000,0.0000,20.6660,0,0.0,0.0,0.0,0.0,0.000,0.7700,0.0011,0.1734,2008.72,17.6555,10.3323,53.17,0.0000,0.00,0,0,0,2008.64,0,0.000,0.0000
2026-08-24T00:41:02.435841,2278.08,DONE,7.0622,23.4667,105.75,0.0000,0.0000,20.6660,0,0.0,0.0,0.0,0.0,0.000,0.7700,0.0011,0.1734,2009.72,17.6555,10.3323,53.17,0.0000,0.00,0,0,0,2009.64,0,0.000,0.0000
2026-08-24T00:41:03.435865,2279.08,DONE,7.0622,23.4667,105.75,0.0000,0.0000,20.6660,0,0.0,0.0,0.0,0.0,0.000,0.7700,0.0011,0.1734,2010.72,17.6555,10.3323,53.17,0.0000,0.00,0,0,0,2010.64,0,0.000,0.0000
2026-08-24T00:41:04.435775,2280.08,DONE,7.0622,23.4667,105.75,0.0000,0.0000,20.6660,0,0.0,0.0,0.0,0.0,0.000,0.7700,0.0011,0.1734,2011.72,17.6555,10.3323,53.17,0.0000,0.00,0,0,0,2011.64,0,0.000,0.0000
2026-08-24T00:41:05.435945,2281.08,DONE,7.0622,23.4667,105.75,0.0000,0.0000,20.6660,0,0.0,0.0,0.0,0.0,0.000,0.7700,0.0011,0.1734,2012.72,17.6555,10.3323,53.17,0.0000,0.00,0,0,0,2012.64,0,0.000,0.0000
2026-08-24T00:41:06.435676,2282.08,DONE,7.0622,23.4667,105.75,0.0000,0.0000,20.6660,0,0.0,0.0,0.0,0.0,0.000,0.7700,0.0011,0.1734,2013.72,17.6555,10.3323,53.17,0.0000,0.00,0,0,0,2013.64,0,0.000,0.0000
2026-08-24T00:41:07.436033,2283.08,DONE,7.0622,23.4667,105.75,0.0000,0.0000,20.6660,0,0.0,0.0,0.0,0.0,0.000,0.7700,0.0011,0.1734,2014.72,17.6555,10.3323,53.17,0.0000,0.00,0,0,0,2014.64,0,0.000,0.0000
2026-08-24T00:41:08.435880,2284.08,DONE,7.0622,23.4667,105.75,0.0000,0.0000,20.6660,0,0.0,0.0,0.0,0.0,0.000,0.7700,0.0011,0.1734,2015.72,17.6555,10.3323,53.17,0.0000,0.00,0,0,0,2015.64,0,0.000,0.0000
2026-08-24T00:41:09.436078,2285.08,DONE,7.0622,23.4667,105.75,0.0000,0.0000,20.6660,0,0.0,0.0,0.0,0.0,0.000,0.7700,0.0011,0.1734,2016.72,17.6555,10.3323,53.17,0.0000,0.00,0,0,0,2016.64,0,0.000,0.0000
2026-08-24T00:41:10.435616,2286.08,DONE,7.0622,23.4667,105.75,0.0000,0.0000,20.6660,0,0.0,0.0,0.0,0.0,0.000,0.7700,0.0011,0.1734,2017.72,17.6555,10.3323,53.17,0.0000,0.00,0,0,0,2017.64,0,0.000,0.0000
2026-08-24T00:41:11.435556,2287.08,DONE,7.0622,23.4667,105.75,0.0000,0.0000,20.6660,0,0.0,0.0,0.0,0.0,0.000,0.7700,0.0011,0.1734,2018.72,17.6555,10.3323,53.17,0.0000,0.00,0,0,0,2018.64,0,0.000,0.0000
2026-08-24T00:41:12.436065,2288.08,DONE,7.0622,23.4667,105.75,0.0000,0.0000,20.6660,0,0.0,0.0,0.0,0.0,0.000,0.7700,0.0011,0.1734,2019.72,17.6555,10.3323,53.17,0.0000,0.00,0,0,0,2019.64,0,0.000,0.0000
2026-08-24T00:41:13.436381,2289.08,DONE,7.0622,23.4667,105.75,0.0000,0.0000,20.6660,0,0.0,0.0,0.0,0.0,0.000,0.7700,0.0011,0.1734,2020.72,17.6555,10.3323,53.17,0.0000,0.00,0,0,0,2020.64,0,0.000,0.0000
2026-08-24T00:41:14.436057,2290.08,DONE,7.0622,23.4667,105.75,0.0000,0.0000,20.6660,0,0.0,0.0,0.0,0.0,0.000,0.7700,0.0011,0.1734,2021.72,17.6555,10.3323,53.17,0.0000,0.00,0,0,0,2021.64,0,0.000,0.0000
2026-08-24T00:41:15.435573,2291.08,DONE,7.0622,23.4667,105.75,0.0000,0.0000,20.6660,0,0.0,0.0,0.0,0.0,0.000,0.7700,0.0011,0.1734,2022.72,17.6555,10.3323,53.17,0.0000,0.00,0,0,0,2022.64,0,0.000,0.0000
2026-08-24T00:41:16.436009,2292.08,DONE,7.0622,23.4667,105.75,0.0000,0.0000,20.6660,0,0.0,0.0,0.0,0.0,0.000,0.7700,0.0011,0.1734,2023.72,17.6555,10.3323,53.17,0.0000,0.00,0,0,0,2023.64,0,0.000,0.0000
2026-08-24T00:41:17.435914,2293.08,DONE,7.0622,23.4667,105.75,0.0000,0.0000,20.6660,0,0.0,0.0,0.0,0.0,0.000,0.7700,0.0011,0.1734,2024.72,17.6555,10.3323,53.17,0.0000,0.00,0,0,0,2024.64,0,0.000,0.0000
2026-08-24T00:41:18.435956,2294.08,DONE,7.0622,23.4667,105.75,0.0000,0.0000,20.6660,0,0.0,0.0,0.0,0.0,0.000,0.7700,0.0011,0.1734,2025.72,17.6555,10.3323,53.17,0.0000,0.00,0,0,0,2025.64,0,0.000,0.0000
2026-08-24T00:41:19.435726,2295.08,DONE,7.0622,23.4667,105.75,0.0000,0.0000,20.6660,0,0.0,0.0,0.0,0.0,0.000,0.7700,0.0011,0.1734,2026.72,17.6555,10.3323,53.17,0.0000,0.00,0,0,0,2026.64,0,0.000,0.0000
2026-08-24T00:41:20.435588,2296.08,DONE,7.0622,23.4667,105.75,0.0000,0.0000,20.6660,0,0.0,0.0,0.0,0.0,0.000,0.7700,0.0011,0.1734,2027.72,17.6555,10.3323,53.17,0.0000,0.00,0,0,0,2027.64,0,0.000,0.0000
2026-08-24T00:41:21.435528,2297.08,DONE,7.0622,23.4667,105.75,0.0000,0.0000,20.6660,0,0.0,0.0,0.0,0.0,0.000,0.7700,0.0011,0.1734,2028.72,17.6555,10.3323,53.17,0.0000,0.00,0,0,0,2028.64,0,0.000,0.0000
2026-08-24T00:41:22.436435,2298.08,DONE,7.0622,23.4667,105.75,0.0000,0.0000,20.6660,0,0.0,0.0,0.0,0.0,0.000,0.7700,0.0011,0.1734,2029.72,17.6555,10.3323,53.17,0.0000,0.00,0,0,0,2029.64,0,0.000,0.0000
2026-08-24T00:41:23.436098,2299.08,DONE,7.0622,23.4667,105.75,0.0000,0.0000,20.6660,0,0.0,0.0,0.0,0.0,0.000,0.7700,0.0011,0.1734,2030.72,17.6555,10.3323,53.17,0.0000,0.00,0,0,0,2030.64,0,0.000,0.0000
2026-08-24T00:41:24.436006,2300.08,DONE,7.0622,23.4667,105.75,0.0000,0.0000,20.6660,0,0.0,0.0,0.0,0.0,0.000,0.7700,0.0011,0.1734,2031.72,17.6555,10.3323,53.17,0.0000,0.00,0,0,0,2031.64,0,0.000,0.0000
2026-08-24T00:41:25.435609,2301.08,DONE,7.0622,23.4667,105.75,0.0000,0.0000,20.6660,0,0.0,0.0,0.0,0.0,0.000,0.7700,0.0011,0.1734,2032.72,17.6555,10.3323,53.17,0.0000,0.00,0,0,0,2032.64,0,0.000,0.0000
2026-08-24T00:41:26.435605,2302.08,DONE,7.0622,23.4667,105.75,0.0000,0.0000,20.6660,0,0.0,0.0,0.0,0.0,0.000,0.7700,0.0011,0.1734,2033.72,17.6555,10.3323,53.17,0.0000,0.00,0,0,0,2033.64,0,0.000,0.0000
2026-08-24T00:41:27.435683,2303.08,DONE,7.0622,23.4667,105.75,0.0000,0.0000,20.6660,0,0.0,0.0,0.0,0.0,0.000,0.7700,0.0011,0.1734,2034.72,17.6555,10.3323,53.17,0.0000,0.00,0,0,0,2034.64,0,0.000,0.0000
2026-08-24T00:41:28.435823,2304.08,DONE,7.0622,23.4667,105.75,0.0000,0.0000,20.6660,0,0.0,0.0,0.0,0.0,0.000,0.7700,0.0011,0.1734,2035.72,17.6555,10.3323,53.17,0.0000,0.00,0,0,0,2035.64,0,0.000,0.0000
2026-08-24T00:41:29.435647,2305.08,DONE,7.0622,23.4667,105.75,0.0000,0.0000,20.6660,0,0.0,0.0,0.0,0.0,0.000,0.7700,0.0011,0.1734,2036.72,17.6555,10.3323,53.17,0.0000,0.00,0,0,0,2036.64,0,0.000,0.0000
2026-08-24T00:41:30.435716,2306.08,DONE,7.0622,23.4667,105.75,0.0000,0.0000,20.6660,0,0.0,0.0,0.0,0.0,0.000,0.7700,0.0011,0.1734,2037.72,17.6555,10.3323,53.17,0.0000,0.00,0,0,0,2037.64,0,0.000,0.0000
2026-08-24T00:41:31.435966,2307.08,DONE,7.0622,23.4667,105.75,0.0000,0.0000,20.6660,0,0.0,0.0,0.0,0.0,0.000,0.7700,0.0011,0.1734,2038.72,17.6555,10.3323,53.17,0.0000,0.00,0,0,0,2038.64,0,0.000,0.0000
2026-08-24T00:41:32.435713,2308.08,DONE,7.0622,23.4667,105.75,0.0000,0.0000,20.6660,0,0.0,0.0,0.0,0.0,0.000,0.7700,0.0011,0.1734,2039.72,17.6555,10.3323,53.17,0.0000,0.00,0,0,0,2039.64,0,0.000,0.0000
2026-08-24T00:41:33.435947,2309.08,DONE,7.0622,23.4667,105.75,0.0000,0.0000,20.6660,0,0.0,0.0,0.0,0.0,0.000,0.7700,0.0011,0.1734,2040.72,17.6555,10.3323,53.17,0.0000,0.00,0,0,0,2040.64,0,0.000,0.0000
2026-08-24T00:41:34.435758,2310.08,DONE,7.0622,23.4667,105.75,0.0000,0.0000,20.6660,0,0.0,0.0,0.0,0.0,0.000,0.7700,0.0011,0.1734,2041.72,17.6555,10.3323,53.17,0.0000,0.00,0,0,0,2041.64,0,0.000,0.0000
2026-08-24T00:41:35.436040,2311.08,DONE,7.0622,23.4667,105.75,0.0000,0.0000,20.6660,0,0.0,0.0,0.0,0.0,0.000,0.7700,0.0011,0.1734,2042.72,17.6555,10.3323,53.17,0.0000,0.00,0,0,0,2042.64,0,0.000,0.0000
2026-08-24T00:41:36.435882,2312.08,DONE,7.0622,23.4667,105.75,0.0000,0.0000,20.6660,0,0.0,0.0,0.0,0.0,0.000,0.7700,0.0011,0.1734,2043.72,17.6555,10.3323,53.17,0.0000,0.00,0,0,0,2043.64,0,0.000,0.0000
2026-08-24T00:41:37.435790,2313.08,DONE,7.0622,23.4667,105.75,0.0000,0.0000,20.6660,0,0.0,0.0,0.0,0.0,0.000,0.7700,0.0011,0.1734,2044.72,17.6555,10.3323,53.17,0.0000,0.00,0,0,0,2044.64,0,0.000,0.0000
2026-08-24T00:41:38.435699,2314.08,DONE,7.0622,23.4667,105.75,0.0000,0.0000,20.6660,0,0.0,0.0,0.0,0.0,0.000,0.7700,0.0011,0.1734,2045.72,17.6555,10.3323,53.17,0.0000,0.00,0,0,0,2045.64,0,0.000,0.0000
2026-08-24T00:41:39.438246,2315.08,DONE,7.0622,23.4667,105.75,0.0000,0.0000,20.6660,0,0.0,0.0,0.0,0.0,0.000,0.7700,0.0011,0.1734,2046.73,17.6555,10.3323,53.17,0.0000,0.00,0,0,0,2046.64,0,0.000,0.0000
2026-08-24T00:41:40.436130,2316.08,DONE,7.0622,23.4667,105.75,0.0000,0.0000,20.6660,0,0.0,0.0,0.0,0.0,0.000,0.7700,0.0011,0.1734,2047.72,17.6555,10.3323,53.17,0.0000,0.00,0,0,0,2047.64,0,0.000,0.0000
2026-08-24T00:41:41.436041,2317.08,DONE,7.0622,23.4667,105.75,0.0000,0.0000,20.6660,0,0.0,0.0,0.0,0.0,0.000,0.7700,0.0011,0.1734,2048.72,17.6555,10.3323,53.17,0.0000,0.00,0,0,0,2048.64,0,0.000,0.0000
2026-08-24T00:41:42.435624,2318.08,DONE,7.0622,23.4667,105.75,0.0000,0.0000,20.6660,0,0.0,0.0,0.0,0.0,0.000,0.7700,0.0011,0.1734,2049.72,17.6555,10.3323,53.17,0.0000,0.00,0,0,0,2049.64,0,0.000,0.0000
2026-08-24T00:41:43.435631,2319.08,DONE,7.0622,23.4667,105.75,0.0000,0.0000,20.6660,0,0.0,0.0,0.0,0.0,0.000,0.7700,0.0011,0.1734,2050.72,17.6555,10.3323,53.17,0.0000,0.00,0,0,0,2050.64,0,0.000,0.0000
2026-08-24T00:41:44.435760,2320.08,DONE,7.0622,23.4667,105.75,0.0000,0.0000,20.6660,0,0.0,0.0,0.0,0.0,0.000,0.7700,0.0011,0.1734,2051.72,17.6555,10.3323,53.17,0.0000,0.00,0,0,0,2051.64,0,0.000,0.0000
2026-08-24T00:41:45.435567,2321.08,DONE,7.0622,23.4667,105.75,0.0000,0.0000,20.6660,0,0.0,0.0,0.0,0.0,0.000,0.7700,0.0011,0.1734,2052.72,17.6555,10.3323,53.17,0.0000,0.00,0,0,0,2052.64,0,0.000,0.0000
2026-08-24T00:41:46.435570,2322.08,DONE,7.0622,23.4667,105.75,0.0000,0.0000,20.6660,0,0.0,0.0,0.0,0.0,0.000,0.7700,0.0011,0.1734,2053.72,17.6555,10.3323,53.17,0.0000,0.00,0,0,0,2053.64,0,0.000,0.0000
2026-08-24T00:41:47.435676,2323.08,DONE,7.0622,23.4667,105.75,0.0000,0.0000,20.6660,0,0.0,0.0,0.0,0.0,0.000,0.7700,0.0011,0.1734,2054.72,17.6555,10.3323,53.17,0.0000,0.00,0,0,0,2054.64,0,0.000,0.0000
2026-08-24T00:41:48.436034,2324.08,DONE,7.0622,23.4667,105.75,0.0000,0.0000,20.6660,0,0.0,0.0,0.0,0.0,0.000,0.7700,0.0011,0.1734,2055.72,17.6555,10.3323,53.17,0.0000,0.00,0,0,0,2055.64,0,0.000,0.0000
2026-08-24T00:41:49.435597,2325.08,DONE,7.0622,23.4667,105.75,0.0000,0.0000,20.6660,0,0.0,0.0,0.0,0.0,0.000,0.7700,0.0011,0.1734,2056.72,17.6555,10.3323,53.17,0.0000,0.00,0,0,0,2056.64,0,0.000,0.0000
2026-08-24T00:41:50.435661,2326.08,DONE,7.0622,23.4667,105.75,0.0000,0.0000,20.6660,0,0.0,0.0,0.0,0.0,0.000,0.7700,0.0011,0.1734,2057.72,17.6555,10.3323,53.17,0.0000,0.00,0,0,0,2057.64,0,0.000,0.0000
2026-08-24T00:41:51.436203,2327.08,DONE,7.0622,23.4667,105.75,0.0000,0.0000,20.6660,0,0.0,0.0,0.0,0.0,0.000,0.7700,0.0011,0.1734,2058.72,17.6555,10.3323,53.17,0.0000,0.00,0,0,0,2058.64,0,0.000,0.0000
2026-08-24T00:41:52.435590,2328.08,DONE,7.0622,23.4667,105.75,0.0000,0.0000,20.6660,0,0.0,0.0,0.0,0.0,0.000,0.7700,0.0011,0.1734,2059.72,17.6555,10.3323,53.17,0.0000,0.00,0,0,0,2059.64,0,0.000,0.0000
2026-08-24T00:41:53.435601,2329.08,DONE,7.0622,23.4667,105.75,0.0000,0.0000,20.6660,0,0.0,0.0,0.0,0.0,0.000,0.7700,0.0011,0.1734,2060.72,17.6555,10.3323,53.17,0.0000,0.00,0,0,0,2060.64,0,0.000,0.0000
2026-08-24T00:41:54.436056,2330.08,DONE,7.0622,23.4667,105.75,0.0000,0.0000,20.6660,0,0.0,0.0,0.0,0.0,0.000,0.7700,0.0011,0.1734,2061.72,17.6555,10.3323,53.17,0.0000,0.00,0,0,0,2061.64,0,0.000,0.0000
2026-08-24T00:41:55.437102,2331.08,DONE,7.0622,23.4667,105.75,0.0000,0.0000,20.6660,0,0.0,0.0,0.0,0.0,0.000,0.7700,0.0011,0.1734,2062.72,17.6555,10.3323,53.17,0.0000,0.00,0,0,0,2062.64,0,0.000,0.0000
2026-08-24T00:41:56.436130,2332.08,DONE,7.0622,23.4667,105.75,0.0000,0.0000,20.6660,0,0.0,0.0,0.0,0.0,0.000,0.7700,0.0011,0.1734,2063.72,17.6555,10.3323,53.17,0.0000,0.00,0,0,0,2063.64,0,0.000,0.0000
2026-08-24T00:41:57.436085,2333.08,DONE,7.0622,23.4667,105.75,0.0000,0.0000,20.6660,0,0.0,0.0,0.0,0.0,0.000,0.7700,0.0011,0.1734,2064.72,17.6555,10.3323,53.17,0.0000,0.00,0,0,0,2064.64,0,0.000,0.0000
2026-08-24T00:41:58.435880,2334.08,DONE,7.0622,23.4667,105.75,0.0000,0.0000,20.6660,0,0.0,0.0,0.0,0.0,0.000,0.7700,0.0011,0.1734,2065.72,17.6555,10.3323,53.17,0.0000,0.00,0,0,0,2065.64,0,0.000,0.0000
2026-08-24T00:41:59.435727,2335.08,DONE,7.0622,23.4667,105.75,0.0000,0.0000,20.6660,0,0.0,0.0,0.0,0.0,0.000,0.7700,0.0011,0.1734,2066.72,17.6555,10.3323,53.17,0.0000,0.00,0,0,0,2066.64,0,0.000,0.0000
2026-08-24T00:42:00.435601,2336.08,DONE,7.0622,23.4667,105.75,0.0000,0.0000,20.6660,0,0.0,0.0,0.0,0.0,0.000,0.7700,0.0011,0.1734,2067.72,17.6555,10.3323,53.17,0.0000,0.00,0,0,0,2067.64,0,0.000,0.0000
2026-08-24T00:42:01.435573,2337.08,DONE,7.0622,23.4667,105.75,0.0000,0.0000,20.6660,0,0.0,0.0,0.0,0.0,0.000,0.7700,0.0011,0.1734,2068.72,17.6555,10.3323,53.17,0.0000,0.00,0,0,0,2068.64,0,0.000,0.0000
2026-08-24T00:42:02.436020,2338.08,DONE,7.0622,23.4667,105.75,0.0000,0.0000,20.6660,0,0.0,0.0,0.0,0.0,0.000,0.7700,0.0011,0.1734,2069.72,17.6555,10.3323,53.17,0.0000,0.00,0,0,0,2069.64,0,0.000,0.0000
2026-08-24T00:42:03.435760,2339.08,DONE,7.0622,23.4667,105.75,0.0000,0.0000,20.6660,0,0.0,0.0,0.0,0.0,0.000,0.7700,0.0011,0.1734,2070.72,17.6555,10.3323,53.17,0.0000,0.00,0,0,0,2070.64,0,0.000,0.0000
2026-08-24T00:42:04.435881,2340.08,DONE,7.0622,23.4667,105.75,0.0000,0.0000,20.6660,0,0.0,0.0,0.0,0.0,0.000,0.7700,0.0011,0.1734,2071.72,17.6555,10.3323,53.17,0.0000,0.00,0,0,0,2071.64,0,0.000,0.0000
2026-08-24T00:42:05.435689,2341.08,DONE,7.0622,23.4667,105.75,0.0000,0.0000,20.6660,0,0.0,0.0,0.0,0.0,0.000,0.7700,0.0011,0.1734,2072.72,17.6555,10.3323,53.17,0.0000,0.00,0,0,0,2072.64,0,0.000,0.0000
2026-08-24T00:42:06.435958,2342.08,DONE,7.0622,23.4667,105.75,0.0000,0.0000,20.6660,0,0.0,0.0,0.0,0.0,0.000,0.7700,0.0011,0.1734,2073.72,17.6555,10.3323,53.17,0.0000,0.00,0,0,0,2073.64,0,0.000,0.0000
2026-08-24T00:42:07.435599,2343.08,DONE,7.0622,23.4667,105.75,0.0000,0.0000,20.6660,0,0.0,0.0,0.0,0.0,0.000,0.7700,0.0011,0.1734,2074.72,17.6555,10.3323,53.17,0.0000,0.00,0,0,0,2074.64,0,0.000,0.0000
2026-08-24T00:42:08.435574,2344.08,DONE,7.0622,23.4667,105.75,0.0000,0.0000,20.6660,0,0.0,0.0,0.0,0.0,0.000,0.7700,0.0011,0.1734,2075.72,17.6555,10.3323,53.17,0.0000,0.00,0,0,0,2075.64,0,0.000,0.0000
2026-08-24T00:42:09.436032,2345.08,DONE,7.0622,23.4667,105.75,0.0000,0.0000,20.6660,0,0.0,0.0,0.0,0.0,0.000,0.7700,0.0011,0.1734,2076.72,17.6555,10.3323,53.17,0.0000,0.00,0,0,0,2076.64,0,0.000,0.0000
2026-08-24T00:42:10.435917,2346.08,DONE,7.0622,23.4667,105.75,0.0000,0.0000,20.6660,0,0.0,0.0,0.0,0.0,0.000,0.7700,0.0011,0.1734,2077.72,17.6555,10.3323,53.17,0.0000,0.00,0,0,0,2077.64,0,0.000,0.0000
2026-08-24T00:42:11.435807,2347.08,DONE,7.0622,23.4667,105.75,0.0000,0.0000,20.6660,0,0.0,0.0,0.0,0.0,0.000,0.7700,0.0011,0.1734,2078.72,17.6555,10.3323,53.17,0.0000,0.00,0,0,0,2078.64,0,0.000,0.0000
2026-08-24T00:42:12.435661,2348.08,DONE,7.0622,23.4667,105.75,0.0000,0.0000,20.6660,0,0.0,0.0,0.0,0.0,0.000,0.7700,0.0011,0.1734,2079.72,17.6555,10.3323,53.17,0.0000,0.00,0,0,0,2079.64,0,0.000,0.0000
2026-08-24T00:42:13.436049,2349.08,DONE,7.0622,23.4667,105.75,0.0000,0.0000,20.6660,0,0.0,0.0,0.0,0.0,0.000,0.7700,0.0011,0.1734,2080.72,17.6555,10.3323,53.17,0.0000,0.00,0,0,0,2080.64,0,0.000,0.0000
2026-08-24T00:42:14.435845,2350.08,DONE,7.0622,23.4667,105.75,0.0000,0.0000,20.6660,0,0.0,0.0,0.0,0.0,0.000,0.7700,0.0011,0.1734,2081.72,17.6555,10.3323,53.17,0.0000,0.00,0,0,0,2081.64,0,0.000,0.0000
2026-08-24T00:42:15.435805,2351.08,DONE,7.0622,23.4667,105.75,0.0000,0.0000,20.6660,0,0.0,0.0,0.0,0.0,0.000,0.7700,0.0011,0.1734,2082.72,17.6555,10.3323,53.17,0.0000,0.00,0,0,0,2082.64,0,0.000,0.0000
2026-08-24T00:42:16.435623,2352.08,DONE,7.0622,23.4667,105.75,0.0000,0.0000,20.6660,0,0.0,0.0,0.0,0.0,0.000,0.7700,0.0011,0.1734,2083.72,17.6555,10.3323,53.17,0.0000,0.00,0,0,0,2083.64,0,0.000,0.0000
2026-08-24T00:42:17.435733,2353.08,DONE,7.0622,23.4667,105.75,0.0000,0.0000,20.6660,0,0.0,0.0,0.0,0.0,0.000,0.7700,0.0011,0.1734,2084.72,17.6555,10.3323,53.17,0.0000,0.00,0,0,0,2084.64,0,0.000,0.0000
2026-08-24T00:42:18.435828,2354.08,DONE,7.0622,23.4667,105.75,0.0000,0.0000,20.6660,0,0.0,0.0,0.0,0.0,0.000,0.7700,0.0011,0.1734,2085.72,17.6555,10.3323,53.17,0.0000,0.00,0,0,0,2085.64,0,0.000,0.0000
2026-08-24T00:42:19.435837,2355.08,DONE,7.0622,23.4667,105.75,0.0000,0.0000,20.6660,0,0.0,0.0,0.0,0.0,0.000,0.7700,0.0011,0.1734,2086.72,17.6555,10.3323,53.17,0.0000,0.00,0,0,0,2086.64,0,0.000,0.0000
2026-08-24T00:42:20.435683,2356.08,DONE,7.0622,23.4667,105.75,0.0000,0.0000,20.6660,0,0.0,0.0,0.0,0.0,0.000,0.7700,0.0011,0.1734,2087.72,17.6555,10.3323,53.17,0.0000,0.00,0,0,0,2087.64,0,0.000,0.0000
2026-08-24T00:42:21.436021,2357.08,DONE,7.0622,23.4667,105.75,0.0000,0.0000,20.6660,0,0.0,0.0,0.0,0.0,0.000,0.7700,0.0011,0.1734,2088.72,17.6555,10.3323,53.17,0.0000,0.00,0,0,0,2088.64,0,0.000,0.0000
2026-08-24T00:42:22.436075,2358.08,DONE,7.0622,23.4667,105.75,0.0000,0.0000,20.6660,0,0.0,0.0,0.0,0.0,0.000,0.7700,0.0011,0.1734,2089.72,17.6555,10.3323,53.17,0.0000,0.00,0,0,0,2089.64,0,0.000,0.0000
2026-08-24T00:42:23.435725,2359.08,DONE,7.0622,23.4667,105.75,0.0000,0.0000,20.6660,0,0.0,0.0,0.0,0.0,0.000,0.7700,0.0011,0.1734,2090.72,17.6555,10.3323,53.17,0.0000,0.00,0,0,0,2090.64,0,0.000,0.0000
2026-08-24T00:42:24.435733,2360.08,DONE,7.0622,23.4667,105.75,0.0000,0.0000,20.6660,0,0.0,0.0,0.0,0.0,0.000,0.7700,0.0011,0.1734,2091.72,17.6555,10.3323,53.17,0.0000,0.00,0,0,0,2091.64,0,0.000,0.0000
2026-08-24T00:42:25.436389,2361.08,DONE,7.0622,23.4667,105.75,0.0000,0.0000,20.6660,0,0.0,0.0,0.0,0.0,0.000,0.7700,0.0011,0.1734,2092.72,17.6555,10.3323,53.17,0.0000,0.00,0,0,0,2092.64,0,0.000,0.0000
2026-08-24T00:42:26.435651,2362.08,DONE,7.0622,23.4667,105.75,0.0000,0.0000,20.6660,0,0.0,0.0,0.0,0.0,0.000,0.7700,0.0011,0.1734,2093.72,17.6555,10.3323,53.17,0.0000,0.00,0,0,0,2093.64,0,0.000,0.0000
2026-08-24T00:42:27.435595,2363.08,DONE,7.0622,23.4667,105.75,0.0000,0.0000,20.6660,0,0.0,0.0,0.0,0.0,0.000,0.7700,0.0011,0.1734,2094.72,17.6555,10.3323,53.17,0.0000,0.00,0,0,0,2094.64,0,0.000,0.0000
2026-08-24T00:42:28.435576,2364.08,DONE,7.0622,23.4667,105.75,0.0000,0.0000,20.6660,0,0.0,0.0,0.0,0.0,0.000,0.7700,0.0011,0.1734,2095.72,17.6555,10.3323,53.17,0.0000,0.00,0,0,0,2095.64,0,0.000,0.0000
2026-08-24T00:42:29.435456,2365.08,DONE,7.0622,23.4667,105.75,0.0000,0.0000,20.6660,0,0.0,0.0,0.0,0.0,0.000,0.7700,0.0011,0.1734,2096.72,17.6555,10.3323,53.17,0.0000,0.00,0,0,0,2096.64,0,0.000,0.0000
2026-08-24T00:42:30.436028,2366.08,DONE,7.0622,23.4667,105.75,0.0000,0.0000,20.6660,0,0.0,0.0,0.0,0.0,0.000,0.7700,0.0011,0.1734,2097.72,17.6555,10.3323,53.17,0.0000,0.00,0,0,0,2097.64,0,0.000,0.0000
2026-08-24T00:42:31.435699,2367.08,DONE,7.0622,23.4667,105.75,0.0000,0.0000,20.6660,0,0.0,0.0,0.0,0.0,0.000,0.7700,0.0011,0.1734,2098.72,17.6555,10.3323,53.17,0.0000,0.00,0,0,0,2098.64,0,0.000,0.0000
2026-08-24T00:42:32.435652,2368.08,DONE,7.0622,23.4667,105.75,0.0000,0.0000,20.6660,0,0.0,0.0,0.0,0.0,0.000,0.7700,0.0011,0.1734,2099.72,17.6555,10.3323,53.17,0.0000,0.00,0,0,0,2099.64,0,0.000,0.0000
2026-08-24T00:42:33.435594,2369.08,DONE,7.0622,23.4667,105.75,0.0000,0.0000,20.6660,0,0.0,0.0,0.0,0.0,0.000,0.7700,0.0011,0.1734,2100.72,17.6555,10.3323,53.17,0.0000,0.00,0,0,0,2100.64,0,0.000,0.0000
2026-08-24T00:42:34.435861,2370.08,DONE,7.0622,23.4667,105.75,0.0000,0.0000,20.6660,0,0.0,0.0,0.0,0.0,0.000,0.7700,0.0011,0.1734,2101.72,17.6555,10.3323,53.17,0.0000,0.00,0,0,0,2101.64,0,0.000,0.0000
2026-08-24T00:42:35.436398,2371.08,DONE,7.0622,23.4667,105.75,0.0000,0.0000,20.6660,0,0.0,0.0,0.0,0.0,0.000,0.7700,0.0011,0.1734,2102.72,17.6555,10.3323,53.17,0.0000,0.00,0,0,0,2102.64,0,0.000,0.0000
2026-08-24T00:42:36.435727,2372.08,DONE,7.0622,23.4667,105.75,0.0000,0.0000,20.6660,0,0.0,0.0,0.0,0.0,0.000,0.7700,0.0011,0.1734,2103.72,17.6555,10.3323,53.17,0.0000,0.00,0,0,0,2103.64,0,0.000,0.0000
2026-08-24T00:42:37.435813,2373.08,DONE,7.0622,23.4667,105.75,0.0000,0.0000,20.6660,0,0.0,0.0,0.0,0.0,0.000,0.7700,0.0011,0.1734,2104.72,17.6555,10.3323,53.17,0.0000,0.00,0,0,0,2104.64,0,0.000,0.0000
2026-08-24T00:42:38.435649,2374.08,DONE,7.0622,23.4667,105.75,0.0000,0.0000,20.6660,0,0.0,0.0,0.0,0.0,0.000,0.7700,0.0011,0.1734,2105.72,17.6555,10.3323,53.17,0.0000,0.00,0,0,0,2105.64,0,0.000,0.0000
2026-08-24T00:42:39.435616,2375.08,DONE,7.0622,23.4667,105.75,0.0000,0.0000,20.6660,0,0.0,0.0,0.0,0.0,0.000,0.7700,0.0011,0.1734,2106.72,17.6555,10.3323,53.17,0.0000,0.00,0,0,0,2106.64,0,0.000,0.0000
2026-08-24T00:42:40.435815,2376.08,DONE,7.0622,23.4667,105.75,0.0000,0.0000,20.6660,0,0.0,0.0,0.0,0.0,0.000,0.7700,0.0011,0.1734,2107.72,17.6555,10.3323,53.17,0.0000,0.00,0,0,0,2107.64,0,0.000,0.0000
2026-08-24T00:42:41.435731,2377.08,DONE,7.0622,23.4667,105.75,0.0000,0.0000,20.6660,0,0.0,0.0,0.0,0.0,0.000,0.7700,0.0011,0.1734,2108.72,17.6555,10.3323,53.17,0.0000,0.00,0,0,0,2108.64,0,0.000,0.0000
2026-08-24T00:42:42.435665,2378.08,DONE,7.0622,23.4667,105.75,0.0000,0.0000,20.6660,0,0.0,0.0,0.0,0.0,0.000,0.7700,0.0011,0.1734,2109.72,17.6555,10.3323,53.17,0.0000,0.00,0,0,0,2109.64,0,0.000,0.0000
2026-08-24T00:42:43.435621,2379.08,DONE,7.0622,23.4667,105.75,0.0000,0.0000,20.6660,0,0.0,0.0,0.0,0.0,0.000,0.7700,0.0011,0.1734,2110.72,17.6555,10.3323,53.17,0.0000,0.00,0,0,0,2110.64,0,0.000,0.0000
2026-08-24T00:42:44.435545,2380.08,DONE,7.0622,23.4667,105.75,0.0000,0.0000,20.6660,0,0.0,0.0,0.0,0.0,0.000,0.7700,0.0011,0.1734,2111.72,17.6555,10.3323,53.17,0.0000,0.00,0,0,0,2111.64,0,0.000,0.0000
2026-08-24T00:42:45.435821,2381.08,DONE,7.0622,23.4667,105.75,0.0000,0.0000,20.6660,0,0.0,0.0,0.0,0.0,0.000,0.7700,0.0011,0.1734,2112.72,17.6555,10.3323,53.17,0.0000,0.00,0,0,0,2112.64,0,0.000,0.0000
2026-08-24T00:42:46.435970,2382.08,DONE,7.0622,23.4667,105.75,0.0000,0.0000,20.6660,0,0.0,0.0,0.0,0.0,0.000,0.7700,0.0011,0.1734,2113.72,17.6555,10.3323,53.17,0.0000,0.00,0,0,0,2113.64,0,0.000,0.0000
2026-08-24T00:42:47.435657,2383.08,DONE,7.0622,23.4667,105.75,0.0000,0.0000,20.6660,0,0.0,0.0,0.0,0.0,0.000,0.7700,0.0011,0.1734,2114.72,17.6555,10.3323,53.17,0.0000,0.00,0,0,0,2114.64,0,0.000,0.0000
2026-08-24T00:42:48.435648,2384.08,DONE,7.0622,23.4667,105.75,0.0000,0.0000,20.6660,0,0.0,0.0,0.0,0.0,0.000,0.7700,0.0011,0.1734,2115.72,17.6555,10.3323,53.17,0.0000,0.00,0,0,0,2115.64,0,0.000,0.0000
2026-08-24T00:42:49.435482,2385.08,DONE,7.0622,23.4667,105.75,0.0000,0.0000,20.6660,0,0.0,0.0,0.0,0.0,0.000,0.7700,0.0011,0.1734,2116.72,17.6555,10.3323,53.17,0.0000,0.00,0,0,0,2116.64,0,0.000,0.0000
2026-08-24T00:42:50.435871,2386.08,DONE,7.0622,23.4667,105.75,0.0000,0.0000,20.6660,0,0.0,0.0,0.0,0.0,0.000,0.7700,0.0011,0.1734,2117.72,17.6555,10.3323,53.17,0.0000,0.00,0,0,0,2117.64,0,0.000,0.0000
2026-08-24T00:42:51.437630,2387.08,DONE,7.0622,23.4667,105.75,0.0000,0.0000,20.6660,0,0.0,0.0,0.0,0.0,0.000,0.7700,0.0011,0.1734,2118.73,17.6555,10.3323,53.17,0.0000,0.00,0,0,0,2118.64,0,0.000,0.0000
2026-08-24T00:42:52.436883,2388.08,DONE,7.0622,23.4667,105.75,0.0000,0.0000,20.6660,0,0.0,0.0,0.0,0.0,0.000,0.7700,0.0011,0.1734,2119.72,17.6555,10.3323,53.17,0.0000,0.00,0,0,0,2119.64,0,0.000,0.0000
2026-08-24T00:42:53.435744,2389.08,DONE,7.0622,23.4667,105.75,0.0000,0.0000,20.6660,0,0.0,0.0,0.0,0.0,0.000,0.7700,0.0011,0.1734,2120.72,17.6555,10.3323,53.17,0.0000,0.00,0,0,0,2120.64,0,0.000,0.0000
2026-08-24T00:42:54.435892,2390.08,DONE,7.0622,23.4667,105.75,0.0000,0.0000,20.6660,0,0.0,0.0,0.0,0.0,0.000,0.7700,0.0011,0.1734,2121.72,17.6555,10.3323,53.17,0.0000,0.00,0,0,0,2121.64,0,0.000,0.0000
2026-08-24T00:42:55.435900,2391.08,DONE,7.0622,23.4667,105.75,0.0000,0.0000,20.6660,0,0.0,0.0,0.0,0.0,0.000,0.7700,0.0011,0.1734,2122.72,17.6555,10.3323,53.17,0.0000,0.00,0,0,0,2122.64,0,0.000,0.0000
2026-08-24T00:42:56.435950,2392.08,DONE,7.0622,23.4667,105.75,0.0000,0.0000,20.6660,0,0.0,0.0,0.0,0.0,0.000,0.7700,0.0011,0.1734,2123.72,17.6555,10.3323,53.17,0.0000,0.00,0,0,0,2123.64,0,0.000,0.0000
2026-08-24T00:42:57.436163,2393.08,DONE,7.0622,23.4667,105.75,0.0000,0.0000,20.6660,0,0.0,0.0,0.0,0.0,0.000,0.7700,0.0011,0.1734,2124.72,17.6555,10.3323,53.17,0.0000,0.00,0,0,0,2124.64,0,0.000,0.0000
2026-08-24T00:42:58.436004,2394.08,DONE,7.0622,23.4667,105.75,0.0000,0.0000,20.6660,0,0.0,0.0,0.0,0.0,0.000,0.7700,0.0011,0.1734,2125.72,17.6555,10.3323,53.17,0.0000,0.00,0,0,0,2125.64,0,0.000,0.0000
2026-08-24T00:42:59.436128,2395.08,DONE,7.0622,23.4667,105.75,0.0000,0.0000,20.6660,0,0.0,0.0,0.0,0.0,0.000,0.7700,0.0011,0.1734,2126.72,17.6555,10.3323,53.17,0.0000,0.00,0,0,0,2126.64,0,0.000,0.0000
2026-08-24T00:43:00.435651,2396.08,DONE,7.0622,23.4667,105.75,0.0000,0.0000,20.6660,0,0.0,0.0,0.0,0.0,0.000,0.7700,0.0011,0.1734,2127.72,17.6555,10.3323,53.17,0.0000,0.00,0,0,0,2127.64,0,0.000,0.0000
2026-08-24T00:43:01.435648,2397.08,DONE,7.0622,23.4667,105.75,0.0000,0.0000,20.6660,0,0.0,0.0,0.0,0.0,0.000,0.7700,0.0011,0.1734,2128.72,17.6555,10.3323,53.17,0.0000,0.00,0,0,0,2128.64,0,0.000,0.0000
2026-08-24T00:43:02.436250,2398.08,DONE,7.0622,23.4667,105.75,0.0000,0.0000,20.6660,0,0.0,0.0,0.0,0.0,0.000,0.7700,0.0011,0.1734,2129.72,17.6555,10.3323,53.17,0.0000,0.00,0,0,0,2129.64,0,0.000,0.0000
2026-08-24T00:43:03.435596,2399.08,DONE,7.0622,23.4667,105.75,0.0000,0.0000,20.6660,0,0.0,0.0,0.0,0.0,0.000,0.7700,0.0011,0.1734,2130.72,17.6555,10.3323,53.17,0.0000,0.00,0,0,0,2130.64,0,0.000,0.0000
2026-08-24T00:43:04.435706,2400.08,DONE,7.0622,23.4667,105.75,0.0000,0.0000,20.6660,0,0.0,0.0,0.0,0.0,0.000,0.7700,0.0011,0.1734,2131.72,17.6555,10.3323,53.17,0.0000,0.00,0,0,0,2131.64,0,0.000,0.0000
2026-08-24T00:43:05.435583,2401.08,DONE,7.0622,23.4667,105.75,0.0000,0.0000,20.6660,0,0.0,0.0,0.0,0.0,0.000,0.7700,0.0011,0.1734,2132.72,17.6555,10.3323,53.17,0.0000,0.00,0,0,0,2132.64,0,0.000,0.0000
2026-08-24T00:43:06.436038,2402.08,DONE,7.0622,23.4667,105.75,0.0000,0.0000,20.6660,0,0.0,0.0,0.0,0.0,0.000,0.7700,0.0011,0.1734,2133.72,17.6555,10.3323,53.17,0.0000,0.00,0,0,0,2133.64,0,0.000,0.0000
2026-08-24T00:43:07.435784,2403.08,DONE,7.0622,23.4667,105.75,0.0000,0.0000,20.6660,0,0.0,0.0,0.0,0.0,0.000,0.7700,0.0011,0.1734,2134.72,17.6555,10.3323,53.17,0.0000,0.00,0,0,0,2134.64,0,0.000,0.0000
2026-08-24T00:43:08.435652,2404.08,DONE,7.0622,23.4667,105.75,0.0000,0.0000,20.6660,0,0.0,0.0,0.0,0.0,0.000,0.7700,0.0011,0.1734,2135.72,17.6555,10.3323,53.17,0.0000,0.00,0,0,0,2135.64,0,0.000,0.0000
2026-08-24T00:43:09.435986,2405.08,DONE,7.0622,23.4667,105.75,0.0000,0.0000,20.6660,0,0.0,0.0,0.0,0.0,0.000,0.7700,0.0011,0.1734,2136.72,17.6555,10.3323,53.17,0.0000,0.00,0,0,0,2136.64,0,0.000,0.0000
2026-08-24T00:43:10.435571,2406.08,DONE,7.0622,23.4667,105.75,0.0000,0.0000,20.6660,0,0.0,0.0,0.0,0.0,0.000,0.7700,0.0011,0.1734,2137.72,17.6555,10.3323,53.17,0.0000,0.00,0,0,0,2137.64,0,0.000,0.0000
2026-08-24T00:43:11.435957,2407.08,DONE,7.0622,23.4667,105.75,0.0000,0.0000,20.6660,0,0.0,0.0,0.0,0.0,0.000,0.7700,0.0011,0.1734,2138.72,17.6555,10.3323,53.17,0.0000,0.00,0,0,0,2138.64,0,0.000,0.0000
2026-08-24T00:43:12.435712,2408.08,DONE,7.0622,23.4667,105.75,0.0000,0.0000,20.6660,0,0.0,0.0,0.0,0.0,0.000,0.7700,0.0011,0.1734,2139.72,17.6555,10.3323,53.17,0.0000,0.00,0,0,0,2139.64,0,0.000,0.0000
2026-08-24T00:43:13.435864,2409.08,DONE,7.0622,23.4667,105.75,0.0000,0.0000,20.6660,0,0.0,0.0,0.0,0.0,0.000,0.7700,0.0011,0.1734,2140.72,17.6555,10.3323,53.17,0.0000,0.00,0,0,0,2140.64,0,0.000,0.0000
2026-08-24T00:43:14.435541,2410.08,DONE,7.0622,23.4667,105.75,0.0000,0.0000,20.6660,0,0.0,0.0,0.0,0.0,0.000,0.7700,0.0011,0.1734,2141.72,17.6555,10.3323,53.17,0.0000,0.00,0,0,0,2141.64,0,0.000,0.0000
2026-08-24T00:43:15.435586,2411.08,DONE,7.0622,23.4667,105.75,0.0000,0.0000,20.6660,0,0.0,0.0,0.0,0.0,0.000,0.7700,0.0011,0.1734,2142.72,17.6555,10.3323,53.17,0.0000,0.00,0,0,0,2142.64,0,0.000,0.0000
2026-08-24T00:43:16.435659,2412.08,DONE,7.0622,23.4667,105.75,0.0000,0.0000,20.6660,0,0.0,0.0,0.0,0.0,0.000,0.7700,0.0011,0.1734,2143.72,17.6555,10.3323,53.17,0.0000,0.00,0,0,0,2143.64,0,0.000,0.0000
2026-08-24T00:43:17.435634,2413.08,DONE,7.0622,23.4667,105.75,0.0000,0.0000,20.6660,0,0.0,0.0,0.0,0.0,0.000,0.7700,0.0011,0.1734,2144.72,17.6555,10.3323,53.17,0.0000,0.00,0,0,0,2144.64,0,0.000,0.0000
2026-08-24T00:43:18.435937,2414.08,DONE,7.0622,23.4667,105.75,0.0000,0.0000,20.6660,0,0.0,0.0,0.0,0.0,0.000,0.7700,0.0011,0.1734,2145.72,17.6555,10.3323,53.17,0.0000,0.00,0,0,0,2145.64,0,0.000,0.0000
2026-08-24T00:43:19.437534,2415.08,DONE,7.0622,23.4667,105.75,0.0000,0.0000,20.6660,0,0.0,0.0,0.0,0.0,0.000,0.7700,0.0011,0.1734,2146.72,17.6555,10.3323,53.17,0.0000,0.00,0,0,0,2146.64,0,0.000,0.0000
2026-08-24T00:43:20.435758,2416.08,DONE,7.0622,23.4667,105.75,0.0000,0.0000,20.6660,0,0.0,0.0,0.0,0.0,0.000,0.7700,0.0011,0.1734,2147.72,17.6555,10.3323,53.17,0.0000,0.00,0,0,0,2147.64,0,0.000,0.0000
2026-08-24T00:43:21.436601,2417.08,DONE,7.0622,23.4667,105.75,0.0000,0.0000,20.6660,0,0.0,0.0,0.0,0.0,0.000,0.7700,0.0011,0.1734,2148.72,17.6555,10.3323,53.17,0.0000,0.00,0,0,0,2148.64,0,0.000,0.0000
2026-08-24T00:43:22.436159,2418.08,DONE,7.0622,23.4667,105.75,0.0000,0.0000,20.6660,0,0.0,0.0,0.0,0.0,0.000,0.7700,0.0011,0.1734,2149.72,17.6555,10.3323,53.17,0.0000,0.00,0,0,0,2149.64,0,0.000,0.0000
2026-08-24T00:43:23.435604,2419.08,DONE,7.0622,23.4667,105.75,0.0000,0.0000,20.6660,0,0.0,0.0,0.0,0.0,0.000,0.7700,0.0011,0.1734,2150.72,17.6555,10.3323,53.17,0.0000,0.00,0,0,0,2150.64,0,0.000,0.0000
2026-08-24T00:43:24.435615,2420.08,DONE,7.0622,23.4667,105.75,0.0000,0.0000,20.6660,0,0.0,0.0,0.0,0.0,0.000,0.7700,0.0011,0.1734,2151.72,17.6555,10.3323,53.17,0.0000,0.00,0,0,0,2151.64,0,0.000,0.0000
2026-08-24T00:43:25.435728,2421.08,DONE,7.0622,23.4667,105.75,0.0000,0.0000,20.6660,0,0.0,0.0,0.0,0.0,0.000,0.7700,0.0011,0.1734,2152.72,17.6555,10.3323,53.17,0.0000,0.00,0,0,0,2152.64,0,0.000,0.0000
2026-08-24T00:43:26.435655,2422.08,DONE,7.0622,23.4667,105.75,0.0000,0.0000,20.6660,0,0.0,0.0,0.0,0.0,0.000,0.7700,0.0011,0.1734,2153.72,17.6555,10.3323,53.17,0.0000,0.00,0,0,0,2153.64,0,0.000,0.0000
2026-08-24T00:43:27.436158,2423.08,DONE,7.0622,23.4667,105.75,0.0000,0.0000,20.6660,0,0.0,0.0,0.0,0.0,0.000,0.7700,0.0011,0.1734,2154.72,17.6555,10.3323,53.17,0.0000,0.00,0,0,0,2154.64,0,0.000,0.0000
2026-08-24T00:43:28.435640,2424.08,DONE,7.0622,23.4667,105.75,0.0000,0.0000,20.6660,0,0.0,0.0,0.0,0.0,0.000,0.7700,0.0011,0.1734,2155.72,17.6555,10.3323,53.17,0.0000,0.00,0,0,0,2155.64,0,0.000,0.0000
2026-08-24T00:43:29.435535,2425.08,DONE,7.0622,23.4667,105.75,0.0000,0.0000,20.6660,0,0.0,0.0,0.0,0.0,0.000,0.7700,0.0011,0.1734,2156.72,17.6555,10.3323,53.17,0.0000,0.00,0,0,0,2156.64,0,0.000,0.0000
2026-08-24T00:43:30.435715,2426.08,DONE,7.0622,23.4667,105.75,0.0000,0.0000,20.6660,0,0.0,0.0,0.0,0.0,0.000,0.7700,0.0011,0.1734,2157.72,17.6555,10.3323,53.17,0.0000,0.00,0,0,0,2157.64,0,0.000,0.0000
2026-08-24T00:43:31.435514,2427.08,DONE,7.0622,23.4667,105.75,0.0000,0.0000,20.6660,0,0.0,0.0,0.0,0.0,0.000,0.7700,0.0011,0.1734,2158.72,17.6555,10.3323,53.17,0.0000,0.00,0,0,0,2158.64,0,0.000,0.0000
2026-08-24T00:43:32.435687,2428.08,DONE,7.0622,23.4667,105.75,0.0000,0.0000,20.6660,0,0.0,0.0,0.0,0.0,0.000,0.7700,0.0011,0.1734,2159.72,17.6555,10.3323,53.17,0.0000,0.00,0,0,0,2159.64,0,0.000,0.0000
2026-08-24T00:43:33.435885,2429.08,DONE,7.0622,23.4667,105.75,0.0000,0.0000,20.6660,0,0.0,0.0,0.0,0.0,0.000,0.7700,0.0011,0.1734,2160.72,17.6555,10.3323,53.17,0.0000,0.00,0,0,0,2160.64,0,0.000,0.0000
2026-08-24T00:43:34.436371,2430.08,DONE,7.0622,23.4667,105.75,0.0000,0.0000,20.6660,0,0.0,0.0,0.0,0.0,0.000,0.7700,0.0011,0.1734,2161.72,17.6555,10.3323,53.17,0.0000,0.00,0,0,0,2161.64,0,0.000,0.0000
2026-08-24T00:43:35.436130,2431.08,DONE,7.0622,23.4667,105.75,0.0000,0.0000,20.6660,0,0.0,0.0,0.0,0.0,0.000,0.7700,0.0011,0.1734,2162.72,17.6555,10.3323,53.17,0.0000,0.00,0,0,0,2162.64,0,0.000,0.0000
2026-08-24T00:43:36.435690,2432.08,DONE,7.0622,23.4667,105.75,0.0000,0.0000,20.6660,0,0.0,0.0,0.0,0.0,0.000,0.7700,0.0011,0.1734,2163.72,17.6555,10.3323,53.17,0.0000,0.00,0,0,0,2163.64,0,0.000,0.0000
2026-08-24T00:43:37.435619,2433.08,DONE,7.0622,23.4667,105.75,0.0000,0.0000,20.6660,0,0.0,0.0,0.0,0.0,0.000,0.7700,0.0011,0.1734,2164.72,17.6555,10.3323,53.17,0.0000,0.00,0,0,0,2164.64,0,0.000,0.0000
2026-08-24T00:43:38.435828,2434.08,DONE,7.0622,23.4667,105.75,0.0000,0.0000,20.6660,0,0.0,0.0,0.0,0.0,0.000,0.7700,0.0011,0.1734,2165.72,17.6555,10.3323,53.17,0.0000,0.00,0,0,0,2165.64,0,0.000,0.0000
2026-08-24T00:43:39.435745,2435.08,DONE,7.0622,23.4667,105.75,0.0000,0.0000,20.6660,0,0.0,0.0,0.0,0.0,0.000,0.7700,0.0011,0.1734,2166.72,17.6555,10.3323,53.17,0.0000,0.00,0,0,0,2166.64,0,0.000,0.0000
2026-08-24T00:43:40.435584,2436.08,DONE,7.0622,23.4667,105.75,0.0000,0.0000,20.6660,0,0.0,0.0,0.0,0.0,0.000,0.7700,0.0011,0.1734,2167.72,17.6555,10.3323,53.17,0.0000,0.00,0,0,0,2167.64,0,0.000,0.0000
2026-08-24T00:43:41.436061,2437.08,DONE,7.0622,23.4667,105.75,0.0000,0.0000,20.6660,0,0.0,0.0,0.0,0.0,0.000,0.7700,0.0011,0.1734,2168.72,17.6555,10.3323,53.17,0.0000,0.00,0,0,0,2168.64,0,0.000,0.0000
2026-08-24T00:43:42.435746,2438.08,DONE,7.0622,23.4667,105.75,0.0000,0.0000,20.6660,0,0.0,0.0,0.0,0.0,0.000,0.7700,0.0011,0.1734,2169.72,17.6555,10.3323,53.17,0.0000,0.00,0,0,0,2169.64,0,0.000,0.0000
2026-08-24T00:43:43.435873,2439.08,DONE,7.0622,23.4667,105.75,0.0000,0.0000,20.6660,0,0.0,0.0,0.0,0.0,0.000,0.7700,0.0011,0.1734,2170.72,17.6555,10.3323,53.17,0.0000,0.00,0,0,0,2170.64,0,0.000,0.0000
2026-08-24T00:43:44.435772,2440.08,DONE,7.0622,23.4667,105.75,0.0000,0.0000,20.6660,0,0.0,0.0,0.0,0.0,0.000,0.7700,0.0011,0.1734,2171.72,17.6555,10.3323,53.17,0.0000,0.00,0,0,0,2171.64,0,0.000,0.0000
2026-08-24T00:43:45.435619,2441.08,DONE,7.0622,23.4667,105.75,0.0000,0.0000,20.6660,0,0.0,0.0,0.0,0.0,0.000,0.7700,0.0011,0.1734,2172.72,17.6555,10.3323,53.17,0.0000,0.00,0,0,0,2172.64,0,0.000,0.0000
2026-08-24T00:43:46.435654,2442.08,DONE,7.0622,23.4667,105.75,0.0000,0.0000,20.6660,0,0.0,0.0,0.0,0.0,0.000,0.7700,0.0011,0.1734,2173.72,17.6555,10.3323,53.17,0.0000,0.00,0,0,0,2173.64,0,0.000,0.0000
2026-08-24T00:43:47.436470,2443.08,DONE,7.0622,23.4667,105.75,0.0000,0.0000,20.6660,0,0.0,0.0,0.0,0.0,0.000,0.7700,0.0011,0.1734,2174.72,17.6555,10.3323,53.17,0.0000,0.00,0,0,0,2174.64,0,0.000,0.0000
2026-08-24T00:43:48.435844,2444.08,DONE,7.0622,23.4667,105.75,0.0000,0.0000,20.6660,0,0.0,0.0,0.0,0.0,0.000,0.7700,0.0011,0.1734,2175.72,17.6555,10.3323,53.17,0.0000,0.00,0,0,0,2175.64,0,0.000,0.0000
2026-08-24T00:43:49.435549,2445.08,DONE,7.0622,23.4667,105.75,0.0000,0.0000,20.6660,0,0.0,0.0,0.0,0.0,0.000,0.7700,0.0011,0.1734,2176.72,17.6555,10.3323,53.17,0.0000,0.00,0,0,0,2176.64,0,0.000,0.0000
2026-08-24T00:43:50.436721,2446.08,DONE,7.0622,23.4667,105.75,0.0000,0.0000,20.6660,0,0.0,0.0,0.0,0.0,0.000,0.7700,0.0011,0.1734,2177.72,17.6555,10.3323,53.17,0.0000,0.00,0,0,0,2177.64,0,0.000,0.0000
2026-08-24T00:43:51.435605,2447.08,DONE,7.0622,23.4667,105.75,0.0000,0.0000,20.6660,0,0.0,0.0,0.0,0.0,0.000,0.7700,0.0011,0.1734,2178.72,17.6555,10.3323,53.17,0.0000,0.00,0,0,0,2178.64,0,0.000,0.0000
2026-08-24T00:43:52.435555,2448.08,DONE,7.0622,23.4667,105.75,0.0000,0.0000,20.6660,0,0.0,0.0,0.0,0.0,0.000,0.7700,0.0011,0.1734,2179.72,17.6555,10.3323,53.17,0.0000,0.00,0,0,0,2179.64,0,0.000,0.0000
2026-08-24T00:43:53.435858,2449.08,DONE,7.0622,23.4667,105.75,0.0000,0.0000,20.6660,0,0.0,0.0,0.0,0.0,0.000,0.7700,0.0011,0.1734,2180.72,17.6555,10.3323,53.17,0.0000,0.00,0,0,0,2180.64,0,0.000,0.0000
2026-08-24T00:43:54.435805,2450.08,DONE,7.0622,23.4667,105.75,0.0000,0.0000,20.6660,0,0.0,0.0,0.0,0.0,0.000,0.7700,0.0011,0.1734,2181.72,17.6555,10.3323,53.17,0.0000,0.00,0,0,0,2181.64,0,0.000,0.0000
2026-08-24T00:43:55.435610,2451.08,DONE,7.0622,23.4667,105.75,0.0000,0.0000,20.6660,0,0.0,0.0,0.0,0.0,0.000,0.7700,0.0011,0.1734,2182.72,17.6555,10.3323,53.17,0.0000,0.00,0,0,0,2182.64,0,0.000,0.0000
2026-08-24T00:43:56.435530,2452.08,DONE,7.0622,23.4667,105.75,0.0000,0.0000,20.6660,0,0.0,0.0,0.0,0.0,0.000,0.7700,0.0011,0.1734,2183.72,17.6555,10.3323,53.17,0.0000,0.00,0,0,0,2183.64,0,0.000,0.0000
2026-08-24T00:43:57.435799,2453.08,DONE,7.0622,23.4667,105.75,0.0000,0.0000,20.6660,0,0.0,0.0,0.0,0.0,0.000,0.7700,0.0011,0.1734,2184.72,17.6555,10.3323,53.17,0.0000,0.00,0,0,0,2184.64,0,0.000,0.0000
2026-08-24T00:43:58.435597,2454.08,DONE,7.0622,23.4667,105.75,0.0000,0.0000,20.6660,0,0.0,0.0,0.0,0.0,0.000,0.7700,0.0011,0.1734,2185.72,17.6555,10.3323,53.17,0.0000,0.00,0,0,0,2185.64,0,0.000,0.0000
2026-08-24T00:43:59.435763,2455.08,DONE,7.0622,23.4667,105.75,0.0000,0.0000,20.6660,0,0.0,0.0,0.0,0.0,0.000,0.7700,0.0011,0.1734,2186.72,17.6555,10.3323,53.17,0.0000,0.00,0,0,0,2186.64,0,0.000,0.0000
2026-08-24T00:44:00.435590,2456.08,DONE,7.0622,23.4667,105.75,0.0000,0.0000,20.6660,0,0.0,0.0,0.0,0.0,0.000,0.7700,0.0011,0.1734,2187.72,17.6555,10.3323,53.17,0.0000,0.00,0,0,0,2187.64,0,0.000,0.0000
2026-08-24T00:44:01.436105,2457.08,DONE,7.0622,23.4667,105.75,0.0000,0.0000,20.6660,0,0.0,0.0,0.0,0.0,0.000,0.7700,0.0011,0.1734,2188.72,17.6555,10.3323,53.17,0.0000,0.00,0,0,0,2188.64,0,0.000,0.0000
2026-08-24T00:44:02.435746,2458.08,DONE,7.0622,23.4667,105.75,0.0000,0.0000,20.6660,0,0.0,0.0,0.0,0.0,0.000,0.7700,0.0011,0.1734,2189.72,17.6555,10.3323,53.17,0.0000,0.00,0,0,0,2189.64,0,0.000,0.0000
2026-08-24T00:44:03.435568,2459.08,DONE,7.0622,23.4667,105.75,0.0000,0.0000,20.6660,0,0.0,0.0,0.0,0.0,0.000,0.7700,0.0011,0.1734,2190.72,17.6555,10.3323,53.17,0.0000,0.00,0,0,0,2190.64,0,0.000,0.0000
2026-08-24T00:44:04.436198,2460.08,DONE,7.0622,23.4667,105.75,0.0000,0.0000,20.6660,0,0.0,0.0,0.0,0.0,0.000,0.7700,0.0011,0.1734,2191.72,17.6555,10.3323,53.17,0.0000,0.00,0,0,0,2191.64,0,0.000,0.0000
2026-08-24T00:44:05.436494,2461.08,DONE,7.0622,23.4667,105.75,0.0000,0.0000,20.6660,0,0.0,0.0,0.0,0.0,0.000,0.7700,0.0011,0.1734,2192.72,17.6555,10.3323,53.17,0.0000,0.00,0,0,0,2192.64,0,0.000,0.0000
2026-08-24T00:44:06.435827,2462.08,DONE,7.0622,23.4667,105.75,0.0000,0.0000,20.6660,0,0.0,0.0,0.0,0.0,0.000,0.7700,0.0011,0.1734,2193.72,17.6555,10.3323,53.17,0.0000,0.00,0,0,0,2193.64,0,0.000,0.0000
2026-08-24T00:44:07.436030,2463.08,DONE,7.0622,23.4667,105.75,0.0000,0.0000,20.6660,0,0.0,0.0,0.0,0.0,0.000,0.7700,0.0011,0.1734,2194.72,17.6555,10.3323,53.17,0.0000,0.00,0,0,0,2194.64,0,0.000,0.0000
2026-08-24T00:44:08.435603,2464.08,DONE,7.0622,23.4667,105.75,0.0000,0.0000,20.6660,0,0.0,0.0,0.0,0.0,0.000,0.7700,0.0011,0.1734,2195.72,17.6555,10.3323,53.17,0.0000,0.00,0,0,0,2195.64,0,0.000,0.0000
2026-08-24T00:44:09.435551,2465.08,DONE,7.0622,23.4667,105.75,0.0000,0.0000,20.6660,0,0.0,0.0,0.0,0.0,0.000,0.7700,0.0011,0.1734,2196.72,17.6555,10.3323,53.17,0.0000,0.00,0,0,0,2196.64,0,0.000,0.0000
2026-08-24T00:44:10.435477,2466.08,DONE,7.0622,23.4667,105.75,0.0000,0.0000,20.6660,0,0.0,0.0,0.0,0.0,0.000,0.7700,0.0011,0.1734,2197.72,17.6555,10.3323,53.17,0.0000,0.00,0,0,0,2197.64,0,0.000,0.0000
2026-08-24T00:44:11.435611,2467.08,DONE,7.0622,23.4667,105.75,0.0000,0.0000,20.6660,0,0.0,0.0,0.0,0.0,0.000,0.7700,0.0011,0.1734,2198.72,17.6555,10.3323,53.17,0.0000,0.00,0,0,0,2198.65,0,0.000,0.0000
2026-08-24T00:44:12.436365,2468.08,DONE,7.0622,23.4667,105.75,0.0000,0.0000,20.6660,0,0.0,0.0,0.0,0.0,0.000,0.7700,0.0011,0.1734,2199.72,17.6555,10.3323,53.17,0.0000,0.00,0,0,0,2199.64,0,0.000,0.0000
2026-08-24T00:44:13.438434,2469.08,DONE,7.0622,23.4667,105.75,0.0000,0.0000,20.6660,0,0.0,0.0,0.0,0.0,0.000,0.7700,0.0011,0.1734,2200.73,17.6555,10.3323,53.17,0.0000,0.00,0,0,0,2200.64,0,0.000,0.0000
2026-08-24T00:44:14.435722,2470.08,DONE,7.0622,23.4667,105.75,0.0000,0.0000,20.6660,0,0.0,0.0,0.0,0.0,0.000,0.7700,0.0011,0.1734,2201.72,17.6555,10.3323,53.17,0.0000,0.00,0,0,0,2201.64,0,0.000,0.0000
2026-08-24T00:44:15.435893,2471.08,DONE,7.0622,23.4667,105.75,0.0000,0.0000,20.6660,0,0.0,0.0,0.0,0.0,0.000,0.7700,0.0011,0.1734,2202.72,17.6555,10.3323,53.17,0.0000,0.00,0,0,0,2202.64,0,0.000,0.0000
2026-08-24T00:44:16.436629,2472.08,DONE,7.0622,23.4667,105.75,0.0000,0.0000,20.6660,0,0.0,0.0,0.0,0.0,0.000,0.7700,0.0011,0.1734,2203.72,17.6555,10.3323,53.17,0.0000,0.00,0,0,0,2203.64,0,0.000,0.0000
2026-08-24T00:44:17.435726,2473.08,DONE,7.0622,23.4667,105.75,0.0000,0.0000,20.6660,0,0.0,0.0,0.0,0.0,0.000,0.7700,0.0011,0.1734,2204.72,17.6555,10.3323,53.17,0.0000,0.00,0,0,0,2204.64,0,0.000,0.0000
2026-08-24T00:44:18.435984,2474.08,DONE,7.0622,23.4667,105.75,0.0000,0.0000,20.6660,0,0.0,0.0,0.0,0.0,0.000,0.7700,0.0011,0.1734,2205.72,17.6555,10.3323,53.17,0.0000,0.00,0,0,0,2205.64,0,0.000,0.0000
2026-08-24T00:44:19.435890,2475.08,DONE,7.0622,23.4667,105.75,0.0000,0.0000,20.6660,0,0.0,0.0,0.0,0.0,0.000,0.7700,0.0011,0.1734,2206.72,17.6555,10.3323,53.17,0.0000,0.00,0,0,0,2206.64,0,0.000,0.0000
2026-08-24T00:44:20.435764,2476.08,DONE,7.0622,23.4667,105.75,0.0000,0.0000,20.6660,0,0.0,0.0,0.0,0.0,0.000,0.7700,0.0011,0.1734,2207.72,17.6555,10.3323,53.17,0.0000,0.00,0,0,0,2207.64,0,0.000,0.0000
2026-08-24T00:44:21.436085,2477.08,DONE,7.0622,23.4667,105.75,0.0000,0.0000,20.6660,0,0.0,0.0,0.0,0.0,0.000,0.7700,0.0011,0.1734,2208.72,17.6555,10.3323,53.17,0.0000,0.00,0,0,0,2208.64,0,0.000,0.0000
2026-08-24T00:44:22.437187,2478.08,DONE,7.0622,23.4667,105.75,0.0000,0.0000,20.6660,0,0.0,0.0,0.0,0.0,0.000,0.7700,0.0011,0.1734,2209.72,17.6555,10.3323,53.17,0.0000,0.00,0,0,0,2209.64,0,0.000,0.0000
2026-08-24T00:44:23.435910,2479.08,DONE,7.0622,23.4667,105.75,0.0000,0.0000,20.6660,0,0.0,0.0,0.0,0.0,0.000,0.7700,0.0011,0.1734,2210.72,17.6555,10.3323,53.17,0.0000,0.00,0,0,0,2210.64,0,0.000,0.0000
2026-08-24T00:44:24.435536,2480.08,DONE,7.0622,23.4667,105.75,0.0000,0.0000,20.6660,0,0.0,0.0,0.0,0.0,0.000,0.7700,0.0011,0.1734,2211.72,17.6555,10.3323,53.17,0.0000,0.00,0,0,0,2211.64,0,0.000,0.0000
2026-08-24T00:44:25.435569,2481.08,DONE,7.0622,23.4667,105.75,0.0000,0.0000,20.6660,0,0.0,0.0,0.0,0.0,0.000,0.7700,0.0011,0.1734,2212.72,17.6555,10.3323,53.17,0.0000,0.00,0,0,0,2212.64,0,0.000,0.0000
2026-08-24T00:44:26.435673,2482.08,DONE,7.0622,23.4667,105.75,0.0000,0.0000,20.6660,0,0.0,0.0,0.0,0.0,0.000,0.7700,0.0011,0.1734,2213.72,17.6555,10.3323,53.17,0.0000,0.00,0,0,0,2213.64,0,0.000,0.0000
2026-08-24T00:44:27.435816,2483.08,DONE,7.0622,23.4667,105.75,0.0000,0.0000,20.6660,0,0.0,0.0,0.0,0.0,0.000,0.7700,0.0011,0.1734,2214.72,17.6555,10.3323,53.17,0.0000,0.00,0,0,0,2214.64,0,0.000,0.0000
2026-08-24T00:44:28.435509,2484.08,DONE,7.0622,23.4667,105.75,0.0000,0.0000,20.6660,0,0.0,0.0,0.0,0.0,0.000,0.7700,0.0011,0.1734,2215.72,17.6555,10.3323,53.17,0.0000,0.00,0,0,0,2215.64,0,0.000,0.0000
2026-08-24T00:44:29.435604,2485.08,DONE,7.0622,23.4667,105.75,0.0000,0.0000,20.6660,0,0.0,0.0,0.0,0.0,0.000,0.7700,0.0011,0.1734,2216.72,17.6555,10.3323,53.17,0.0000,0.00,0,0,0,2216.64,0,0.000,0.0000
2026-08-24T00:44:30.435517,2486.08,DONE,7.0622,23.4667,105.75,0.0000,0.0000,20.6660,0,0.0,0.0,0.0,0.0,0.000,0.7700,0.0011,0.1734,2217.72,17.6555,10.3323,53.17,0.0000,0.00,0,0,0,2217.64,0,0.000,0.0000
2026-08-24T00:44:31.435618,2487.08,DONE,7.0622,23.4667,105.75,0.0000,0.0000,20.6660,0,0.0,0.0,0.0,0.0,0.000,0.7700,0.0011,0.1734,2218.72,17.6555,10.3323,53.17,0.0000,0.00,0,0,0,2218.64,0,0.000,0.0000
2026-08-24T00:44:32.436915,2488.08,DONE,7.0622,23.4667,105.75,0.0000,0.0000,20.6660,0,0.0,0.0,0.0,0.0,0.000,0.7700,0.0011,0.1734,2219.72,17.6555,10.3323,53.17,0.0000,0.00,0,0,0,2219.64,0,0.000,0.0000
2026-08-24T00:44:33.435639,2489.08,DONE,7.0622,23.4667,105.75,0.0000,0.0000,20.6660,0,0.0,0.0,0.0,0.0,0.000,0.7700,0.0011,0.1734,2220.72,17.6555,10.3323,53.17,0.0000,0.00,0,0,0,2220.64,0,0.000,0.0000
2026-08-24T00:44:34.436329,2490.08,DONE,7.0622,23.4667,105.75,0.0000,0.0000,20.6660,0,0.0,0.0,0.0,0.0,0.000,0.7700,0.0011,0.1734,2221.72,17.6555,10.3323,53.17,0.0000,0.00,0,0,0,2221.64,0,0.000,0.0000
2026-08-24T00:44:35.436181,2491.08,DONE,7.0622,23.4667,105.75,0.0000,0.0000,20.6660,0,0.0,0.0,0.0,0.0,0.000,0.7700,0.0011,0.1734,2222.72,17.6555,10.3323,53.17,0.0000,0.00,0,0,0,2222.64,0,0.000,0.0000
2026-08-24T00:44:36.435837,2492.08,DONE,7.0622,23.4667,105.75,0.0000,0.0000,20.6660,0,0.0,0.0,0.0,0.0,0.000,0.7700,0.0011,0.1734,2223.72,17.6555,10.3323,53.17,0.0000,0.00,0,0,0,2223.64,0,0.000,0.0000
2026-08-24T00:44:37.435740,2493.08,DONE,7.0622,23.4667,105.75,0.0000,0.0000,20.6660,0,0.0,0.0,0.0,0.0,0.000,0.7700,0.0011,0.1734,2224.72,17.6555,10.3323,53.17,0.0000,0.00,0,0,0,2224.64,0,0.000,0.0000
2026-08-24T00:44:38.436147,2494.08,DONE,7.0622,23.4667,105.75,0.0000,0.0000,20.6660,0,0.0,0.0,0.0,0.0,0.000,0.7700,0.0011,0.1734,2225.72,17.6555,10.3323,53.17,0.0000,0.00,0,0,0,2225.64,0,0.000,0.0000
2026-08-24T00:44:39.435632,2495.08,DONE,7.0622,23.4667,105.75,0.0000,0.0000,20.6660,0,0.0,0.0,0.0,0.0,0.000,0.7700,0.0011,0.1734,2226.72,17.6555,10.3323,53.17,0.0000,0.00,0,0,0,2226.64,0,0.000,0.0000
2026-08-24T00:44:40.436120,2496.08,DONE,7.0622,23.4667,105.75,0.0000,0.0000,20.6660,0,0.0,0.0,0.0,0.0,0.000,0.7700,0.0011,0.1734,2227.72,17.6555,10.3323,53.17,0.0000,0.00,0,0,0,2227.64,0,0.000,0.0000
2026-08-24T00:44:41.435704,2497.08,DONE,7.0622,23.4667,105.75,0.0000,0.0000,20.6660,0,0.0,0.0,0.0,0.0,0.000,0.7700,0.0011,0.1734,2228.72,17.6555,10.3323,53.17,0.0000,0.00,0,0,0,2228.64,0,0.000,0.0000
2026-08-24T00:44:42.435907,2498.08,DONE,7.0622,23.4667,105.75,0.0000,0.0000,20.6660,0,0.0,0.0,0.0,0.0,0.000,0.7700,0.0011,0.1734,2229.72,17.6555,10.3323,53.17,0.0000,0.00,0,0,0,2229.64,0,0.000,0.0000
2026-08-24T00:44:43.435936,2499.08,DONE,7.0622,23.4667,105.75,0.0000,0.0000,20.6660,0,0.0,0.0,0.0,0.0,0.000,0.7700,0.0011,0.1734,2230.72,17.6555,10.3323,53.17,0.0000,0.00,0,0,0,2230.64,0,0.000,0.0000
2026-08-24T00:44:44.435786,2500.08,DONE,7.0622,23.4667,105.75,0.0000,0.0000,20.6660,0,0.0,0.0,0.0,0.0,0.000,0.7700,0.0011,0.1734,2231.72,17.6555,10.3323,53.17,0.0000,0.00,0,0,0,2231.64,0,0.000,0.0000
2026-08-24T00:44:45.435632,2501.08,DONE,7.0622,23.4667,105.75,0.0000,0.0000,20.6660,0,0.0,0.0,0.0,0.0,0.000,0.7700,0.0011,0.1734,2232.72,17.6555,10.3323,53.17,0.0000,0.00,0,0,0,2232.64,0,0.000,0.0000
2026-08-24T00:44:46.435998,2502.08,DONE,7.0622,23.4667,105.75,0.0000,0.0000,20.6660,0,0.0,0.0,0.0,0.0,0.000,0.7700,0.0011,0.1734,2233.72,17.6555,10.3323,53.17,0.0000,0.00,0,0,0,2233.64,0,0.000,0.0000
2026-08-24T00:44:47.435781,2503.08,DONE,7.0622,23.4667,105.75,0.0000,0.0000,20.6660,0,0.0,0.0,0.0,0.0,0.000,0.7700,0.0011,0.1734,2234.72,17.6555,10.3323,53.17,0.0000,0.00,0,0,0,2234.64,0,0.000,0.0000
2026-08-24T00:44:48.435786,2504.08,DONE,7.0622,23.4667,105.75,0.0000,0.0000,20.6660,0,0.0,0.0,0.0,0.0,0.000,0.7700,0.0011,0.1734,2235.72,17.6555,10.3323,53.17,0.0000,0.00,0,0,0,2235.64,0,0.000,0.0000
2026-08-24T00:44:49.435856,2505.08,DONE,7.0622,23.4667,105.75,0.0000,0.0000,20.6660,0,0.0,0.0,0.0,0.0,0.000,0.7700,0.0011,0.1734,2236.72,17.6555,10.3323,53.17,0.0000,0.00,0,0,0,2236.64,0,0.000,0.0000
2026-08-24T00:44:50.435523,2506.08,DONE,7.0622,23.4667,105.75,0.0000,0.0000,20.6660,0,0.0,0.0,0.0,0.0,0.000,0.7700,0.0011,0.1734,2237.72,17.6555,10.3323,53.17,0.0000,0.00,0,0,0,2237.64,0,0.000,0.0000
2026-08-24T00:44:51.436196,2507.08,DONE,7.0622,23.4667,105.75,0.0000,0.0000,20.6660,0,0.0,0.0,0.0,0.0,0.000,0.7700,0.0011,0.1734,2238.72,17.6555,10.3323,53.17,0.0000,0.00,0,0,0,2238.64,0,0.000,0.0000
2026-08-24T00:44:52.436087,2508.08,DONE,7.0622,23.4667,105.75,0.0000,0.0000,20.6660,0,0.0,0.0,0.0,0.0,0.000,0.7700,0.0011,0.1734,2239.72,17.6555,10.3323,53.17,0.0000,0.00,0,0,0,2239.64,0,0.000,0.0000
2026-08-24T00:44:53.435610,2509.08,DONE,7.0622,23.4667,105.75,0.0000,0.0000,20.6660,0,0.0,0.0,0.0,0.0,0.000,0.7700,0.0011,0.1734,2240.72,17.6555,10.3323,53.17,0.0000,0.00,0,0,0,2240.64,0,0.000,0.0000
2026-08-24T00:44:54.436195,2510.08,DONE,7.0622,23.4667,105.75,0.0000,0.0000,20.6660,0,0.0,0.0,0.0,0.0,0.000,0.7700,0.0011,0.1734,2241.72,17.6555,10.3323,53.17,0.0000,0.00,0,0,0,2241.64,0,0.000,0.0000
2026-08-24T00:44:55.436718,2511.08,DONE,7.0622,23.4667,105.75,0.0000,0.0000,20.6660,0,0.0,0.0,0.0,0.0,0.000,0.7700,0.0011,0.1734,2242.72,17.6555,10.3323,53.17,0.0000,0.00,0,0,0,2242.64,0,0.000,0.0000
2026-08-24T00:44:56.435588,2512.08,DONE,7.0622,23.4667,105.75,0.0000,0.0000,20.6660,0,0.0,0.0,0.0,0.0,0.000,0.7700,0.0011,0.1734,2243.72,17.6555,10.3323,53.17,0.0000,0.00,0,0,0,2243.64,0,0.000,0.0000
2026-08-24T00:44:57.436095,2513.08,DONE,7.0622,23.4667,105.75,0.0000,0.0000,20.6660,0,0.0,0.0,0.0,0.0,0.000,0.7700,0.0011,0.1734,2244.72,17.6555,10.3323,53.17,0.0000,0.00,0,0,0,2244.64,0,0.000,0.0000
2026-08-24T00:44:58.435579,2514.08,DONE,7.0622,23.4667,105.75,0.0000,0.0000,20.6660,0,0.0,0.0,0.0,0.0,0.000,0.7700,0.0011,0.1734,2245.72,17.6555,10.3323,53.17,0.0000,0.00,0,0,0,2245.64,0,0.000,0.0000
2026-08-24T00:44:59.435914,2515.08,DONE,7.0622,23.4667,105.75,0.0000,0.0000,20.6660,0,0.0,0.0,0.0,0.0,0.000,0.7700,0.0011,0.1734,2246.72,17.6555,10.3323,53.17,0.0000,0.00,0,0,0,2246.64,0,0.000,0.0000
2026-08-24T00:45:00.436011,2516.08,DONE,7.0622,23.4667,105.75,0.0000,0.0000,20.6660,0,0.0,0.0,0.0,0.0,0.000,0.7700,0.0011,0.1734,2247.72,17.6555,10.3323,53.17,0.0000,0.00,0,0,0,2247.64,0,0.000,0.0000
2026-08-24T00:45:01.435707,2517.08,DONE,7.0622,23.4667,105.75,0.0000,0.0000,20.6660,0,0.0,0.0,0.0,0.0,0.000,0.7700,0.0011,0.1734,2248.72,17.6555,10.3323,53.17,0.0000,0.00,0,0,0,2248.64,0,0.000,0.0000
2026-08-24T00:45:02.435630,2518.08,DONE,7.0622,23.4667,105.75,0.0000,0.0000,20.6660,0,0.0,0.0,0.0,0.0,0.000,0.7700,0.0011,0.1734,2249.72,17.6555,10.3323,53.17,0.0000,0.00,0,0,0,2249.64,0,0.000,0.0000
2026-08-24T00:45:03.435953,2519.08,DONE,7.0622,23.4667,105.75,0.0000,0.0000,20.6660,0,0.0,0.0,0.0,0.0,0.000,0.7700,0.0011,0.1734,2250.72,17.6555,10.3323,53.17,0.0000,0.00,0,0,0,2250.64,0,0.000,0.0000
2026-08-24T00:45:04.435966,2520.08,DONE,7.0622,23.4667,105.75,0.0000,0.0000,20.6660,0,0.0,0.0,0.0,0.0,0.000,0.7700,0.0011,0.1734,2251.72,17.6555,10.3323,53.17,0.0000,0.00,0,0,0,2251.64,0,0.000,0.0000
2026-08-24T00:45:05.436018,2521.08,DONE,7.0622,23.4667,105.75,0.0000,0.0000,20.6660,0,0.0,0.0,0.0,0.0,0.000,0.7700,0.0011,0.1734,2252.72,17.6555,10.3323,53.17,0.0000,0.00,0,0,0,2252.64,0,0.000,0.0000
2026-08-24T00:45:06.435798,2522.08,DONE,7.0622,23.4667,105.75,0.0000,0.0000,20.6660,0,0.0,0.0,0.0,0.0,0.000,0.7700,0.0011,0.1734,2253.72,17.6555,10.3323,53.17,0.0000,0.00,0,0,0,2253.64,0,0.000,0.0000
2026-08-24T00:45:07.435529,2523.08,DONE,7.0622,23.4667,105.75,0.0000,0.0000,20.6660,0,0.0,0.0,0.0,0.0,0.000,0.7700,0.0011,0.1734,2254.72,17.6555,10.3323,53.17,0.0000,0.00,0,0,0,2254.64,0,0.000,0.0000
2026-08-24T00:45:08.435855,2524.08,DONE,7.0622,23.4667,105.75,0.0000,0.0000,20.6660,0,0.0,0.0,0.0,0.0,0.000,0.7700,0.0011,0.1734,2255.72,17.6555,10.3323,53.17,0.0000,0.00,0,0,0,2255.64,0,0.000,0.0000
2026-08-24T00:45:09.435955,2525.08,DONE,7.0622,23.4667,105.75,0.0000,0.0000,20.6660,0,0.0,0.0,0.0,0.0,0.000,0.7700,0.0011,0.1734,2256.72,17.6555,10.3323,53.17,0.0000,0.00,0,0,0,2256.64,0,0.000,0.0000
2026-08-24T00:45:10.435721,2526.08,DONE,7.0622,23.4667,105.75,0.0000,0.0000,20.6660,0,0.0,0.0,0.0,0.0,0.000,0.7700,0.0011,0.1734,2257.72,17.6555,10.3323,53.17,0.0000,0.00,0,0,0,2257.64,0,0.000,0.0000
2026-08-24T00:45:11.436357,2527.08,DONE,7.0622,23.4667,105.75,0.0000,0.0000,20.6660,0,0.0,0.0,0.0,0.0,0.000,0.7700,0.0011,0.1734,2258.72,17.6555,10.3323,53.17,0.0000,0.00,0,0,0,2258.64,0,0.000,0.0000
2026-08-24T00:45:12.435557,2528.08,DONE,7.0622,23.4667,105.75,0.0000,0.0000,20.6660,0,0.0,0.0,0.0,0.0,0.000,0.7700,0.0011,0.1734,2259.72,17.6555,10.3323,53.17,0.0000,0.00,0,0,0,2259.64,0,0.000,0.0000
2026-08-24T00:45:13.435598,2529.08,DONE,7.0622,23.4667,105.75,0.0000,0.0000,20.6660,0,0.0,0.0,0.0,0.0,0.000,0.7700,0.0011,0.1734,2260.72,17.6555,10.3323,53.17,0.0000,0.00,0,0,0,2260.64,0,0.000,0.0000
2026-08-24T00:45:14.436211,2530.08,DONE,7.0622,23.4667,105.75,0.0000,0.0000,20.6660,0,0.0,0.0,0.0,0.0,0.000,0.7700,0.0011,0.1734,2261.72,17.6555,10.3323,53.17,0.0000,0.00,0,0,0,2261.64,0,0.000,0.0000
2026-08-24T00:45:15.435683,2531.08,DONE,7.0622,23.4667,105.75,0.0000,0.0000,20.6660,0,0.0,0.0,0.0,0.0,0.000,0.7700,0.0011,0.1734,2262.72,17.6555,10.3323,53.17,0.0000,0.00,0,0,0,2262.64,0,0.000,0.0000
2026-08-24T00:45:16.435897,2532.08,DONE,7.0622,23.4667,105.75,0.0000,0.0000,20.6660,0,0.0,0.0,0.0,0.0,0.000,0.7700,0.0011,0.1734,2263.72,17.6555,10.3323,53.17,0.0000,0.00,0,0,0,2263.64,0,0.000,0.0000
2026-08-24T00:45:17.435560,2533.08,DONE,7.0622,23.4667,105.75,0.0000,0.0000,20.6660,0,0.0,0.0,0.0,0.0,0.000,0.7700,0.0011,0.1734,2264.72,17.6555,10.3323,53.17,0.0000,0.00,0,0,0,2264.64,0,0.000,0.0000
2026-08-24T00:45:18.435917,2534.08,DONE,7.0622,23.4667,105.75,0.0000,0.0000,20.6660,0,0.0,0.0,0.0,0.0,0.000,0.7700,0.0011,0.1734,2265.72,17.6555,10.3323,53.17,0.0000,0.00,0,0,0,2265.64,0,0.000,0.0000
2026-08-24T00:45:19.436051,2535.08,DONE,7.0622,23.4667,105.75,0.0000,0.0000,20.6660,0,0.0,0.0,0.0,0.0,0.000,0.7700,0.0011,0.1734,2266.72,17.6555,10.3323,53.17,0.0000,0.00,0,0,0,2266.64,0,0.000,0.0000
2026-08-24T00:45:20.435633,2536.08,DONE,7.0622,23.4667,105.75,0.0000,0.0000,20.6660,0,0.0,0.0,0.0,0.0,0.000,0.7700,0.0011,0.1734,2267.72,17.6555,10.3323,53.17,0.0000,0.00,0,0,0,2267.64,0,0.000,0.0000
2026-08-24T00:45:21.435788,2537.08,DONE,7.0622,23.4667,105.75,0.0000,0.0000,20.6660,0,0.0,0.0,0.0,0.0,0.000,0.7700,0.0011,0.1734,2268.72,17.6555,10.3323,53.17,0.0000,0.00,0,0,0,2268.64,0,0.000,0.0000
2026-08-24T00:45:22.435900,2538.08,DONE,7.0622,23.4667,105.75,0.0000,0.0000,20.6660,0,0.0,0.0,0.0,0.0,0.000,0.7700,0.0011,0.1734,2269.72,17.6555,10.3323,53.17,0.0000,0.00,0,0,0,2269.64,0,0.000,0.0000
2026-08-24T00:45:23.436186,2539.08,DONE,7.0622,23.4667,105.75,0.0000,0.0000,20.6660,0,0.0,0.0,0.0,0.0,0.000,0.7700,0.0011,0.1734,2270.72,17.6555,10.3323,53.17,0.0000,0.00,0,0,0,2270.64,0,0.000,0.0000
2026-08-24T00:45:24.435773,2540.08,DONE,7.0622,23.4667,105.75,0.0000,0.0000,20.6660,0,0.0,0.0,0.0,0.0,0.000,0.7700,0.0011,0.1734,2271.72,17.6555,10.3323,53.17,0.0000,0.00,0,0,0,2271.64,0,0.000,0.0000
2026-08-24T00:45:25.435996,2541.08,DONE,7.0622,23.4667,105.75,0.0000,0.0000,20.6660,0,0.0,0.0,0.0,0.0,0.000,0.7700,0.0011,0.1734,2272.72,17.6555,10.3323,53.17,0.0000,0.00,0,0,0,2272.64,0,0.000,0.0000
2026-08-24T00:45:26.435641,2542.08,DONE,7.0622,23.4667,105.75,0.0000,0.0000,20.6660,0,0.0,0.0,0.0,0.0,0.000,0.7700,0.0011,0.1734,2273.72,17.6555,10.3323,53.17,0.0000,0.00,0,0,0,2273.64,0,0.000,0.0000
2026-08-24T00:45:27.435592,2543.08,DONE,7.0622,23.4667,105.75,0.0000,0.0000,20.6660,0,0.0,0.0,0.0,0.0,0.000,0.7700,0.0011,0.1734,2274.72,17.6555,10.3323,53.17,0.0000,0.00,0,0,0,2274.64,0,0.000,0.0000
2026-08-24T00:45:28.436078,2544.08,DONE,7.0622,23.4667,105.75,0.0000,0.0000,20.6660,0,0.0,0.0,0.0,0.0,0.000,0.7700,0.0011,0.1734,2275.72,17.6555,10.3323,53.17,0.0000,0.00,0,0,0,2275.64,0,0.000,0.0000
2026-08-24T00:45:29.436219,2545.08,DONE,7.0622,23.4667,105.75,0.0000,0.0000,20.6660,0,0.0,0.0,0.0,0.0,0.000,0.7700,0.0011,0.1734,2276.72,17.6555,10.3323,53.17,0.0000,0.00,0,0,0,2276.64,0,0.000,0.0000
2026-08-24T00:45:30.435947,2546.08,DONE,7.0622,23.4667,105.75,0.0000,0.0000,20.6660,0,0.0,0.0,0.0,0.0,0.000,0.7700,0.0011,0.1734,2277.72,17.6555,10.3323,53.17,0.0000,0.00,0,0,0,2277.64,0,0.000,0.0000
2026-08-24T00:45:31.435677,2547.08,DONE,7.0622,23.4667,105.75,0.0000,0.0000,20.6660,0,0.0,0.0,0.0,0.0,0.000,0.7700,0.0011,0.1734,2278.72,17.6555,10.3323,53.17,0.0000,0.00,0,0,0,2278.64,0,0.000,0.0000
2026-08-24T00:45:32.435626,2548.08,DONE,7.0622,23.4667,105.75,0.0000,0.0000,20.6660,0,0.0,0.0,0.0,0.0,0.000,0.7700,0.0011,0.1734,2279.72,17.6555,10.3323,53.17,0.0000,0.00,0,0,0,2279.64,0,0.000,0.0000
2026-08-24T00:45:33.435622,2549.08,DONE,7.0622,23.4667,105.75,0.0000,0.0000,20.6660,0,0.0,0.0,0.0,0.0,0.000,0.7700,0.0011,0.1734,2280.72,17.6555,10.3323,53.17,0.0000,0.00,0,0,0,2280.64,0,0.000,0.0000
2026-08-24T00:45:34.435564,2550.08,DONE,7.0622,23.4667,105.75,0.0000,0.0000,20.6660,0,0.0,0.0,0.0,0.0,0.000,0.7700,0.0011,0.1734,2281.72,17.6555,10.3323,53.17,0.0000,0.00,0,0,0,2281.64,0,0.000,0.0000
2026-08-24T00:45:35.436210,2551.08,DONE,7.0622,23.4667,105.75,0.0000,0.0000,20.6660,0,0.0,0.0,0.0,0.0,0.000,0.7700,0.0011,0.1734,2282.72,17.6555,10.3323,53.17,0.0000,0.00,0,0,0,2282.64,0,0.000,0.0000
2026-08-24T00:45:36.435978,2552.08,DONE,7.0622,23.4667,105.75,0.0000,0.0000,20.6660,0,0.0,0.0,0.0,0.0,0.000,0.7700,0.0011,0.1734,2283.72,17.6555,10.3323,53.17,0.0000,0.00,0,0,0,2283.64,0,0.000,0.0000
2026-08-24T00:45:37.436089,2553.08,DONE,7.0622,23.4667,105.75,0.0000,0.0000,20.6660,0,0.0,0.0,0.0,0.0,0.000,0.7700,0.0011,0.1734,2284.72,17.6555,10.3323,53.17,0.0000,0.00,0,0,0,2284.64,0,0.000,0.0000
2026-08-24T00:45:38.435890,2554.08,DONE,7.0622,23.4667,105.75,0.0000,0.0000,20.6660,0,0.0,0.0,0.0,0.0,0.000,0.7700,0.0011,0.1734,2285.72,17.6555,10.3323,53.17,0.0000,0.00,0,0,0,2285.64,0,0.000,0.0000
2026-08-24T00:45:39.435716,2555.08,DONE,7.0622,23.4667,105.75,0.0000,0.0000,20.6660,0,0.0,0.0,0.0,0.0,0.000,0.7700,0.0011,0.1734,2286.72,17.6555,10.3323,53.17,0.0000,0.00,0,0,0,2286.64,0,0.000,0.0000
2026-08-24T00:45:40.435588,2556.08,DONE,7.0622,23.4667,105.75,0.0000,0.0000,20.6660,0,0.0,0.0,0.0,0.0,0.000,0.7700,0.0011,0.1734,2287.72,17.6555,10.3323,53.17,0.0000,0.00,0,0,0,2287.64,0,0.000,0.0000
2026-08-24T00:45:41.435582,2557.08,DONE,7.0622,23.4667,105.75,0.0000,0.0000,20.6660,0,0.0,0.0,0.0,0.0,0.000,0.7700,0.0011,0.1734,2288.72,17.6555,10.3323,53.17,0.0000,0.00,0,0,0,2288.64,0,0.000,0.0000
2026-08-24T00:45:42.435890,2558.08,DONE,7.0622,23.4667,105.75,0.0000,0.0000,20.6660,0,0.0,0.0,0.0,0.0,0.000,0.7700,0.0011,0.1734,2289.72,17.6555,10.3323,53.17,0.0000,0.00,0,0,0,2289.64,0,0.000,0.0000
2026-08-24T00:45:43.435846,2559.08,DONE,7.0622,23.4667,105.75,0.0000,0.0000,20.6660,0,0.0,0.0,0.0,0.0,0.000,0.7700,0.0011,0.1734,2290.72,17.6555,10.3323,53.17,0.0000,0.00,0,0,0,2290.64,0,0.000,0.0000
2026-08-24T00:45:44.435662,2560.08,DONE,7.0622,23.4667,105.75,0.0000,0.0000,20.6660,0,0.0,0.0,0.0,0.0,0.000,0.7700,0.0011,0.1734,2291.72,17.6555,10.3323,53.17,0.0000,0.00,0,0,0,2291.64,0,0.000,0.0000
2026-08-24T00:45:45.435850,2561.08,DONE,7.0622,23.4667,105.75,0.0000,0.0000,20.6660,0,0.0,0.0,0.0,0.0,0.000,0.7700,0.0011,0.1734,2292.72,17.6555,10.3323,53.17,0.0000,0.00,0,0,0,2292.64,0,0.000,0.0000
2026-08-24T00:45:46.435864,2562.08,DONE,7.0622,23.4667,105.75,0.0000,0.0000,20.6660,0,0.0,0.0,0.0,0.0,0.000,0.7700,0.0011,0.1734,2293.72,17.6555,10.3323,53.17,0.0000,0.00,0,0,0,2293.64,0,0.000,0.0000
2026-08-24T00:45:47.435730,2563.08,DONE,7.0622,23.4667,105.75,0.0000,0.0000,20.6660,0,0.0,0.0,0.0,0.0,0.000,0.7700,0.0011,0.1734,2294.72,17.6555,10.3323,53.17,0.0000,0.00,0,0,0,2294.64,0,0.000,0.0000
2026-08-24T00:45:48.435497,2564.08,DONE,7.0622,23.4667,105.75,0.0000,0.0000,20.6660,0,0.0,0.0,0.0,0.0,0.000,0.7700,0.0011,0.1734,2295.72,17.6555,10.3323,53.17,0.0000,0.00,0,0,0,2295.64,0,0.000,0.0000
2026-08-24T00:45:49.435791,2565.08,DONE,7.0622,23.4667,105.75,0.0000,0.0000,20.6660,0,0.0,0.0,0.0,0.0,0.000,0.7700,0.0011,0.1734,2296.72,17.6555,10.3323,53.17,0.0000,0.00,0,0,0,2296.64,0,0.000,0.0000
2026-08-24T00:45:50.435618,2566.08,DONE,7.0622,23.4667,105.75,0.0000,0.0000,20.6660,0,0.0,0.0,0.0,0.0,0.000,0.7700,0.0011,0.1734,2297.72,17.6555,10.3323,53.17,0.0000,0.00,0,0,0,2297.64,0,0.000,0.0000
2026-08-24T00:45:51.435586,2567.08,DONE,7.0622,23.4667,105.75,0.0000,0.0000,20.6660,0,0.0,0.0,0.0,0.0,0.000,0.7700,0.0011,0.1734,2298.72,17.6555,10.3323,53.17,0.0000,0.00,0,0,0,2298.64,0,0.000,0.0000
2026-08-24T00:45:52.435723,2568.08,DONE,7.0622,23.4667,105.75,0.0000,0.0000,20.6660,0,0.0,0.0,0.0,0.0,0.000,0.7700,0.0011,0.1734,2299.72,17.6555,10.3323,53.17,0.0000,0.00,0,0,0,2299.64,0,0.000,0.0000
2026-08-24T00:45:53.435699,2569.08,DONE,7.0622,23.4667,105.75,0.0000,0.0000,20.6660,0,0.0,0.0,0.0,0.0,0.000,0.7700,0.0011,0.1734,2300.72,17.6555,10.3323,53.17,0.0000,0.00,0,0,0,2300.64,0,0.000,0.0000
2026-08-24T00:45:54.435665,2570.08,DONE,7.0622,23.4667,105.75,0.0000,0.0000,20.6660,0,0.0,0.0,0.0,0.0,0.000,0.7700,0.0011,0.1734,2301.72,17.6555,10.3323,53.17,0.0000,0.00,0,0,0,2301.64,0,0.000,0.0000
2026-08-24T00:45:55.435802,2571.08,DONE,7.0622,23.4667,105.75,0.0000,0.0000,20.6660,0,0.0,0.0,0.0,0.0,0.000,0.7700,0.0011,0.1734,2302.72,17.6555,10.3323,53.17,0.0000,0.00,0,0,0,2302.64,0,0.000,0.0000
2026-08-24T00:45:56.435761,2572.08,DONE,7.0622,23.4667,105.75,0.0000,0.0000,20.6660,0,0.0,0.0,0.0,0.0,0.000,0.7700,0.0011,0.1734,2303.72,17.6555,10.3323,53.17,0.0000,0.00,0,0,0,2303.64,0,0.000,0.0000
2026-08-24T00:45:57.435947,2573.08,DONE,7.0622,23.4667,105.75,0.0000,0.0000,20.6660,0,0.0,0.0,0.0,0.0,0.000,0.7700,0.0011,0.1734,2304.72,17.6555,10.3323,53.17,0.0000,0.00,0,0,0,2304.64,0,0.000,0.0000
2026-08-24T00:45:58.436020,2574.08,DONE,7.0622,23.4667,105.75,0.0000,0.0000,20.6660,0,0.0,0.0,0.0,0.0,0.000,0.7700,0.0011,0.1734,2305.72,17.6555,10.3323,53.17,0.0000,0.00,0,0,0,2305.64,0,0.000,0.0000
2026-08-24T00:45:59.435650,2575.08,DONE,7.0622,23.4667,105.75,0.0000,0.0000,20.6660,0,0.0,0.0,0.0,0.0,0.000,0.7700,0.0011,0.1734,2306.72,17.6555,10.3323,53.17,0.0000,0.00,0,0,0,2306.64,0,0.000,0.0000
2026-08-24T00:46:00.436021,2576.08,DONE,7.0622,23.4667,105.75,0.0000,0.0000,20.6660,0,0.0,0.0,0.0,0.0,0.000,0.7700,0.0011,0.1734,2307.72,17.6555,10.3323,53.17,0.0000,0.00,0,0,0,2307.64,0,0.000,0.0000
2026-08-24T00:46:01.435912,2577.08,DONE,7.0622,23.4667,105.75,0.0000,0.0000,20.6660,0,0.0,0.0,0.0,0.0,0.000,0.7700,0.0011,0.1734,2308.72,17.6555,10.3323,53.17,0.0000,0.00,0,0,0,2308.64,0,0.000,0.0000
2026-08-24T00:46:02.435640,2578.08,DONE,7.0622,23.4667,105.75,0.0000,0.0000,20.6660,0,0.0,0.0,0.0,0.0,0.000,0.7700,0.0011,0.1734,2309.72,17.6555,10.3323,53.17,0.0000,0.00,0,0,0,2309.64,0,0.000,0.0000
2026-08-24T00:46:03.435458,2579.08,DONE,7.0622,23.4667,105.75,0.0000,0.0000,20.6660,0,0.0,0.0,0.0,0.0,0.000,0.7700,0.0011,0.1734,2310.72,17.6555,10.3323,53.17,0.0000,0.00,0,0,0,2310.64,0,0.000,0.0000
2026-08-24T00:46:04.435599,2580.08,DONE,7.0622,23.4667,105.75,0.0000,0.0000,20.6660,0,0.0,0.0,0.0,0.0,0.000,0.7700,0.0011,0.1734,2311.72,17.6555,10.3323,53.17,0.0000,0.00,0,0,0,2311.64,0,0.000,0.0000
2026-08-24T00:46:05.435661,2581.08,DONE,7.0622,23.4667,105.75,0.0000,0.0000,20.6660,0,0.0,0.0,0.0,0.0,0.000,0.7700,0.0011,0.1734,2312.72,17.6555,10.3323,53.17,0.0000,0.00,0,0,0,2312.64,0,0.000,0.0000
2026-08-24T00:46:06.435802,2582.08,DONE,7.0622,23.4667,105.75,0.0000,0.0000,20.6660,0,0.0,0.0,0.0,0.0,0.000,0.7700,0.0011,0.1734,2313.72,17.6555,10.3323,53.17,0.0000,0.00,0,0,0,2313.64,0,0.000,0.0000
2026-08-24T00:46:07.436253,2583.08,DONE,7.0622,23.4667,105.75,0.0000,0.0000,20.6660,0,0.0,0.0,0.0,0.0,0.000,0.7700,0.0011,0.1734,2314.72,17.6555,10.3323,53.17,0.0000,0.00,0,0,0,2314.64,0,0.000,0.0000
2026-08-24T00:46:08.436645,2584.08,DONE,7.0622,23.4667,105.75,0.0000,0.0000,20.6660,0,0.0,0.0,0.0,0.0,0.000,0.7700,0.0011,0.1734,2315.72,17.6555,10.3323,53.17,0.0000,0.00,0,0,0,2315.64,0,0.000,0.0000
2026-08-24T00:46:09.435816,2585.08,DONE,7.0622,23.4667,105.75,0.0000,0.0000,20.6660,0,0.0,0.0,0.0,0.0,0.000,0.7700,0.0011,0.1734,2316.72,17.6555,10.3323,53.17,0.0000,0.00,0,0,0,2316.64,0,0.000,0.0000
2026-08-24T00:46:10.435617,2586.08,DONE,7.0622,23.4667,105.75,0.0000,0.0000,20.6660,0,0.0,0.0,0.0,0.0,0.000,0.7700,0.0011,0.1734,2317.72,17.6555,10.3323,53.17,0.0000,0.00,0,0,0,2317.64,0,0.000,0.0000
2026-08-24T00:46:11.436170,2587.08,DONE,7.0622,23.4667,105.75,0.0000,0.0000,20.6660,0,0.0,0.0,0.0,0.0,0.000,0.7700,0.0011,0.1734,2318.72,17.6555,10.3323,53.17,0.0000,0.00,0,0,0,2318.64,0,0.000,0.0000
2026-08-24T00:46:12.435920,2588.08,DONE,7.0622,23.4667,105.75,0.0000,0.0000,20.6660,0,0.0,0.0,0.0,0.0,0.000,0.7700,0.0011,0.1734,2319.72,17.6555,10.3323,53.17,0.0000,0.00,0,0,0,2319.64,0,0.000,0.0000
2026-08-24T00:46:13.435984,2589.08,DONE,7.0622,23.4667,105.75,0.0000,0.0000,20.6660,0,0.0,0.0,0.0,0.0,0.000,0.7700,0.0011,0.1734,2320.72,17.6555,10.3323,53.17,0.0000,0.00,0,0,0,2320.64,0,0.000,0.0000
2026-08-24T00:46:14.435533,2590.08,DONE,7.0622,23.4667,105.75,0.0000,0.0000,20.6660,0,0.0,0.0,0.0,0.0,0.000,0.7700,0.0011,0.1734,2321.72,17.6555,10.3323,53.17,0.0000,0.00,0,0,0,2321.64,0,0.000,0.0000
2026-08-24T00:46:15.435684,2591.08,DONE,7.0622,23.4667,105.75,0.0000,0.0000,20.6660,0,0.0,0.0,0.0,0.0,0.000,0.7700,0.0011,0.1734,2322.72,17.6555,10.3323,53.17,0.0000,0.00,0,0,0,2322.64,0,0.000,0.0000
2026-08-24T00:46:16.435915,2592.08,DONE,7.0622,23.4667,105.75,0.0000,0.0000,20.6660,0,0.0,0.0,0.0,0.0,0.000,0.7700,0.0011,0.1734,2323.72,17.6555,10.3323,53.17,0.0000,0.00,0,0,0,2323.64,0,0.000,0.0000
2026-08-24T00:46:17.436137,2593.08,DONE,7.0622,23.4667,105.75,0.0000,0.0000,20.6660,0,0.0,0.0,0.0,0.0,0.000,0.7700,0.0011,0.1734,2324.72,17.6555,10.3323,53.17,0.0000,0.00,0,0,0,2324.64,0,0.000,0.0000
2026-08-24T00:46:18.436078,2594.08,DONE,7.0622,23.4667,105.75,0.0000,0.0000,20.6660,0,0.0,0.0,0.0,0.0,0.000,0.7700,0.0011,0.1734,2325.72,17.6555,10.3323,53.17,0.0000,0.00,0,0,0,2325.64,0,0.000,0.0000
2026-08-24T00:46:19.435625,2595.08,DONE,7.0622,23.4667,105.75,0.0000,0.0000,20.6660,0,0.0,0.0,0.0,0.0,0.000,0.7700,0.0011,0.1734,2326.72,17.6555,10.3323,53.17,0.0000,0.00,0,0,0,2326.64,0,0.000,0.0000
2026-08-24T00:46:20.435727,2596.08,DONE,7.0622,23.4667,105.75,0.0000,0.0000,20.6660,0,0.0,0.0,0.0,0.0,0.000,0.7700,0.0011,0.1734,2327.72,17.6555,10.3323,53.17,0.0000,0.00,0,0,0,2327.64,0,0.000,0.0000
2026-08-24T00:46:21.436019,2597.08,DONE,7.0622,23.4667,105.75,0.0000,0.0000,20.6660,0,0.0,0.0,0.0,0.0,0.000,0.7700,0.0011,0.1734,2328.72,17.6555,10.3323,53.17,0.0000,0.00,0,0,0,2328.64,0,0.000,0.0000
2026-08-24T00:46:22.435707,2598.08,DONE,7.0622,23.4667,105.75,0.0000,0.0000,20.6660,0,0.0,0.0,0.0,0.0,0.000,0.7700,0.0011,0.1734,2329.72,17.6555,10.3323,53.17,0.0000,0.00,0,0,0,2329.64,0,0.000,0.0000
2026-08-24T00:46:23.435735,2599.08,DONE,7.0622,23.4667,105.75,0.0000,0.0000,20.6660,0,0.0,0.0,0.0,0.0,0.000,0.7700,0.0011,0.1734,2330.72,17.6555,10.3323,53.17,0.0000,0.00,0,0,0,2330.64,0,0.000,0.0000
2026-08-24T00:46:24.435917,2600.08,DONE,7.0622,23.4667,105.75,0.0000,0.0000,20.6660,0,0.0,0.0,0.0,0.0,0.000,0.7700,0.0011,0.1734,2331.72,17.6555,10.3323,53.17,0.0000,0.00,0,0,0,2331.64,0,0.000,0.0000
2026-08-24T00:46:25.436009,2601.08,DONE,7.0622,23.4667,105.75,0.0000,0.0000,20.6660,0,0.0,0.0,0.0,0.0,0.000,0.7700,0.0011,0.1734,2332.72,17.6555,10.3323,53.17,0.0000,0.00,0,0,0,2332.64,0,0.000,0.0000
2026-08-24T00:46:26.435773,2602.08,DONE,7.0622,23.4667,105.75,0.0000,0.0000,20.6660,0,0.0,0.0,0.0,0.0,0.000,0.7700,0.0011,0.1734,2333.72,17.6555,10.3323,53.17,0.0000,0.00,0,0,0,2333.64,0,0.000,0.0000
2026-08-24T00:46:27.435574,2603.08,DONE,7.0622,23.4667,105.75,0.0000,0.0000,20.6660,0,0.0,0.0,0.0,0.0,0.000,0.7700,0.0011,0.1734,2334.72,17.6555,10.3323,53.17,0.0000,0.00,0,0,0,2334.64,0,0.000,0.0000
2026-08-24T00:46:28.435725,2604.08,DONE,7.0622,23.4667,105.75,0.0000,0.0000,20.6660,0,0.0,0.0,0.0,0.0,0.000,0.7700,0.0011,0.1734,2335.72,17.6555,10.3323,53.17,0.0000,0.00,0,0,0,2335.64,0,0.000,0.0000
2026-08-24T00:46:29.435731,2605.08,DONE,7.0622,23.4667,105.75,0.0000,0.0000,20.6660,0,0.0,0.0,0.0,0.0,0.000,0.7700,0.0011,0.1734,2336.72,17.6555,10.3323,53.17,0.0000,0.00,0,0,0,2336.64,0,0.000,0.0000
2026-08-24T00:46:30.435879,2606.08,DONE,7.0622,23.4667,105.75,0.0000,0.0000,20.6660,0,0.0,0.0,0.0,0.0,0.000,0.7700,0.0011,0.1734,2337.72,17.6555,10.3323,53.17,0.0000,0.00,0,0,0,2337.64,0,0.000,0.0000
2026-08-24T00:46:31.435842,2607.08,DONE,7.0622,23.4667,105.75,0.0000,0.0000,20.6660,0,0.0,0.0,0.0,0.0,0.000,0.7700,0.0011,0.1734,2338.72,17.6555,10.3323,53.17,0.0000,0.00,0,0,0,2338.64,0,0.000,0.0000
2026-08-24T00:46:32.435728,2608.08,DONE,7.0622,23.4667,105.75,0.0000,0.0000,20.6660,0,0.0,0.0,0.0,0.0,0.000,0.7700,0.0011,0.1734,2339.72,17.6555,10.3323,53.17,0.0000,0.00,0,0,0,2339.64,0,0.000,0.0000
2026-08-24T00:46:33.435623,2609.08,DONE,7.0622,23.4667,105.75,0.0000,0.0000,20.6660,0,0.0,0.0,0.0,0.0,0.000,0.7700,0.0011,0.1734,2340.72,17.6555,10.3323,53.17,0.0000,0.00,0,0,0,2340.64,0,0.000,0.0000
2026-08-24T00:46:34.435906,2610.08,DONE,7.0622,23.4667,105.75,0.0000,0.0000,20.6660,0,0.0,0.0,0.0,0.0,0.000,0.7700,0.0011,0.1734,2341.72,17.6555,10.3323,53.17,0.0000,0.00,0,0,0,2341.64,0,0.000,0.0000
2026-08-24T00:46:35.435966,2611.08,DONE,7.0622,23.4667,105.75,0.0000,0.0000,20.6660,0,0.0,0.0,0.0,0.0,0.000,0.7700,0.0011,0.1734,2342.72,17.6555,10.3323,53.17,0.0000,0.00,0,0,0,2342.64,0,0.000,0.0000
2026-08-24T00:46:36.435637,2612.08,DONE,7.0622,23.4667,105.75,0.0000,0.0000,20.6660,0,0.0,0.0,0.0,0.0,0.000,0.7700,0.0011,0.1734,2343.72,17.6555,10.3323,53.17,0.0000,0.00,0,0,0,2343.64,0,0.000,0.0000
2026-08-24T00:46:37.435679,2613.08,DONE,7.0622,23.4667,105.75,0.0000,0.0000,20.6660,0,0.0,0.0,0.0,0.0,0.000,0.7700,0.0011,0.1734,2344.72,17.6555,10.3323,53.17,0.0000,0.00,0,0,0,2344.64,0,0.000,0.0000
2026-08-24T00:46:38.436007,2614.08,DONE,7.0622,23.4667,105.75,0.0000,0.0000,20.6660,0,0.0,0.0,0.0,0.0,0.000,0.7700,0.0011,0.1734,2345.72,17.6555,10.3323,53.17,0.0000,0.00,0,0,0,2345.64,0,0.000,0.0000
2026-08-24T00:46:39.435645,2615.08,DONE,7.0622,23.4667,105.75,0.0000,0.0000,20.6660,0,0.0,0.0,0.0,0.0,0.000,0.7700,0.0011,0.1734,2346.72,17.6555,10.3323,53.17,0.0000,0.00,0,0,0,2346.64,0,0.000,0.0000
2026-08-24T00:46:40.435859,2616.08,DONE,7.0622,23.4667,105.75,0.0000,0.0000,20.6660,0,0.0,0.0,0.0,0.0,0.000,0.7700,0.0011,0.1734,2347.72,17.6555,10.3323,53.17,0.0000,0.00,0,0,0,2347.64,0,0.000,0.0000
2026-08-24T00:46:41.435904,2617.08,DONE,7.0622,23.4667,105.75,0.0000,0.0000,20.6660,0,0.0,0.0,0.0,0.0,0.000,0.7700,0.0011,0.1734,2348.72,17.6555,10.3323,53.17,0.0000,0.00,0,0,0,2348.64,0,0.000,0.0000
2026-08-24T00:46:42.435666,2618.08,DONE,7.0622,23.4667,105.75,0.0000,0.0000,20.6660,0,0.0,0.0,0.0,0.0,0.000,0.7700,0.0011,0.1734,2349.72,17.6555,10.3323,53.17,0.0000,0.00,0,0,0,2349.64,0,0.000,0.0000
2026-08-24T00:46:43.435514,2619.08,DONE,7.0622,23.4667,105.75,0.0000,0.0000,20.6660,0,0.0,0.0,0.0,0.0,0.000,0.7700,0.0011,0.1734,2350.72,17.6555,10.3323,53.17,0.0000,0.00,0,0,0,2350.64,0,0.000,0.0000
2026-08-24T00:46:44.435754,2620.08,DONE,7.0622,23.4667,105.75,0.0000,0.0000,20.6660,0,0.0,0.0,0.0,0.0,0.000,0.7700,0.0011,0.1734,2351.72,17.6555,10.3323,53.17,0.0000,0.00,0,0,0,2351.64,0,0.000,0.0000
2026-08-24T00:46:45.436016,2621.08,DONE,7.0622,23.4667,105.75,0.0000,0.0000,20.6660,0,0.0,0.0,0.0,0.0,0.000,0.7700,0.0011,0.1734,2352.72,17.6555,10.3323,53.17,0.0000,0.00,0,0,0,2352.64,0,0.000,0.0000
2026-08-24T00:46:46.435960,2622.08,DONE,7.0622,23.4667,105.75,0.0000,0.0000,20.6660,0,0.0,0.0,0.0,0.0,0.000,0.7700,0.0011,0.1734,2353.72,17.6555,10.3323,53.17,0.0000,0.00,0,0,0,2353.64,0,0.000,0.0000
2026-08-24T00:46:47.435912,2623.08,DONE,7.0622,23.4667,105.75,0.0000,0.0000,20.6660,0,0.0,0.0,0.0,0.0,0.000,0.7700,0.0011,0.1734,2354.72,17.6555,10.3323,53.17,0.0000,0.00,0,0,0,2354.64,0,0.000,0.0000
2026-08-24T00:46:48.435493,2624.08,DONE,7.0622,23.4667,105.75,0.0000,0.0000,20.6660,0,0.0,0.0,0.0,0.0,0.000,0.7700,0.0011,0.1734,2355.72,17.6555,10.3323,53.17,0.0000,0.00,0,0,0,2355.64,0,0.000,0.0000
2026-08-24T00:46:49.435528,2625.08,DONE,7.0622,23.4667,105.75,0.0000,0.0000,20.6660,0,0.0,0.0,0.0,0.0,0.000,0.7700,0.0011,0.1734,2356.72,17.6555,10.3323,53.17,0.0000,0.00,0,0,0,2356.64,0,0.000,0.0000
2026-08-24T00:46:50.435681,2626.08,DONE,7.0622,23.4667,105.75,0.0000,0.0000,20.6660,0,0.0,0.0,0.0,0.0,0.000,0.7700,0.0011,0.1734,2357.72,17.6555,10.3323,53.17,0.0000,0.00,0,0,0,2357.64,0,0.000,0.0000
2026-08-24T00:46:51.435915,2627.08,DONE,7.0622,23.4667,105.75,0.0000,0.0000,20.6660,0,0.0,0.0,0.0,0.0,0.000,0.7700,0.0011,0.1734,2358.72,17.6555,10.3323,53.17,0.0000,0.00,0,0,0,2358.64,0,0.000,0.0000
2026-08-24T00:46:52.435759,2628.08,DONE,7.0622,23.4667,105.75,0.0000,0.0000,20.6660,0,0.0,0.0,0.0,0.0,0.000,0.7700,0.0011,0.1734,2359.72,17.6555,10.3323,53.17,0.0000,0.00,0,0,0,2359.64,0,0.000,0.0000
2026-08-24T00:46:53.435742,2629.08,DONE,7.0622,23.4667,105.75,0.0000,0.0000,20.6660,0,0.0,0.0,0.0,0.0,0.000,0.7700,0.0011,0.1734,2360.72,17.6555,10.3323,53.17,0.0000,0.00,0,0,0,2360.64,0,0.000,0.0000
2026-08-24T00:46:54.435722,2630.08,DONE,7.0622,23.4667,105.75,0.0000,0.0000,20.6660,0,0.0,0.0,0.0,0.0,0.000,0.7700,0.0011,0.1734,2361.72,17.6555,10.3323,53.17,0.0000,0.00,0,0,0,2361.64,0,0.000,0.0000
2026-08-24T00:46:55.435616,2631.08,DONE,7.0622,23.4667,105.75,0.0000,0.0000,20.6660,0,0.0,0.0,0.0,0.0,0.000,0.7700,0.0011,0.1734,2362.72,17.6555,10.3323,53.17,0.0000,0.00,0,0,0,2362.64,0,0.000,0.0000
2026-08-24T00:46:56.435678,2632.08,DONE,7.0622,23.4667,105.75,0.0000,0.0000,20.6660,0,0.0,0.0,0.0,0.0,0.000,0.7700,0.0011,0.1734,2363.72,17.6555,10.3323,53.17,0.0000,0.00,0,0,0,2363.64,0,0.000,0.0000
2026-08-24T00:46:57.435528,2633.08,DONE,7.0622,23.4667,105.75,0.0000,0.0000,20.6660,0,0.0,0.0,0.0,0.0,0.000,0.7700,0.0011,0.1734,2364.72,17.6555,10.3323,53.17,0.0000,0.00,0,0,0,2364.64,0,0.000,0.0000
2026-08-24T00:46:58.435670,2634.08,DONE,7.0622,23.4667,105.75,0.0000,0.0000,20.6660,0,0.0,0.0,0.0,0.0,0.000,0.7700,0.0011,0.1734,2365.72,17.6555,10.3323,53.17,0.0000,0.00,0,0,0,2365.64,0,0.000,0.0000
2026-08-24T00:46:59.435623,2635.08,DONE,7.0622,23.4667,105.75,0.0000,0.0000,20.6660,0,0.0,0.0,0.0,0.0,0.000,0.7700,0.0011,0.1734,2366.72,17.6555,10.3323,53.17,0.0000,0.00,0,0,0,2366.64,0,0.000,0.0000
2026-08-24T00:47:00.435871,2636.08,DONE,7.0622,23.4667,105.75,0.0000,0.0000,20.6660,0,0.0,0.0,0.0,0.0,0.000,0.7700,0.0011,0.1734,2367.72,17.6555,10.3323,53.17,0.0000,0.00,0,0,0,2367.64,0,0.000,0.0000
2026-08-24T00:47:01.435823,2637.08,DONE,7.0622,23.4667,105.75,0.0000,0.0000,20.6660,0,0.0,0.0,0.0,0.0,0.000,0.7700,0.0011,0.1734,2368.72,17.6555,10.3323,53.17,0.0000,0.00,0,0,0,2368.64,0,0.000,0.0000
2026-08-24T00:47:02.435570,2638.08,DONE,7.0622,23.4667,105.75,0.0000,0.0000,20.6660,0,0.0,0.0,0.0,0.0,0.000,0.7700,0.0011,0.1734,2369.72,17.6555,10.3323,53.17,0.0000,0.00,0,0,0,2369.64,0,0.000,0.0000
2026-08-24T00:47:03.435625,2639.08,DONE,7.0622,23.4667,105.75,0.0000,0.0000,20.6660,0,0.0,0.0,0.0,0.0,0.000,0.7700,0.0011,0.1734,2370.72,17.6555,10.3323,53.17,0.0000,0.00,0,0,0,2370.64,0,0.000,0.0000
2026-08-24T00:47:04.435937,2640.08,DONE,7.0622,23.4667,105.75,0.0000,0.0000,20.6660,0,0.0,0.0,0.0,0.0,0.000,0.7700,0.0011,0.1734,2371.72,17.6555,10.3323,53.17,0.0000,0.00,0,0,0,2371.64,0,0.000,0.0000
2026-08-24T00:47:05.436074,2641.08,DONE,7.0622,23.4667,105.75,0.0000,0.0000,20.6660,0,0.0,0.0,0.0,0.0,0.000,0.7700,0.0011,0.1734,2372.72,17.6555,10.3323,53.17,0.0000,0.00,0,0,0,2372.64,0,0.000,0.0000
2026-08-24T00:47:06.436680,2642.08,DONE,7.0622,23.4667,105.75,0.0000,0.0000,20.6660,0,0.0,0.0,0.0,0.0,0.000,0.7700,0.0011,0.1734,2373.72,17.6555,10.3323,53.17,0.0000,0.00,0,0,0,2373.64,0,0.000,0.0000
2026-08-24T00:47:07.435776,2643.08,DONE,7.0622,23.4667,105.75,0.0000,0.0000,20.6660,0,0.0,0.0,0.0,0.0,0.000,0.7700,0.0011,0.1734,2374.72,17.6555,10.3323,53.17,0.0000,0.00,0,0,0,2374.64,0,0.000,0.0000
2026-08-24T00:47:08.436007,2644.08,DONE,7.0622,23.4667,105.75,0.0000,0.0000,20.6660,0,0.0,0.0,0.0,0.0,0.000,0.7700,0.0011,0.1734,2375.72,17.6555,10.3323,53.17,0.0000,0.00,0,0,0,2375.64,0,0.000,0.0000
2026-08-24T00:47:09.435537,2645.08,DONE,7.0622,23.4667,105.75,0.0000,0.0000,20.6660,0,0.0,0.0,0.0,0.0,0.000,0.7700,0.0011,0.1734,2376.72,17.6555,10.3323,53.17,0.0000,0.00,0,0,0,2376.64,0,0.000,0.0000
2026-08-24T00:47:10.435611,2646.08,DONE,7.0622,23.4667,105.75,0.0000,0.0000,20.6660,0,0.0,0.0,0.0,0.0,0.000,0.7700,0.0011,0.1734,2377.72,17.6555,10.3323,53.17,0.0000,0.00,0,0,0,2377.64,0,0.000,0.0000
2026-08-24T00:47:11.436419,2647.08,DONE,7.0622,23.4667,105.75,0.0000,0.0000,20.6660,0,0.0,0.0,0.0,0.0,0.000,0.7700,0.0011,0.1734,2378.72,17.6555,10.3323,53.17,0.0000,0.00,0,0,0,2378.64,0,0.000,0.0000
2026-08-24T00:47:12.435997,2648.08,DONE,7.0622,23.4667,105.75,0.0000,0.0000,20.6660,0,0.0,0.0,0.0,0.0,0.000,0.7700,0.0011,0.1734,2379.72,17.6555,10.3323,53.17,0.0000,0.00,0,0,0,2379.64,0,0.000,0.0000
2026-08-24T00:47:13.436000,2649.08,DONE,7.0622,23.4667,105.75,0.0000,0.0000,20.6660,0,0.0,0.0,0.0,0.0,0.000,0.7700,0.0011,0.1734,2380.72,17.6555,10.3323,53.17,0.0000,0.00,0,0,0,2380.64,0,0.000,0.0000
2026-08-24T00:47:14.435596,2650.08,DONE,7.0622,23.4667,105.75,0.0000,0.0000,20.6660,0,0.0,0.0,0.0,0.0,0.000,0.7700,0.0011,0.1734,2381.72,17.6555,10.3323,53.17,0.0000,0.00,0,0,0,2381.64,0,0.000,0.0000
2026-08-24T00:47:15.435483,2651.08,DONE,7.0622,23.4667,105.75,0.0000,0.0000,20.6660,0,0.0,0.0,0.0,0.0,0.000,0.7700,0.0011,0.1734,2382.72,17.6555,10.3323,53.17,0.0000,0.00,0,0,0,2382.64,0,0.000,0.0000
2026-08-24T00:47:16.435686,2652.08,DONE,7.0622,23.4667,105.75,0.0000,0.0000,20.6660,0,0.0,0.0,0.0,0.0,0.000,0.7700,0.0011,0.1734,2383.72,17.6555,10.3323,53.17,0.0000,0.00,0,0,0,2383.64,0,0.000,0.0000
2026-08-24T00:47:17.436090,2653.08,DONE,7.0622,23.4667,105.75,0.0000,0.0000,20.6660,0,0.0,0.0,0.0,0.0,0.000,0.7700,0.0011,0.1734,2384.72,17.6555,10.3323,53.17,0.0000,0.00,0,0,0,2384.64,0,0.000,0.0000
2026-08-24T00:47:18.435768,2654.08,DONE,7.0622,23.4667,105.75,0.0000,0.0000,20.6660,0,0.0,0.0,0.0,0.0,0.000,0.7700,0.0011,0.1734,2385.72,17.6555,10.3323,53.17,0.0000,0.00,0,0,0,2385.64,0,0.000,0.0000
2026-08-24T00:47:19.435704,2655.08,DONE,7.0622,23.4667,105.75,0.0000,0.0000,20.6660,0,0.0,0.0,0.0,0.0,0.000,0.7700,0.0011,0.1734,2386.72,17.6555,10.3323,53.17,0.0000,0.00,0,0,0,2386.64,0,0.000,0.0000
2026-08-24T00:47:20.435713,2656.08,DONE,7.0622,23.4667,105.75,0.0000,0.0000,20.6660,0,0.0,0.0,0.0,0.0,0.000,0.7700,0.0011,0.1734,2387.72,17.6555,10.3323,53.17,0.0000,0.00,0,0,0,2387.64,0,0.000,0.0000
2026-08-24T00:47:21.436420,2657.08,DONE,7.0622,23.4667,105.75,0.0000,0.0000,20.6660,0,0.0,0.0,0.0,0.0,0.000,0.7700,0.0011,0.1734,2388.72,17.6555,10.3323,53.17,0.0000,0.00,0,0,0,2388.64,0,0.000,0.0000
2026-08-24T00:47:22.435502,2658.08,DONE,7.0622,23.4667,105.75,0.0000,0.0000,20.6660,0,0.0,0.0,0.0,0.0,0.000,0.7700,0.0011,0.1734,2389.72,17.6555,10.3323,53.17,0.0000,0.00,0,0,0,2389.64,0,0.000,0.0000
2026-08-24T00:47:23.437039,2659.08,DONE,7.0622,23.4667,105.75,0.0000,0.0000,20.6660,0,0.0,0.0,0.0,0.0,0.000,0.7700,0.0011,0.1734,2390.72,17.6555,10.3323,53.17,0.0000,0.00,0,0,0,2390.64,0,0.000,0.0000
2026-08-24T00:47:24.436071,2660.08,DONE,7.0622,23.4667,105.75,0.0000,0.0000,20.6660,0,0.0,0.0,0.0,0.0,0.000,0.7700,0.0011,0.1734,2391.72,17.6555,10.3323,53.17,0.0000,0.00,0,0,0,2391.64,0,0.000,0.0000
2026-08-24T00:47:25.435615,2661.08,DONE,7.0622,23.4667,105.75,0.0000,0.0000,20.6660,0,0.0,0.0,0.0,0.0,0.000,0.7700,0.0011,0.1734,2392.72,17.6555,10.3323,53.17,0.0000,0.00,0,0,0,2392.64,0,0.000,0.0000
2026-08-24T00:47:26.435945,2662.08,DONE,7.0622,23.4667,105.75,0.0000,0.0000,20.6660,0,0.0,0.0,0.0,0.0,0.000,0.7700,0.0011,0.1734,2393.72,17.6555,10.3323,53.17,0.0000,0.00,0,0,0,2393.64,0,0.000,0.0000
2026-08-24T00:47:27.435664,2663.08,DONE,7.0622,23.4667,105.75,0.0000,0.0000,20.6660,0,0.0,0.0,0.0,0.0,0.000,0.7700,0.0011,0.1734,2394.72,17.6555,10.3323,53.17,0.0000,0.00,0,0,0,2394.64,0,0.000,0.0000
2026-08-24T00:47:28.435803,2664.08,DONE,7.0622,23.4667,105.75,0.0000,0.0000,20.6660,0,0.0,0.0,0.0,0.0,0.000,0.7700,0.0011,0.1734,2395.72,17.6555,10.3323,53.17,0.0000,0.00,0,0,0,2395.64,0,0.000,0.0000
2026-08-24T00:47:29.435720,2665.08,DONE,7.0622,23.4667,105.75,0.0000,0.0000,20.6660,0,0.0,0.0,0.0,0.0,0.000,0.7700,0.0011,0.1734,2396.72,17.6555,10.3323,53.17,0.0000,0.00,0,0,0,2396.64,0,0.000,0.0000
2026-08-24T00:47:30.436094,2666.08,DONE,7.0622,23.4667,105.75,0.0000,0.0000,20.6660,0,0.0,0.0,0.0,0.0,0.000,0.7700,0.0011,0.1734,2397.72,17.6555,10.3323,53.17,0.0000,0.00,0,0,0,2397.64,0,0.000,0.0000
2026-08-24T00:47:31.435941,2667.08,DONE,7.0622,23.4667,105.75,0.0000,0.0000,20.6660,0,0.0,0.0,0.0,0.0,0.000,0.7700,0.0011,0.1734,2398.72,17.6555,10.3323,53.17,0.0000,0.00,0,0,0,2398.64,0,0.000,0.0000
2026-08-24T00:47:32.435886,2668.08,DONE,7.0622,23.4667,105.75,0.0000,0.0000,20.6660,0,0.0,0.0,0.0,0.0,0.000,0.7700,0.0011,0.1734,2399.72,17.6555,10.3323,53.17,0.0000,0.00,0,0,0,2399.64,0,0.000,0.0000
2026-08-24T00:47:33.435590,2669.08,DONE,7.0622,23.4667,105.75,0.0000,0.0000,20.6660,0,0.0,0.0,0.0,0.0,0.000,0.7700,0.0011,0.1734,2400.72,17.6555,10.3323,53.17,0.0000,0.00,0,0,0,2400.64,0,0.000,0.0000
2026-08-24T00:47:34.435615,2670.08,DONE,7.0622,23.4667,105.75,0.0000,0.0000,20.6660,0,0.0,0.0,0.0,0.0,0.000,0.7700,0.0011,0.1734,2401.72,17.6555,10.3323,53.17,0.0000,0.00,0,0,0,2401.64,0,0.000,0.0000
2026-08-24T00:47:35.436503,2671.08,DONE,7.0622,23.4667,105.75,0.0000,0.0000,20.6660,0,0.0,0.0,0.0,0.0,0.000,0.7700,0.0011,0.1734,2402.72,17.6555,10.3323,53.17,0.0000,0.00,0,0,0,2402.64,0,0.000,0.0000
2026-08-24T00:47:36.435728,2672.08,DONE,7.0622,23.4667,105.75,0.0000,0.0000,20.6660,0,0.0,0.0,0.0,0.0,0.000,0.7700,0.0011,0.1734,2403.72,17.6555,10.3323,53.17,0.0000,0.00,0,0,0,2403.64,0,0.000,0.0000
2026-08-24T00:47:37.435699,2673.08,DONE,7.0622,23.4667,105.75,0.0000,0.0000,20.6660,0,0.0,0.0,0.0,0.0,0.000,0.7700,0.0011,0.1734,2404.72,17.6555,10.3323,53.17,0.0000,0.00,0,0,0,2404.64,0,0.000,0.0000
2026-08-24T00:47:38.437088,2674.08,DONE,7.0622,23.4667,105.75,0.0000,0.0000,20.6660,0,0.0,0.0,0.0,0.0,0.000,0.7700,0.0011,0.1734,2405.72,17.6555,10.3323,53.17,0.0000,0.00,0,0,0,2405.64,0,0.000,0.0000
2026-08-24T00:47:39.436055,2675.08,DONE,7.0622,23.4667,105.75,0.0000,0.0000,20.6660,0,0.0,0.0,0.0,0.0,0.000,0.7700,0.0011,0.1734,2406.72,17.6555,10.3323,53.17,0.0000,0.00,0,0,0,2406.64,0,0.000,0.0000
2026-08-24T00:47:40.435865,2676.08,DONE,7.0622,23.4667,105.75,0.0000,0.0000,20.6660,0,0.0,0.0,0.0,0.0,0.000,0.7700,0.0011,0.1734,2407.72,17.6555,10.3323,53.17,0.0000,0.00,0,0,0,2407.64,0,0.000,0.0000
2026-08-24T00:47:41.435872,2677.08,DONE,7.0622,23.4667,105.75,0.0000,0.0000,20.6660,0,0.0,0.0,0.0,0.0,0.000,0.7700,0.0011,0.1734,2408.72,17.6555,10.3323,53.17,0.0000,0.00,0,0,0,2408.64,0,0.000,0.0000
2026-08-24T00:47:42.435805,2678.08,DONE,7.0622,23.4667,105.75,0.0000,0.0000,20.6660,0,0.0,0.0,0.0,0.0,0.000,0.7700,0.0011,0.1734,2409.72,17.6555,10.3323,53.17,0.0000,0.00,0,0,0,2409.64,0,0.000,0.0000
2026-08-24T00:47:43.435765,2679.08,DONE,7.0622,23.4667,105.75,0.0000,0.0000,20.6660,0,0.0,0.0,0.0,0.0,0.000,0.7700,0.0011,0.1734,2410.72,17.6555,10.3323,53.17,0.0000,0.00,0,0,0,2410.64,0,0.000,0.0000
2026-08-24T00:47:44.435588,2680.08,DONE,7.0622,23.4667,105.75,0.0000,0.0000,20.6660,0,0.0,0.0,0.0,0.0,0.000,0.7700,0.0011,0.1734,2411.72,17.6555,10.3323,53.17,0.0000,0.00,0,0,0,2411.64,0,0.000,0.0000
2026-08-24T00:47:45.436549,2681.08,DONE,7.0622,23.4667,105.75,0.0000,0.0000,20.6660,0,0.0,0.0,0.0,0.0,0.000,0.7700,0.0011,0.1734,2412.72,17.6555,10.3323,53.17,0.0000,0.00,0,0,0,2412.64,0,0.000,0.0000
2026-08-24T00:47:46.435603,2682.08,DONE,7.0622,23.4667,105.75,0.0000,0.0000,20.6660,0,0.0,0.0,0.0,0.0,0.000,0.7700,0.0011,0.1734,2413.72,17.6555,10.3323,53.17,0.0000,0.00,0,0,0,2413.64,0,0.000,0.0000
2026-08-24T00:47:47.435657,2683.08,DONE,7.0622,23.4667,105.75,0.0000,0.0000,20.6660,0,0.0,0.0,0.0,0.0,0.000,0.7700,0.0011,0.1734,2414.72,17.6555,10.3323,53.17,0.0000,0.00,0,0,0,2414.64,0,0.000,0.0000
2026-08-24T00:47:48.435546,2684.08,DONE,7.0622,23.4667,105.75,0.0000,0.0000,20.6660,0,0.0,0.0,0.0,0.0,0.000,0.7700,0.0011,0.1734,2415.72,17.6555,10.3323,53.17,0.0000,0.00,0,0,0,2415.64,0,0.000,0.0000
2026-08-24T00:47:49.435726,2685.08,DONE,7.0622,23.4667,105.75,0.0000,0.0000,20.6660,0,0.0,0.0,0.0,0.0,0.000,0.7700,0.0011,0.1734,2416.72,17.6555,10.3323,53.17,0.0000,0.00,0,0,0,2416.64,0,0.000,0.0000
2026-08-24T00:47:50.435635,2686.08,DONE,7.0622,23.4667,105.75,0.0000,0.0000,20.6660,0,0.0,0.0,0.0,0.0,0.000,0.7700,0.0011,0.1734,2417.72,17.6555,10.3323,53.17,0.0000,0.00,0,0,0,2417.64,0,0.000,0.0000
2026-08-24T00:47:51.436009,2687.08,DONE,7.0622,23.4667,105.75,0.0000,0.0000,20.6660,0,0.0,0.0,0.0,0.0,0.000,0.7700,0.0011,0.1734,2418.72,17.6555,10.3323,53.17,0.0000,0.00,0,0,0,2418.64,0,0.000,0.0000
2026-08-24T00:47:52.435989,2688.08,DONE,7.0622,23.4667,105.75,0.0000,0.0000,20.6660,0,0.0,0.0,0.0,0.0,0.000,0.7700,0.0011,0.1734,2419.72,17.6555,10.3323,53.17,0.0000,0.00,0,0,0,2419.64,0,0.000,0.0000
2026-08-24T00:47:53.435962,2689.08,DONE,7.0622,23.4667,105.75,0.0000,0.0000,20.6660,0,0.0,0.0,0.0,0.0,0.000,0.7700,0.0011,0.1734,2420.72,17.6555,10.3323,53.17,0.0000,0.00,0,0,0,2420.64,0,0.000,0.0000
2026-08-24T00:47:54.435624,2690.08,DONE,7.0622,23.4667,105.75,0.0000,0.0000,20.6660,0,0.0,0.0,0.0,0.0,0.000,0.7700,0.0011,0.1734,2421.72,17.6555,10.3323,53.17,0.0000,0.00,0,0,0,2421.64,0,0.000,0.0000
2026-08-24T00:47:55.435591,2691.08,DONE,7.0622,23.4667,105.75,0.0000,0.0000,20.6660,0,0.0,0.0,0.0,0.0,0.000,0.7700,0.0011,0.1734,2422.72,17.6555,10.3323,53.17,0.0000,0.00,0,0,0,2422.64,0,0.000,0.0000
2026-08-24T00:47:56.435729,2692.08,DONE,7.0622,23.4667,105.75,0.0000,0.0000,20.6660,0,0.0,0.0,0.0,0.0,0.000,0.7700,0.0011,0.1734,2423.72,17.6555,10.3323,53.17,0.0000,0.00,0,0,0,2423.64,0,0.000,0.0000
2026-08-24T00:47:57.435541,2693.08,DONE,7.0622,23.4667,105.75,0.0000,0.0000,20.6660,0,0.0,0.0,0.0,0.0,0.000,0.7700,0.0011,0.1734,2424.72,17.6555,10.3323,53.17,0.0000,0.00,0,0,0,2424.64,0,0.000,0.0000
2026-08-24T00:47:58.436050,2694.08,DONE,7.0622,23.4667,105.75,0.0000,0.0000,20.6660,0,0.0,0.0,0.0,0.0,0.000,0.7700,0.0011,0.1734,2425.72,17.6555,10.3323,53.17,0.0000,0.00,0,0,0,2425.64,0,0.000,0.0000
2026-08-24T00:47:59.435959,2695.08,DONE,7.0622,23.4667,105.75,0.0000,0.0000,20.6660,0,0.0,0.0,0.0,0.0,0.000,0.7700,0.0011,0.1734,2426.72,17.6555,10.3323,53.17,0.0000,0.00,0,0,0,2426.64,0,0.000,0.0000
2026-08-24T00:48:00.435558,2696.08,DONE,7.0622,23.4667,105.75,0.0000,0.0000,20.6660,0,0.0,0.0,0.0,0.0,0.000,0.7700,0.0011,0.1734,2427.72,17.6555,10.3323,53.17,0.0000,0.00,0,0,0,2427.64,0,0.000,0.0000
2026-08-24T00:48:01.435555,2697.08,DONE,7.0622,23.4667,105.75,0.0000,0.0000,20.6660,0,0.0,0.0,0.0,0.0,0.000,0.7700,0.0011,0.1734,2428.72,17.6555,10.3323,53.17,0.0000,0.00,0,0,0,2428.64,0,0.000,0.0000
2026-08-24T00:48:02.435576,2698.08,DONE,7.0622,23.4667,105.75,0.0000,0.0000,20.6660,0,0.0,0.0,0.0,0.0,0.000,0.7700,0.0011,0.1734,2429.72,17.6555,10.3323,53.17,0.0000,0.00,0,0,0,2429.64,0,0.000,0.0000
2026-08-24T00:48:03.435907,2699.08,DONE,7.0622,23.4667,105.75,0.0000,0.0000,20.6660,0,0.0,0.0,0.0,0.0,0.000,0.7700,0.0011,0.1734,2430.72,17.6555,10.3323,53.17,0.0000,0.00,0,0,0,2430.64,0,0.000,0.0000
2026-08-24T00:48:04.436192,2700.08,DONE,7.0622,23.4667,105.75,0.0000,0.0000,20.6660,0,0.0,0.0,0.0,0.0,0.000,0.7700,0.0011,0.1734,2431.72,17.6555,10.3323,53.17,0.0000,0.00,0,0,0,2431.64,0,0.000,0.0000
2026-08-24T00:48:05.436089,2701.08,DONE,7.0622,23.4667,105.75,0.0000,0.0000,20.6660,0,0.0,0.0,0.0,0.0,0.000,0.7700,0.0011,0.1734,2432.72,17.6555,10.3323,53.17,0.0000,0.00,0,0,0,2432.64,0,0.000,0.0000
2026-08-24T00:48:06.435660,2702.08,DONE,7.0622,23.4667,105.75,0.0000,0.0000,20.6660,0,0.0,0.0,0.0,0.0,0.000,0.7700,0.0011,0.1734,2433.72,17.6555,10.3323,53.17,0.0000,0.00,0,0,0,2433.64,0,0.000,0.0000
2026-08-24T00:48:07.435880,2703.08,DONE,7.0622,23.4667,105.75,0.0000,0.0000,20.6660,0,0.0,0.0,0.0,0.0,0.000,0.7700,0.0011,0.1734,2434.72,17.6555,10.3323,53.17,0.0000,0.00,0,0,0,2434.64,0,0.000,0.0000
2026-08-24T00:48:08.435538,2704.08,DONE,7.0622,23.4667,105.75,0.0000,0.0000,20.6660,0,0.0,0.0,0.0,0.0,0.000,0.7700,0.0011,0.1734,2435.72,17.6555,10.3323,53.17,0.0000,0.00,0,0,0,2435.64,0,0.000,0.0000
2026-08-24T00:48:09.435969,2705.08,DONE,7.0622,23.4667,105.75,0.0000,0.0000,20.6660,0,0.0,0.0,0.0,0.0,0.000,0.7700,0.0011,0.1734,2436.72,17.6555,10.3323,53.17,0.0000,0.00,0,0,0,2436.64,0,0.000,0.0000
2026-08-24T00:48:10.435793,2706.08,DONE,7.0622,23.4667,105.75,0.0000,0.0000,20.6660,0,0.0,0.0,0.0,0.0,0.000,0.7700,0.0011,0.1734,2437.72,17.6555,10.3323,53.17,0.0000,0.00,0,0,0,2437.64,0,0.000,0.0000
2026-08-24T00:48:11.435805,2707.08,DONE,7.0622,23.4667,105.75,0.0000,0.0000,20.6660,0,0.0,0.0,0.0,0.0,0.000,0.7700,0.0011,0.1734,2438.72,17.6555,10.3323,53.17,0.0000,0.00,0,0,0,2438.64,0,0.000,0.0000
2026-08-24T00:48:12.436691,2708.08,DONE,7.0622,23.4667,105.75,0.0000,0.0000,20.6660,0,0.0,0.0,0.0,0.0,0.000,0.7700,0.0011,0.1734,2439.72,17.6555,10.3323,53.17,0.0000,0.00,0,0,0,2439.64,0,0.000,0.0000
2026-08-24T00:48:13.435617,2709.08,DONE,7.0622,23.4667,105.75,0.0000,0.0000,20.6660,0,0.0,0.0,0.0,0.0,0.000,0.7700,0.0011,0.1734,2440.72,17.6555,10.3323,53.17,0.0000,0.00,0,0,0,2440.64,0,0.000,0.0000
2026-08-24T00:48:14.438667,2710.08,DONE,7.0622,23.4667,105.75,0.0000,0.0000,20.6660,0,0.0,0.0,0.0,0.0,0.000,0.7700,0.0011,0.1734,2441.73,17.6555,10.3323,53.17,0.0000,0.00,0,0,0,2441.64,0,0.000,0.0000
2026-08-24T00:48:15.435600,2711.08,DONE,7.0622,23.4667,105.75,0.0000,0.0000,20.6660,0,0.0,0.0,0.0,0.0,0.000,0.7700,0.0011,0.1734,2442.72,17.6555,10.3323,53.17,0.0000,0.00,0,0,0,2442.64,0,0.000,0.0000
2026-08-24T00:48:16.436049,2712.08,DONE,7.0622,23.4667,105.75,0.0000,0.0000,20.6660,0,0.0,0.0,0.0,0.0,0.000,0.7700,0.0011,0.1734,2443.72,17.6555,10.3323,53.17,0.0000,0.00,0,0,0,2443.64,0,0.000,0.0000
2026-08-24T00:48:17.435828,2713.08,DONE,7.0622,23.4667,105.75,0.0000,0.0000,20.6660,0,0.0,0.0,0.0,0.0,0.000,0.7700,0.0011,0.1734,2444.72,17.6555,10.3323,53.17,0.0000,0.00,0,0,0,2444.64,0,0.000,0.0000
2026-08-24T00:48:18.435785,2714.08,DONE,7.0622,23.4667,105.75,0.0000,0.0000,20.6660,0,0.0,0.0,0.0,0.0,0.000,0.7700,0.0011,0.1734,2445.72,17.6555,10.3323,53.17,0.0000,0.00,0,0,0,2445.64,0,0.000,0.0000
2026-08-24T00:48:19.435663,2715.08,DONE,7.0622,23.4667,105.75,0.0000,0.0000,20.6660,0,0.0,0.0,0.0,0.0,0.000,0.7700,0.0011,0.1734,2446.72,17.6555,10.3323,53.17,0.0000,0.00,0,0,0,2446.64,0,0.000,0.0000
2026-08-24T00:48:20.435769,2716.08,DONE,7.0622,23.4667,105.75,0.0000,0.0000,20.6660,0,0.0,0.0,0.0,0.0,0.000,0.7700,0.0011,0.1734,2447.72,17.6555,10.3323,53.17,0.0000,0.00,0,0,0,2447.64,0,0.000,0.0000
2026-08-24T00:48:21.435768,2717.08,DONE,7.0622,23.4667,105.75,0.0000,0.0000,20.6660,0,0.0,0.0,0.0,0.0,0.000,0.7700,0.0011,0.1734,2448.72,17.6555,10.3323,53.17,0.0000,0.00,0,0,0,2448.64,0,0.000,0.0000
2026-08-24T00:48:22.435688,2718.08,DONE,7.0622,23.4667,105.75,0.0000,0.0000,20.6660,0,0.0,0.0,0.0,0.0,0.000,0.7700,0.0011,0.1734,2449.72,17.6555,10.3323,53.17,0.0000,0.00,0,0,0,2449.64,0,0.000,0.0000
2026-08-24T00:48:23.435558,2719.08,DONE,7.0622,23.4667,105.75,0.0000,0.0000,20.6660,0,0.0,0.0,0.0,0.0,0.000,0.7700,0.0011,0.1734,2450.72,17.6555,10.3323,53.17,0.0000,0.00,0,0,0,2450.64,0,0.000,0.0000
2026-08-24T00:48:24.436101,2720.08,DONE,7.0622,23.4667,105.75,0.0000,0.0000,20.6660,0,0.0,0.0,0.0,0.0,0.000,0.7700,0.0011,0.1734,2451.72,17.6555,10.3323,53.17,0.0000,0.00,0,0,0,2451.64,0,0.000,0.0000
2026-08-24T00:48:25.435702,2721.08,DONE,7.0622,23.4667,105.75,0.0000,0.0000,20.6660,0,0.0,0.0,0.0,0.0,0.000,0.7700,0.0011,0.1734,2452.72,17.6555,10.3323,53.17,0.0000,0.00,0,0,0,2452.64,0,0.000,0.0000
2026-08-24T00:48:26.435914,2722.08,DONE,7.0622,23.4667,105.75,0.0000,0.0000,20.6660,0,0.0,0.0,0.0,0.0,0.000,0.7700,0.0011,0.1734,2453.72,17.6555,10.3323,53.17,0.0000,0.00,0,0,0,2453.64,0,0.000,0.0000
2026-08-24T00:48:27.436355,2723.08,DONE,7.0622,23.4667,105.75,0.0000,0.0000,20.6660,0,0.0,0.0,0.0,0.0,0.000,0.7700,0.0011,0.1734,2454.72,17.6555,10.3323,53.17,0.0000,0.00,0,0,0,2454.64,0,0.000,0.0000
2026-08-24T00:48:28.435634,2724.08,DONE,7.0622,23.4667,105.75,0.0000,0.0000,20.6660,0,0.0,0.0,0.0,0.0,0.000,0.7700,0.0011,0.1734,2455.72,17.6555,10.3323,53.17,0.0000,0.00,0,0,0,2455.64,0,0.000,0.0000
2026-08-24T00:48:29.435672,2725.08,DONE,7.0622,23.4667,105.75,0.0000,0.0000,20.6660,0,0.0,0.0,0.0,0.0,0.000,0.7700,0.0011,0.1734,2456.72,17.6555,10.3323,53.17,0.0000,0.00,0,0,0,2456.64,0,0.000,0.0000
2026-08-24T00:48:30.435909,2726.08,DONE,7.0622,23.4667,105.75,0.0000,0.0000,20.6660,0,0.0,0.0,0.0,0.0,0.000,0.7700,0.0011,0.1734,2457.72,17.6555,10.3323,53.17,0.0000,0.00,0,0,0,2457.64,0,0.000,0.0000
2026-08-24T00:48:31.435540,2727.08,DONE,7.0622,23.4667,105.75,0.0000,0.0000,20.6660,0,0.0,0.0,0.0,0.0,0.000,0.7700,0.0011,0.1734,2458.72,17.6555,10.3323,53.17,0.0000,0.00,0,0,0,2458.64,0,0.000,0.0000
2026-08-24T00:48:32.435597,2728.08,DONE,7.0622,23.4667,105.75,0.0000,0.0000,20.6660,0,0.0,0.0,0.0,0.0,0.000,0.7700,0.0011,0.1734,2459.72,17.6555,10.3323,53.17,0.0000,0.00,0,0,0,2459.64,0,0.000,0.0000
2026-08-24T00:48:33.436296,2729.08,DONE,7.0622,23.4667,105.75,0.0000,0.0000,20.6660,0,0.0,0.0,0.0,0.0,0.000,0.7700,0.0011,0.1734,2460.72,17.6555,10.3323,53.17,0.0000,0.00,0,0,0,2460.64,0,0.000,0.0000
2026-08-24T00:48:34.435721,2730.08,DONE,7.0622,23.4667,105.75,0.0000,0.0000,20.6660,0,0.0,0.0,0.0,0.0,0.000,0.7700,0.0011,0.1734,2461.72,17.6555,10.3323,53.17,0.0000,0.00,0,0,0,2461.64,0,0.000,0.0000
2026-08-24T00:48:35.436631,2731.08,DONE,7.0622,23.4667,105.75,0.0000,0.0000,20.6660,0,0.0,0.0,0.0,0.0,0.000,0.7700,0.0011,0.1734,2462.72,17.6555,10.3323,53.17,0.0000,0.00,0,0,0,2462.64,0,0.000,0.0000
2026-08-24T00:48:36.436066,2732.08,DONE,7.0622,23.4667,105.75,0.0000,0.0000,20.6660,0,0.0,0.0,0.0,0.0,0.000,0.7700,0.0011,0.1734,2463.72,17.6555,10.3323,53.17,0.0000,0.00,0,0,0,2463.65,0,0.000,0.0000
2026-08-24T00:48:37.436090,2733.08,DONE,7.0622,23.4667,105.75,0.0000,0.0000,20.6660,0,0.0,0.0,0.0,0.0,0.000,0.7700,0.0011,0.1734,2464.72,17.6555,10.3323,53.17,0.0000,0.00,0,0,0,2464.64,0,0.000,0.0000
2026-08-24T00:48:38.435733,2734.08,DONE,7.0622,23.4667,105.75,0.0000,0.0000,20.6660,0,0.0,0.0,0.0,0.0,0.000,0.7700,0.0011,0.1734,2465.72,17.6555,10.3323,53.17,0.0000,0.00,0,0,0,2465.64,0,0.000,0.0000
2026-08-24T00:48:39.435829,2735.08,DONE,7.0622,23.4667,105.75,0.0000,0.0000,20.6660,0,0.0,0.0,0.0,0.0,0.000,0.7700,0.0011,0.1734,2466.72,17.6555,10.3323,53.17,0.0000,0.00,0,0,0,2466.64,0,0.000,0.0000
2026-08-24T00:48:40.436541,2736.08,DONE,7.0622,23.4667,105.75,0.0000,0.0000,20.6660,0,0.0,0.0,0.0,0.0,0.000,0.7700,0.0011,0.1734,2467.72,17.6555,10.3323,53.17,0.0000,0.00,0,0,0,2467.64,0,0.000,0.0000
2026-08-24T00:48:41.435682,2737.08,DONE,7.0622,23.4667,105.75,0.0000,0.0000,20.6660,0,0.0,0.0,0.0,0.0,0.000,0.7700,0.0011,0.1734,2468.72,17.6555,10.3323,53.17,0.0000,0.00,0,0,0,2468.64,0,0.000,0.0000
2026-08-24T00:48:42.435741,2738.08,DONE,7.0622,23.4667,105.75,0.0000,0.0000,20.6660,0,0.0,0.0,0.0,0.0,0.000,0.7700,0.0011,0.1734,2469.72,17.6555,10.3323,53.17,0.0000,0.00,0,0,0,2469.64,0,0.000,0.0000
2026-08-24T00:48:43.435792,2739.08,DONE,7.0622,23.4667,105.75,0.0000,0.0000,20.6660,0,0.0,0.0,0.0,0.0,0.000,0.7700,0.0011,0.1734,2470.72,17.6555,10.3323,53.17,0.0000,0.00,0,0,0,2470.64,0,0.000,0.0000
2026-08-24T00:48:44.436579,2740.08,DONE,7.0622,23.4667,105.75,0.0000,0.0000,20.6660,0,0.0,0.0,0.0,0.0,0.000,0.7700,0.0011,0.1734,2471.72,17.6555,10.3323,53.17,0.0000,0.00,0,0,0,2471.64,0,0.000,0.0000
2026-08-24T00:48:45.436273,2741.08,DONE,7.0622,23.4667,105.75,0.0000,0.0000,20.6660,0,0.0,0.0,0.0,0.0,0.000,0.7700,0.0011,0.1734,2472.72,17.6555,10.3323,53.17,0.0000,0.00,0,0,0,2472.64,0,0.000,0.0000
2026-08-24T00:48:46.435588,2742.08,DONE,7.0622,23.4667,105.75,0.0000,0.0000,20.6660,0,0.0,0.0,0.0,0.0,0.000,0.7700,0.0011,0.1734,2473.72,17.6555,10.3323,53.17,0.0000,0.00,0,0,0,2473.64,0,0.000,0.0000
2026-08-24T00:48:47.435655,2743.08,DONE,7.0622,23.4667,105.75,0.0000,0.0000,20.6660,0,0.0,0.0,0.0,0.0,0.000,0.7700,0.0011,0.1734,2474.72,17.6555,10.3323,53.17,0.0000,0.00,0,0,0,2474.64,0,0.000,0.0000
2026-08-24T00:48:48.436086,2744.08,DONE,7.0622,23.4667,105.75,0.0000,0.0000,20.6660,0,0.0,0.0,0.0,0.0,0.000,0.7700,0.0011,0.1734,2475.72,17.6555,10.3323,53.17,0.0000,0.00,0,0,0,2475.64,0,0.000,0.0000
2026-08-24T00:48:49.435700,2745.08,DONE,7.0622,23.4667,105.75,0.0000,0.0000,20.6660,0,0.0,0.0,0.0,0.0,0.000,0.7700,0.0011,0.1734,2476.72,17.6555,10.3323,53.17,0.0000,0.00,0,0,0,2476.64,0,0.000,0.0000
2026-08-24T00:48:50.435571,2746.08,DONE,7.0622,23.4667,105.75,0.0000,0.0000,20.6660,0,0.0,0.0,0.0,0.0,0.000,0.7700,0.0011,0.1734,2477.72,17.6555,10.3323,53.17,0.0000,0.00,0,0,0,2477.64,0,0.000,0.0000
2026-08-24T00:48:51.435654,2747.08,DONE,7.0622,23.4667,105.75,0.0000,0.0000,20.6660,0,0.0,0.0,0.0,0.0,0.000,0.7700,0.0011,0.1734,2478.72,17.6555,10.3323,53.17,0.0000,0.00,0,0,0,2478.64,0,0.000,0.0000
2026-08-24T00:48:52.435960,2748.08,DONE,7.0622,23.4667,105.75,0.0000,0.0000,20.6660,0,0.0,0.0,0.0,0.0,0.000,0.7700,0.0011,0.1734,2479.72,17.6555,10.3323,53.17,0.0000,0.00,0,0,0,2479.64,0,0.000,0.0000
2026-08-24T00:48:53.435681,2749.08,DONE,7.0622,23.4667,105.75,0.0000,0.0000,20.6660,0,0.0,0.0,0.0,0.0,0.000,0.7700,0.0011,0.1734,2480.72,17.6555,10.3323,53.17,0.0000,0.00,0,0,0,2480.64,0,0.000,0.0000
2026-08-24T00:48:54.436056,2750.08,DONE,7.0622,23.4667,105.75,0.0000,0.0000,20.6660,0,0.0,0.0,0.0,0.0,0.000,0.7700,0.0011,0.1734,2481.72,17.6555,10.3323,53.17,0.0000,0.00,0,0,0,2481.64,0,0.000,0.0000
2026-08-24T00:48:55.436810,2751.08,DONE,7.0622,23.4667,105.75,0.0000,0.0000,20.6660,0,0.0,0.0,0.0,0.0,0.000,0.7700,0.0011,0.1734,2482.72,17.6555,10.3323,53.17,0.0000,0.00,0,0,0,2482.64,0,0.000,0.0000
2026-08-24T00:48:56.435894,2752.08,DONE,7.0622,23.4667,105.75,0.0000,0.0000,20.6660,0,0.0,0.0,0.0,0.0,0.000,0.7700,0.0011,0.1734,2483.72,17.6555,10.3323,53.17,0.0000,0.00,0,0,0,2483.64,0,0.000,0.0000
2026-08-24T00:48:57.435943,2753.08,DONE,7.0622,23.4667,105.75,0.0000,0.0000,20.6660,0,0.0,0.0,0.0,0.0,0.000,0.7700,0.0011,0.1734,2484.72,17.6555,10.3323,53.17,0.0000,0.00,0,0,0,2484.64,0,0.000,0.0000
2026-08-24T00:48:58.436072,2754.08,DONE,7.0622,23.4667,105.75,0.0000,0.0000,20.6660,0,0.0,0.0,0.0,0.0,0.000,0.7700,0.0011,0.1734,2485.72,17.6555,10.3323,53.17,0.0000,0.00,0,0,0,2485.64,0,0.000,0.0000
2026-08-24T00:48:59.435546,2755.08,DONE,7.0622,23.4667,105.75,0.0000,0.0000,20.6660,0,0.0,0.0,0.0,0.0,0.000,0.7700,0.0011,0.1734,2486.72,17.6555,10.3323,53.17,0.0000,0.00,0,0,0,2486.64,0,0.000,0.0000
2026-08-24T00:49:00.435640,2756.08,DONE,7.0622,23.4667,105.75,0.0000,0.0000,20.6660,0,0.0,0.0,0.0,0.0,0.000,0.7700,0.0011,0.1734,2487.72,17.6555,10.3323,53.17,0.0000,0.00,0,0,0,2487.64,0,0.000,0.0000
2026-08-24T00:49:01.435589,2757.08,DONE,7.0622,23.4667,105.75,0.0000,0.0000,20.6660,0,0.0,0.0,0.0,0.0,0.000,0.7700,0.0011,0.1734,2488.72,17.6555,10.3323,53.17,0.0000,0.00,0,0,0,2488.64,0,0.000,0.0000
2026-08-24T00:49:02.435852,2758.08,DONE,7.0622,23.4667,105.75,0.0000,0.0000,20.6660,0,0.0,0.0,0.0,0.0,0.000,0.7700,0.0011,0.1734,2489.72,17.6555,10.3323,53.17,0.0000,0.00,0,0,0,2489.64,0,0.000,0.0000
2026-08-24T00:49:03.436083,2759.08,DONE,7.0622,23.4667,105.75,0.0000,0.0000,20.6660,0,0.0,0.0,0.0,0.0,0.000,0.7700,0.0011,0.1734,2490.72,17.6555,10.3323,53.17,0.0000,0.00,0,0,0,2490.64,0,0.000,0.0000
2026-08-24T00:49:04.435911,2760.08,DONE,7.0622,23.4667,105.75,0.0000,0.0000,20.6660,0,0.0,0.0,0.0,0.0,0.000,0.7700,0.0011,0.1734,2491.72,17.6555,10.3323,53.17,0.0000,0.00,0,0,0,2491.64,0,0.000,0.0000
2026-08-24T00:49:05.436048,2761.08,DONE,7.0622,23.4667,105.75,0.0000,0.0000,20.6660,0,0.0,0.0,0.0,0.0,0.000,0.7700,0.0011,0.1734,2492.72,17.6555,10.3323,53.17,0.0000,0.00,0,0,0,2492.64,0,0.000,0.0000
2026-08-24T00:49:06.435592,2762.08,DONE,7.0622,23.4667,105.75,0.0000,0.0000,20.6660,0,0.0,0.0,0.0,0.0,0.000,0.7700,0.0011,0.1734,2493.72,17.6555,10.3323,53.17,0.0000,0.00,0,0,0,2493.64,0,0.000,0.0000
2026-08-24T00:49:07.436647,2763.08,DONE,7.0622,23.4667,105.75,0.0000,0.0000,20.6660,0,0.0,0.0,0.0,0.0,0.000,0.7700,0.0011,0.1734,2494.72,17.6555,10.3323,53.17,0.0000,0.00,0,0,0,2494.64,0,0.000,0.0000
2026-08-24T00:49:08.435684,2764.08,DONE,7.0622,23.4667,105.75,0.0000,0.0000,20.6660,0,0.0,0.0,0.0,0.0,0.000,0.7700,0.0011,0.1734,2495.72,17.6555,10.3323,53.17,0.0000,0.00,0,0,0,2495.64,0,0.000,0.0000
2026-08-24T00:49:09.435523,2765.08,DONE,7.0622,23.4667,105.75,0.0000,0.0000,20.6660,0,0.0,0.0,0.0,0.0,0.000,0.7700,0.0011,0.1734,2496.72,17.6555,10.3323,53.17,0.0000,0.00,0,0,0,2496.64,0,0.000,0.0000
2026-08-24T00:49:10.435583,2766.08,DONE,7.0622,23.4667,105.75,0.0000,0.0000,20.6660,0,0.0,0.0,0.0,0.0,0.000,0.7700,0.0011,0.1734,2497.72,17.6555,10.3323,53.17,0.0000,0.00,0,0,0,2497.64,0,0.000,0.0000
2026-08-24T00:49:11.435813,2767.08,DONE,7.0622,23.4667,105.75,0.0000,0.0000,20.6660,0,0.0,0.0,0.0,0.0,0.000,0.7700,0.0011,0.1734,2498.72,17.6555,10.3323,53.17,0.0000,0.00,0,0,0,2498.64,0,0.000,0.0000
2026-08-24T00:49:12.436079,2768.08,DONE,7.0622,23.4667,105.75,0.0000,0.0000,20.6660,0,0.0,0.0,0.0,0.0,0.000,0.7700,0.0011,0.1734,2499.72,17.6555,10.3323,53.17,0.0000,0.00,0,0,0,2499.64,0,0.000,0.0000
2026-08-24T00:49:13.435621,2769.08,DONE,7.0622,23.4667,105.75,0.0000,0.0000,20.6660,0,0.0,0.0,0.0,0.0,0.000,0.7700,0.0011,0.1734,2500.72,17.6555,10.3323,53.17,0.0000,0.00,0,0,0,2500.64,0,0.000,0.0000
2026-08-24T00:49:14.435725,2770.08,DONE,7.0622,23.4667,105.75,0.0000,0.0000,20.6660,0,0.0,0.0,0.0,0.0,0.000,0.7700,0.0011,0.1734,2501.72,17.6555,10.3323,53.17,0.0000,0.00,0,0,0,2501.64,0,0.000,0.0000
2026-08-24T00:49:15.435674,2771.08,DONE,7.0622,23.4667,105.75,0.0000,0.0000,20.6660,0,0.0,0.0,0.0,0.0,0.000,0.7700,0.0011,0.1734,2502.72,17.6555,10.3323,53.17,0.0000,0.00,0,0,0,2502.64,0,0.000,0.0000
2026-08-24T00:49:16.435771,2772.08,DONE,7.0622,23.4667,105.75,0.0000,0.0000,20.6660,0,0.0,0.0,0.0,0.0,0.000,0.7700,0.0011,0.1734,2503.72,17.6555,10.3323,53.17,0.0000,0.00,0,0,0,2503.64,0,0.000,0.0000
2026-08-24T00:49:17.436046,2773.08,DONE,7.0622,23.4667,105.75,0.0000,0.0000,20.6660,0,0.0,0.0,0.0,0.0,0.000,0.7700,0.0011,0.1734,2504.72,17.6555,10.3323,53.17,0.0000,0.00,0,0,0,2504.64,0,0.000,0.0000
2026-08-24T00:49:18.436639,2774.08,DONE,7.0622,23.4667,105.75,0.0000,0.0000,20.6660,0,0.0,0.0,0.0,0.0,0.000,0.7700,0.0011,0.1734,2505.72,17.6555,10.3323,53.17,0.0000,0.00,0,0,0,2505.64,0,0.000,0.0000
2026-08-24T00:49:19.435669,2775.08,DONE,7.0622,23.4667,105.75,0.0000,0.0000,20.6660,0,0.0,0.0,0.0,0.0,0.000,0.7700,0.0011,0.1734,2506.72,17.6555,10.3323,53.17,0.0000,0.00,0,0,0,2506.64,0,0.000,0.0000
2026-08-24T00:49:20.435760,2776.08,DONE,7.0622,23.4667,105.75,0.0000,0.0000,20.6660,0,0.0,0.0,0.0,0.0,0.000,0.7700,0.0011,0.1734,2507.72,17.6555,10.3323,53.17,0.0000,0.00,0,0,0,2507.64,0,0.000,0.0000
2026-08-24T00:49:21.435578,2777.08,DONE,7.0622,23.4667,105.75,0.0000,0.0000,20.6660,0,0.0,0.0,0.0,0.0,0.000,0.7700,0.0011,0.1734,2508.72,17.6555,10.3323,53.17,0.0000,0.00,0,0,0,2508.64,0,0.000,0.0000
2026-08-24T00:49:22.435612,2778.08,DONE,7.0622,23.4667,105.75,0.0000,0.0000,20.6660,0,0.0,0.0,0.0,0.0,0.000,0.7700,0.0011,0.1734,2509.72,17.6555,10.3323,53.17,0.0000,0.00,0,0,0,2509.64,0,0.000,0.0000
2026-08-24T00:49:23.435851,2779.08,DONE,7.0622,23.4667,105.75,0.0000,0.0000,20.6660,0,0.0,0.0,0.0,0.0,0.000,0.7700,0.0011,0.1734,2510.72,17.6555,10.3323,53.17,0.0000,0.00,0,0,0,2510.64,0,0.000,0.0000
2026-08-24T00:49:24.435904,2780.08,DONE,7.0622,23.4667,105.75,0.0000,0.0000,20.6660,0,0.0,0.0,0.0,0.0,0.000,0.7700,0.0011,0.1734,2511.72,17.6555,10.3323,53.17,0.0000,0.00,0,0,0,2511.64,0,0.000,0.0000
2026-08-24T00:49:25.435762,2781.08,DONE,7.0622,23.4667,105.75,0.0000,0.0000,20.6660,0,0.0,0.0,0.0,0.0,0.000,0.7700,0.0011,0.1734,2512.72,17.6555,10.3323,53.17,0.0000,0.00,0,0,0,2512.64,0,0.000,0.0000
2026-08-24T00:49:26.435647,2782.08,DONE,7.0622,23.4667,105.75,0.0000,0.0000,20.6660,0,0.0,0.0,0.0,0.0,0.000,0.7700,0.0011,0.1734,2513.72,17.6555,10.3323,53.17,0.0000,0.00,0,0,0,2513.64,0,0.000,0.0000
2026-08-24T00:49:27.436347,2783.08,DONE,7.0622,23.4667,105.75,0.0000,0.0000,20.6660,0,0.0,0.0,0.0,0.0,0.000,0.7700,0.0011,0.1734,2514.72,17.6555,10.3323,53.17,0.0000,0.00,0,0,0,2514.64,0,0.000,0.0000
2026-08-24T00:49:28.435899,2784.08,DONE,7.0622,23.4667,105.75,0.0000,0.0000,20.6660,0,0.0,0.0,0.0,0.0,0.000,0.7700,0.0011,0.1734,2515.72,17.6555,10.3323,53.17,0.0000,0.00,0,0,0,2515.64,0,0.000,0.0000
2026-08-24T00:49:29.435678,2785.08,DONE,7.0622,23.4667,105.75,0.0000,0.0000,20.6660,0,0.0,0.0,0.0,0.0,0.000,0.7700,0.0011,0.1734,2516.72,17.6555,10.3323,53.17,0.0000,0.00,0,0,0,2516.64,0,0.000,0.0000
2026-08-24T00:49:30.435728,2786.08,DONE,7.0622,23.4667,105.75,0.0000,0.0000,20.6660,0,0.0,0.0,0.0,0.0,0.000,0.7700,0.0011,0.1734,2517.72,17.6555,10.3323,53.17,0.0000,0.00,0,0,0,2517.64,0,0.000,0.0000
2026-08-24T00:49:31.435699,2787.08,DONE,7.0622,23.4667,105.75,0.0000,0.0000,20.6660,0,0.0,0.0,0.0,0.0,0.000,0.7700,0.0011,0.1734,2518.72,17.6555,10.3323,53.17,0.0000,0.00,0,0,0,2518.64,0,0.000,0.0000
2026-08-24T00:49:32.436008,2788.08,DONE,7.0622,23.4667,105.75,0.0000,0.0000,20.6660,0,0.0,0.0,0.0,0.0,0.000,0.7700,0.0011,0.1734,2519.72,17.6555,10.3323,53.17,0.0000,0.00,0,0,0,2519.64,0,0.000,0.0000
2026-08-24T00:49:33.436002,2789.08,DONE,7.0622,23.4667,105.75,0.0000,0.0000,20.6660,0,0.0,0.0,0.0,0.0,0.000,0.7700,0.0011,0.1734,2520.72,17.6555,10.3323,53.17,0.0000,0.00,0,0,0,2520.64,0,0.000,0.0000
2026-08-24T00:49:34.435687,2790.08,DONE,7.0622,23.4667,105.75,0.0000,0.0000,20.6660,0,0.0,0.0,0.0,0.0,0.000,0.7700,0.0011,0.1734,2521.72,17.6555,10.3323,53.17,0.0000,0.00,0,0,0,2521.64,0,0.000,0.0000
2026-08-24T00:49:35.435631,2791.08,DONE,7.0622,23.4667,105.75,0.0000,0.0000,20.6660,0,0.0,0.0,0.0,0.0,0.000,0.7700,0.0011,0.1734,2522.72,17.6555,10.3323,53.17,0.0000,0.00,0,0,0,2522.64,0,0.000,0.0000
2026-08-24T00:49:36.435609,2792.08,DONE,7.0622,23.4667,105.75,0.0000,0.0000,20.6660,0,0.0,0.0,0.0,0.0,0.000,0.7700,0.0011,0.1734,2523.72,17.6555,10.3323,53.17,0.0000,0.00,0,0,0,2523.64,0,0.000,0.0000
2026-08-24T00:49:37.435728,2793.08,DONE,7.0622,23.4667,105.75,0.0000,0.0000,20.6660,0,0.0,0.0,0.0,0.0,0.000,0.7700,0.0011,0.1734,2524.72,17.6555,10.3323,53.17,0.0000,0.00,0,0,0,2524.64,0,0.000,0.0000
2026-08-24T00:49:38.435949,2794.08,DONE,7.0622,23.4667,105.75,0.0000,0.0000,20.6660,0,0.0,0.0,0.0,0.0,0.000,0.7700,0.0011,0.1734,2525.72,17.6555,10.3323,53.17,0.0000,0.00,0,0,0,2525.64,0,0.000,0.0000
2026-08-24T00:49:39.435714,2795.08,DONE,7.0622,23.4667,105.75,0.0000,0.0000,20.6660,0,0.0,0.0,0.0,0.0,0.000,0.7700,0.0011,0.1734,2526.72,17.6555,10.3323,53.17,0.0000,0.00,0,0,0,2526.64,0,0.000,0.0000
2026-08-24T00:49:40.435697,2796.08,DONE,7.0622,23.4667,105.75,0.0000,0.0000,20.6660,0,0.0,0.0,0.0,0.0,0.000,0.7700,0.0011,0.1734,2527.72,17.6555,10.3323,53.17,0.0000,0.00,0,0,0,2527.64,0,0.000,0.0000
2026-08-24T00:49:41.435916,2797.08,DONE,7.0622,23.4667,105.75,0.0000,0.0000,20.6660,0,0.0,0.0,0.0,0.0,0.000,0.7700,0.0011,0.1734,2528.72,17.6555,10.3323,53.17,0.0000,0.00,0,0,0,2528.64,0,0.000,0.0000
2026-08-24T00:49:42.436004,2798.08,DONE,7.0622,23.4667,105.75,0.0000,0.0000,20.6660,0,0.0,0.0,0.0,0.0,0.000,0.7700,0.0011,0.1734,2529.72,17.6555,10.3323,53.17,0.0000,0.00,0,0,0,2529.64,0,0.000,0.0000
2026-08-24T00:49:43.435802,2799.08,DONE,7.0622,23.4667,105.75,0.0000,0.0000,20.6660,0,0.0,0.0,0.0,0.0,0.000,0.7700,0.0011,0.1734,2530.72,17.6555,10.3323,53.17,0.0000,0.00,0,0,0,2530.64,0,0.000,0.0000
2026-08-24T00:49:44.435664,2800.08,DONE,7.0622,23.4667,105.75,0.0000,0.0000,20.6660,0,0.0,0.0,0.0,0.0,0.000,0.7700,0.0011,0.1734,2531.72,17.6555,10.3323,53.17,0.0000,0.00,0,0,0,2531.64,0,0.000,0.0000
2026-08-24T00:49:45.435611,2801.08,DONE,7.0622,23.4667,105.75,0.0000,0.0000,20.6660,0,0.0,0.0,0.0,0.0,0.000,0.7700,0.0011,0.1734,2532.72,17.6555,10.3323,53.17,0.0000,0.00,0,0,0,2532.64,0,0.000,0.0000
2026-08-24T00:49:46.435648,2802.08,DONE,7.0622,23.4667,105.75,0.0000,0.0000,20.6660,0,0.0,0.0,0.0,0.0,0.000,0.7700,0.0011,0.1734,2533.72,17.6555,10.3323,53.17,0.0000,0.00,0,0,0,2533.64,0,0.000,0.0000
2026-08-24T00:49:47.435660,2803.08,DONE,7.0622,23.4667,105.75,0.0000,0.0000,20.6660,0,0.0,0.0,0.0,0.0,0.000,0.7700,0.0011,0.1734,2534.72,17.6555,10.3323,53.17,0.0000,0.00,0,0,0,2534.64,0,0.000,0.0000
2026-08-24T00:49:48.436360,2804.08,DONE,7.0622,23.4667,105.75,0.0000,0.0000,20.6660,0,0.0,0.0,0.0,0.0,0.000,0.7700,0.0011,0.1734,2535.72,17.6555,10.3323,53.17,0.0000,0.00,0,0,0,2535.65,0,0.000,0.0000
2026-08-24T00:49:49.435635,2805.08,DONE,7.0622,23.4667,105.75,0.0000,0.0000,20.6660,0,0.0,0.0,0.0,0.0,0.000,0.7700,0.0011,0.1734,2536.72,17.6555,10.3323,53.17,0.0000,0.00,0,0,0,2536.64,0,0.000,0.0000
2026-08-24T00:49:50.435628,2806.08,DONE,7.0622,23.4667,105.75,0.0000,0.0000,20.6660,0,0.0,0.0,0.0,0.0,0.000,0.7700,0.0011,0.1734,2537.72,17.6555,10.3323,53.17,0.0000,0.00,0,0,0,2537.64,0,0.000,0.0000
2026-08-24T00:49:51.435641,2807.08,DONE,7.0622,23.4667,105.75,0.0000,0.0000,20.6660,0,0.0,0.0,0.0,0.0,0.000,0.7700,0.0011,0.1734,2538.72,17.6555,10.3323,53.17,0.0000,0.00,0,0,0,2538.64,0,0.000,0.0000
2026-08-24T00:49:52.435566,2808.08,DONE,7.0622,23.4667,105.75,0.0000,0.0000,20.6660,0,0.0,0.0,0.0,0.0,0.000,0.7700,0.0011,0.1734,2539.72,17.6555,10.3323,53.17,0.0000,0.00,0,0,0,2539.64,0,0.000,0.0000
2026-08-24T00:49:53.435787,2809.08,DONE,7.0622,23.4667,105.75,0.0000,0.0000,20.6660,0,0.0,0.0,0.0,0.0,0.000,0.7700,0.0011,0.1734,2540.72,17.6555,10.3323,53.17,0.0000,0.00,0,0,0,2540.64,0,0.000,0.0000
2026-08-24T00:49:54.436162,2810.08,DONE,7.0622,23.4667,105.75,0.0000,0.0000,20.6660,0,0.0,0.0,0.0,0.0,0.000,0.7700,0.0011,0.1734,2541.72,17.6555,10.3323,53.17,0.0000,0.00,0,0,0,2541.64,0,0.000,0.0000
2026-08-24T00:49:55.435678,2811.08,DONE,7.0622,23.4667,105.75,0.0000,0.0000,20.6660,0,0.0,0.0,0.0,0.0,0.000,0.7700,0.0011,0.1734,2542.72,17.6555,10.3323,53.17,0.0000,0.00,0,0,0,2542.64,0,0.000,0.0000
2026-08-24T00:49:56.436013,2812.08,DONE,7.0622,23.4667,105.75,0.0000,0.0000,20.6660,0,0.0,0.0,0.0,0.0,0.000,0.7700,0.0011,0.1734,2543.72,17.6555,10.3323,53.17,0.0000,0.00,0,0,0,2543.64,0,0.000,0.0000
2026-08-24T00:49:57.435719,2813.08,DONE,7.0622,23.4667,105.75,0.0000,0.0000,20.6660,0,0.0,0.0,0.0,0.0,0.000,0.7700,0.0011,0.1734,2544.72,17.6555,10.3323,53.17,0.0000,0.00,0,0,0,2544.64,0,0.000,0.0000
2026-08-24T00:49:58.435575,2814.08,DONE,7.0622,23.4667,105.75,0.0000,0.0000,20.6660,0,0.0,0.0,0.0,0.0,0.000,0.7700,0.0011,0.1734,2545.72,17.6555,10.3323,53.17,0.0000,0.00,0,0,0,2545.64,0,0.000,0.0000
2026-08-24T00:49:59.435884,2815.08,DONE,7.0622,23.4667,105.75,0.0000,0.0000,20.6660,0,0.0,0.0,0.0,0.0,0.000,0.7700,0.0011,0.1734,2546.72,17.6555,10.3323,53.17,0.0000,0.00,0,0,0,2546.64,0,0.000,0.0000
2026-08-24T00:50:00.435727,2816.08,DONE,7.0622,23.4667,105.75,0.0000,0.0000,20.6660,0,0.0,0.0,0.0,0.0,0.000,0.7700,0.0011,0.1734,2547.72,17.6555,10.3323,53.17,0.0000,0.00,0,0,0,2547.64,0,0.000,0.0000
2026-08-24T00:50:01.435580,2817.08,DONE,7.0622,23.4667,105.75,0.0000,0.0000,20.6660,0,0.0,0.0,0.0,0.0,0.000,0.7700,0.0011,0.1734,2548.72,17.6555,10.3323,53.17,0.0000,0.00,0,0,0,2548.64,0,0.000,0.0000
2026-08-24T00:50:02.436502,2818.08,DONE,7.0622,23.4667,105.75,0.0000,0.0000,20.6660,0,0.0,0.0,0.0,0.0,0.000,0.7700,0.0011,0.1734,2549.72,17.6555,10.3323,53.17,0.0000,0.00,0,0,0,2549.64,0,0.000,0.0000
2026-08-24T00:50:03.435642,2819.08,DONE,7.0622,23.4667,105.75,0.0000,0.0000,20.6660,0,0.0,0.0,0.0,0.0,0.000,0.7700,0.0011,0.1734,2550.72,17.6555,10.3323,53.17,0.0000,0.00,0,0,0,2550.64,0,0.000,0.0000
2026-08-24T00:50:04.435776,2820.08,DONE,7.0622,23.4667,105.75,0.0000,0.0000,20.6660,0,0.0,0.0,0.0,0.0,0.000,0.7700,0.0011,0.1734,2551.72,17.6555,10.3323,53.17,0.0000,0.00,0,0,0,2551.64,0,0.000,0.0000
2026-08-24T00:50:05.435767,2821.08,DONE,7.0622,23.4667,105.75,0.0000,0.0000,20.6660,0,0.0,0.0,0.0,0.0,0.000,0.7700,0.0011,0.1734,2552.72,17.6555,10.3323,53.17,0.0000,0.00,0,0,0,2552.64,0,0.000,0.0000
2026-08-24T00:50:06.435768,2822.08,DONE,7.0622,23.4667,105.75,0.0000,0.0000,20.6660,0,0.0,0.0,0.0,0.0,0.000,0.7700,0.0011,0.1734,2553.72,17.6555,10.3323,53.17,0.0000,0.00,0,0,0,2553.64,0,0.000,0.0000
2026-08-24T00:50:07.436203,2823.08,DONE,7.0622,23.4667,105.75,0.0000,0.0000,20.6660,0,0.0,0.0,0.0,0.0,0.000,0.7700,0.0011,0.1734,2554.72,17.6555,10.3323,53.17,0.0000,0.00,0,0,0,2554.64,0,0.000,0.0000
2026-08-24T00:50:08.435676,2824.08,DONE,7.0622,23.4667,105.75,0.0000,0.0000,20.6660,0,0.0,0.0,0.0,0.0,0.000,0.7700,0.0011,0.1734,2555.72,17.6555,10.3323,53.17,0.0000,0.00,0,0,0,2555.64,0,0.000,0.0000
2026-08-24T00:50:09.435814,2825.08,DONE,7.0622,23.4667,105.75,0.0000,0.0000,20.6660,0,0.0,0.0,0.0,0.0,0.000,0.7700,0.0011,0.1734,2556.72,17.6555,10.3323,53.17,0.0000,0.00,0,0,0,2556.64,0,0.000,0.0000
2026-08-24T00:50:10.435806,2826.08,DONE,7.0622,23.4667,105.75,0.0000,0.0000,20.6660,0,0.0,0.0,0.0,0.0,0.000,0.7700,0.0011,0.1734,2557.72,17.6555,10.3323,53.17,0.0000,0.00,0,0,0,2557.64,0,0.000,0.0000
2026-08-24T00:50:11.435807,2827.08,DONE,7.0622,23.4667,105.75,0.0000,0.0000,20.6660,0,0.0,0.0,0.0,0.0,0.000,0.7700,0.0011,0.1734,2558.72,17.6555,10.3323,53.17,0.0000,0.00,0,0,0,2558.64,0,0.000,0.0000
2026-08-24T00:50:12.435671,2828.08,DONE,7.0622,23.4667,105.75,0.0000,0.0000,20.6660,0,0.0,0.0,0.0,0.0,0.000,0.7700,0.0011,0.1734,2559.72,17.6555,10.3323,53.17,0.0000,0.00,0,0,0,2559.64,0,0.000,0.0000
2026-08-24T00:50:13.435623,2829.08,DONE,7.0622,23.4667,105.75,0.0000,0.0000,20.6660,0,0.0,0.0,0.0,0.0,0.000,0.7700,0.0011,0.1734,2560.72,17.6555,10.3323,53.17,0.0000,0.00,0,0,0,2560.64,0,0.000,0.0000
2026-08-24T00:50:14.435851,2830.08,DONE,7.0622,23.4667,105.75,0.0000,0.0000,20.6660,0,0.0,0.0,0.0,0.0,0.000,0.7700,0.0011,0.1734,2561.72,17.6555,10.3323,53.17,0.0000,0.00,0,0,0,2561.64,0,0.000,0.0000
2026-08-24T00:50:15.436446,2831.08,DONE,7.0622,23.4667,105.75,0.0000,0.0000,20.6660,0,0.0,0.0,0.0,0.0,0.000,0.7700,0.0011,0.1734,2562.72,17.6555,10.3323,53.17,0.0000,0.00,0,0,0,2562.64,0,0.000,0.0000
2026-08-24T00:50:16.435612,2832.08,DONE,7.0622,23.4667,105.75,0.0000,0.0000,20.6660,0,0.0,0.0,0.0,0.0,0.000,0.7700,0.0011,0.1734,2563.72,17.6555,10.3323,53.17,0.0000,0.00,0,0,0,2563.64,0,0.000,0.0000
2026-08-24T00:50:17.435574,2833.08,DONE,7.0622,23.4667,105.75,0.0000,0.0000,20.6660,0,0.0,0.0,0.0,0.0,0.000,0.7700,0.0011,0.1734,2564.72,17.6555,10.3323,53.17,0.0000,0.00,0,0,0,2564.64,0,0.000,0.0000
2026-08-24T00:50:18.435660,2834.08,DONE,7.0622,23.4667,105.75,0.0000,0.0000,20.6660,0,0.0,0.0,0.0,0.0,0.000,0.7700,0.0011,0.1734,2565.72,17.6555,10.3323,53.17,0.0000,0.00,0,0,0,2565.64,0,0.000,0.0000
2026-08-24T00:50:19.435813,2835.08,DONE,7.0622,23.4667,105.75,0.0000,0.0000,20.6660,0,0.0,0.0,0.0,0.0,0.000,0.7700,0.0011,0.1734,2566.72,17.6555,10.3323,53.17,0.0000,0.00,0,0,0,2566.64,0,0.000,0.0000
2026-08-24T00:50:20.435708,2836.08,DONE,7.0622,23.4667,105.75,0.0000,0.0000,20.6660,0,0.0,0.0,0.0,0.0,0.000,0.7700,0.0011,0.1734,2567.72,17.6555,10.3323,53.17,0.0000,0.00,0,0,0,2567.64,0,0.000,0.0000
2026-08-24T00:50:21.436056,2837.08,DONE,7.0622,23.4667,105.75,0.0000,0.0000,20.6660,0,0.0,0.0,0.0,0.0,0.000,0.7700,0.0011,0.1734,2568.72,17.6555,10.3323,53.17,0.0000,0.00,0,0,0,2568.64,0,0.000,0.0000
2026-08-24T00:50:22.435683,2838.08,DONE,7.0622,23.4667,105.75,0.0000,0.0000,20.6660,0,0.0,0.0,0.0,0.0,0.000,0.7700,0.0011,0.1734,2569.72,17.6555,10.3323,53.17,0.0000,0.00,0,0,0,2569.64,0,0.000,0.0000
2026-08-24T00:50:23.435577,2839.08,DONE,7.0622,23.4667,105.75,0.0000,0.0000,20.6660,0,0.0,0.0,0.0,0.0,0.000,0.7700,0.0011,0.1734,2570.72,17.6555,10.3323,53.17,0.0000,0.00,0,0,0,2570.64,0,0.000,0.0000
2026-08-24T00:50:24.435640,2840.08,DONE,7.0622,23.4667,105.75,0.0000,0.0000,20.6660,0,0.0,0.0,0.0,0.0,0.000,0.7700,0.0011,0.1734,2571.72,17.6555,10.3323,53.17,0.0000,0.00,0,0,0,2571.64,0,0.000,0.0000
2026-08-24T00:50:25.435647,2841.08,DONE,7.0622,23.4667,105.75,0.0000,0.0000,20.6660,0,0.0,0.0,0.0,0.0,0.000,0.7700,0.0011,0.1734,2572.72,17.6555,10.3323,53.17,0.0000,0.00,0,0,0,2572.64,0,0.000,0.0000
2026-08-24T00:50:26.437400,2842.08,DONE,7.0622,23.4667,105.75,0.0000,0.0000,20.6660,0,0.0,0.0,0.0,0.0,0.000,0.7700,0.0011,0.1734,2573.72,17.6555,10.3323,53.17,0.0000,0.00,0,0,0,2573.64,0,0.000,0.0000
2026-08-24T00:50:27.435912,2843.08,DONE,7.0622,23.4667,105.75,0.0000,0.0000,20.6660,0,0.0,0.0,0.0,0.0,0.000,0.7700,0.0011,0.1734,2574.72,17.6555,10.3323,53.17,0.0000,0.00,0,0,0,2574.64,0,0.000,0.0000
2026-08-24T00:50:28.435774,2844.08,DONE,7.0622,23.4667,105.75,0.0000,0.0000,20.6660,0,0.0,0.0,0.0,0.0,0.000,0.7700,0.0011,0.1734,2575.72,17.6555,10.3323,53.17,0.0000,0.00,0,0,0,2575.64,0,0.000,0.0000
2026-08-24T00:50:29.435936,2845.08,DONE,7.0622,23.4667,105.75,0.0000,0.0000,20.6660,0,0.0,0.0,0.0,0.0,0.000,0.7700,0.0011,0.1734,2576.72,17.6555,10.3323,53.17,0.0000,0.00,0,0,0,2576.64,0,0.000,0.0000
2026-08-24T00:50:30.435551,2846.08,DONE,7.0622,23.4667,105.75,0.0000,0.0000,20.6660,0,0.0,0.0,0.0,0.0,0.000,0.7700,0.0011,0.1734,2577.72,17.6555,10.3323,53.17,0.0000,0.00,0,0,0,2577.64,0,0.000,0.0000
2026-08-24T00:50:31.435916,2847.08,DONE,7.0622,23.4667,105.75,0.0000,0.0000,20.6660,0,0.0,0.0,0.0,0.0,0.000,0.7700,0.0011,0.1734,2578.72,17.6555,10.3323,53.17,0.0000,0.00,0,0,0,2578.64,0,0.000,0.0000
2026-08-24T00:50:32.435788,2848.08,DONE,7.0622,23.4667,105.75,0.0000,0.0000,20.6660,0,0.0,0.0,0.0,0.0,0.000,0.7700,0.0011,0.1734,2579.72,17.6555,10.3323,53.17,0.0000,0.00,0,0,0,2579.64,0,0.000,0.0000
2026-08-24T00:50:33.436028,2849.08,DONE,7.0622,23.4667,105.75,0.0000,0.0000,20.6660,0,0.0,0.0,0.0,0.0,0.000,0.7700,0.0011,0.1734,2580.72,17.6555,10.3323,53.17,0.0000,0.00,0,0,0,2580.64,0,0.000,0.0000
2026-08-24T00:50:34.435823,2850.08,DONE,7.0622,23.4667,105.75,0.0000,0.0000,20.6660,0,0.0,0.0,0.0,0.0,0.000,0.7700,0.0011,0.1734,2581.72,17.6555,10.3323,53.17,0.0000,0.00,0,0,0,2581.64,0,0.000,0.0000
2026-08-24T00:50:35.435748,2851.08,DONE,7.0622,23.4667,105.75,0.0000,0.0000,20.6660,0,0.0,0.0,0.0,0.0,0.000,0.7700,0.0011,0.1734,2582.72,17.6555,10.3323,53.17,0.0000,0.00,0,0,0,2582.64,0,0.000,0.0000
2026-08-24T00:50:36.435725,2852.08,DONE,7.0622,23.4667,105.75,0.0000,0.0000,20.6660,0,0.0,0.0,0.0,0.0,0.000,0.7700,0.0011,0.1734,2583.72,17.6555,10.3323,53.17,0.0000,0.00,0,0,0,2583.64,0,0.000,0.0000
2026-08-24T00:50:37.435743,2853.08,DONE,7.0622,23.4667,105.75,0.0000,0.0000,20.6660,0,0.0,0.0,0.0,0.0,0.000,0.7700,0.0011,0.1734,2584.72,17.6555,10.3323,53.17,0.0000,0.00,0,0,0,2584.64,0,0.000,0.0000
2026-08-24T00:50:38.435586,2854.08,DONE,7.0622,23.4667,105.75,0.0000,0.0000,20.6660,0,0.0,0.0,0.0,0.0,0.000,0.7700,0.0011,0.1734,2585.72,17.6555,10.3323,53.17,0.0000,0.00,0,0,0,2585.64,0,0.000,0.0000
2026-08-24T00:50:39.435742,2855.08,DONE,7.0622,23.4667,105.75,0.0000,0.0000,20.6660,0,0.0,0.0,0.0,0.0,0.000,0.7700,0.0011,0.1734,2586.72,17.6555,10.3323,53.17,0.0000,0.00,0,0,0,2586.64,0,0.000,0.0000
2026-08-24T00:50:40.435945,2856.08,DONE,7.0622,23.4667,105.75,0.0000,0.0000,20.6660,0,0.0,0.0,0.0,0.0,0.000,0.7700,0.0011,0.1734,2587.72,17.6555,10.3323,53.17,0.0000,0.00,0,0,0,2587.64,0,0.000,0.0000
2026-08-24T00:50:41.435553,2857.08,DONE,7.0622,23.4667,105.75,0.0000,0.0000,20.6660,0,0.0,0.0,0.0,0.0,0.000,0.7700,0.0011,0.1734,2588.72,17.6555,10.3323,53.17,0.0000,0.00,0,0,0,2588.64,0,0.000,0.0000
2026-08-24T00:50:42.435655,2858.08,DONE,7.0622,23.4667,105.75,0.0000,0.0000,20.6660,0,0.0,0.0,0.0,0.0,0.000,0.7700,0.0011,0.1734,2589.72,17.6555,10.3323,53.17,0.0000,0.00,0,0,0,2589.64,0,0.000,0.0000
2026-08-24T00:50:43.436099,2859.08,DONE,7.0622,23.4667,105.75,0.0000,0.0000,20.6660,0,0.0,0.0,0.0,0.0,0.000,0.7700,0.0011,0.1734,2590.72,17.6555,10.3323,53.17,0.0000,0.00,0,0,0,2590.64,0,0.000,0.0000
2026-08-24T00:50:44.435582,2860.08,DONE,7.0622,23.4667,105.75,0.0000,0.0000,20.6660,0,0.0,0.0,0.0,0.0,0.000,0.7700,0.0011,0.1734,2591.72,17.6555,10.3323,53.17,0.0000,0.00,0,0,0,2591.64,0,0.000,0.0000
2026-08-24T00:50:45.435663,2861.08,DONE,7.0622,23.4667,105.75,0.0000,0.0000,20.6660,0,0.0,0.0,0.0,0.0,0.000,0.7700,0.0011,0.1734,2592.72,17.6555,10.3323,53.17,0.0000,0.00,0,0,0,2592.64,0,0.000,0.0000
2026-08-24T00:50:46.435840,2862.08,DONE,7.0622,23.4667,105.75,0.0000,0.0000,20.6660,0,0.0,0.0,0.0,0.0,0.000,0.7700,0.0011,0.1734,2593.72,17.6555,10.3323,53.17,0.0000,0.00,0,0,0,2593.64,0,0.000,0.0000
2026-08-24T00:50:47.435644,2863.08,DONE,7.0622,23.4667,105.75,0.0000,0.0000,20.6660,0,0.0,0.0,0.0,0.0,0.000,0.7700,0.0011,0.1734,2594.72,17.6555,10.3323,53.17,0.0000,0.00,0,0,0,2594.64,0,0.000,0.0000
2026-08-24T00:50:48.435693,2864.08,DONE,7.0622,23.4667,105.75,0.0000,0.0000,20.6660,0,0.0,0.0,0.0,0.0,0.000,0.7700,0.0011,0.1734,2595.72,17.6555,10.3323,53.17,0.0000,0.00,0,0,0,2595.64,0,0.000,0.0000
2026-08-24T00:50:49.435672,2865.08,DONE,7.0622,23.4667,105.75,0.0000,0.0000,20.6660,0,0.0,0.0,0.0,0.0,0.000,0.7700,0.0011,0.1734,2596.72,17.6555,10.3323,53.17,0.0000,0.00,0,0,0,2596.64,0,0.000,0.0000
2026-08-24T00:50:50.435706,2866.08,DONE,7.0622,23.4667,105.75,0.0000,0.0000,20.6660,0,0.0,0.0,0.0,0.0,0.000,0.7700,0.0011,0.1734,2597.72,17.6555,10.3323,53.17,0.0000,0.00,0,0,0,2597.64,0,0.000,0.0000
2026-08-24T00:50:51.435733,2867.08,DONE,7.0622,23.4667,105.75,0.0000,0.0000,20.6660,0,0.0,0.0,0.0,0.0,0.000,0.7700,0.0011,0.1734,2598.72,17.6555,10.3323,53.17,0.0000,0.00,0,0,0,2598.64,0,0.000,0.0000
2026-08-24T00:50:52.435553,2868.08,DONE,7.0622,23.4667,105.75,0.0000,0.0000,20.6660,0,0.0,0.0,0.0,0.0,0.000,0.7700,0.0011,0.1734,2599.72,17.6555,10.3323,53.17,0.0000,0.00,0,0,0,2599.64,0,0.000,0.0000
2026-08-24T00:50:53.435962,2869.08,DONE,7.0622,23.4667,105.75,0.0000,0.0000,20.6660,0,0.0,0.0,0.0,0.0,0.000,0.7700,0.0011,0.1734,2600.72,17.6555,10.3323,53.17,0.0000,0.00,0,0,0,2600.64,0,0.000,0.0000
2026-08-24T00:50:54.435759,2870.08,DONE,7.0622,23.4667,105.75,0.0000,0.0000,20.6660,0,0.0,0.0,0.0,0.0,0.000,0.7700,0.0011,0.1734,2601.72,17.6555,10.3323,53.17,0.0000,0.00,0,0,0,2601.64,0,0.000,0.0000
2026-08-24T00:50:55.435610,2871.08,DONE,7.0622,23.4667,105.75,0.0000,0.0000,20.6660,0,0.0,0.0,0.0,0.0,0.000,0.7700,0.0011,0.1734,2602.72,17.6555,10.3323,53.17,0.0000,0.00,0,0,0,2602.64,0,0.000,0.0000
2026-08-24T00:50:56.436115,2872.08,DONE,7.0622,23.4667,105.75,0.0000,0.0000,20.6660,0,0.0,0.0,0.0,0.0,0.000,0.7700,0.0011,0.1734,2603.72,17.6555,10.3323,53.17,0.0000,0.00,0,0,0,2603.64,0,0.000,0.0000
2026-08-24T00:50:57.435582,2873.08,DONE,7.0622,23.4667,105.75,0.0000,0.0000,20.6660,0,0.0,0.0,0.0,0.0,0.000,0.7700,0.0011,0.1734,2604.72,17.6555,10.3323,53.17,0.0000,0.00,0,0,0,2604.64,0,0.000,0.0000
2026-08-24T00:50:58.436258,2874.08,DONE,7.0622,23.4667,105.75,0.0000,0.0000,20.6660,0,0.0,0.0,0.0,0.0,0.000,0.7700,0.0011,0.1734,2605.72,17.6555,10.3323,53.17,0.0000,0.00,0,0,0,2605.64,0,0.000,0.0000
2026-08-24T00:50:59.435868,2875.08,DONE,7.0622,23.4667,105.75,0.0000,0.0000,20.6660,0,0.0,0.0,0.0,0.0,0.000,0.7700,0.0011,0.1734,2606.72,17.6555,10.3323,53.17,0.0000,0.00,0,0,0,2606.64,0,0.000,0.0000
2026-08-24T00:51:00.436070,2876.08,DONE,7.0622,23.4667,105.75,0.0000,0.0000,20.6660,0,0.0,0.0,0.0,0.0,0.000,0.7700,0.0011,0.1734,2607.72,17.6555,10.3323,53.17,0.0000,0.00,0,0,0,2607.64,0,0.000,0.0000
2026-08-24T00:51:01.435541,2877.08,DONE,7.0622,23.4667,105.75,0.0000,0.0000,20.6660,0,0.0,0.0,0.0,0.0,0.000,0.7700,0.0011,0.1734,2608.72,17.6555,10.3323,53.17,0.0000,0.00,0,0,0,2608.64,0,0.000,0.0000
2026-08-24T00:51:02.435646,2878.08,DONE,7.0622,23.4667,105.75,0.0000,0.0000,20.6660,0,0.0,0.0,0.0,0.0,0.000,0.7700,0.0011,0.1734,2609.72,17.6555,10.3323,53.17,0.0000,0.00,0,0,0,2609.64,0,0.000,0.0000
2026-08-24T00:51:03.435781,2879.08,DONE,7.0622,23.4667,105.75,0.0000,0.0000,20.6660,0,0.0,0.0,0.0,0.0,0.000,0.7700,0.0011,0.1734,2610.72,17.6555,10.3323,53.17,0.0000,0.00,0,0,0,2610.64,0,0.000,0.0000
2026-08-24T00:51:04.435618,2880.08,DONE,7.0622,23.4667,105.75,0.0000,0.0000,20.6660,0,0.0,0.0,0.0,0.0,0.000,0.7700,0.0011,0.1734,2611.72,17.6555,10.3323,53.17,0.0000,0.00,0,0,0,2611.64,0,0.000,0.0000
2026-08-24T00:51:05.436219,2881.08,DONE,7.0622,23.4667,105.75,0.0000,0.0000,20.6660,0,0.0,0.0,0.0,0.0,0.000,0.7700,0.0011,0.1734,2612.72,17.6555,10.3323,53.17,0.0000,0.00,0,0,0,2612.64,0,0.000,0.0000
2026-08-24T00:51:06.436008,2882.08,DONE,7.0622,23.4667,105.75,0.0000,0.0000,20.6660,0,0.0,0.0,0.0,0.0,0.000,0.7700,0.0011,0.1734,2613.72,17.6555,10.3323,53.17,0.0000,0.00,0,0,0,2613.64,0,0.000,0.0000
2026-08-24T00:51:07.436119,2883.08,DONE,7.0622,23.4667,105.75,0.0000,0.0000,20.6660,0,0.0,0.0,0.0,0.0,0.000,0.7700,0.0011,0.1734,2614.72,17.6555,10.3323,53.17,0.0000,0.00,0,0,0,2614.64,0,0.000,0.0000
2026-08-24T00:51:08.435877,2884.08,DONE,7.0622,23.4667,105.75,0.0000,0.0000,20.6660,0,0.0,0.0,0.0,0.0,0.000,0.7700,0.0011,0.1734,2615.72,17.6555,10.3323,53.17,0.0000,0.00,0,0,0,2615.64,0,0.000,0.0000
2026-08-24T00:51:09.435860,2885.08,DONE,7.0622,23.4667,105.75,0.0000,0.0000,20.6660,0,0.0,0.0,0.0,0.0,0.000,0.7700,0.0011,0.1734,2616.72,17.6555,10.3323,53.17,0.0000,0.00,0,0,0,2616.64,0,0.000,0.0000
2026-08-24T00:51:10.435557,2886.08,DONE,7.0622,23.4667,105.75,0.0000,0.0000,20.6660,0,0.0,0.0,0.0,0.0,0.000,0.7700,0.0011,0.1734,2617.72,17.6555,10.3323,53.17,0.0000,0.00,0,0,0,2617.64,0,0.000,0.0000
2026-08-24T00:51:11.435489,2887.08,DONE,7.0622,23.4667,105.75,0.0000,0.0000,20.6660,0,0.0,0.0,0.0,0.0,0.000,0.7700,0.0011,0.1734,2618.72,17.6555,10.3323,53.17,0.0000,0.00,0,0,0,2618.64,0,0.000,0.0000
2026-08-24T00:51:12.435581,2888.08,DONE,7.0622,23.4667,105.75,0.0000,0.0000,20.6660,0,0.0,0.0,0.0,0.0,0.000,0.7700,0.0011,0.1734,2619.72,17.6555,10.3323,53.17,0.0000,0.00,0,0,0,2619.64,0,0.000,0.0000
2026-08-24T00:51:13.435856,2889.08,DONE,7.0622,23.4667,105.75,0.0000,0.0000,20.6660,0,0.0,0.0,0.0,0.0,0.000,0.7700,0.0011,0.1734,2620.72,17.6555,10.3323,53.17,0.0000,0.00,0,0,0,2620.64,0,0.000,0.0000
2026-08-24T00:51:14.436681,2890.08,DONE,7.0622,23.4667,105.75,0.0000,0.0000,20.6660,0,0.0,0.0,0.0,0.0,0.000,0.7700,0.0011,0.1734,2621.72,17.6555,10.3323,53.17,0.0000,0.00,0,0,0,2621.64,0,0.000,0.0000
2026-08-24T00:51:15.435825,2891.08,DONE,7.0622,23.4667,105.75,0.0000,0.0000,20.6660,0,0.0,0.0,0.0,0.0,0.000,0.7700,0.0011,0.1734,2622.72,17.6555,10.3323,53.17,0.0000,0.00,0,0,0,2622.64,0,0.000,0.0000
2026-08-24T00:51:16.435641,2892.08,DONE,7.0622,23.4667,105.75,0.0000,0.0000,20.6660,0,0.0,0.0,0.0,0.0,0.000,0.7700,0.0011,0.1734,2623.72,17.6555,10.3323,53.17,0.0000,0.00,0,0,0,2623.64,0,0.000,0.0000
2026-08-24T00:51:17.435691,2893.08,DONE,7.0622,23.4667,105.75,0.0000,0.0000,20.6660,0,0.0,0.0,0.0,0.0,0.000,0.7700,0.0011,0.1734,2624.72,17.6555,10.3323,53.17,0.0000,0.00,0,0,0,2624.64,0,0.000,0.0000
2026-08-24T00:51:18.436410,2894.08,DONE,7.0622,23.4667,105.75,0.0000,0.0000,20.6660,0,0.0,0.0,0.0,0.0,0.000,0.7700,0.0011,0.1734,2625.72,17.6555,10.3323,53.17,0.0000,0.00,0,0,0,2625.64,0,0.000,0.0000
2026-08-24T00:51:19.435580,2895.08,DONE,7.0622,23.4667,105.75,0.0000,0.0000,20.6660,0,0.0,0.0,0.0,0.0,0.000,0.7700,0.0011,0.1734,2626.72,17.6555,10.3323,53.17,0.0000,0.00,0,0,0,2626.64,0,0.000,0.0000
2026-08-24T00:51:20.436136,2896.08,DONE,7.0622,23.4667,105.75,0.0000,0.0000,20.6660,0,0.0,0.0,0.0,0.0,0.000,0.7700,0.0011,0.1734,2627.72,17.6555,10.3323,53.17,0.0000,0.00,0,0,0,2627.64,0,0.000,0.0000
2026-08-24T00:51:21.435554,2897.08,DONE,7.0622,23.4667,105.75,0.0000,0.0000,20.6660,0,0.0,0.0,0.0,0.0,0.000,0.7700,0.0011,0.1734,2628.72,17.6555,10.3323,53.17,0.0000,0.00,0,0,0,2628.64,0,0.000,0.0000
2026-08-24T00:51:22.435659,2898.08,DONE,7.0622,23.4667,105.75,0.0000,0.0000,20.6660,0,0.0,0.0,0.0,0.0,0.000,0.7700,0.0011,0.1734,2629.72,17.6555,10.3323,53.17,0.0000,0.00,0,0,0,2629.64,0,0.000,0.0000
2026-08-24T00:51:23.436818,2899.08,DONE,7.0622,23.4667,105.75,0.0000,0.0000,20.6660,0,0.0,0.0,0.0,0.0,0.000,0.7700,0.0011,0.1734,2630.72,17.6555,10.3323,53.17,0.0000,0.00,0,0,0,2630.64,0,0.000,0.0000
2026-08-24T00:51:24.435837,2900.08,DONE,7.0622,23.4667,105.75,0.0000,0.0000,20.6660,0,0.0,0.0,0.0,0.0,0.000,0.7700,0.0011,0.1734,2631.72,17.6555,10.3323,53.17,0.0000,0.00,0,0,0,2631.64,0,0.000,0.0000
2026-08-24T00:51:25.435831,2901.08,DONE,7.0622,23.4667,105.75,0.0000,0.0000,20.6660,0,0.0,0.0,0.0,0.0,0.000,0.7700,0.0011,0.1734,2632.72,17.6555,10.3323,53.17,0.0000,0.00,0,0,0,2632.64,0,0.000,0.0000
2026-08-24T00:51:26.435831,2902.08,DONE,7.0622,23.4667,105.75,0.0000,0.0000,20.6660,0,0.0,0.0,0.0,0.0,0.000,0.7700,0.0011,0.1734,2633.72,17.6555,10.3323,53.17,0.0000,0.00,0,0,0,2633.64,0,0.000,0.0000
2026-08-24T00:51:27.435527,2903.08,DONE,7.0622,23.4667,105.75,0.0000,0.0000,20.6660,0,0.0,0.0,0.0,0.0,0.000,0.7700,0.0011,0.1734,2634.72,17.6555,10.3323,53.17,0.0000,0.00,0,0,0,2634.64,0,0.000,0.0000
2026-08-24T00:51:28.436163,2904.08,DONE,7.0622,23.4667,105.75,0.0000,0.0000,20.6660,0,0.0,0.0,0.0,0.0,0.000,0.7700,0.0011,0.1734,2635.72,17.6555,10.3323,53.17,0.0000,0.00,0,0,0,2635.64,0,0.000,0.0000
2026-08-24T00:51:29.435659,2905.08,DONE,7.0622,23.4667,105.75,0.0000,0.0000,20.6660,0,0.0,0.0,0.0,0.0,0.000,0.7700,0.0011,0.1734,2636.72,17.6555,10.3323,53.17,0.0000,0.00,0,0,0,2636.64,0,0.000,0.0000
2026-08-24T00:51:30.435668,2906.08,DONE,7.0622,23.4667,105.75,0.0000,0.0000,20.6660,0,0.0,0.0,0.0,0.0,0.000,0.7700,0.0011,0.1734,2637.72,17.6555,10.3323,53.17,0.0000,0.00,0,0,0,2637.64,0,0.000,0.0000
2026-08-24T00:51:31.435559,2907.08,DONE,7.0622,23.4667,105.75,0.0000,0.0000,20.6660,0,0.0,0.0,0.0,0.0,0.000,0.7700,0.0011,0.1734,2638.72,17.6555,10.3323,53.17,0.0000,0.00,0,0,0,2638.64,0,0.000,0.0000
2026-08-24T00:51:32.435699,2908.08,DONE,7.0622,23.4667,105.75,0.0000,0.0000,20.6660,0,0.0,0.0,0.0,0.0,0.000,0.7700,0.0011,0.1734,2639.72,17.6555,10.3323,53.17,0.0000,0.00,0,0,0,2639.64,0,0.000,0.0000
2026-08-24T00:51:33.435678,2909.08,DONE,7.0622,23.4667,105.75,0.0000,0.0000,20.6660,0,0.0,0.0,0.0,0.0,0.000,0.7700,0.0011,0.1734,2640.72,17.6555,10.3323,53.17,0.0000,0.00,0,0,0,2640.64,0,0.000,0.0000
2026-08-24T00:51:34.435877,2910.08,DONE,7.0622,23.4667,105.75,0.0000,0.0000,20.6660,0,0.0,0.0,0.0,0.0,0.000,0.7700,0.0011,0.1734,2641.72,17.6555,10.3323,53.17,0.0000,0.00,0,0,0,2641.64,0,0.000,0.0000
2026-08-24T00:51:35.435946,2911.08,DONE,7.0622,23.4667,105.75,0.0000,0.0000,20.6660,0,0.0,0.0,0.0,0.0,0.000,0.7700,0.0011,0.1734,2642.72,17.6555,10.3323,53.17,0.0000,0.00,0,0,0,2642.64,0,0.000,0.0000
2026-08-24T00:51:36.435845,2912.08,DONE,7.0622,23.4667,105.75,0.0000,0.0000,20.6660,0,0.0,0.0,0.0,0.0,0.000,0.7700,0.0011,0.1734,2643.72,17.6555,10.3323,53.17,0.0000,0.00,0,0,0,2643.64,0,0.000,0.0000
2026-08-24T00:51:37.436275,2913.08,DONE,7.0622,23.4667,105.75,0.0000,0.0000,20.6660,0,0.0,0.0,0.0,0.0,0.000,0.7700,0.0011,0.1734,2644.72,17.6555,10.3323,53.17,0.0000,0.00,0,0,0,2644.64,0,0.000,0.0000
2026-08-24T00:51:38.435690,2914.08,DONE,7.0622,23.4667,105.75,0.0000,0.0000,20.6660,0,0.0,0.0,0.0,0.0,0.000,0.7700,0.0011,0.1734,2645.72,17.6555,10.3323,53.17,0.0000,0.00,0,0,0,2645.64,0,0.000,0.0000
2026-08-24T00:51:39.436018,2915.08,DONE,7.0622,23.4667,105.75,0.0000,0.0000,20.6660,0,0.0,0.0,0.0,0.0,0.000,0.7700,0.0011,0.1734,2646.72,17.6555,10.3323,53.17,0.0000,0.00,0,0,0,2646.64,0,0.000,0.0000
2026-08-24T00:51:40.435575,2916.08,DONE,7.0622,23.4667,105.75,0.0000,0.0000,20.6660,0,0.0,0.0,0.0,0.0,0.000,0.7700,0.0011,0.1734,2647.72,17.6555,10.3323,53.17,0.0000,0.00,0,0,0,2647.64,0,0.000,0.0000
2026-08-24T00:51:41.435664,2917.08,DONE,7.0622,23.4667,105.75,0.0000,0.0000,20.6660,0,0.0,0.0,0.0,0.0,0.000,0.7700,0.0011,0.1734,2648.72,17.6555,10.3323,53.17,0.0000,0.00,0,0,0,2648.64,0,0.000,0.0000
2026-08-24T00:51:42.435674,2918.08,DONE,7.0622,23.4667,105.75,0.0000,0.0000,20.6660,0,0.0,0.0,0.0,0.0,0.000,0.7700,0.0011,0.1734,2649.72,17.6555,10.3323,53.17,0.0000,0.00,0,0,0,2649.64,0,0.000,0.0000
2026-08-24T00:51:43.435655,2919.08,DONE,7.0622,23.4667,105.75,0.0000,0.0000,20.6660,0,0.0,0.0,0.0,0.0,0.000,0.7700,0.0011,0.1734,2650.72,17.6555,10.3323,53.17,0.0000,0.00,0,0,0,2650.64,0,0.000,0.0000
2026-08-24T00:51:44.435581,2920.08,DONE,7.0622,23.4667,105.75,0.0000,0.0000,20.6660,0,0.0,0.0,0.0,0.0,0.000,0.7700,0.0011,0.1734,2651.72,17.6555,10.3323,53.17,0.0000,0.00,0,0,0,2651.64,0,0.000,0.0000
2026-08-24T00:51:45.435747,2921.08,DONE,7.0622,23.4667,105.75,0.0000,0.0000,20.6660,0,0.0,0.0,0.0,0.0,0.000,0.7700,0.0011,0.1734,2652.72,17.6555,10.3323,53.17,0.0000,0.00,0,0,0,2652.64,0,0.000,0.0000
2026-08-24T00:51:46.436136,2922.08,DONE,7.0622,23.4667,105.75,0.0000,0.0000,20.6660,0,0.0,0.0,0.0,0.0,0.000,0.7700,0.0011,0.1734,2653.72,17.6555,10.3323,53.17,0.0000,0.00,0,0,0,2653.64,0,0.000,0.0000
2026-08-24T00:51:47.436457,2923.08,DONE,7.0622,23.4667,105.75,0.0000,0.0000,20.6660,0,0.0,0.0,0.0,0.0,0.000,0.7700,0.0011,0.1734,2654.72,17.6555,10.3323,53.17,0.0000,0.00,0,0,0,2654.64,0,0.000,0.0000
2026-08-24T00:51:48.435600,2924.08,DONE,7.0622,23.4667,105.75,0.0000,0.0000,20.6660,0,0.0,0.0,0.0,0.0,0.000,0.7700,0.0011,0.1734,2655.72,17.6555,10.3323,53.17,0.0000,0.00,0,0,0,2655.64,0,0.000,0.0000
2026-08-24T00:51:49.435524,2925.08,DONE,7.0622,23.4667,105.75,0.0000,0.0000,20.6660,0,0.0,0.0,0.0,0.0,0.000,0.7700,0.0011,0.1734,2656.72,17.6555,10.3323,53.17,0.0000,0.00,0,0,0,2656.64,0,0.000,0.0000
2026-08-24T00:51:50.435546,2926.08,DONE,7.0622,23.4667,105.75,0.0000,0.0000,20.6660,0,0.0,0.0,0.0,0.0,0.000,0.7700,0.0011,0.1734,2657.72,17.6555,10.3323,53.17,0.0000,0.00,0,0,0,2657.64,0,0.000,0.0000
2026-08-24T00:51:51.435574,2927.08,DONE,7.0622,23.4667,105.75,0.0000,0.0000,20.6660,0,0.0,0.0,0.0,0.0,0.000,0.7700,0.0011,0.1734,2658.72,17.6555,10.3323,53.17,0.0000,0.00,0,0,0,2658.64,0,0.000,0.0000
2026-08-24T00:51:52.435913,2928.08,DONE,7.0622,23.4667,105.75,0.0000,0.0000,20.6660,0,0.0,0.0,0.0,0.0,0.000,0.7700,0.0011,0.1734,2659.72,17.6555,10.3323,53.17,0.0000,0.00,0,0,0,2659.64,0,0.000,0.0000
2026-08-24T00:51:53.435554,2929.08,DONE,7.0622,23.4667,105.75,0.0000,0.0000,20.6660,0,0.0,0.0,0.0,0.0,0.000,0.7700,0.0011,0.1734,2660.72,17.6555,10.3323,53.17,0.0000,0.00,0,0,0,2660.64,0,0.000,0.0000
2026-08-24T00:51:54.435614,2930.08,DONE,7.0622,23.4667,105.75,0.0000,0.0000,20.6660,0,0.0,0.0,0.0,0.0,0.000,0.7700,0.0011,0.1734,2661.72,17.6555,10.3323,53.17,0.0000,0.00,0,0,0,2661.64,0,0.000,0.0000
2026-08-24T00:51:55.435642,2931.08,DONE,7.0622,23.4667,105.75,0.0000,0.0000,20.6660,0,0.0,0.0,0.0,0.0,0.000,0.7700,0.0011,0.1734,2662.72,17.6555,10.3323,53.17,0.0000,0.00,0,0,0,2662.64,0,0.000,0.0000
2026-08-24T00:51:56.435794,2932.08,DONE,7.0622,23.4667,105.75,0.0000,0.0000,20.6660,0,0.0,0.0,0.0,0.0,0.000,0.7700,0.0011,0.1734,2663.72,17.6555,10.3323,53.17,0.0000,0.00,0,0,0,2663.64,0,0.000,0.0000
2026-08-24T00:51:57.435662,2933.08,DONE,7.0622,23.4667,105.75,0.0000,0.0000,20.6660,0,0.0,0.0,0.0,0.0,0.000,0.7700,0.0011,0.1734,2664.72,17.6555,10.3323,53.17,0.0000,0.00,0,0,0,2664.64,0,0.000,0.0000
2026-08-24T00:51:58.435682,2934.08,DONE,7.0622,23.4667,105.75,0.0000,0.0000,20.6660,0,0.0,0.0,0.0,0.0,0.000,0.7700,0.0011,0.1734,2665.72,17.6555,10.3323,53.17,0.0000,0.00,0,0,0,2665.64,0,0.000,0.0000
2026-08-24T00:51:59.436053,2935.08,DONE,7.0622,23.4667,105.75,0.0000,0.0000,20.6660,0,0.0,0.0,0.0,0.0,0.000,0.7700,0.0011,0.1734,2666.72,17.6555,10.3323,53.17,0.0000,0.00,0,0,0,2666.64,0,0.000,0.0000
2026-08-24T00:52:00.435646,2936.08,DONE,7.0622,23.4667,105.75,0.0000,0.0000,20.6660,0,0.0,0.0,0.0,0.0,0.000,0.7700,0.0011,0.1734,2667.72,17.6555,10.3323,53.17,0.0000,0.00,0,0,0,2667.64,0,0.000,0.0000
2026-08-24T00:52:01.435665,2937.08,DONE,7.0622,23.4667,105.75,0.0000,0.0000,20.6660,0,0.0,0.0,0.0,0.0,0.000,0.7700,0.0011,0.1734,2668.72,17.6555,10.3323,53.17,0.0000,0.00,0,0,0,2668.64,0,0.000,0.0000
2026-08-24T00:52:02.435963,2938.08,DONE,7.0622,23.4667,105.75,0.0000,0.0000,20.6660,0,0.0,0.0,0.0,0.0,0.000,0.7700,0.0011,0.1734,2669.72,17.6555,10.3323,53.17,0.0000,0.00,0,0,0,2669.64,0,0.000,0.0000
2026-08-24T00:52:03.435828,2939.08,DONE,7.0622,23.4667,105.75,0.0000,0.0000,20.6660,0,0.0,0.0,0.0,0.0,0.000,0.7700,0.0011,0.1734,2670.72,17.6555,10.3323,53.17,0.0000,0.00,0,0,0,2670.64,0,0.000,0.0000
2026-08-24T00:52:04.435523,2940.08,DONE,7.0622,23.4667,105.75,0.0000,0.0000,20.6660,0,0.0,0.0,0.0,0.0,0.000,0.7700,0.0011,0.1734,2671.72,17.6555,10.3323,53.17,0.0000,0.00,0,0,0,2671.64,0,0.000,0.0000
2026-08-24T00:52:05.436090,2941.08,DONE,7.0622,23.4667,105.75,0.0000,0.0000,20.6660,0,0.0,0.0,0.0,0.0,0.000,0.7700,0.0011,0.1734,2672.72,17.6555,10.3323,53.17,0.0000,0.00,0,0,0,2672.64,0,0.000,0.0000
2026-08-24T00:52:06.436516,2942.08,DONE,7.0622,23.4667,105.75,0.0000,0.0000,20.6660,0,0.0,0.0,0.0,0.0,0.000,0.7700,0.0011,0.1734,2673.72,17.6555,10.3323,53.17,0.0000,0.00,0,0,0,2673.64,0,0.000,0.0000
2026-08-24T00:52:07.435985,2943.08,DONE,7.0622,23.4667,105.75,0.0000,0.0000,20.6660,0,0.0,0.0,0.0,0.0,0.000,0.7700,0.0011,0.1734,2674.72,17.6555,10.3323,53.17,0.0000,0.00,0,0,0,2674.64,0,0.000,0.0000
2026-08-24T00:52:08.435562,2944.08,DONE,7.0622,23.4667,105.75,0.0000,0.0000,20.6660,0,0.0,0.0,0.0,0.0,0.000,0.7700,0.0011,0.1734,2675.72,17.6555,10.3323,53.17,0.0000,0.00,0,0,0,2675.64,0,0.000,0.0000
2026-08-24T00:52:09.435871,2945.08,DONE,7.0622,23.4667,105.75,0.0000,0.0000,20.6660,0,0.0,0.0,0.0,0.0,0.000,0.7700,0.0011,0.1734,2676.72,17.6555,10.3323,53.17,0.0000,0.00,0,0,0,2676.64,0,0.000,0.0000
2026-08-24T00:52:10.435836,2946.08,DONE,7.0622,23.4667,105.75,0.0000,0.0000,20.6660,0,0.0,0.0,0.0,0.0,0.000,0.7700,0.0011,0.1734,2677.72,17.6555,10.3323,53.17,0.0000,0.00,0,0,0,2677.64,0,0.000,0.0000
2026-08-24T00:52:11.436074,2947.08,DONE,7.0622,23.4667,105.75,0.0000,0.0000,20.6660,0,0.0,0.0,0.0,0.0,0.000,0.7700,0.0011,0.1734,2678.72,17.6555,10.3323,53.17,0.0000,0.00,0,0,0,2678.64,0,0.000,0.0000
2026-08-24T00:52:12.435585,2948.08,DONE,7.0622,23.4667,105.75,0.0000,0.0000,20.6660,0,0.0,0.0,0.0,0.0,0.000,0.7700,0.0011,0.1734,2679.72,17.6555,10.3323,53.17,0.0000,0.00,0,0,0,2679.64,0,0.000,0.0000
2026-08-24T00:52:13.435461,2949.08,DONE,7.0622,23.4667,105.75,0.0000,0.0000,20.6660,0,0.0,0.0,0.0,0.0,0.000,0.7700,0.0011,0.1734,2680.72,17.6555,10.3323,53.17,0.0000,0.00,0,0,0,2680.64,0,0.000,0.0000
2026-08-24T00:52:14.435646,2950.08,DONE,7.0622,23.4667,105.75,0.0000,0.0000,20.6660,0,0.0,0.0,0.0,0.0,0.000,0.7700,0.0011,0.1734,2681.72,17.6555,10.3323,53.17,0.0000,0.00,0,0,0,2681.64,0,0.000,0.0000
2026-08-24T00:52:15.435609,2951.08,DONE,7.0622,23.4667,105.75,0.0000,0.0000,20.6660,0,0.0,0.0,0.0,0.0,0.000,0.7700,0.0011,0.1734,2682.72,17.6555,10.3323,53.17,0.0000,0.00,0,0,0,2682.64,0,0.000,0.0000
2026-08-24T00:52:16.436077,2952.08,DONE,7.0622,23.4667,105.75,0.0000,0.0000,20.6660,0,0.0,0.0,0.0,0.0,0.000,0.7700,0.0011,0.1734,2683.72,17.6555,10.3323,53.17,0.0000,0.00,0,0,0,2683.64,0,0.000,0.0000
2026-08-24T00:52:17.435667,2953.08,DONE,7.0622,23.4667,105.75,0.0000,0.0000,20.6660,0,0.0,0.0,0.0,0.0,0.000,0.7700,0.0011,0.1734,2684.72,17.6555,10.3323,53.17,0.0000,0.00,0,0,0,2684.64,0,0.000,0.0000
2026-08-24T00:52:18.435727,2954.08,DONE,7.0622,23.4667,105.75,0.0000,0.0000,20.6660,0,0.0,0.0,0.0,0.0,0.000,0.7700,0.0011,0.1734,2685.72,17.6555,10.3323,53.17,0.0000,0.00,0,0,0,2685.64,0,0.000,0.0000
2026-08-24T00:52:19.435680,2955.08,DONE,7.0622,23.4667,105.75,0.0000,0.0000,20.6660,0,0.0,0.0,0.0,0.0,0.000,0.7700,0.0011,0.1734,2686.72,17.6555,10.3323,53.17,0.0000,0.00,0,0,0,2686.64,0,0.000,0.0000
2026-08-24T00:52:20.435611,2956.08,DONE,7.0622,23.4667,105.75,0.0000,0.0000,20.6660,0,0.0,0.0,0.0,0.0,0.000,0.7700,0.0011,0.1734,2687.72,17.6555,10.3323,53.17,0.0000,0.00,0,0,0,2687.64,0,0.000,0.0000
2026-08-24T00:52:21.435647,2957.08,DONE,7.0622,23.4667,105.75,0.0000,0.0000,20.6660,0,0.0,0.0,0.0,0.0,0.000,0.7700,0.0011,0.1734,2688.72,17.6555,10.3323,53.17,0.0000,0.00,0,0,0,2688.64,0,0.000,0.0000
2026-08-24T00:52:22.435843,2958.08,DONE,7.0622,23.4667,105.75,0.0000,0.0000,20.6660,0,0.0,0.0,0.0,0.0,0.000,0.7700,0.0011,0.1734,2689.72,17.6555,10.3323,53.17,0.0000,0.00,0,0,0,2689.64,0,0.000,0.0000
2026-08-24T00:52:23.435666,2959.08,DONE,7.0622,23.4667,105.75,0.0000,0.0000,20.6660,0,0.0,0.0,0.0,0.0,0.000,0.7700,0.0011,0.1734,2690.72,17.6555,10.3323,53.17,0.0000,0.00,0,0,0,2690.64,0,0.000,0.0000
2026-08-24T00:52:24.435518,2960.08,DONE,7.0622,23.4667,105.75,0.0000,0.0000,20.6660,0,0.0,0.0,0.0,0.0,0.000,0.7700,0.0011,0.1734,2691.72,17.6555,10.3323,53.17,0.0000,0.00,0,0,0,2691.64,0,0.000,0.0000
2026-08-24T00:52:25.435554,2961.08,DONE,7.0622,23.4667,105.75,0.0000,0.0000,20.6660,0,0.0,0.0,0.0,0.0,0.000,0.7700,0.0011,0.1734,2692.72,17.6555,10.3323,53.17,0.0000,0.00,0,0,0,2692.64,0,0.000,0.0000
2026-08-24T00:52:26.436080,2962.08,DONE,7.0622,23.4667,105.75,0.0000,0.0000,20.6660,0,0.0,0.0,0.0,0.0,0.000,0.7700,0.0011,0.1734,2693.72,17.6555,10.3323,53.17,0.0000,0.00,0,0,0,2693.64,0,0.000,0.0000
2026-08-24T00:52:27.435674,2963.08,DONE,7.0622,23.4667,105.75,0.0000,0.0000,20.6660,0,0.0,0.0,0.0,0.0,0.000,0.7700,0.0011,0.1734,2694.72,17.6555,10.3323,53.17,0.0000,0.00,0,0,0,2694.64,0,0.000,0.0000
2026-08-24T00:52:28.435638,2964.08,DONE,7.0622,23.4667,105.75,0.0000,0.0000,20.6660,0,0.0,0.0,0.0,0.0,0.000,0.7700,0.0011,0.1734,2695.72,17.6555,10.3323,53.17,0.0000,0.00,0,0,0,2695.64,0,0.000,0.0000
2026-08-24T00:52:29.435816,2965.08,DONE,7.0622,23.4667,105.75,0.0000,0.0000,20.6660,0,0.0,0.0,0.0,0.0,0.000,0.7700,0.0011,0.1734,2696.72,17.6555,10.3323,53.17,0.0000,0.00,0,0,0,2696.64,0,0.000,0.0000
2026-08-24T00:52:30.435601,2966.08,DONE,7.0622,23.4667,105.75,0.0000,0.0000,20.6660,0,0.0,0.0,0.0,0.0,0.000,0.7700,0.0011,0.1734,2697.72,17.6555,10.3323,53.17,0.0000,0.00,0,0,0,2697.64,0,0.000,0.0000
2026-08-24T00:52:31.435963,2967.08,DONE,7.0622,23.4667,105.75,0.0000,0.0000,20.6660,0,0.0,0.0,0.0,0.0,0.000,0.7700,0.0011,0.1734,2698.72,17.6555,10.3323,53.17,0.0000,0.00,0,0,0,2698.64,0,0.000,0.0000
2026-08-24T00:52:32.435767,2968.08,DONE,7.0622,23.4667,105.75,0.0000,0.0000,20.6660,0,0.0,0.0,0.0,0.0,0.000,0.7700,0.0011,0.1734,2699.72,17.6555,10.3323,53.17,0.0000,0.00,0,0,0,2699.64,0,0.000,0.0000
2026-08-24T00:52:33.435855,2969.08,DONE,7.0622,23.4667,105.75,0.0000,0.0000,20.6660,0,0.0,0.0,0.0,0.0,0.000,0.7700,0.0011,0.1734,2700.72,17.6555,10.3323,53.17,0.0000,0.00,0,0,0,2700.64,0,0.000,0.0000
2026-08-24T00:52:34.435838,2970.08,DONE,7.0622,23.4667,105.75,0.0000,0.0000,20.6660,0,0.0,0.0,0.0,0.0,0.000,0.7700,0.0011,0.1734,2701.72,17.6555,10.3323,53.17,0.0000,0.00,0,0,0,2701.64,0,0.000,0.0000
2026-08-24T00:52:35.435595,2971.08,DONE,7.0622,23.4667,105.75,0.0000,0.0000,20.6660,0,0.0,0.0,0.0,0.0,0.000,0.7700,0.0011,0.1734,2702.72,17.6555,10.3323,53.17,0.0000,0.00,0,0,0,2702.64,0,0.000,0.0000
2026-08-24T00:52:36.436698,2972.08,DONE,7.0622,23.4667,105.75,0.0000,0.0000,20.6660,0,0.0,0.0,0.0,0.0,0.000,0.7700,0.0011,0.1734,2703.72,17.6555,10.3323,53.17,0.0000,0.00,0,0,0,2703.64,0,0.000,0.0000
2026-08-24T00:52:37.435696,2973.08,DONE,7.0622,23.4667,105.75,0.0000,0.0000,20.6660,0,0.0,0.0,0.0,0.0,0.000,0.7700,0.0011,0.1734,2704.72,17.6555,10.3323,53.17,0.0000,0.00,0,0,0,2704.64,0,0.000,0.0000
2026-08-24T00:52:38.435641,2974.08,DONE,7.0622,23.4667,105.75,0.0000,0.0000,20.6660,0,0.0,0.0,0.0,0.0,0.000,0.7700,0.0011,0.1734,2705.72,17.6555,10.3323,53.17,0.0000,0.00,0,0,0,2705.64,0,0.000,0.0000
2026-08-24T00:52:39.435559,2975.08,DONE,7.0622,23.4667,105.75,0.0000,0.0000,20.6660,0,0.0,0.0,0.0,0.0,0.000,0.7700,0.0011,0.1734,2706.72,17.6555,10.3323,53.17,0.0000,0.00,0,0,0,2706.64,0,0.000,0.0000
2026-08-24T00:52:40.439496,2976.08,DONE,7.0622,23.4667,105.75,0.0000,0.0000,20.6660,0,0.0,0.0,0.0,0.0,0.000,0.7700,0.0011,0.1734,2707.73,17.6555,10.3323,53.17,0.0000,0.00,0,0,0,2707.64,0,0.000,0.0000
2026-08-24T00:52:41.435947,2977.08,DONE,7.0622,23.4667,105.75,0.0000,0.0000,20.6660,0,0.0,0.0,0.0,0.0,0.000,0.7700,0.0011,0.1734,2708.72,17.6555,10.3323,53.17,0.0000,0.00,0,0,0,2708.64,0,0.000,0.0000
2026-08-24T00:52:42.435825,2978.08,DONE,7.0622,23.4667,105.75,0.0000,0.0000,20.6660,0,0.0,0.0,0.0,0.0,0.000,0.7700,0.0011,0.1734,2709.72,17.6555,10.3323,53.17,0.0000,0.00,0,0,0,2709.64,0,0.000,0.0000
2026-08-24T00:52:43.435564,2979.08,DONE,7.0622,23.4667,105.75,0.0000,0.0000,20.6660,0,0.0,0.0,0.0,0.0,0.000,0.7700,0.0011,0.1734,2710.72,17.6555,10.3323,53.17,0.0000,0.00,0,0,0,2710.64,0,0.000,0.0000
2026-08-24T00:52:44.435804,2980.08,DONE,7.0622,23.4667,105.75,0.0000,0.0000,20.6660,0,0.0,0.0,0.0,0.0,0.000,0.7700,0.0011,0.1734,2711.72,17.6555,10.3323,53.17,0.0000,0.00,0,0,0,2711.64,0,0.000,0.0000
2026-08-24T00:52:45.435704,2981.08,DONE,7.0622,23.4667,105.75,0.0000,0.0000,20.6660,0,0.0,0.0,0.0,0.0,0.000,0.7700,0.0011,0.1734,2712.72,17.6555,10.3323,53.17,0.0000,0.00,0,0,0,2712.64,0,0.000,0.0000
2026-08-24T00:52:46.435807,2982.08,DONE,7.0622,23.4667,105.75,0.0000,0.0000,20.6660,0,0.0,0.0,0.0,0.0,0.000,0.7700,0.0011,0.1734,2713.72,17.6555,10.3323,53.17,0.0000,0.00,0,0,0,2713.64,0,0.000,0.0000
2026-08-24T00:52:47.435586,2983.08,DONE,7.0622,23.4667,105.75,0.0000,0.0000,20.6660,0,0.0,0.0,0.0,0.0,0.000,0.7700,0.0011,0.1734,2714.72,17.6555,10.3323,53.17,0.0000,0.00,0,0,0,2714.64,0,0.000,0.0000
2026-08-24T00:52:48.436091,2984.08,DONE,7.0622,23.4667,105.75,0.0000,0.0000,20.6660,0,0.0,0.0,0.0,0.0,0.000,0.7700,0.0011,0.1734,2715.72,17.6555,10.3323,53.17,0.0000,0.00,0,0,0,2715.64,0,0.000,0.0000
2026-08-24T00:52:49.435580,2985.08,DONE,7.0622,23.4667,105.75,0.0000,0.0000,20.6660,0,0.0,0.0,0.0,0.0,0.000,0.7700,0.0011,0.1734,2716.72,17.6555,10.3323,53.17,0.0000,0.00,0,0,0,2716.64,0,0.000,0.0000
2026-08-24T00:52:50.436032,2986.08,DONE,7.0622,23.4667,105.75,0.0000,0.0000,20.6660,0,0.0,0.0,0.0,0.0,0.000,0.7700,0.0011,0.1734,2717.72,17.6555,10.3323,53.17,0.0000,0.00,0,0,0,2717.64,0,0.000,0.0000
2026-08-24T00:52:51.435763,2987.08,DONE,7.0622,23.4667,105.75,0.0000,0.0000,20.6660,0,0.0,0.0,0.0,0.0,0.000,0.7700,0.0011,0.1734,2718.72,17.6555,10.3323,53.17,0.0000,0.00,0,0,0,2718.64,0,0.000,0.0000
2026-08-24T00:52:52.436150,2988.08,DONE,7.0622,23.4667,105.75,0.0000,0.0000,20.6660,0,0.0,0.0,0.0,0.0,0.000,0.7700,0.0011,0.1734,2719.72,17.6555,10.3323,53.17,0.0000,0.00,0,0,0,2719.64,0,0.000,0.0000
2026-08-24T00:52:53.435633,2989.08,DONE,7.0622,23.4667,105.75,0.0000,0.0000,20.6660,0,0.0,0.0,0.0,0.0,0.000,0.7700,0.0011,0.1734,2720.72,17.6555,10.3323,53.17,0.0000,0.00,0,0,0,2720.64,0,0.000,0.0000
2026-08-24T00:52:54.435619,2990.08,DONE,7.0622,23.4667,105.75,0.0000,0.0000,20.6660,0,0.0,0.0,0.0,0.0,0.000,0.7700,0.0011,0.1734,2721.72,17.6555,10.3323,53.17,0.0000,0.00,0,0,0,2721.64,0,0.000,0.0000
2026-08-24T00:52:55.436020,2991.08,DONE,7.0622,23.4667,105.75,0.0000,0.0000,20.6660,0,0.0,0.0,0.0,0.0,0.000,0.7700,0.0011,0.1734,2722.72,17.6555,10.3323,53.17,0.0000,0.00,0,0,0,2722.64,0,0.000,0.0000
2026-08-24T00:52:56.436602,2992.08,DONE,7.0622,23.4667,105.75,0.0000,0.0000,20.6660,0,0.0,0.0,0.0,0.0,0.000,0.7700,0.0011,0.1734,2723.72,17.6555,10.3323,53.17,0.0000,0.00,0,0,0,2723.64,0,0.000,0.0000
2026-08-24T00:52:57.435730,2993.08,DONE,7.0622,23.4667,105.75,0.0000,0.0000,20.6660,0,0.0,0.0,0.0,0.0,0.000,0.7700,0.0011,0.1734,2724.72,17.6555,10.3323,53.17,0.0000,0.00,0,0,0,2724.64,0,0.000,0.0000
2026-08-24T00:52:58.435837,2994.08,DONE,7.0622,23.4667,105.75,0.0000,0.0000,20.6660,0,0.0,0.0,0.0,0.0,0.000,0.7700,0.0011,0.1734,2725.72,17.6555,10.3323,53.17,0.0000,0.00,0,0,0,2725.64,0,0.000,0.0000
2026-08-24T00:52:59.435868,2995.08,DONE,7.0622,23.4667,105.75,0.0000,0.0000,20.6660,0,0.0,0.0,0.0,0.0,0.000,0.7700,0.0011,0.1734,2726.72,17.6555,10.3323,53.17,0.0000,0.00,0,0,0,2726.64,0,0.000,0.0000
2026-08-24T00:53:00.435626,2996.08,DONE,7.0622,23.4667,105.75,0.0000,0.0000,20.6660,0,0.0,0.0,0.0,0.0,0.000,0.7700,0.0011,0.1734,2727.72,17.6555,10.3323,53.17,0.0000,0.00,0,0,0,2727.64,0,0.000,0.0000
2026-08-24T00:53:01.437304,2997.08,DONE,7.0622,23.4667,105.75,0.0000,0.0000,20.6660,0,0.0,0.0,0.0,0.0,0.000,0.7700,0.0011,0.1734,2728.72,17.6555,10.3323,53.17,0.0000,0.00,0,0,0,2728.64,0,0.000,0.0000
2026-08-24T00:53:02.436349,2998.08,DONE,7.0622,23.4667,105.75,0.0000,0.0000,20.6660,0,0.0,0.0,0.0,0.0,0.000,0.7700,0.0011,0.1734,2729.72,17.6555,10.3323,53.17,0.0000,0.00,0,0,0,2729.64,0,0.000,0.0000
2026-08-24T00:53:03.436135,2999.08,DONE,7.0622,23.4667,105.75,0.0000,0.0000,20.6660,0,0.0,0.0,0.0,0.0,0.000,0.7700,0.0011,0.1734,2730.72,17.6555,10.3323,53.17,0.0000,0.00,0,0,0,2730.64,0,0.000,0.0000
2026-08-24T00:53:04.435617,3000.08,DONE,7.0622,23.4667,105.75,0.0000,0.0000,20.6660,0,0.0,0.0,0.0,0.0,0.000,0.7700,0.0011,0.1734,2731.72,17.6555,10.3323,53.17,0.0000,0.00,0,0,0,2731.64,0,0.000,0.0000
2026-08-24T00:53:05.435813,3001.08,DONE,7.0622,23.4667,105.75,0.0000,0.0000,20.6660,0,0.0,0.0,0.0,0.0,0.000,0.7700,0.0011,0.1734,2732.72,17.6555,10.3323,53.17,0.0000,0.00,0,0,0,2732.64,0,0.000,0.0000
2026-08-24T00:53:06.435670,3002.08,DONE,7.0622,23.4667,105.75,0.0000,0.0000,20.6660,0,0.0,0.0,0.0,0.0,0.000,0.7700,0.0011,0.1734,2733.72,17.6555,10.3323,53.17,0.0000,0.00,0,0,0,2733.64,0,0.000,0.0000
2026-08-24T00:53:07.435660,3003.08,DONE,7.0622,23.4667,105.75,0.0000,0.0000,20.6660,0,0.0,0.0,0.0,0.0,0.000,0.7700,0.0011,0.1734,2734.72,17.6555,10.3323,53.17,0.0000,0.00,0,0,0,2734.64,0,0.000,0.0000
2026-08-24T00:53:08.435772,3004.08,DONE,7.0622,23.4667,105.75,0.0000,0.0000,20.6660,0,0.0,0.0,0.0,0.0,0.000,0.7700,0.0011,0.1734,2735.72,17.6555,10.3323,53.17,0.0000,0.00,0,0,0,2735.64,0,0.000,0.0000
2026-08-24T00:53:09.435560,3005.08,DONE,7.0622,23.4667,105.75,0.0000,0.0000,20.6660,0,0.0,0.0,0.0,0.0,0.000,0.7700,0.0011,0.1734,2736.72,17.6555,10.3323,53.17,0.0000,0.00,0,0,0,2736.64,0,0.000,0.0000
2026-08-24T00:53:10.435779,3006.08,DONE,7.0622,23.4667,105.75,0.0000,0.0000,20.6660,0,0.0,0.0,0.0,0.0,0.000,0.7700,0.0011,0.1734,2737.72,17.6555,10.3323,53.17,0.0000,0.00,0,0,0,2737.64,0,0.000,0.0000
2026-08-24T00:53:11.435906,3007.08,DONE,7.0622,23.4667,105.75,0.0000,0.0000,20.6660,0,0.0,0.0,0.0,0.0,0.000,0.7700,0.0011,0.1734,2738.72,17.6555,10.3323,53.17,0.0000,0.00,0,0,0,2738.64,0,0.000,0.0000
2026-08-24T00:53:12.435847,3008.08,DONE,7.0622,23.4667,105.75,0.0000,0.0000,20.6660,0,0.0,0.0,0.0,0.0,0.000,0.7700,0.0011,0.1734,2739.72,17.6555,10.3323,53.17,0.0000,0.00,0,0,0,2739.64,0,0.000,0.0000
2026-08-24T00:53:13.435700,3009.08,DONE,7.0622,23.4667,105.75,0.0000,0.0000,20.6660,0,0.0,0.0,0.0,0.0,0.000,0.7700,0.0011,0.1734,2740.72,17.6555,10.3323,53.17,0.0000,0.00,0,0,0,2740.64,0,0.000,0.0000
2026-08-24T00:53:14.435689,3010.08,DONE,7.0622,23.4667,105.75,0.0000,0.0000,20.6660,0,0.0,0.0,0.0,0.0,0.000,0.7700,0.0011,0.1734,2741.72,17.6555,10.3323,53.17,0.0000,0.00,0,0,0,2741.64,0,0.000,0.0000
2026-08-24T00:53:15.435903,3011.08,DONE,7.0622,23.4667,105.75,0.0000,0.0000,20.6660,0,0.0,0.0,0.0,0.0,0.000,0.7700,0.0011,0.1734,2742.72,17.6555,10.3323,53.17,0.0000,0.00,0,0,0,2742.64,0,0.000,0.0000
2026-08-24T00:53:16.435904,3012.08,DONE,7.0622,23.4667,105.75,0.0000,0.0000,20.6660,0,0.0,0.0,0.0,0.0,0.000,0.7700,0.0011,0.1734,2743.72,17.6555,10.3323,53.17,0.0000,0.00,0,0,0,2743.64,0,0.000,0.0000
2026-08-24T00:53:17.435644,3013.08,DONE,7.0622,23.4667,105.75,0.0000,0.0000,20.6660,0,0.0,0.0,0.0,0.0,0.000,0.7700,0.0011,0.1734,2744.72,17.6555,10.3323,53.17,0.0000,0.00,0,0,0,2744.64,0,0.000,0.0000
2026-08-24T00:53:18.435588,3014.08,DONE,7.0622,23.4667,105.75,0.0000,0.0000,20.6660,0,0.0,0.0,0.0,0.0,0.000,0.7700,0.0011,0.1734,2745.72,17.6555,10.3323,53.17,0.0000,0.00,0,0,0,2745.64,0,0.000,0.0000
2026-08-24T00:53:19.435616,3015.08,DONE,7.0622,23.4667,105.75,0.0000,0.0000,20.6660,0,0.0,0.0,0.0,0.0,0.000,0.7700,0.0011,0.1734,2746.72,17.6555,10.3323,53.17,0.0000,0.00,0,0,0,2746.64,0,0.000,0.0000
2026-08-24T00:53:20.435705,3016.08,DONE,7.0622,23.4667,105.75,0.0000,0.0000,20.6660,0,0.0,0.0,0.0,0.0,0.000,0.7700,0.0011,0.1734,2747.72,17.6555,10.3323,53.17,0.0000,0.00,0,0,0,2747.64,0,0.000,0.0000
2026-08-24T00:53:21.435566,3017.08,DONE,7.0622,23.4667,105.75,0.0000,0.0000,20.6660,0,0.0,0.0,0.0,0.0,0.000,0.7700,0.0011,0.1734,2748.72,17.6555,10.3323,53.17,0.0000,0.00,0,0,0,2748.64,0,0.000,0.0000
2026-08-24T00:53:22.435729,3018.08,DONE,7.0622,23.4667,105.75,0.0000,0.0000,20.6660,0,0.0,0.0,0.0,0.0,0.000,0.7700,0.0011,0.1734,2749.72,17.6555,10.3323,53.17,0.0000,0.00,0,0,0,2749.64,0,0.000,0.0000
2026-08-24T00:53:23.435666,3019.08,DONE,7.0622,23.4667,105.75,0.0000,0.0000,20.6660,0,0.0,0.0,0.0,0.0,0.000,0.7700,0.0011,0.1734,2750.72,17.6555,10.3323,53.17,0.0000,0.00,0,0,0,2750.64,0,0.000,0.0000
2026-08-24T00:53:24.436270,3020.08,DONE,7.0622,23.4667,105.75,0.0000,0.0000,20.6660,0,0.0,0.0,0.0,0.0,0.000,0.7700,0.0011,0.1734,2751.72,17.6555,10.3323,53.17,0.0000,0.00,0,0,0,2751.64,0,0.000,0.0000
2026-08-24T00:53:25.435425,3021.08,DONE,7.0622,23.4667,105.75,0.0000,0.0000,20.6660,0,0.0,0.0,0.0,0.0,0.000,0.7700,0.0011,0.1734,2752.72,17.6555,10.3323,53.17,0.0000,0.00,0,0,0,2752.64,0,0.000,0.0000
2026-08-24T00:53:26.435902,3022.08,DONE,7.0622,23.4667,105.75,0.0000,0.0000,20.6660,0,0.0,0.0,0.0,0.0,0.000,0.7700,0.0011,0.1734,2753.72,17.6555,10.3323,53.17,0.0000,0.00,0,0,0,2753.64,0,0.000,0.0000
2026-08-24T00:53:27.436165,3023.08,DONE,7.0622,23.4667,105.75,0.0000,0.0000,20.6660,0,0.0,0.0,0.0,0.0,0.000,0.7700,0.0011,0.1734,2754.72,17.6555,10.3323,53.17,0.0000,0.00,0,0,0,2754.64,0,0.000,0.0000
2026-08-24T00:53:28.435621,3024.08,DONE,7.0622,23.4667,105.75,0.0000,0.0000,20.6660,0,0.0,0.0,0.0,0.0,0.000,0.7700,0.0011,0.1734,2755.72,17.6555,10.3323,53.17,0.0000,0.00,0,0,0,2755.64,0,0.000,0.0000
2026-08-24T00:53:29.436050,3025.08,DONE,7.0622,23.4667,105.75,0.0000,0.0000,20.6660,0,0.0,0.0,0.0,0.0,0.000,0.7700,0.0011,0.1734,2756.72,17.6555,10.3323,53.17,0.0000,0.00,0,0,0,2756.64,0,0.000,0.0000
2026-08-24T00:53:30.435732,3026.08,DONE,7.0622,23.4667,105.75,0.0000,0.0000,20.6660,0,0.0,0.0,0.0,0.0,0.000,0.7700,0.0011,0.1734,2757.72,17.6555,10.3323,53.17,0.0000,0.00,0,0,0,2757.64,0,0.000,0.0000
2026-08-24T00:53:31.435547,3027.08,DONE,7.0622,23.4667,105.75,0.0000,0.0000,20.6660,0,0.0,0.0,0.0,0.0,0.000,0.7700,0.0011,0.1734,2758.72,17.6555,10.3323,53.17,0.0000,0.00,0,0,0,2758.64,0,0.000,0.0000
2026-08-24T00:53:32.435619,3028.08,DONE,7.0622,23.4667,105.75,0.0000,0.0000,20.6660,0,0.0,0.0,0.0,0.0,0.000,0.7700,0.0011,0.1734,2759.72,17.6555,10.3323,53.17,0.0000,0.00,0,0,0,2759.64,0,0.000,0.0000
2026-08-24T00:53:33.436037,3029.08,DONE,7.0622,23.4667,105.75,0.0000,0.0000,20.6660,0,0.0,0.0,0.0,0.0,0.000,0.7700,0.0011,0.1734,2760.72,17.6555,10.3323,53.17,0.0000,0.00,0,0,0,2760.64,0,0.000,0.0000
2026-08-24T00:53:34.435598,3030.08,DONE,7.0622,23.4667,105.75,0.0000,0.0000,20.6660,0,0.0,0.0,0.0,0.0,0.000,0.7700,0.0011,0.1734,2761.72,17.6555,10.3323,53.17,0.0000,0.00,0,0,0,2761.64,0,0.000,0.0000
2026-08-24T00:53:35.435606,3031.08,DONE,7.0622,23.4667,105.75,0.0000,0.0000,20.6660,0,0.0,0.0,0.0,0.0,0.000,0.7700,0.0011,0.1734,2762.72,17.6555,10.3323,53.17,0.0000,0.00,0,0,0,2762.64,0,0.000,0.0000
2026-08-24T00:53:36.437557,3032.08,DONE,7.0622,23.4667,105.75,0.0000,0.0000,20.6660,0,0.0,0.0,0.0,0.0,0.000,0.7700,0.0011,0.1734,2763.73,17.6555,10.3323,53.17,0.0000,0.00,0,0,0,2763.64,0,0.000,0.0000
2026-08-24T00:53:37.436096,3033.08,DONE,7.0622,23.4667,105.75,0.0000,0.0000,20.6660,0,0.0,0.0,0.0,0.0,0.000,0.7700,0.0011,0.1734,2764.72,17.6555,10.3323,53.17,0.0000,0.00,0,0,0,2764.64,0,0.000,0.0000
2026-08-24T00:53:38.435755,3034.08,DONE,7.0622,23.4667,105.75,0.0000,0.0000,20.6660,0,0.0,0.0,0.0,0.0,0.000,0.7700,0.0011,0.1734,2765.72,17.6555,10.3323,53.17,0.0000,0.00,0,0,0,2765.64,0,0.000,0.0000
2026-08-24T00:53:39.435494,3035.08,DONE,7.0622,23.4667,105.75,0.0000,0.0000,20.6660,0,0.0,0.0,0.0,0.0,0.000,0.7700,0.0011,0.1734,2766.72,17.6555,10.3323,53.17,0.0000,0.00,0,0,0,2766.64,0,0.000,0.0000
2026-08-24T00:53:40.435907,3036.08,DONE,7.0622,23.4667,105.75,0.0000,0.0000,20.6660,0,0.0,0.0,0.0,0.0,0.000,0.7700,0.0011,0.1734,2767.72,17.6555,10.3323,53.17,0.0000,0.00,0,0,0,2767.64,0,0.000,0.0000
2026-08-24T00:53:41.435822,3037.08,DONE,7.0622,23.4667,105.75,0.0000,0.0000,20.6660,0,0.0,0.0,0.0,0.0,0.000,0.7700,0.0011,0.1734,2768.72,17.6555,10.3323,53.17,0.0000,0.00,0,0,0,2768.64,0,0.000,0.0000
2026-08-24T00:53:42.435810,3038.08,DONE,7.0622,23.4667,105.75,0.0000,0.0000,20.6660,0,0.0,0.0,0.0,0.0,0.000,0.7700,0.0011,0.1734,2769.72,17.6555,10.3323,53.17,0.0000,0.00,0,0,0,2769.64,0,0.000,0.0000
2026-08-24T00:53:43.435974,3039.08,DONE,7.0622,23.4667,105.75,0.0000,0.0000,20.6660,0,0.0,0.0,0.0,0.0,0.000,0.7700,0.0011,0.1734,2770.72,17.6555,10.3323,53.17,0.0000,0.00,0,0,0,2770.64,0,0.000,0.0000
2026-08-24T00:53:44.435666,3040.08,DONE,7.0622,23.4667,105.75,0.0000,0.0000,20.6660,0,0.0,0.0,0.0,0.0,0.000,0.7700,0.0011,0.1734,2771.72,17.6555,10.3323,53.17,0.0000,0.00,0,0,0,2771.64,0,0.000,0.0000
2026-08-24T00:53:45.435701,3041.08,DONE,7.0622,23.4667,105.75,0.0000,0.0000,20.6660,0,0.0,0.0,0.0,0.0,0.000,0.7700,0.0011,0.1734,2772.72,17.6555,10.3323,53.17,0.0000,0.00,0,0,0,2772.64,0,0.000,0.0000
2026-08-24T00:53:46.435669,3042.08,DONE,7.0622,23.4667,105.75,0.0000,0.0000,20.6660,0,0.0,0.0,0.0,0.0,0.000,0.7700,0.0011,0.1734,2773.72,17.6555,10.3323,53.17,0.0000,0.00,0,0,0,2773.64,0,0.000,0.0000
2026-08-24T00:53:47.435673,3043.08,DONE,7.0622,23.4667,105.75,0.0000,0.0000,20.6660,0,0.0,0.0,0.0,0.0,0.000,0.7700,0.0011,0.1734,2774.72,17.6555,10.3323,53.17,0.0000,0.00,0,0,0,2774.64,0,0.000,0.0000
2026-08-24T00:53:48.435673,3044.08,DONE,7.0622,23.4667,105.75,0.0000,0.0000,20.6660,0,0.0,0.0,0.0,0.0,0.000,0.7700,0.0011,0.1734,2775.72,17.6555,10.3323,53.17,0.0000,0.00,0,0,0,2775.64,0,0.000,0.0000
2026-08-24T00:53:49.437950,3045.08,DONE,7.0622,23.4667,105.75,0.0000,0.0000,20.6660,0,0.0,0.0,0.0,0.0,0.000,0.7700,0.0011,0.1734,2776.73,17.6555,10.3323,53.17,0.0000,0.00,0,0,0,2776.64,0,0.000,0.0000
2026-08-24T00:53:50.435601,3046.08,DONE,7.0622,23.4667,105.75,0.0000,0.0000,20.6660,0,0.0,0.0,0.0,0.0,0.000,0.7700,0.0011,0.1734,2777.72,17.6555,10.3323,53.17,0.0000,0.00,0,0,0,2777.64,0,0.000,0.0000
2026-08-24T00:53:51.435700,3047.08,DONE,7.0622,23.4667,105.75,0.0000,0.0000,20.6660,0,0.0,0.0,0.0,0.0,0.000,0.7700,0.0011,0.1734,2778.72,17.6555,10.3323,53.17,0.0000,0.00,0,0,0,2778.64,0,0.000,0.0000
2026-08-24T00:53:52.435665,3048.08,DONE,7.0622,23.4667,105.75,0.0000,0.0000,20.6660,0,0.0,0.0,0.0,0.0,0.000,0.7700,0.0011,0.1734,2779.72,17.6555,10.3323,53.17,0.0000,0.00,0,0,0,2779.64,0,0.000,0.0000
2026-08-24T00:53:53.435501,3049.08,DONE,7.0622,23.4667,105.75,0.0000,0.0000,20.6660,0,0.0,0.0,0.0,0.0,0.000,0.7700,0.0011,0.1734,2780.72,17.6555,10.3323,53.17,0.0000,0.00,0,0,0,2780.64,0,0.000,0.0000
2026-08-24T00:53:54.435682,3050.08,DONE,7.0622,23.4667,105.75,0.0000,0.0000,20.6660,0,0.0,0.0,0.0,0.0,0.000,0.7700,0.0011,0.1734,2781.72,17.6555,10.3323,53.17,0.0000,0.00,0,0,0,2781.64,0,0.000,0.0000
2026-08-24T00:53:55.435997,3051.08,DONE,7.0622,23.4667,105.75,0.0000,0.0000,20.6660,0,0.0,0.0,0.0,0.0,0.000,0.7700,0.0011,0.1734,2782.72,17.6555,10.3323,53.17,0.0000,0.00,0,0,0,2782.64,0,0.000,0.0000
2026-08-24T00:53:56.435628,3052.08,DONE,7.0622,23.4667,105.75,0.0000,0.0000,20.6660,0,0.0,0.0,0.0,0.0,0.000,0.7700,0.0011,0.1734,2783.72,17.6555,10.3323,53.17,0.0000,0.00,0,0,0,2783.64,0,0.000,0.0000
2026-08-24T00:53:57.435552,3053.08,DONE,7.0622,23.4667,105.75,0.0000,0.0000,20.6660,0,0.0,0.0,0.0,0.0,0.000,0.7700,0.0011,0.1734,2784.72,17.6555,10.3323,53.17,0.0000,0.00,0,0,0,2784.64,0,0.000,0.0000
2026-08-24T00:53:58.435693,3054.08,DONE,7.0622,23.4667,105.75,0.0000,0.0000,20.6660,0,0.0,0.0,0.0,0.0,0.000,0.7700,0.0011,0.1734,2785.72,17.6555,10.3323,53.17,0.0000,0.00,0,0,0,2785.64,0,0.000,0.0000
2026-08-24T00:53:59.435551,3055.08,DONE,7.0622,23.4667,105.75,0.0000,0.0000,20.6660,0,0.0,0.0,0.0,0.0,0.000,0.7700,0.0011,0.1734,2786.72,17.6555,10.3323,53.17,0.0000,0.00,0,0,0,2786.64,0,0.000,0.0000
2026-08-24T00:54:00.436081,3056.08,DONE,7.0622,23.4667,105.75,0.0000,0.0000,20.6660,0,0.0,0.0,0.0,0.0,0.000,0.7700,0.0011,0.1734,2787.72,17.6555,10.3323,53.17,0.0000,0.00,0,0,0,2787.64,0,0.000,0.0000
2026-08-24T00:54:01.436549,3057.08,DONE,7.0622,23.4667,105.75,0.0000,0.0000,20.6660,0,0.0,0.0,0.0,0.0,0.000,0.7700,0.0011,0.1734,2788.72,17.6555,10.3323,53.17,0.0000,0.00,0,0,0,2788.64,0,0.000,0.0000
2026-08-24T00:54:02.435614,3058.08,DONE,7.0622,23.4667,105.75,0.0000,0.0000,20.6660,0,0.0,0.0,0.0,0.0,0.000,0.7700,0.0011,0.1734,2789.72,17.6555,10.3323,53.17,0.0000,0.00,0,0,0,2789.64,0,0.000,0.0000
2026-08-24T00:54:03.435973,3059.08,DONE,7.0622,23.4667,105.75,0.0000,0.0000,20.6660,0,0.0,0.0,0.0,0.0,0.000,0.7700,0.0011,0.1734,2790.72,17.6555,10.3323,53.17,0.0000,0.00,0,0,0,2790.64,0,0.000,0.0000
2026-08-24T00:54:04.436406,3060.08,DONE,7.0622,23.4667,105.75,0.0000,0.0000,20.6660,0,0.0,0.0,0.0,0.0,0.000,0.7700,0.0011,0.1734,2791.72,17.6555,10.3323,53.17,0.0000,0.00,0,0,0,2791.64,0,0.000,0.0000
2026-08-24T00:54:05.436530,3061.08,DONE,7.0622,23.4667,105.75,0.0000,0.0000,20.6660,0,0.0,0.0,0.0,0.0,0.000,0.7700,0.0011,0.1734,2792.72,17.6555,10.3323,53.17,0.0000,0.00,0,0,0,2792.64,0,0.000,0.0000
2026-08-24T00:54:06.436031,3062.08,DONE,7.0622,23.4667,105.75,0.0000,0.0000,20.6660,0,0.0,0.0,0.0,0.0,0.000,0.7700,0.0011,0.1734,2793.72,17.6555,10.3323,53.17,0.0000,0.00,0,0,0,2793.64,0,0.000,0.0000
2026-08-24T00:54:07.435985,3063.08,DONE,7.0622,23.4667,105.75,0.0000,0.0000,20.6660,0,0.0,0.0,0.0,0.0,0.000,0.7700,0.0011,0.1734,2794.72,17.6555,10.3323,53.17,0.0000,0.00,0,0,0,2794.64,0,0.000,0.0000
2026-08-24T00:54:08.435627,3064.08,DONE,7.0622,23.4667,105.75,0.0000,0.0000,20.6660,0,0.0,0.0,0.0,0.0,0.000,0.7700,0.0011,0.1734,2795.72,17.6555,10.3323,53.17,0.0000,0.00,0,0,0,2795.64,0,0.000,0.0000
2026-08-24T00:54:09.436011,3065.08,DONE,7.0622,23.4667,105.75,0.0000,0.0000,20.6660,0,0.0,0.0,0.0,0.0,0.000,0.7700,0.0011,0.1734,2796.72,17.6555,10.3323,53.17,0.0000,0.00,0,0,0,2796.64,0,0.000,0.0000
2026-08-24T00:54:10.435821,3066.08,DONE,7.0622,23.4667,105.75,0.0000,0.0000,20.6660,0,0.0,0.0,0.0,0.0,0.000,0.7700,0.0011,0.1734,2797.72,17.6555,10.3323,53.17,0.0000,0.00,0,0,0,2797.64,0,0.000,0.0000
2026-08-24T00:54:11.436053,3067.08,DONE,7.0622,23.4667,105.75,0.0000,0.0000,20.6660,0,0.0,0.0,0.0,0.0,0.000,0.7700,0.0011,0.1734,2798.72,17.6555,10.3323,53.17,0.0000,0.00,0,0,0,2798.64,0,0.000,0.0000
2026-08-24T00:54:12.435734,3068.08,DONE,7.0622,23.4667,105.75,0.0000,0.0000,20.6660,0,0.0,0.0,0.0,0.0,0.000,0.7700,0.0011,0.1734,2799.72,17.6555,10.3323,53.17,0.0000,0.00,0,0,0,2799.64,0,0.000,0.0000
2026-08-24T00:54:13.436155,3069.08,DONE,7.0622,23.4667,105.75,0.0000,0.0000,20.6660,0,0.0,0.0,0.0,0.0,0.000,0.7700,0.0011,0.1734,2800.72,17.6555,10.3323,53.17,0.0000,0.00,0,0,0,2800.64,0,0.000,0.0000
2026-08-24T00:54:14.436583,3070.08,DONE,7.0622,23.4667,105.75,0.0000,0.0000,20.6660,0,0.0,0.0,0.0,0.0,0.000,0.7700,0.0011,0.1734,2801.72,17.6555,10.3323,53.17,0.0000,0.00,0,0,0,2801.64,0,0.000,0.0000
2026-08-24T00:54:15.435968,3071.08,DONE,7.0622,23.4667,105.75,0.0000,0.0000,20.6660,0,0.0,0.0,0.0,0.0,0.000,0.7700,0.0011,0.1734,2802.72,17.6555,10.3323,53.17,0.0000,0.00,0,0,0,2802.64,0,0.000,0.0000
2026-08-24T00:54:16.436017,3072.08,DONE,7.0622,23.4667,105.75,0.0000,0.0000,20.6660,0,0.0,0.0,0.0,0.0,0.000,0.7700,0.0011,0.1734,2803.72,17.6555,10.3323,53.17,0.0000,0.00,0,0,0,2803.64,0,0.000,0.0000
2026-08-24T00:54:17.437260,3073.08,DONE,7.0622,23.4667,105.75,0.0000,0.0000,20.6660,0,0.0,0.0,0.0,0.0,0.000,0.7700,0.0011,0.1734,2804.72,17.6555,10.3323,53.17,0.0000,0.00,0,0,0,2804.64,0,0.000,0.0000
2026-08-24T00:54:18.436700,3074.08,DONE,7.0622,23.4667,105.75,0.0000,0.0000,20.6660,0,0.0,0.0,0.0,0.0,0.000,0.7700,0.0011,0.1734,2805.72,17.6555,10.3323,53.17,0.0000,0.00,0,0,0,2805.64,0,0.000,0.0000
2026-08-24T00:54:19.435885,3075.08,DONE,7.0622,23.4667,105.75,0.0000,0.0000,20.6660,0,0.0,0.0,0.0,0.0,0.000,0.7700,0.0011,0.1734,2806.72,17.6555,10.3323,53.17,0.0000,0.00,0,0,0,2806.64,0,0.000,0.0000
2026-08-24T00:54:20.436069,3076.08,DONE,7.0622,23.4667,105.75,0.0000,0.0000,20.6660,0,0.0,0.0,0.0,0.0,0.000,0.7700,0.0011,0.1734,2807.72,17.6555,10.3323,53.17,0.0000,0.00,0,0,0,2807.64,0,0.000,0.0000
2026-08-24T00:54:21.435919,3077.08,DONE,7.0622,23.4667,105.75,0.0000,0.0000,20.6660,0,0.0,0.0,0.0,0.0,0.000,0.7700,0.0011,0.1734,2808.72,17.6555,10.3323,53.17,0.0000,0.00,0,0,0,2808.64,0,0.000,0.0000
2026-08-24T00:54:22.435695,3078.08,DONE,7.0622,23.4667,105.75,0.0000,0.0000,20.6660,0,0.0,0.0,0.0,0.0,0.000,0.7700,0.0011,0.1734,2809.72,17.6555,10.3323,53.17,0.0000,0.00,0,0,0,2809.64,0,0.000,0.0000
2026-08-24T00:54:23.436369,3079.08,DONE,7.0622,23.4667,105.75,0.0000,0.0000,20.6660,0,0.0,0.0,0.0,0.0,0.000,0.7700,0.0011,0.1734,2810.72,17.6555,10.3323,53.17,0.0000,0.00,0,0,0,2810.64,0,0.000,0.0000
2026-08-24T00:54:24.436073,3080.08,DONE,7.0622,23.4667,105.75,0.0000,0.0000,20.6660,0,0.0,0.0,0.0,0.0,0.000,0.7700,0.0011,0.1734,2811.72,17.6555,10.3323,53.17,0.0000,0.00,0,0,0,2811.64,0,0.000,0.0000
2026-08-24T00:54:25.435715,3081.08,DONE,7.0622,23.4667,105.75,0.0000,0.0000,20.6660,0,0.0,0.0,0.0,0.0,0.000,0.7700,0.0011,0.1734,2812.72,17.6555,10.3323,53.17,0.0000,0.00,0,0,0,2812.64,0,0.000,0.0000
2026-08-24T00:54:26.436044,3082.08,DONE,7.0622,23.4667,105.75,0.0000,0.0000,20.6660,0,0.0,0.0,0.0,0.0,0.000,0.7700,0.0011,0.1734,2813.72,17.6555,10.3323,53.17,0.0000,0.00,0,0,0,2813.64,0,0.000,0.0000
2026-08-24T00:54:27.435753,3083.08,DONE,7.0622,23.4667,105.75,0.0000,0.0000,20.6660,0,0.0,0.0,0.0,0.0,0.000,0.7700,0.0011,0.1734,2814.72,17.6555,10.3323,53.17,0.0000,0.00,0,0,0,2814.64,0,0.000,0.0000
2026-08-24T00:54:28.435568,3084.08,DONE,7.0622,23.4667,105.75,0.0000,0.0000,20.6660,0,0.0,0.0,0.0,0.0,0.000,0.7700,0.0011,0.1734,2815.72,17.6555,10.3323,53.17,0.0000,0.00,0,0,0,2815.64,0,0.000,0.0000
2026-08-24T00:54:29.435596,3085.08,DONE,7.0622,23.4667,105.75,0.0000,0.0000,20.6660,0,0.0,0.0,0.0,0.0,0.000,0.7700,0.0011,0.1734,2816.72,17.6555,10.3323,53.17,0.0000,0.00,0,0,0,2816.64,0,0.000,0.0000
2026-08-24T00:54:30.435670,3086.08,DONE,7.0622,23.4667,105.75,0.0000,0.0000,20.6660,0,0.0,0.0,0.0,0.0,0.000,0.7700,0.0011,0.1734,2817.72,17.6555,10.3323,53.17,0.0000,0.00,0,0,0,2817.64,0,0.000,0.0000
2026-08-24T00:54:31.435582,3087.08,DONE,7.0622,23.4667,105.75,0.0000,0.0000,20.6660,0,0.0,0.0,0.0,0.0,0.000,0.7700,0.0011,0.1734,2818.72,17.6555,10.3323,53.17,0.0000,0.00,0,0,0,2818.64,0,0.000,0.0000
2026-08-24T00:54:32.436785,3088.08,DONE,7.0622,23.4667,105.75,0.0000,0.0000,20.6660,0,0.0,0.0,0.0,0.0,0.000,0.7700,0.0011,0.1734,2819.72,17.6555,10.3323,53.17,0.0000,0.00,0,0,0,2819.64,0,0.000,0.0000
2026-08-24T00:54:33.435912,3089.08,DONE,7.0622,23.4667,105.75,0.0000,0.0000,20.6660,0,0.0,0.0,0.0,0.0,0.000,0.7700,0.0011,0.1734,2820.72,17.6555,10.3323,53.17,0.0000,0.00,0,0,0,2820.64,0,0.000,0.0000
2026-08-24T00:54:34.435994,3090.08,DONE,7.0622,23.4667,105.75,0.0000,0.0000,20.6660,0,0.0,0.0,0.0,0.0,0.000,0.7700,0.0011,0.1734,2821.72,17.6555,10.3323,53.17,0.0000,0.00,0,0,0,2821.64,0,0.000,0.0000
2026-08-24T00:54:35.437356,3091.08,DONE,7.0622,23.4667,105.75,0.0000,0.0000,20.6660,0,0.0,0.0,0.0,0.0,0.000,0.7700,0.0011,0.1734,2822.72,17.6555,10.3323,53.17,0.0000,0.00,0,0,0,2822.64,0,0.000,0.0000
2026-08-24T00:54:36.435988,3092.08,DONE,7.0622,23.4667,105.75,0.0000,0.0000,20.6660,0,0.0,0.0,0.0,0.0,0.000,0.7700,0.0011,0.1734,2823.72,17.6555,10.3323,53.17,0.0000,0.00,0,0,0,2823.64,0,0.000,0.0000
2026-08-24T00:54:37.436077,3093.08,DONE,7.0622,23.4667,105.75,0.0000,0.0000,20.6660,0,0.0,0.0,0.0,0.0,0.000,0.7700,0.0011,0.1734,2824.72,17.6555,10.3323,53.17,0.0000,0.00,0,0,0,2824.64,0,0.000,0.0000
2026-08-24T00:54:38.435616,3094.08,DONE,7.0622,23.4667,105.75,0.0000,0.0000,20.6660,0,0.0,0.0,0.0,0.0,0.000,0.7700,0.0011,0.1734,2825.72,17.6555,10.3323,53.17,0.0000,0.00,0,0,0,2825.64,0,0.000,0.0000
2026-08-24T00:54:39.435610,3095.08,DONE,7.0622,23.4667,105.75,0.0000,0.0000,20.6660,0,0.0,0.0,0.0,0.0,0.000,0.7700,0.0011,0.1734,2826.72,17.6555,10.3323,53.17,0.0000,0.00,0,0,0,2826.64,0,0.000,0.0000
2026-08-24T00:54:40.435531,3096.08,DONE,7.0622,23.4667,105.75,0.0000,0.0000,20.6660,0,0.0,0.0,0.0,0.0,0.000,0.7700,0.0011,0.1734,2827.72,17.6555,10.3323,53.17,0.0000,0.00,0,0,0,2827.64,0,0.000,0.0000
2026-08-24T00:54:41.435657,3097.08,DONE,7.0622,23.4667,105.75,0.0000,0.0000,20.6660,0,0.0,0.0,0.0,0.0,0.000,0.7700,0.0011,0.1734,2828.72,17.6555,10.3323,53.17,0.0000,0.00,0,0,0,2828.64,0,0.000,0.0000
2026-08-24T00:54:42.435650,3098.08,DONE,7.0622,23.4667,105.75,0.0000,0.0000,20.6660,0,0.0,0.0,0.0,0.0,0.000,0.7700,0.0011,0.1734,2829.72,17.6555,10.3323,53.17,0.0000,0.00,0,0,0,2829.64,0,0.000,0.0000
2026-08-24T00:54:43.435795,3099.08,DONE,7.0622,23.4667,105.75,0.0000,0.0000,20.6660,0,0.0,0.0,0.0,0.0,0.000,0.7700,0.0011,0.1734,2830.72,17.6555,10.3323,53.17,0.0000,0.00,0,0,0,2830.64,0,0.000,0.0000
2026-08-24T00:54:44.435865,3100.08,DONE,7.0622,23.4667,105.75,0.0000,0.0000,20.6660,0,0.0,0.0,0.0,0.0,0.000,0.7700,0.0011,0.1734,2831.72,17.6555,10.3323,53.17,0.0000,0.00,0,0,0,2831.64,0,0.000,0.0000
2026-08-24T00:54:45.437067,3101.08,DONE,7.0622,23.4667,105.75,0.0000,0.0000,20.6660,0,0.0,0.0,0.0,0.0,0.000,0.7700,0.0011,0.1734,2832.72,17.6555,10.3323,53.17,0.0000,0.00,0,0,0,2832.64,0,0.000,0.0000
2026-08-24T00:54:46.436207,3102.08,DONE,7.0622,23.4667,105.75,0.0000,0.0000,20.6660,0,0.0,0.0,0.0,0.0,0.000,0.7700,0.0011,0.1734,2833.72,17.6555,10.3323,53.17,0.0000,0.00,0,0,0,2833.64,0,0.000,0.0000
2026-08-24T00:54:47.436366,3103.08,DONE,7.0622,23.4667,105.75,0.0000,0.0000,20.6660,0,0.0,0.0,0.0,0.0,0.000,0.7700,0.0011,0.1734,2834.72,17.6555,10.3323,53.17,0.0000,0.00,0,0,0,2834.64,0,0.000,0.0000
2026-08-24T00:54:48.435627,3104.08,DONE,7.0622,23.4667,105.75,0.0000,0.0000,20.6660,0,0.0,0.0,0.0,0.0,0.000,0.7700,0.0011,0.1734,2835.72,17.6555,10.3323,53.17,0.0000,0.00,0,0,0,2835.64,0,0.000,0.0000
2026-08-24T00:54:49.436530,3105.08,DONE,7.0622,23.4667,105.75,0.0000,0.0000,20.6660,0,0.0,0.0,0.0,0.0,0.000,0.7700,0.0011,0.1734,2836.72,17.6555,10.3323,53.17,0.0000,0.00,0,0,0,2836.64,0,0.000,0.0000
2026-08-24T00:54:50.435595,3106.08,DONE,7.0622,23.4667,105.75,0.0000,0.0000,20.6660,0,0.0,0.0,0.0,0.0,0.000,0.7700,0.0011,0.1734,2837.72,17.6555,10.3323,53.17,0.0000,0.00,0,0,0,2837.64,0,0.000,0.0000
2026-08-24T00:54:51.435869,3107.08,DONE,7.0622,23.4667,105.75,0.0000,0.0000,20.6660,0,0.0,0.0,0.0,0.0,0.000,0.7700,0.0011,0.1734,2838.72,17.6555,10.3323,53.17,0.0000,0.00,0,0,0,2838.64,0,0.000,0.0000
2026-08-24T00:54:52.438672,3108.08,DONE,7.0622,23.4667,105.75,0.0000,0.0000,20.6660,0,0.0,0.0,0.0,0.0,0.000,0.7700,0.0011,0.1734,2839.73,17.6555,10.3323,53.17,0.0000,0.00,0,0,0,2839.64,0,0.000,0.0000
2026-08-24T00:54:53.435785,3109.08,DONE,7.0622,23.4667,105.75,0.0000,0.0000,20.6660,0,0.0,0.0,0.0,0.0,0.000,0.7700,0.0011,0.1734,2840.72,17.6555,10.3323,53.17,0.0000,0.00,0,0,0,2840.64,0,0.000,0.0000
2026-08-24T00:54:54.435710,3110.08,DONE,7.0622,23.4667,105.75,0.0000,0.0000,20.6660,0,0.0,0.0,0.0,0.0,0.000,0.7700,0.0011,0.1734,2841.72,17.6555,10.3323,53.17,0.0000,0.00,0,0,0,2841.64,0,0.000,0.0000
2026-08-24T00:54:55.435808,3111.08,DONE,7.0622,23.4667,105.75,0.0000,0.0000,20.6660,0,0.0,0.0,0.0,0.0,0.000,0.7700,0.0011,0.1734,2842.72,17.6555,10.3323,53.17,0.0000,0.00,0,0,0,2842.64,0,0.000,0.0000
2026-08-24T00:54:56.436309,3112.08,DONE,7.0622,23.4667,105.75,0.0000,0.0000,20.6660,0,0.0,0.0,0.0,0.0,0.000,0.7700,0.0011,0.1734,2843.72,17.6555,10.3323,53.17,0.0000,0.00,0,0,0,2843.64,0,0.000,0.0000
2026-08-24T00:54:57.436097,3113.08,DONE,7.0622,23.4667,105.75,0.0000,0.0000,20.6660,0,0.0,0.0,0.0,0.0,0.000,0.7700,0.0011,0.1734,2844.72,17.6555,10.3323,53.17,0.0000,0.00,0,0,0,2844.64,0,0.000,0.0000
2026-08-24T00:54:58.436102,3114.08,DONE,7.0622,23.4667,105.75,0.0000,0.0000,20.6660,0,0.0,0.0,0.0,0.0,0.000,0.7700,0.0011,0.1734,2845.72,17.6555,10.3323,53.17,0.0000,0.00,0,0,0,2845.64,0,0.000,0.0000
2026-08-24T00:54:59.436107,3115.08,DONE,7.0622,23.4667,105.75,0.0000,0.0000,20.6660,0,0.0,0.0,0.0,0.0,0.000,0.7700,0.0011,0.1734,2846.72,17.6555,10.3323,53.17,0.0000,0.00,0,0,0,2846.64,0,0.000,0.0000
2026-08-24T00:55:00.435656,3116.08,DONE,7.0622,23.4667,105.75,0.0000,0.0000,20.6660,0,0.0,0.0,0.0,0.0,0.000,0.7700,0.0011,0.1734,2847.72,17.6555,10.3323,53.17,0.0000,0.00,0,0,0,2847.64,0,0.000,0.0000
2026-08-24T00:55:01.435752,3117.08,DONE,7.0622,23.4667,105.75,0.0000,0.0000,20.6660,0,0.0,0.0,0.0,0.0,0.000,0.7700,0.0011,0.1734,2848.72,17.6555,10.3323,53.17,0.0000,0.00,0,0,0,2848.64,0,0.000,0.0000
2026-08-24T00:55:02.435814,3118.08,DONE,7.0622,23.4667,105.75,0.0000,0.0000,20.6660,0,0.0,0.0,0.0,0.0,0.000,0.7700,0.0011,0.1734,2849.72,17.6555,10.3323,53.17,0.0000,0.00,0,0,0,2849.64,0,0.000,0.0000
2026-08-24T00:55:03.435640,3119.08,DONE,7.0622,23.4667,105.75,0.0000,0.0000,20.6660,0,0.0,0.0,0.0,0.0,0.000,0.7700,0.0011,0.1734,2850.72,17.6555,10.3323,53.17,0.0000,0.00,0,0,0,2850.64,0,0.000,0.0000
2026-08-24T00:55:04.436120,3120.08,DONE,7.0622,23.4667,105.75,0.0000,0.0000,20.6660,0,0.0,0.0,0.0,0.0,0.000,0.7700,0.0011,0.1734,2851.72,17.6555,10.3323,53.17,0.0000,0.00,0,0,0,2851.64,0,0.000,0.0000
2026-08-24T00:55:05.435556,3121.08,DONE,7.0622,23.4667,105.75,0.0000,0.0000,20.6660,0,0.0,0.0,0.0,0.0,0.000,0.7700,0.0011,0.1734,2852.72,17.6555,10.3323,53.17,0.0000,0.00,0,0,0,2852.64,0,0.000,0.0000
2026-08-24T00:55:06.436463,3122.08,DONE,7.0622,23.4667,105.75,0.0000,0.0000,20.6660,0,0.0,0.0,0.0,0.0,0.000,0.7700,0.0011,0.1734,2853.72,17.6555,10.3323,53.17,0.0000,0.00,0,0,0,2853.64,0,0.000,0.0000
2026-08-24T00:55:07.436592,3123.08,DONE,7.0622,23.4667,105.75,0.0000,0.0000,20.6660,0,0.0,0.0,0.0,0.0,0.000,0.7700,0.0011,0.1734,2854.72,17.6555,10.3323,53.17,0.0000,0.00,0,0,0,2854.64,0,0.000,0.0000
2026-08-24T00:55:08.435705,3124.08,DONE,7.0622,23.4667,105.75,0.0000,0.0000,20.6660,0,0.0,0.0,0.0,0.0,0.000,0.7700,0.0011,0.1734,2855.72,17.6555,10.3323,53.17,0.0000,0.00,0,0,0,2855.64,0,0.000,0.0000
2026-08-24T00:55:09.436171,3125.08,DONE,7.0622,23.4667,105.75,0.0000,0.0000,20.6660,0,0.0,0.0,0.0,0.0,0.000,0.7700,0.0011,0.1734,2856.72,17.6555,10.3323,53.17,0.0000,0.00,0,0,0,2856.64,0,0.000,0.0000
2026-08-24T00:55:10.436351,3126.08,DONE,7.0622,23.4667,105.75,0.0000,0.0000,20.6660,0,0.0,0.0,0.0,0.0,0.000,0.7700,0.0011,0.1734,2857.72,17.6555,10.3323,53.17,0.0000,0.00,0,0,0,2857.64,0,0.000,0.0000
2026-08-24T00:55:11.436028,3127.08,DONE,7.0622,23.4667,105.75,0.0000,0.0000,20.6660,0,0.0,0.0,0.0,0.0,0.000,0.7700,0.0011,0.1734,2858.72,17.6555,10.3323,53.17,0.0000,0.00,0,0,0,2858.64,0,0.000,0.0000
2026-08-24T00:55:12.435619,3128.08,DONE,7.0622,23.4667,105.75,0.0000,0.0000,20.6660,0,0.0,0.0,0.0,0.0,0.000,0.7700,0.0011,0.1734,2859.72,17.6555,10.3323,53.17,0.0000,0.00,0,0,0,2859.64,0,0.000,0.0000
2026-08-24T00:55:13.435496,3129.08,DONE,7.0622,23.4667,105.75,0.0000,0.0000,20.6660,0,0.0,0.0,0.0,0.0,0.000,0.7700,0.0011,0.1734,2860.72,17.6555,10.3323,53.17,0.0000,0.00,0,0,0,2860.64,0,0.000,0.0000
2026-08-24T00:55:14.435579,3130.08,DONE,7.0622,23.4667,105.75,0.0000,0.0000,20.6660,0,0.0,0.0,0.0,0.0,0.000,0.7700,0.0011,0.1734,2861.72,17.6555,10.3323,53.17,0.0000,0.00,0,0,0,2861.64,0,0.000,0.0000
2026-08-24T00:55:15.435607,3131.08,DONE,7.0622,23.4667,105.75,0.0000,0.0000,20.6660,0,0.0,0.0,0.0,0.0,0.000,0.7700,0.0011,0.1734,2862.72,17.6555,10.3323,53.17,0.0000,0.00,0,0,0,2862.64,0,0.000,0.0000
2026-08-24T00:55:16.435760,3132.08,DONE,7.0622,23.4667,105.75,0.0000,0.0000,20.6660,0,0.0,0.0,0.0,0.0,0.000,0.7700,0.0011,0.1734,2863.72,17.6555,10.3323,53.17,0.0000,0.00,0,0,0,2863.64,0,0.000,0.0000
2026-08-24T00:55:17.435597,3133.08,DONE,7.0622,23.4667,105.75,0.0000,0.0000,20.6660,0,0.0,0.0,0.0,0.0,0.000,0.7700,0.0011,0.1734,2864.72,17.6555,10.3323,53.17,0.0000,0.00,0,0,0,2864.64,0,0.000,0.0000
2026-08-24T00:55:18.435707,3134.08,DONE,7.0622,23.4667,105.75,0.0000,0.0000,20.6660,0,0.0,0.0,0.0,0.0,0.000,0.7700,0.0011,0.1734,2865.72,17.6555,10.3323,53.17,0.0000,0.00,0,0,0,2865.64,0,0.000,0.0000
2026-08-24T00:55:19.435948,3135.08,DONE,7.0622,23.4667,105.75,0.0000,0.0000,20.6660,0,0.0,0.0,0.0,0.0,0.000,0.7700,0.0011,0.1734,2866.72,17.6555,10.3323,53.17,0.0000,0.00,0,0,0,2866.64,0,0.000,0.0000
2026-08-24T00:55:20.435618,3136.08,DONE,7.0622,23.4667,105.75,0.0000,0.0000,20.6660,0,0.0,0.0,0.0,0.0,0.000,0.7700,0.0011,0.1734,2867.72,17.6555,10.3323,53.17,0.0000,0.00,0,0,0,2867.64,0,0.000,0.0000
2026-08-24T00:55:21.436122,3137.08,DONE,7.0622,23.4667,105.75,0.0000,0.0000,20.6660,0,0.0,0.0,0.0,0.0,0.000,0.7700,0.0011,0.1734,2868.72,17.6555,10.3323,53.17,0.0000,0.00,0,0,0,2868.64,0,0.000,0.0000
2026-08-24T00:55:22.435752,3138.08,DONE,7.0622,23.4667,105.75,0.0000,0.0000,20.6660,0,0.0,0.0,0.0,0.0,0.000,0.7700,0.0011,0.1734,2869.72,17.6555,10.3323,53.17,0.0000,0.00,0,0,0,2869.64,0,0.000,0.0000
2026-08-24T00:55:23.435621,3139.08,DONE,7.0622,23.4667,105.75,0.0000,0.0000,20.6660,0,0.0,0.0,0.0,0.0,0.000,0.7700,0.0011,0.1734,2870.72,17.6555,10.3323,53.17,0.0000,0.00,0,0,0,2870.64,0,0.000,0.0000
2026-08-24T00:55:24.436033,3140.08,DONE,7.0622,23.4667,105.75,0.0000,0.0000,20.6660,0,0.0,0.0,0.0,0.0,0.000,0.7700,0.0011,0.1734,2871.72,17.6555,10.3323,53.17,0.0000,0.00,0,0,0,2871.64,0,0.000,0.0000
2026-08-24T00:55:25.435782,3141.08,DONE,7.0622,23.4667,105.75,0.0000,0.0000,20.6660,0,0.0,0.0,0.0,0.0,0.000,0.7700,0.0011,0.1734,2872.72,17.6555,10.3323,53.17,0.0000,0.00,0,0,0,2872.64,0,0.000,0.0000
2026-08-24T00:55:26.436023,3142.08,DONE,7.0622,23.4667,105.75,0.0000,0.0000,20.6660,0,0.0,0.0,0.0,0.0,0.000,0.7700,0.0011,0.1734,2873.72,17.6555,10.3323,53.17,0.0000,0.00,0,0,0,2873.64,0,0.000,0.0000
2026-08-24T00:55:27.435738,3143.08,DONE,7.0622,23.4667,105.75,0.0000,0.0000,20.6660,0,0.0,0.0,0.0,0.0,0.000,0.7700,0.0011,0.1734,2874.72,17.6555,10.3323,53.17,0.0000,0.00,0,0,0,2874.64,0,0.000,0.0000
2026-08-24T00:55:28.436030,3144.08,DONE,7.0622,23.4667,105.75,0.0000,0.0000,20.6660,0,0.0,0.0,0.0,0.0,0.000,0.7700,0.0011,0.1734,2875.72,17.6555,10.3323,53.17,0.0000,0.00,0,0,0,2875.64,0,0.000,0.0000
2026-08-24T00:55:29.435662,3145.08,DONE,7.0622,23.4667,105.75,0.0000,0.0000,20.6660,0,0.0,0.0,0.0,0.0,0.000,0.7700,0.0011,0.1734,2876.72,17.6555,10.3323,53.17,0.0000,0.00,0,0,0,2876.64,0,0.000,0.0000
2026-08-24T00:55:30.435884,3146.08,DONE,7.0622,23.4667,105.75,0.0000,0.0000,20.6660,0,0.0,0.0,0.0,0.0,0.000,0.7700,0.0011,0.1734,2877.72,17.6555,10.3323,53.17,0.0000,0.00,0,0,0,2877.64,0,0.000,0.0000
2026-08-24T00:55:31.435739,3147.08,DONE,7.0622,23.4667,105.75,0.0000,0.0000,20.6660,0,0.0,0.0,0.0,0.0,0.000,0.7700,0.0011,0.1734,2878.72,17.6555,10.3323,53.17,0.0000,0.00,0,0,0,2878.64,0,0.000,0.0000
2026-08-24T00:55:32.435659,3148.08,DONE,7.0622,23.4667,105.75,0.0000,0.0000,20.6660,0,0.0,0.0,0.0,0.0,0.000,0.7700,0.0011,0.1734,2879.72,17.6555,10.3323,53.17,0.0000,0.00,0,0,0,2879.64,0,0.000,0.0000
2026-08-24T00:55:33.435759,3149.08,DONE,7.0622,23.4667,105.75,0.0000,0.0000,20.6660,0,0.0,0.0,0.0,0.0,0.000,0.7700,0.0011,0.1734,2880.72,17.6555,10.3323,53.17,0.0000,0.00,0,0,0,2880.64,0,0.000,0.0000
2026-08-24T00:55:34.435538,3150.08,DONE,7.0622,23.4667,105.75,0.0000,0.0000,20.6660,0,0.0,0.0,0.0,0.0,0.000,0.7700,0.0011,0.1734,2881.72,17.6555,10.3323,53.17,0.0000,0.00,0,0,0,2881.64,0,0.000,0.0000
2026-08-24T00:55:35.435911,3151.08,DONE,7.0622,23.4667,105.75,0.0000,0.0000,20.6660,0,0.0,0.0,0.0,0.0,0.000,0.7700,0.0011,0.1734,2882.72,17.6555,10.3323,53.17,0.0000,0.00,0,0,0,2882.64,0,0.000,0.0000
2026-08-24T00:55:36.436116,3152.08,DONE,7.0622,23.4667,105.75,0.0000,0.0000,20.6660,0,0.0,0.0,0.0,0.0,0.000,0.7700,0.0011,0.1734,2883.72,17.6555,10.3323,53.17,0.0000,0.00,0,0,0,2883.64,0,0.000,0.0000
2026-08-24T00:55:37.436148,3153.08,DONE,7.0622,23.4667,105.75,0.0000,0.0000,20.6660,0,0.0,0.0,0.0,0.0,0.000,0.7700,0.0011,0.1734,2884.72,17.6555,10.3323,53.17,0.0000,0.00,0,0,0,2884.64,0,0.000,0.0000
2026-08-24T00:55:38.435968,3154.08,DONE,7.0622,23.4667,105.75,0.0000,0.0000,20.6660,0,0.0,0.0,0.0,0.0,0.000,0.7700,0.0011,0.1734,2885.72,17.6555,10.3323,53.17,0.0000,0.00,0,0,0,2885.64,0,0.000,0.0000
2026-08-24T00:55:39.436249,3155.08,DONE,7.0622,23.4667,105.75,0.0000,0.0000,20.6660,0,0.0,0.0,0.0,0.0,0.000,0.7700,0.0011,0.1734,2886.72,17.6555,10.3323,53.17,0.0000,0.00,0,0,0,2886.64,0,0.000,0.0000
2026-08-24T00:55:40.435611,3156.08,DONE,7.0622,23.4667,105.75,0.0000,0.0000,20.6660,0,0.0,0.0,0.0,0.0,0.000,0.7700,0.0011,0.1734,2887.72,17.6555,10.3323,53.17,0.0000,0.00,0,0,0,2887.64,0,0.000,0.0000
2026-08-24T00:55:41.436044,3157.08,DONE,7.0622,23.4667,105.75,0.0000,0.0000,20.6660,0,0.0,0.0,0.0,0.0,0.000,0.7700,0.0011,0.1734,2888.72,17.6555,10.3323,53.17,0.0000,0.00,0,0,0,2888.64,0,0.000,0.0000
2026-08-24T00:55:42.435959,3158.08,DONE,7.0622,23.4667,105.75,0.0000,0.0000,20.6660,0,0.0,0.0,0.0,0.0,0.000,0.7700,0.0011,0.1734,2889.72,17.6555,10.3323,53.17,0.0000,0.00,0,0,0,2889.64,0,0.000,0.0000
2026-08-24T00:55:43.436084,3159.08,DONE,7.0622,23.4667,105.75,0.0000,0.0000,20.6660,0,0.0,0.0,0.0,0.0,0.000,0.7700,0.0011,0.1734,2890.72,17.6555,10.3323,53.17,0.0000,0.00,0,0,0,2890.64,0,0.000,0.0000
2026-08-24T00:55:44.435627,3160.08,DONE,7.0622,23.4667,105.75,0.0000,0.0000,20.6660,0,0.0,0.0,0.0,0.0,0.000,0.7700,0.0011,0.1734,2891.72,17.6555,10.3323,53.17,0.0000,0.00,0,0,0,2891.64,0,0.000,0.0000
2026-08-24T00:55:45.435671,3161.08,DONE,7.0622,23.4667,105.75,0.0000,0.0000,20.6660,0,0.0,0.0,0.0,0.0,0.000,0.7700,0.0011,0.1734,2892.72,17.6555,10.3323,53.17,0.0000,0.00,0,0,0,2892.64,0,0.000,0.0000
2026-08-24T00:55:46.435591,3162.08,DONE,7.0622,23.4667,105.75,0.0000,0.0000,20.6660,0,0.0,0.0,0.0,0.0,0.000,0.7700,0.0011,0.1734,2893.72,17.6555,10.3323,53.17,0.0000,0.00,0,0,0,2893.64,0,0.000,0.0000
2026-08-24T00:55:47.435816,3163.08,DONE,7.0622,23.4667,105.75,0.0000,0.0000,20.6660,0,0.0,0.0,0.0,0.0,0.000,0.7700,0.0011,0.1734,2894.72,17.6555,10.3323,53.17,0.0000,0.00,0,0,0,2894.64,0,0.000,0.0000
2026-08-24T00:55:48.435580,3164.08,DONE,7.0622,23.4667,105.75,0.0000,0.0000,20.6660,0,0.0,0.0,0.0,0.0,0.000,0.7700,0.0011,0.1734,2895.72,17.6555,10.3323,53.17,0.0000,0.00,0,0,0,2895.64,0,0.000,0.0000
2026-08-24T00:55:49.436042,3165.08,DONE,7.0622,23.4667,105.75,0.0000,0.0000,20.6660,0,0.0,0.0,0.0,0.0,0.000,0.7700,0.0011,0.1734,2896.72,17.6555,10.3323,53.17,0.0000,0.00,0,0,0,2896.64,0,0.000,0.0000
2026-08-24T00:55:50.435840,3166.08,DONE,7.0622,23.4667,105.75,0.0000,0.0000,20.6660,0,0.0,0.0,0.0,0.0,0.000,0.7700,0.0011,0.1734,2897.72,17.6555,10.3323,53.17,0.0000,0.00,0,0,0,2897.64,0,0.000,0.0000
2026-08-24T00:55:51.435949,3167.08,DONE,7.0622,23.4667,105.75,0.0000,0.0000,20.6660,0,0.0,0.0,0.0,0.0,0.000,0.7700,0.0011,0.1734,2898.72,17.6555,10.3323,53.17,0.0000,0.00,0,0,0,2898.64,0,0.000,0.0000
2026-08-24T00:55:52.435794,3168.08,DONE,7.0622,23.4667,105.75,0.0000,0.0000,20.6660,0,0.0,0.0,0.0,0.0,0.000,0.7700,0.0011,0.1734,2899.72,17.6555,10.3323,53.17,0.0000,0.00,0,0,0,2899.64,0,0.000,0.0000
2026-08-24T00:55:53.435763,3169.08,DONE,7.0622,23.4667,105.75,0.0000,0.0000,20.6660,0,0.0,0.0,0.0,0.0,0.000,0.7700,0.0011,0.1734,2900.72,17.6555,10.3323,53.17,0.0000,0.00,0,0,0,2900.64,0,0.000,0.0000
2026-08-24T00:55:54.435663,3170.08,DONE,7.0622,23.4667,105.75,0.0000,0.0000,20.6660,0,0.0,0.0,0.0,0.0,0.000,0.7700,0.0011,0.1734,2901.72,17.6555,10.3323,53.17,0.0000,0.00,0,0,0,2901.64,0,0.000,0.0000
2026-08-24T00:55:55.435640,3171.08,DONE,7.0622,23.4667,105.75,0.0000,0.0000,20.6660,0,0.0,0.0,0.0,0.0,0.000,0.7700,0.0011,0.1734,2902.72,17.6555,10.3323,53.17,0.0000,0.00,0,0,0,2902.64,0,0.000,0.0000
2026-08-24T00:55:56.435815,3172.08,DONE,7.0622,23.4667,105.75,0.0000,0.0000,20.6660,0,0.0,0.0,0.0,0.0,0.000,0.7700,0.0011,0.1734,2903.72,17.6555,10.3323,53.17,0.0000,0.00,0,0,0,2903.64,0,0.000,0.0000
2026-08-24T00:55:57.435609,3173.08,DONE,7.0622,23.4667,105.75,0.0000,0.0000,20.6660,0,0.0,0.0,0.0,0.0,0.000,0.7700,0.0011,0.1734,2904.72,17.6555,10.3323,53.17,0.0000,0.00,0,0,0,2904.64,0,0.000,0.0000
2026-08-24T00:55:58.435646,3174.08,DONE,7.0622,23.4667,105.75,0.0000,0.0000,20.6660,0,0.0,0.0,0.0,0.0,0.000,0.7700,0.0011,0.1734,2905.72,17.6555,10.3323,53.17,0.0000,0.00,0,0,0,2905.64,0,0.000,0.0000
2026-08-24T00:55:59.436043,3175.08,DONE,7.0622,23.4667,105.75,0.0000,0.0000,20.6660,0,0.0,0.0,0.0,0.0,0.000,0.7700,0.0011,0.1734,2906.72,17.6555,10.3323,53.17,0.0000,0.00,0,0,0,2906.64,0,0.000,0.0000
2026-08-24T00:56:00.436024,3176.08,DONE,7.0622,23.4667,105.75,0.0000,0.0000,20.6660,0,0.0,0.0,0.0,0.0,0.000,0.7700,0.0011,0.1734,2907.72,17.6555,10.3323,53.17,0.0000,0.00,0,0,0,2907.64,0,0.000,0.0000
2026-08-24T00:56:01.435665,3177.08,DONE,7.0622,23.4667,105.75,0.0000,0.0000,20.6660,0,0.0,0.0,0.0,0.0,0.000,0.7700,0.0011,0.1734,2908.72,17.6555,10.3323,53.17,0.0000,0.00,0,0,0,2908.64,0,0.000,0.0000
2026-08-24T00:56:02.435592,3178.08,DONE,7.0622,23.4667,105.75,0.0000,0.0000,20.6660,0,0.0,0.0,0.0,0.0,0.000,0.7700,0.0011,0.1734,2909.72,17.6555,10.3323,53.17,0.0000,0.00,0,0,0,2909.64,0,0.000,0.0000
2026-08-24T00:56:03.436000,3179.08,DONE,7.0622,23.4667,105.75,0.0000,0.0000,20.6660,0,0.0,0.0,0.0,0.0,0.000,0.7700,0.0011,0.1734,2910.72,17.6555,10.3323,53.17,0.0000,0.00,0,0,0,2910.64,0,0.000,0.0000
2026-08-24T00:56:04.435592,3180.08,DONE,7.0622,23.4667,105.75,0.0000,0.0000,20.6660,0,0.0,0.0,0.0,0.0,0.000,0.7700,0.0011,0.1734,2911.72,17.6555,10.3323,53.17,0.0000,0.00,0,0,0,2911.64,0,0.000,0.0000
2026-08-24T00:56:05.436432,3181.08,DONE,7.0622,23.4667,105.75,0.0000,0.0000,20.6660,0,0.0,0.0,0.0,0.0,0.000,0.7700,0.0011,0.1734,2912.72,17.6555,10.3323,53.17,0.0000,0.00,0,0,0,2912.64,0,0.000,0.0000
2026-08-24T00:56:06.436282,3182.08,DONE,7.0622,23.4667,105.75,0.0000,0.0000,20.6660,0,0.0,0.0,0.0,0.0,0.000,0.7700,0.0011,0.1734,2913.72,17.6555,10.3323,53.17,0.0000,0.00,0,0,0,2913.64,0,0.000,0.0000
2026-08-24T00:56:07.435972,3183.08,DONE,7.0622,23.4667,105.75,0.0000,0.0000,20.6660,0,0.0,0.0,0.0,0.0,0.000,0.7700,0.0011,0.1734,2914.72,17.6555,10.3323,53.17,0.0000,0.00,0,0,0,2914.64,0,0.000,0.0000
2026-08-24T00:56:08.436015,3184.08,DONE,7.0622,23.4667,105.75,0.0000,0.0000,20.6660,0,0.0,0.0,0.0,0.0,0.000,0.7700,0.0011,0.1734,2915.72,17.6555,10.3323,53.17,0.0000,0.00,0,0,0,2915.64,0,0.000,0.0000
2026-08-24T00:56:09.436049,3185.08,DONE,7.0622,23.4667,105.75,0.0000,0.0000,20.6660,0,0.0,0.0,0.0,0.0,0.000,0.7700,0.0011,0.1734,2916.72,17.6555,10.3323,53.17,0.0000,0.00,0,0,0,2916.64,0,0.000,0.0000
2026-08-24T00:56:10.435738,3186.08,DONE,7.0622,23.4667,105.75,0.0000,0.0000,20.6660,0,0.0,0.0,0.0,0.0,0.000,0.7700,0.0011,0.1734,2917.72,17.6555,10.3323,53.17,0.0000,0.00,0,0,0,2917.64,0,0.000,0.0000
2026-08-24T00:56:11.435793,3187.08,DONE,7.0622,23.4667,105.75,0.0000,0.0000,20.6660,0,0.0,0.0,0.0,0.0,0.000,0.7700,0.0011,0.1734,2918.72,17.6555,10.3323,53.17,0.0000,0.00,0,0,0,2918.64,0,0.000,0.0000
2026-08-24T00:56:12.436145,3188.08,DONE,7.0622,23.4667,105.75,0.0000,0.0000,20.6660,0,0.0,0.0,0.0,0.0,0.000,0.7700,0.0011,0.1734,2919.72,17.6555,10.3323,53.17,0.0000,0.00,0,0,0,2919.64,0,0.000,0.0000
2026-08-24T00:56:13.435709,3189.08,DONE,7.0622,23.4667,105.75,0.0000,0.0000,20.6660,0,0.0,0.0,0.0,0.0,0.000,0.7700,0.0011,0.1734,2920.72,17.6555,10.3323,53.17,0.0000,0.00,0,0,0,2920.64,0,0.000,0.0000
2026-08-24T00:56:14.436577,3190.08,DONE,7.0622,23.4667,105.75,0.0000,0.0000,20.6660,0,0.0,0.0,0.0,0.0,0.000,0.7700,0.0011,0.1734,2921.72,17.6555,10.3323,53.17,0.0000,0.00,0,0,0,2921.64,0,0.000,0.0000
2026-08-24T00:56:15.435557,3191.08,DONE,7.0622,23.4667,105.75,0.0000,0.0000,20.6660,0,0.0,0.0,0.0,0.0,0.000,0.7700,0.0011,0.1734,2922.72,17.6555,10.3323,53.17,0.0000,0.00,0,0,0,2922.64,0,0.000,0.0000
2026-08-24T00:56:16.436296,3192.08,DONE,7.0622,23.4667,105.75,0.0000,0.0000,20.6660,0,0.0,0.0,0.0,0.0,0.000,0.7700,0.0011,0.1734,2923.72,17.6555,10.3323,53.17,0.0000,0.00,0,0,0,2923.64,0,0.000,0.0000
2026-08-24T00:56:17.436105,3193.08,DONE,7.0622,23.4667,105.75,0.0000,0.0000,20.6660,0,0.0,0.0,0.0,0.0,0.000,0.7700,0.0011,0.1734,2924.72,17.6555,10.3323,53.17,0.0000,0.00,0,0,0,2924.64,0,0.000,0.0000
2026-08-24T00:56:18.435669,3194.08,DONE,7.0622,23.4667,105.75,0.0000,0.0000,20.6660,0,0.0,0.0,0.0,0.0,0.000,0.7700,0.0011,0.1734,2925.72,17.6555,10.3323,53.17,0.0000,0.00,0,0,0,2925.64,0,0.000,0.0000
2026-08-24T00:56:19.435769,3195.08,DONE,7.0622,23.4667,105.75,0.0000,0.0000,20.6660,0,0.0,0.0,0.0,0.0,0.000,0.7700,0.0011,0.1734,2926.72,17.6555,10.3323,53.17,0.0000,0.00,0,0,0,2926.64,0,0.000,0.0000
2026-08-24T00:56:20.435603,3196.08,DONE,7.0622,23.4667,105.75,0.0000,0.0000,20.6660,0,0.0,0.0,0.0,0.0,0.000,0.7700,0.0011,0.1734,2927.72,17.6555,10.3323,53.17,0.0000,0.00,0,0,0,2927.64,0,0.000,0.0000
2026-08-24T00:56:21.435570,3197.08,DONE,7.0622,23.4667,105.75,0.0000,0.0000,20.6660,0,0.0,0.0,0.0,0.0,0.000,0.7700,0.0011,0.1734,2928.72,17.6555,10.3323,53.17,0.0000,0.00,0,0,0,2928.64,0,0.000,0.0000
2026-08-24T00:56:22.435607,3198.08,DONE,7.0622,23.4667,105.75,0.0000,0.0000,20.6660,0,0.0,0.0,0.0,0.0,0.000,0.7700,0.0011,0.1734,2929.72,17.6555,10.3323,53.17,0.0000,0.00,0,0,0,2929.64,0,0.000,0.0000
2026-08-24T00:56:23.435556,3199.08,DONE,7.0622,23.4667,105.75,0.0000,0.0000,20.6660,0,0.0,0.0,0.0,0.0,0.000,0.7700,0.0011,0.1734,2930.72,17.6555,10.3323,53.17,0.0000,0.00,0,0,0,2930.64,0,0.000,0.0000
2026-08-24T00:56:24.436261,3200.08,DONE,7.0622,23.4667,105.75,0.0000,0.0000,20.6660,0,0.0,0.0,0.0,0.0,0.000,0.7700,0.0011,0.1734,2931.72,17.6555,10.3323,53.17,0.0000,0.00,0,0,0,2931.64,0,0.000,0.0000
2026-08-24T00:56:25.436319,3201.08,DONE,7.0622,23.4667,105.75,0.0000,0.0000,20.6660,0,0.0,0.0,0.0,0.0,0.000,0.7700,0.0011,0.1734,2932.72,17.6555,10.3323,53.17,0.0000,0.00,0,0,0,2932.64,0,0.000,0.0000
2026-08-24T00:56:26.435770,3202.08,DONE,7.0622,23.4667,105.75,0.0000,0.0000,20.6660,0,0.0,0.0,0.0,0.0,0.000,0.7700,0.0011,0.1734,2933.72,17.6555,10.3323,53.17,0.0000,0.00,0,0,0,2933.64,0,0.000,0.0000
2026-08-24T00:56:27.435597,3203.08,DONE,7.0622,23.4667,105.75,0.0000,0.0000,20.6660,0,0.0,0.0,0.0,0.0,0.000,0.7700,0.0011,0.1734,2934.72,17.6555,10.3323,53.17,0.0000,0.00,0,0,0,2934.64,0,0.000,0.0000
2026-08-24T00:56:28.435655,3204.08,DONE,7.0622,23.4667,105.75,0.0000,0.0000,20.6660,0,0.0,0.0,0.0,0.0,0.000,0.7700,0.0011,0.1734,2935.72,17.6555,10.3323,53.17,0.0000,0.00,0,0,0,2935.64,0,0.000,0.0000
2026-08-24T00:56:29.435761,3205.08,DONE,7.0622,23.4667,105.75,0.0000,0.0000,20.6660,0,0.0,0.0,0.0,0.0,0.000,0.7700,0.0011,0.1734,2936.72,17.6555,10.3323,53.17,0.0000,0.00,0,0,0,2936.64,0,0.000,0.0000
2026-08-24T00:56:30.436057,3206.08,DONE,7.0622,23.4667,105.75,0.0000,0.0000,20.6660,0,0.0,0.0,0.0,0.0,0.000,0.7700,0.0011,0.1734,2937.72,17.6555,10.3323,53.17,0.0000,0.00,0,0,0,2937.64,0,0.000,0.0000
2026-08-24T00:56:31.436117,3207.08,DONE,7.0622,23.4667,105.75,0.0000,0.0000,20.6660,0,0.0,0.0,0.0,0.0,0.000,0.7700,0.0011,0.1734,2938.72,17.6555,10.3323,53.17,0.0000,0.00,0,0,0,2938.64,0,0.000,0.0000
2026-08-24T00:56:32.436312,3208.08,DONE,7.0622,23.4667,105.75,0.0000,0.0000,20.6660,0,0.0,0.0,0.0,0.0,0.000,0.7700,0.0011,0.1734,2939.72,17.6555,10.3323,53.17,0.0000,0.00,0,0,0,2939.64,0,0.000,0.0000
2026-08-24T00:56:33.435789,3209.08,DONE,7.0622,23.4667,105.75,0.0000,0.0000,20.6660,0,0.0,0.0,0.0,0.0,0.000,0.7700,0.0011,0.1734,2940.72,17.6555,10.3323,53.17,0.0000,0.00,0,0,0,2940.64,0,0.000,0.0000
2026-08-24T00:56:34.435519,3210.08,DONE,7.0622,23.4667,105.75,0.0000,0.0000,20.6660,0,0.0,0.0,0.0,0.0,0.000,0.7700,0.0011,0.1734,2941.72,17.6555,10.3323,53.17,0.0000,0.00,0,0,0,2941.64,0,0.000,0.0000
2026-08-24T00:56:35.436001,3211.08,DONE,7.0622,23.4667,105.75,0.0000,0.0000,20.6660,0,0.0,0.0,0.0,0.0,0.000,0.7700,0.0011,0.1734,2942.72,17.6555,10.3323,53.17,0.0000,0.00,0,0,0,2942.64,0,0.000,0.0000
2026-08-24T00:56:36.436167,3212.08,DONE,7.0622,23.4667,105.75,0.0000,0.0000,20.6660,0,0.0,0.0,0.0,0.0,0.000,0.7700,0.0011,0.1734,2943.72,17.6555,10.3323,53.17,0.0000,0.00,0,0,0,2943.64,0,0.000,0.0000
2026-08-24T00:56:37.436466,3213.08,DONE,7.0622,23.4667,105.75,0.0000,0.0000,20.6660,0,0.0,0.0,0.0,0.0,0.000,0.7700,0.0011,0.1734,2944.72,17.6555,10.3323,53.17,0.0000,0.00,0,0,0,2944.64,0,0.000,0.0000
2026-08-24T00:56:38.436538,3214.08,DONE,7.0622,23.4667,105.75,0.0000,0.0000,20.6660,0,0.0,0.0,0.0,0.0,0.000,0.7700,0.0011,0.1734,2945.72,17.6555,10.3323,53.17,0.0000,0.00,0,0,0,2945.64,0,0.000,0.0000
2026-08-24T00:56:39.435647,3215.08,DONE,7.0622,23.4667,105.75,0.0000,0.0000,20.6660,0,0.0,0.0,0.0,0.0,0.000,0.7700,0.0011,0.1734,2946.72,17.6555,10.3323,53.17,0.0000,0.00,0,0,0,2946.64,0,0.000,0.0000
2026-08-24T00:56:40.436683,3216.08,DONE,7.0622,23.4667,105.75,0.0000,0.0000,20.6660,0,0.0,0.0,0.0,0.0,0.000,0.7700,0.0011,0.1734,2947.72,17.6555,10.3323,53.17,0.0000,0.00,0,0,0,2947.64,0,0.000,0.0000
2026-08-24T00:56:41.435793,3217.08,DONE,7.0622,23.4667,105.75,0.0000,0.0000,20.6660,0,0.0,0.0,0.0,0.0,0.000,0.7700,0.0011,0.1734,2948.72,17.6555,10.3323,53.17,0.0000,0.00,0,0,0,2948.64,0,0.000,0.0000
2026-08-24T00:56:42.435820,3218.08,DONE,7.0622,23.4667,105.75,0.0000,0.0000,20.6660,0,0.0,0.0,0.0,0.0,0.000,0.7700,0.0011,0.1734,2949.72,17.6555,10.3323,53.17,0.0000,0.00,0,0,0,2949.64,0,0.000,0.0000
2026-08-24T00:56:43.435746,3219.08,DONE,7.0622,23.4667,105.75,0.0000,0.0000,20.6660,0,0.0,0.0,0.0,0.0,0.000,0.7700,0.0011,0.1734,2950.72,17.6555,10.3323,53.17,0.0000,0.00,0,0,0,2950.64,0,0.000,0.0000
2026-08-24T00:56:44.435753,3220.08,DONE,7.0622,23.4667,105.75,0.0000,0.0000,20.6660,0,0.0,0.0,0.0,0.0,0.000,0.7700,0.0011,0.1734,2951.72,17.6555,10.3323,53.17,0.0000,0.00,0,0,0,2951.64,0,0.000,0.0000
2026-08-24T00:56:45.435399,3221.08,DONE,7.0622,23.4667,105.75,0.0000,0.0000,20.6660,0,0.0,0.0,0.0,0.0,0.000,0.7700,0.0011,0.1734,2952.72,17.6555,10.3323,53.17,0.0000,0.00,0,0,0,2952.64,0,0.000,0.0000
2026-08-24T00:56:46.435667,3222.08,DONE,7.0622,23.4667,105.75,0.0000,0.0000,20.6660,0,0.0,0.0,0.0,0.0,0.000,0.7700,0.0011,0.1734,2953.72,17.6555,10.3323,53.17,0.0000,0.00,0,0,0,2953.64,0,0.000,0.0000
2026-08-24T00:56:47.435670,3223.08,DONE,7.0622,23.4667,105.75,0.0000,0.0000,20.6660,0,0.0,0.0,0.0,0.0,0.000,0.7700,0.0011,0.1734,2954.72,17.6555,10.3323,53.17,0.0000,0.00,0,0,0,2954.64,0,0.000,0.0000
2026-08-24T00:56:48.435799,3224.08,DONE,7.0622,23.4667,105.75,0.0000,0.0000,20.6660,0,0.0,0.0,0.0,0.0,0.000,0.7700,0.0011,0.1734,2955.72,17.6555,10.3323,53.17,0.0000,0.00,0,0,0,2955.64,0,0.000,0.0000
2026-08-24T00:56:49.436093,3225.08,DONE,7.0622,23.4667,105.75,0.0000,0.0000,20.6660,0,0.0,0.0,0.0,0.0,0.000,0.7700,0.0011,0.1734,2956.72,17.6555,10.3323,53.17,0.0000,0.00,0,0,0,2956.64,0,0.000,0.0000
2026-08-24T00:56:50.435697,3226.08,DONE,7.0622,23.4667,105.75,0.0000,0.0000,20.6660,0,0.0,0.0,0.0,0.0,0.000,0.7700,0.0011,0.1734,2957.72,17.6555,10.3323,53.17,0.0000,0.00,0,0,0,2957.64,0,0.000,0.0000
2026-08-24T00:56:51.435857,3227.08,DONE,7.0622,23.4667,105.75,0.0000,0.0000,20.6660,0,0.0,0.0,0.0,0.0,0.000,0.7700,0.0011,0.1734,2958.72,17.6555,10.3323,53.17,0.0000,0.00,0,0,0,2958.64,0,0.000,0.0000
2026-08-24T00:56:52.436194,3228.08,DONE,7.0622,23.4667,105.75,0.0000,0.0000,20.6660,0,0.0,0.0,0.0,0.0,0.000,0.7700,0.0011,0.1734,2959.72,17.6555,10.3323,53.17,0.0000,0.00,0,0,0,2959.64,0,0.000,0.0000
2026-08-24T00:56:53.436091,3229.08,DONE,7.0622,23.4667,105.75,0.0000,0.0000,20.6660,0,0.0,0.0,0.0,0.0,0.000,0.7700,0.0011,0.1734,2960.72,17.6555,10.3323,53.17,0.0000,0.00,0,0,0,2960.64,0,0.000,0.0000
2026-08-24T00:56:54.435584,3230.08,DONE,7.0622,23.4667,105.75,0.0000,0.0000,20.6660,0,0.0,0.0,0.0,0.0,0.000,0.7700,0.0011,0.1734,2961.72,17.6555,10.3323,53.17,0.0000,0.00,0,0,0,2961.64,0,0.000,0.0000
2026-08-24T00:56:55.435963,3231.08,DONE,7.0622,23.4667,105.75,0.0000,0.0000,20.6660,0,0.0,0.0,0.0,0.0,0.000,0.7700,0.0011,0.1734,2962.72,17.6555,10.3323,53.17,0.0000,0.00,0,0,0,2962.64,0,0.000,0.0000
2026-08-24T00:56:56.436245,3232.08,DONE,7.0622,23.4667,105.75,0.0000,0.0000,20.6660,0,0.0,0.0,0.0,0.0,0.000,0.7700,0.0011,0.1734,2963.72,17.6555,10.3323,53.17,0.0000,0.00,0,0,0,2963.64,0,0.000,0.0000
2026-08-24T00:56:57.436081,3233.08,DONE,7.0622,23.4667,105.75,0.0000,0.0000,20.6660,0,0.0,0.0,0.0,0.0,0.000,0.7700,0.0011,0.1734,2964.72,17.6555,10.3323,53.17,0.0000,0.00,0,0,0,2964.64,0,0.000,0.0000
2026-08-24T00:56:58.435746,3234.08,DONE,7.0622,23.4667,105.75,0.0000,0.0000,20.6660,0,0.0,0.0,0.0,0.0,0.000,0.7700,0.0011,0.1734,2965.72,17.6555,10.3323,53.17,0.0000,0.00,0,0,0,2965.64,0,0.000,0.0000
2026-08-24T00:56:59.435641,3235.08,DONE,7.0622,23.4667,105.75,0.0000,0.0000,20.6660,0,0.0,0.0,0.0,0.0,0.000,0.7700,0.0011,0.1734,2966.72,17.6555,10.3323,53.17,0.0000,0.00,0,0,0,2966.64,0,0.000,0.0000
2026-08-24T00:57:00.435728,3236.08,DONE,7.0622,23.4667,105.75,0.0000,0.0000,20.6660,0,0.0,0.0,0.0,0.0,0.000,0.7700,0.0011,0.1734,2967.72,17.6555,10.3323,53.17,0.0000,0.00,0,0,0,2967.64,0,0.000,0.0000
2026-08-24T00:57:01.436097,3237.08,DONE,7.0622,23.4667,105.75,0.0000,0.0000,20.6660,0,0.0,0.0,0.0,0.0,0.000,0.7700,0.0011,0.1734,2968.72,17.6555,10.3323,53.17,0.0000,0.00,0,0,0,2968.64,0,0.000,0.0000
2026-08-24T00:57:02.436340,3238.08,DONE,7.0622,23.4667,105.75,0.0000,0.0000,20.6660,0,0.0,0.0,0.0,0.0,0.000,0.7700,0.0011,0.1734,2969.72,17.6555,10.3323,53.17,0.0000,0.00,0,0,0,2969.64,0,0.000,0.0000
2026-08-24T00:57:03.438664,3239.08,DONE,7.0622,23.4667,105.75,0.0000,0.0000,20.6660,0,0.0,0.0,0.0,0.0,0.000,0.7700,0.0011,0.1734,2970.73,17.6555,10.3323,53.17,0.0000,0.00,0,0,0,2970.64,0,0.000,0.0000
2026-08-24T00:57:04.435781,3240.08,DONE,7.0622,23.4667,105.75,0.0000,0.0000,20.6660,0,0.0,0.0,0.0,0.0,0.000,0.7700,0.0011,0.1734,2971.72,17.6555,10.3323,53.17,0.0000,0.00,0,0,0,2971.64,0,0.000,0.0000
2026-08-24T00:57:05.436123,3241.08,DONE,7.0622,23.4667,105.75,0.0000,0.0000,20.6660,0,0.0,0.0,0.0,0.0,0.000,0.7700,0.0011,0.1734,2972.72,17.6555,10.3323,53.17,0.0000,0.00,0,0,0,2972.64,0,0.000,0.0000
2026-08-24T00:57:06.435823,3242.08,DONE,7.0622,23.4667,105.75,0.0000,0.0000,20.6660,0,0.0,0.0,0.0,0.0,0.000,0.7700,0.0011,0.1734,2973.72,17.6555,10.3323,53.17,0.0000,0.00,0,0,0,2973.64,0,0.000,0.0000
2026-08-24T00:57:07.437019,3243.08,DONE,7.0622,23.4667,105.75,0.0000,0.0000,20.6660,0,0.0,0.0,0.0,0.0,0.000,0.7700,0.0011,0.1734,2974.72,17.6555,10.3323,53.17,0.0000,0.00,0,0,0,2974.64,0,0.000,0.0000
2026-08-24T00:57:08.436417,3244.08,DONE,7.0622,23.4667,105.75,0.0000,0.0000,20.6660,0,0.0,0.0,0.0,0.0,0.000,0.7700,0.0011,0.1734,2975.72,17.6555,10.3323,53.17,0.0000,0.00,0,0,0,2975.64,0,0.000,0.0000
2026-08-24T00:57:09.436346,3245.08,DONE,7.0622,23.4667,105.75,0.0000,0.0000,20.6660,0,0.0,0.0,0.0,0.0,0.000,0.7700,0.0011,0.1734,2976.72,17.6555,10.3323,53.17,0.0000,0.00,0,0,0,2976.64,0,0.000,0.0000
2026-08-24T00:57:10.435655,3246.08,DONE,7.0622,23.4667,105.75,0.0000,0.0000,20.6660,0,0.0,0.0,0.0,0.0,0.000,0.7700,0.0011,0.1734,2977.72,17.6555,10.3323,53.17,0.0000,0.00,0,0,0,2977.64,0,0.000,0.0000
2026-08-24T00:57:11.435730,3247.08,DONE,7.0622,23.4667,105.75,0.0000,0.0000,20.6660,0,0.0,0.0,0.0,0.0,0.000,0.7700,0.0011,0.1734,2978.72,17.6555,10.3323,53.17,0.0000,0.00,0,0,0,2978.64,0,0.000,0.0000
2026-08-24T00:57:12.435820,3248.08,DONE,7.0622,23.4667,105.75,0.0000,0.0000,20.6660,0,0.0,0.0,0.0,0.0,0.000,0.7700,0.0011,0.1734,2979.72,17.6555,10.3323,53.17,0.0000,0.00,0,0,0,2979.64,0,0.000,0.0000
2026-08-24T00:57:13.435615,3249.08,DONE,7.0622,23.4667,105.75,0.0000,0.0000,20.6660,0,0.0,0.0,0.0,0.0,0.000,0.7700,0.0011,0.1734,2980.72,17.6555,10.3323,53.17,0.0000,0.00,0,0,0,2980.64,0,0.000,0.0000
2026-08-24T00:57:14.435617,3250.08,DONE,7.0622,23.4667,105.75,0.0000,0.0000,20.6660,0,0.0,0.0,0.0,0.0,0.000,0.7700,0.0011,0.1734,2981.72,17.6555,10.3323,53.17,0.0000,0.00,0,0,0,2981.64,0,0.000,0.0000
2026-08-24T00:57:15.436016,3251.08,DONE,7.0622,23.4667,105.75,0.0000,0.0000,20.6660,0,0.0,0.0,0.0,0.0,0.000,0.7700,0.0011,0.1734,2982.72,17.6555,10.3323,53.17,0.0000,0.00,0,0,0,2982.64,0,0.000,0.0000
2026-08-24T00:57:16.435648,3252.08,DONE,7.0622,23.4667,105.75,0.0000,0.0000,20.6660,0,0.0,0.0,0.0,0.0,0.000,0.7700,0.0011,0.1734,2983.72,17.6555,10.3323,53.17,0.0000,0.00,0,0,0,2983.64,0,0.000,0.0000
2026-08-24T00:57:17.435746,3253.08,DONE,7.0622,23.4667,105.75,0.0000,0.0000,20.6660,0,0.0,0.0,0.0,0.0,0.000,0.7700,0.0011,0.1734,2984.72,17.6555,10.3323,53.17,0.0000,0.00,0,0,0,2984.64,0,0.000,0.0000
2026-08-24T00:57:18.437160,3254.08,DONE,7.0622,23.4667,105.75,0.0000,0.0000,20.6660,0,0.0,0.0,0.0,0.0,0.000,0.7700,0.0011,0.1734,2985.72,17.6555,10.3323,53.17,0.0000,0.00,0,0,0,2985.64,0,0.000,0.0000
2026-08-24T00:57:19.435635,3255.08,DONE,7.0622,23.4667,105.75,0.0000,0.0000,20.6660,0,0.0,0.0,0.0,0.0,0.000,0.7700,0.0011,0.1734,2986.72,17.6555,10.3323,53.17,0.0000,0.00,0,0,0,2986.64,0,0.000,0.0000
2026-08-24T00:57:20.436031,3256.08,DONE,7.0622,23.4667,105.75,0.0000,0.0000,20.6660,0,0.0,0.0,0.0,0.0,0.000,0.7700,0.0011,0.1734,2987.72,17.6555,10.3323,53.17,0.0000,0.00,0,0,0,2987.64,0,0.000,0.0000
2026-08-24T00:57:21.436756,3257.08,DONE,7.0622,23.4667,105.75,0.0000,0.0000,20.6660,0,0.0,0.0,0.0,0.0,0.000,0.7700,0.0011,0.1734,2988.72,17.6555,10.3323,53.17,0.0000,0.00,0,0,0,2988.64,0,0.000,0.0000
2026-08-24T00:57:22.435662,3258.08,DONE,7.0622,23.4667,105.75,0.0000,0.0000,20.6660,0,0.0,0.0,0.0,0.0,0.000,0.7700,0.0011,0.1734,2989.72,17.6555,10.3323,53.17,0.0000,0.00,0,0,0,2989.64,0,0.000,0.0000
2026-08-24T00:57:23.436578,3259.08,DONE,7.0622,23.4667,105.75,0.0000,0.0000,20.6660,0,0.0,0.0,0.0,0.0,0.000,0.7700,0.0011,0.1734,2990.72,17.6555,10.3323,53.17,0.0000,0.00,0,0,0,2990.64,0,0.000,0.0000
2026-08-24T00:57:24.435607,3260.08,DONE,7.0622,23.4667,105.75,0.0000,0.0000,20.6660,0,0.0,0.0,0.0,0.0,0.000,0.7700,0.0011,0.1734,2991.72,17.6555,10.3323,53.17,0.0000,0.00,0,0,0,2991.64,0,0.000,0.0000
2026-08-24T00:57:25.436015,3261.08,DONE,7.0622,23.4667,105.75,0.0000,0.0000,20.6660,0,0.0,0.0,0.0,0.0,0.000,0.7700,0.0011,0.1734,2992.72,17.6555,10.3323,53.17,0.0000,0.00,0,0,0,2992.64,0,0.000,0.0000
2026-08-24T00:57:26.436202,3262.08,DONE,7.0622,23.4667,105.75,0.0000,0.0000,20.6660,0,0.0,0.0,0.0,0.0,0.000,0.7700,0.0011,0.1734,2993.72,17.6555,10.3323,53.17,0.0000,0.00,0,0,0,2993.64,0,0.000,0.0000
2026-08-24T00:57:27.436534,3263.08,DONE,7.0622,23.4667,105.75,0.0000,0.0000,20.6660,0,0.0,0.0,0.0,0.0,0.000,0.7700,0.0011,0.1734,2994.72,17.6555,10.3323,53.17,0.0000,0.00,0,0,0,2994.64,0,0.000,0.0000
2026-08-24T00:57:28.435713,3264.08,DONE,7.0622,23.4667,105.75,0.0000,0.0000,20.6660,0,0.0,0.0,0.0,0.0,0.000,0.7700,0.0011,0.1734,2995.72,17.6555,10.3323,53.17,0.0000,0.00,0,0,0,2995.64,0,0.000,0.0000
2026-08-24T00:57:29.435640,3265.08,DONE,7.0622,23.4667,105.75,0.0000,0.0000,20.6660,0,0.0,0.0,0.0,0.0,0.000,0.7700,0.0011,0.1734,2996.72,17.6555,10.3323,53.17,0.0000,0.00,0,0,0,2996.64,0,0.000,0.0000
2026-08-24T00:57:30.435888,3266.08,DONE,7.0622,23.4667,105.75,0.0000,0.0000,20.6660,0,0.0,0.0,0.0,0.0,0.000,0.7700,0.0011,0.1734,2997.72,17.6555,10.3323,53.17,0.0000,0.00,0,0,0,2997.64,0,0.000,0.0000
2026-08-24T00:57:31.435619,3267.08,DONE,7.0622,23.4667,105.75,0.0000,0.0000,20.6660,0,0.0,0.0,0.0,0.0,0.000,0.7700,0.0011,0.1734,2998.72,17.6555,10.3323,53.17,0.0000,0.00,0,0,0,2998.64,0,0.000,0.0000
2026-08-24T00:57:32.436008,3268.08,DONE,7.0622,23.4667,105.75,0.0000,0.0000,20.6660,0,0.0,0.0,0.0,0.0,0.000,0.7700,0.0011,0.1734,2999.72,17.6555,10.3323,53.17,0.0000,0.00,0,0,0,2999.64,0,0.000,0.0000
2026-08-24T00:57:33.436346,3269.08,DONE,7.0622,23.4667,105.75,0.0000,0.0000,20.6660,0,0.0,0.0,0.0,0.0,0.000,0.7700,0.0011,0.1734,3000.72,17.6555,10.3323,53.17,0.0000,0.00,0,0,0,3000.64,0,0.000,0.0000
2026-08-24T00:57:34.435723,3270.08,DONE,7.0622,23.4667,105.75,0.0000,0.0000,20.6660,0,0.0,0.0,0.0,0.0,0.000,0.7700,0.0011,0.1734,3001.72,17.6555,10.3323,53.17,0.0000,0.00,0,0,0,3001.64,0,0.000,0.0000
2026-08-24T00:57:35.436098,3271.08,DONE,7.0622,23.4667,105.75,0.0000,0.0000,20.6660,0,0.0,0.0,0.0,0.0,0.000,0.7700,0.0011,0.1734,3002.72,17.6555,10.3323,53.17,0.0000,0.00,0,0,0,3002.64,0,0.000,0.0000
2026-08-24T00:57:36.435665,3272.08,DONE,7.0622,23.4667,105.75,0.0000,0.0000,20.6660,0,0.0,0.0,0.0,0.0,0.000,0.7700,0.0011,0.1734,3003.72,17.6555,10.3323,53.17,0.0000,0.00,0,0,0,3003.64,0,0.000,0.0000
2026-08-24T00:57:37.435621,3273.08,DONE,7.0622,23.4667,105.75,0.0000,0.0000,20.6660,0,0.0,0.0,0.0,0.0,0.000,0.7700,0.0011,0.1734,3004.72,17.6555,10.3323,53.17,0.0000,0.00,0,0,0,3004.64,0,0.000,0.0000
2026-08-24T00:57:38.436194,3274.08,DONE,7.0622,23.4667,105.75,0.0000,0.0000,20.6660,0,0.0,0.0,0.0,0.0,0.000,0.7700,0.0011,0.1734,3005.72,17.6555,10.3323,53.17,0.0000,0.00,0,0,0,3005.64,0,0.000,0.0000
2026-08-24T00:57:39.436086,3275.08,DONE,7.0622,23.4667,105.75,0.0000,0.0000,20.6660,0,0.0,0.0,0.0,0.0,0.000,0.7700,0.0011,0.1734,3006.72,17.6555,10.3323,53.17,0.0000,0.00,0,0,0,3006.64,0,0.000,0.0000
2026-08-24T00:57:40.435510,3276.08,DONE,7.0622,23.4667,105.75,0.0000,0.0000,20.6660,0,0.0,0.0,0.0,0.0,0.000,0.7700,0.0011,0.1734,3007.72,17.6555,10.3323,53.17,0.0000,0.00,0,0,0,3007.64,0,0.000,0.0000
2026-08-24T00:57:41.436045,3277.08,DONE,7.0622,23.4667,105.75,0.0000,0.0000,20.6660,0,0.0,0.0,0.0,0.0,0.000,0.7700,0.0011,0.1734,3008.72,17.6555,10.3323,53.17,0.0000,0.00,0,0,0,3008.64,0,0.000,0.0000
2026-08-24T00:57:42.437638,3278.08,DONE,7.0622,23.4667,105.75,0.0000,0.0000,20.6660,0,0.0,0.0,0.0,0.0,0.000,0.7700,0.0011,0.1734,3009.73,17.6555,10.3323,53.17,0.0000,0.00,0,0,0,3009.64,0,0.000,0.0000
2026-08-24T00:57:43.435693,3279.08,DONE,7.0622,23.4667,105.75,0.0000,0.0000,20.6660,0,0.0,0.0,0.0,0.0,0.000,0.7700,0.0011,0.1734,3010.72,17.6555,10.3323,53.17,0.0000,0.00,0,0,0,3010.64,0,0.000,0.0000
2026-08-24T00:57:44.436521,3280.08,DONE,7.0622,23.4667,105.75,0.0000,0.0000,20.6660,0,0.0,0.0,0.0,0.0,0.000,0.7700,0.0011,0.1734,3011.72,17.6555,10.3323,53.17,0.0000,0.00,0,0,0,3011.64,0,0.000,0.0000
2026-08-24T00:57:45.436164,3281.08,DONE,7.0622,23.4667,105.75,0.0000,0.0000,20.6660,0,0.0,0.0,0.0,0.0,0.000,0.7700,0.0011,0.1734,3012.72,17.6555,10.3323,53.17,0.0000,0.00,0,0,0,3012.64,0,0.000,0.0000
2026-08-24T00:57:46.436298,3282.08,DONE,7.0622,23.4667,105.75,0.0000,0.0000,20.6660,0,0.0,0.0,0.0,0.0,0.000,0.7700,0.0011,0.1734,3013.72,17.6555,10.3323,53.17,0.0000,0.00,0,0,0,3013.64,0,0.000,0.0000
2026-08-24T00:57:47.435774,3283.08,DONE,7.0622,23.4667,105.75,0.0000,0.0000,20.6660,0,0.0,0.0,0.0,0.0,0.000,0.7700,0.0011,0.1734,3014.72,17.6555,10.3323,53.17,0.0000,0.00,0,0,0,3014.64,0,0.000,0.0000
2026-08-24T00:57:48.437376,3284.08,DONE,7.0622,23.4667,105.75,0.0000,0.0000,20.6660,0,0.0,0.0,0.0,0.0,0.000,0.7700,0.0011,0.1734,3015.72,17.6555,10.3323,53.17,0.0000,0.00,0,0,0,3015.64,0,0.000,0.0000
2026-08-24T00:57:49.435656,3285.08,DONE,7.0622,23.4667,105.75,0.0000,0.0000,20.6660,0,0.0,0.0,0.0,0.0,0.000,0.7700,0.0011,0.1734,3016.72,17.6555,10.3323,53.17,0.0000,0.00,0,0,0,3016.64,0,0.000,0.0000
2026-08-24T00:57:50.436045,3286.08,DONE,7.0622,23.4667,105.75,0.0000,0.0000,20.6660,0,0.0,0.0,0.0,0.0,0.000,0.7700,0.0011,0.1734,3017.72,17.6555,10.3323,53.17,0.0000,0.00,0,0,0,3017.64,0,0.000,0.0000
2026-08-24T00:57:51.435720,3287.08,DONE,7.0622,23.4667,105.75,0.0000,0.0000,20.6660,0,0.0,0.0,0.0,0.0,0.000,0.7700,0.0011,0.1734,3018.72,17.6555,10.3323,53.17,0.0000,0.00,0,0,0,3018.64,0,0.000,0.0000
2026-08-24T00:57:52.435752,3288.08,DONE,7.0622,23.4667,105.75,0.0000,0.0000,20.6660,0,0.0,0.0,0.0,0.0,0.000,0.7700,0.0011,0.1734,3019.72,17.6555,10.3323,53.17,0.0000,0.00,0,0,0,3019.64,0,0.000,0.0000
2026-08-24T00:57:53.435936,3289.08,DONE,7.0622,23.4667,105.75,0.0000,0.0000,20.6660,0,0.0,0.0,0.0,0.0,0.000,0.7700,0.0011,0.1734,3020.72,17.6555,10.3323,53.17,0.0000,0.00,0,0,0,3020.64,0,0.000,0.0000
2026-08-24T00:57:54.435635,3290.08,DONE,7.0622,23.4667,105.75,0.0000,0.0000,20.6660,0,0.0,0.0,0.0,0.0,0.000,0.7700,0.0011,0.1734,3021.72,17.6555,10.3323,53.17,0.0000,0.00,0,0,0,3021.64,0,0.000,0.0000
2026-08-24T00:57:55.436224,3291.08,DONE,7.0622,23.4667,105.75,0.0000,0.0000,20.6660,0,0.0,0.0,0.0,0.0,0.000,0.7700,0.0011,0.1734,3022.72,17.6555,10.3323,53.17,0.0000,0.00,0,0,0,3022.64,0,0.000,0.0000
2026-08-24T00:57:56.435659,3292.08,DONE,7.0622,23.4667,105.75,0.0000,0.0000,20.6660,0,0.0,0.0,0.0,0.0,0.000,0.7700,0.0011,0.1734,3023.72,17.6555,10.3323,53.17,0.0000,0.00,0,0,0,3023.64,0,0.000,0.0000
2026-08-24T00:57:57.435993,3293.08,DONE,7.0622,23.4667,105.75,0.0000,0.0000,20.6660,0,0.0,0.0,0.0,0.0,0.000,0.7700,0.0011,0.1734,3024.72,17.6555,10.3323,53.17,0.0000,0.00,0,0,0,3024.64,0,0.000,0.0000
2026-08-24T00:57:58.435765,3294.08,DONE,7.0622,23.4667,105.75,0.0000,0.0000,20.6660,0,0.0,0.0,0.0,0.0,0.000,0.7700,0.0011,0.1734,3025.72,17.6555,10.3323,53.17,0.0000,0.00,0,0,0,3025.64,0,0.000,0.0000
2026-08-24T00:57:59.436441,3295.08,DONE,7.0622,23.4667,105.75,0.0000,0.0000,20.6660,0,0.0,0.0,0.0,0.0,0.000,0.7700,0.0011,0.1734,3026.72,17.6555,10.3323,53.17,0.0000,0.00,0,0,0,3026.64,0,0.000,0.0000
2026-08-24T00:58:00.435942,3296.08,DONE,7.0622,23.4667,105.75,0.0000,0.0000,20.6660,0,0.0,0.0,0.0,0.0,0.000,0.7700,0.0011,0.1734,3027.72,17.6555,10.3323,53.17,0.0000,0.00,0,0,0,3027.64,0,0.000,0.0000
2026-08-24T00:58:01.435882,3297.08,DONE,7.0622,23.4667,105.75,0.0000,0.0000,20.6660,0,0.0,0.0,0.0,0.0,0.000,0.7700,0.0011,0.1734,3028.72,17.6555,10.3323,53.17,0.0000,0.00,0,0,0,3028.64,0,0.000,0.0000
2026-08-24T00:58:02.436267,3298.08,DONE,7.0622,23.4667,105.75,0.0000,0.0000,20.6660,0,0.0,0.0,0.0,0.0,0.000,0.7700,0.0011,0.1734,3029.72,17.6555,10.3323,53.17,0.0000,0.00,0,0,0,3029.64,0,0.000,0.0000
2026-08-24T00:58:03.435582,3299.08,DONE,7.0622,23.4667,105.75,0.0000,0.0000,20.6660,0,0.0,0.0,0.0,0.0,0.000,0.7700,0.0011,0.1734,3030.72,17.6555,10.3323,53.17,0.0000,0.00,0,0,0,3030.64,0,0.000,0.0000
2026-08-24T00:58:04.436322,3300.08,DONE,7.0622,23.4667,105.75,0.0000,0.0000,20.6660,0,0.0,0.0,0.0,0.0,0.000,0.7700,0.0011,0.1734,3031.72,17.6555,10.3323,53.17,0.0000,0.00,0,0,0,3031.65,0,0.000,0.0000
2026-08-24T00:58:05.440498,3301.08,DONE,7.0622,23.4667,105.75,0.0000,0.0000,20.6660,0,0.0,0.0,0.0,0.0,0.000,0.7700,0.0011,0.1734,3032.73,17.6555,10.3323,53.17,0.0000,0.00,0,0,0,3032.64,0,0.000,0.0000
2026-08-24T00:58:06.437161,3302.08,DONE,7.0622,23.4667,105.75,0.0000,0.0000,20.6660,0,0.0,0.0,0.0,0.0,0.000,0.7700,0.0011,0.1734,3033.72,17.6555,10.3323,53.17,0.0000,0.00,0,0,0,3033.64,0,0.000,0.0000
2026-08-24T00:58:07.435667,3303.08,DONE,7.0622,23.4667,105.75,0.0000,0.0000,20.6660,0,0.0,0.0,0.0,0.0,0.000,0.7700,0.0011,0.1734,3034.72,17.6555,10.3323,53.17,0.0000,0.00,0,0,0,3034.64,0,0.000,0.0000
2026-08-24T00:58:08.435557,3304.08,DONE,7.0622,23.4667,105.75,0.0000,0.0000,20.6660,0,0.0,0.0,0.0,0.0,0.000,0.7700,0.0011,0.1734,3035.72,17.6555,10.3323,53.17,0.0000,0.00,0,0,0,3035.64,0,0.000,0.0000
2026-08-24T00:58:09.435958,3305.08,DONE,7.0622,23.4667,105.75,0.0000,0.0000,20.6660,0,0.0,0.0,0.0,0.0,0.000,0.7700,0.0011,0.1734,3036.72,17.6555,10.3323,53.17,0.0000,0.00,0,0,0,3036.64,0,0.000,0.0000
2026-08-24T00:58:10.435830,3306.08,DONE,7.0622,23.4667,105.75,0.0000,0.0000,20.6660,0,0.0,0.0,0.0,0.0,0.000,0.7700,0.0011,0.1734,3037.72,17.6555,10.3323,53.17,0.0000,0.00,0,0,0,3037.64,0,0.000,0.0000
2026-08-24T00:58:11.437198,3307.08,DONE,7.0622,23.4667,105.75,0.0000,0.0000,20.6660,0,0.0,0.0,0.0,0.0,0.000,0.7700,0.0011,0.1734,3038.72,17.6555,10.3323,53.17,0.0000,0.00,0,0,0,3038.64,0,0.000,0.0000
2026-08-24T00:58:12.435526,3308.08,DONE,7.0622,23.4667,105.75,0.0000,0.0000,20.6660,0,0.0,0.0,0.0,0.0,0.000,0.7700,0.0011,0.1734,3039.72,17.6555,10.3323,53.17,0.0000,0.00,0,0,0,3039.64,0,0.000,0.0000
2026-08-24T00:58:13.435677,3309.08,DONE,7.0622,23.4667,105.75,0.0000,0.0000,20.6660,0,0.0,0.0,0.0,0.0,0.000,0.7700,0.0011,0.1734,3040.72,17.6555,10.3323,53.17,0.0000,0.00,0,0,0,3040.64,0,0.000,0.0000
2026-08-24T00:58:14.436033,3310.08,DONE,7.0622,23.4667,105.75,0.0000,0.0000,20.6660,0,0.0,0.0,0.0,0.0,0.000,0.7700,0.0011,0.1734,3041.72,17.6555,10.3323,53.17,0.0000,0.00,0,0,0,3041.64,0,0.000,0.0000
2026-08-24T00:58:15.435562,3311.08,DONE,7.0622,23.4667,105.75,0.0000,0.0000,20.6660,0,0.0,0.0,0.0,0.0,0.000,0.7700,0.0011,0.1734,3042.72,17.6555,10.3323,53.17,0.0000,0.00,0,0,0,3042.64,0,0.000,0.0000
2026-08-24T00:58:16.436555,3312.08,DONE,7.0622,23.4667,105.75,0.0000,0.0000,20.6660,0,0.0,0.0,0.0,0.0,0.000,0.7700,0.0011,0.1734,3043.72,17.6555,10.3323,53.17,0.0000,0.00,0,0,0,3043.64,0,0.000,0.0000
2026-08-24T00:58:17.435988,3313.08,DONE,7.0622,23.4667,105.75,0.0000,0.0000,20.6660,0,0.0,0.0,0.0,0.0,0.000,0.7700,0.0011,0.1734,3044.72,17.6555,10.3323,53.17,0.0000,0.00,0,0,0,3044.64,0,0.000,0.0000
2026-08-24T00:58:18.435899,3314.08,DONE,7.0622,23.4667,105.75,0.0000,0.0000,20.6660,0,0.0,0.0,0.0,0.0,0.000,0.7700,0.0011,0.1734,3045.72,17.6555,10.3323,53.17,0.0000,0.00,0,0,0,3045.64,0,0.000,0.0000
2026-08-24T00:58:19.435789,3315.08,DONE,7.0622,23.4667,105.75,0.0000,0.0000,20.6660,0,0.0,0.0,0.0,0.0,0.000,0.7700,0.0011,0.1734,3046.72,17.6555,10.3323,53.17,0.0000,0.00,0,0,0,3046.64,0,0.000,0.0000
2026-08-24T00:58:20.435983,3316.08,DONE,7.0622,23.4667,105.75,0.0000,0.0000,20.6660,0,0.0,0.0,0.0,0.0,0.000,0.7700,0.0011,0.1734,3047.72,17.6555,10.3323,53.17,0.0000,0.00,0,0,0,3047.64,0,0.000,0.0000
2026-08-24T00:58:21.436403,3317.08,DONE,7.0622,23.4667,105.75,0.0000,0.0000,20.6660,0,0.0,0.0,0.0,0.0,0.000,0.7700,0.0011,0.1734,3048.72,17.6555,10.3323,53.17,0.0000,0.00,0,0,0,3048.64,0,0.000,0.0000
2026-08-24T00:58:22.435717,3318.08,DONE,7.0622,23.4667,105.75,0.0000,0.0000,20.6660,0,0.0,0.0,0.0,0.0,0.000,0.7700,0.0011,0.1734,3049.72,17.6555,10.3323,53.17,0.0000,0.00,0,0,0,3049.64,0,0.000,0.0000
2026-08-24T00:58:23.436041,3319.08,DONE,7.0622,23.4667,105.75,0.0000,0.0000,20.6660,0,0.0,0.0,0.0,0.0,0.000,0.7700,0.0011,0.1734,3050.72,17.6555,10.3323,53.17,0.0000,0.00,0,0,0,3050.64,0,0.000,0.0000
2026-08-24T00:58:24.435718,3320.08,DONE,7.0622,23.4667,105.75,0.0000,0.0000,20.6660,0,0.0,0.0,0.0,0.0,0.000,0.7700,0.0011,0.1734,3051.72,17.6555,10.3323,53.17,0.0000,0.00,0,0,0,3051.64,0,0.000,0.0000
2026-08-24T00:58:25.435798,3321.08,DONE,7.0622,23.4667,105.75,0.0000,0.0000,20.6660,0,0.0,0.0,0.0,0.0,0.000,0.7700,0.0011,0.1734,3052.72,17.6555,10.3323,53.17,0.0000,0.00,0,0,0,3052.64,0,0.000,0.0000
2026-08-24T00:58:26.435546,3322.08,DONE,7.0622,23.4667,105.75,0.0000,0.0000,20.6660,0,0.0,0.0,0.0,0.0,0.000,0.7700,0.0011,0.1734,3053.72,17.6555,10.3323,53.17,0.0000,0.00,0,0,0,3053.64,0,0.000,0.0000
2026-08-24T00:58:27.436100,3323.08,DONE,7.0622,23.4667,105.75,0.0000,0.0000,20.6660,0,0.0,0.0,0.0,0.0,0.000,0.7700,0.0011,0.1734,3054.72,17.6555,10.3323,53.17,0.0000,0.00,0,0,0,3054.64,0,0.000,0.0000
2026-08-24T00:58:28.435650,3324.08,DONE,7.0622,23.4667,105.75,0.0000,0.0000,20.6660,0,0.0,0.0,0.0,0.0,0.000,0.7700,0.0011,0.1734,3055.72,17.6555,10.3323,53.17,0.0000,0.00,0,0,0,3055.64,0,0.000,0.0000
2026-08-24T00:58:29.436186,3325.08,DONE,7.0622,23.4667,105.75,0.0000,0.0000,20.6660,0,0.0,0.0,0.0,0.0,0.000,0.7700,0.0011,0.1734,3056.72,17.6555,10.3323,53.17,0.0000,0.00,0,0,0,3056.64,0,0.000,0.0000
2026-08-24T00:58:30.435611,3326.08,DONE,7.0622,23.4667,105.75,0.0000,0.0000,20.6660,0,0.0,0.0,0.0,0.0,0.000,0.7700,0.0011,0.1734,3057.72,17.6555,10.3323,53.17,0.0000,0.00,0,0,0,3057.64,0,0.000,0.0000
2026-08-24T00:58:31.435870,3327.08,DONE,7.0622,23.4667,105.75,0.0000,0.0000,20.6660,0,0.0,0.0,0.0,0.0,0.000,0.7700,0.0011,0.1734,3058.72,17.6555,10.3323,53.17,0.0000,0.00,0,0,0,3058.64,0,0.000,0.0000
2026-08-24T00:58:32.436073,3328.08,DONE,7.0622,23.4667,105.75,0.0000,0.0000,20.6660,0,0.0,0.0,0.0,0.0,0.000,0.7700,0.0011,0.1734,3059.72,17.6555,10.3323,53.17,0.0000,0.00,0,0,0,3059.64,0,0.000,0.0000
2026-08-24T00:58:33.435634,3329.08,DONE,7.0622,23.4667,105.75,0.0000,0.0000,20.6660,0,0.0,0.0,0.0,0.0,0.000,0.7700,0.0011,0.1734,3060.72,17.6555,10.3323,53.17,0.0000,0.00,0,0,0,3060.64,0,0.000,0.0000
2026-08-24T00:58:34.435588,3330.08,DONE,7.0622,23.4667,105.75,0.0000,0.0000,20.6660,0,0.0,0.0,0.0,0.0,0.000,0.7700,0.0011,0.1734,3061.72,17.6555,10.3323,53.17,0.0000,0.00,0,0,0,3061.64,0,0.000,0.0000
2026-08-24T00:58:35.436589,3331.08,DONE,7.0622,23.4667,105.75,0.0000,0.0000,20.6660,0,0.0,0.0,0.0,0.0,0.000,0.7700,0.0011,0.1734,3062.72,17.6555,10.3323,53.17,0.0000,0.00,0,0,0,3062.64,0,0.000,0.0000
2026-08-24T00:58:36.435720,3332.08,DONE,7.0622,23.4667,105.75,0.0000,0.0000,20.6660,0,0.0,0.0,0.0,0.0,0.000,0.7700,0.0011,0.1734,3063.72,17.6555,10.3323,53.17,0.0000,0.00,0,0,0,3063.64,0,0.000,0.0000
2026-08-24T00:58:37.436421,3333.08,DONE,7.0622,23.4667,105.75,0.0000,0.0000,20.6660,0,0.0,0.0,0.0,0.0,0.000,0.7700,0.0011,0.1734,3064.72,17.6555,10.3323,53.17,0.0000,0.00,0,0,0,3064.64,0,0.000,0.0000
2026-08-24T00:58:38.436679,3334.08,DONE,7.0622,23.4667,105.75,0.0000,0.0000,20.6660,0,0.0,0.0,0.0,0.0,0.000,0.7700,0.0011,0.1734,3065.72,17.6555,10.3323,53.17,0.0000,0.00,0,0,0,3065.64,0,0.000,0.0000
2026-08-24T00:58:39.435761,3335.08,DONE,7.0622,23.4667,105.75,0.0000,0.0000,20.6660,0,0.0,0.0,0.0,0.0,0.000,0.7700,0.0011,0.1734,3066.72,17.6555,10.3323,53.17,0.0000,0.00,0,0,0,3066.64,0,0.000,0.0000
2026-08-24T00:58:40.436136,3336.08,DONE,7.0622,23.4667,105.75,0.0000,0.0000,20.6660,0,0.0,0.0,0.0,0.0,0.000,0.7700,0.0011,0.1734,3067.72,17.6555,10.3323,53.17,0.0000,0.00,0,0,0,3067.64,0,0.000,0.0000
2026-08-24T00:58:41.435738,3337.08,DONE,7.0622,23.4667,105.75,0.0000,0.0000,20.6660,0,0.0,0.0,0.0,0.0,0.000,0.7700,0.0011,0.1734,3068.72,17.6555,10.3323,53.17,0.0000,0.00,0,0,0,3068.64,0,0.000,0.0000
2026-08-24T00:58:42.435765,3338.08,DONE,7.0622,23.4667,105.75,0.0000,0.0000,20.6660,0,0.0,0.0,0.0,0.0,0.000,0.7700,0.0011,0.1734,3069.72,17.6555,10.3323,53.17,0.0000,0.00,0,0,0,3069.64,0,0.000,0.0000
2026-08-24T00:58:43.436564,3339.08,DONE,7.0622,23.4667,105.75,0.0000,0.0000,20.6660,0,0.0,0.0,0.0,0.0,0.000,0.7700,0.0011,0.1734,3070.72,17.6555,10.3323,53.17,0.0000,0.00,0,0,0,3070.64,0,0.000,0.0000
2026-08-24T00:58:44.435641,3340.08,DONE,7.0622,23.4667,105.75,0.0000,0.0000,20.6660,0,0.0,0.0,0.0,0.0,0.000,0.7700,0.0011,0.1734,3071.72,17.6555,10.3323,53.17,0.0000,0.00,0,0,0,3071.64,0,0.000,0.0000
2026-08-24T00:58:45.435845,3341.08,DONE,7.0622,23.4667,105.75,0.0000,0.0000,20.6660,0,0.0,0.0,0.0,0.0,0.000,0.7700,0.0011,0.1734,3072.72,17.6555,10.3323,53.17,0.0000,0.00,0,0,0,3072.64,0,0.000,0.0000
2026-08-24T00:58:46.435964,3342.08,DONE,7.0622,23.4667,105.75,0.0000,0.0000,20.6660,0,0.0,0.0,0.0,0.0,0.000,0.7700,0.0011,0.1734,3073.72,17.6555,10.3323,53.17,0.0000,0.00,0,0,0,3073.64,0,0.000,0.0000
2026-08-24T00:58:47.435729,3343.08,DONE,7.0622,23.4667,105.75,0.0000,0.0000,20.6660,0,0.0,0.0,0.0,0.0,0.000,0.7700,0.0011,0.1734,3074.72,17.6555,10.3323,53.17,0.0000,0.00,0,0,0,3074.64,0,0.000,0.0000
2026-08-24T00:58:48.435732,3344.08,DONE,7.0622,23.4667,105.75,0.0000,0.0000,20.6660,0,0.0,0.0,0.0,0.0,0.000,0.7700,0.0011,0.1734,3075.72,17.6555,10.3323,53.17,0.0000,0.00,0,0,0,3075.64,0,0.000,0.0000
2026-08-24T00:58:49.435725,3345.08,DONE,7.0622,23.4667,105.75,0.0000,0.0000,20.6660,0,0.0,0.0,0.0,0.0,0.000,0.7700,0.0011,0.1734,3076.72,17.6555,10.3323,53.17,0.0000,0.00,0,0,0,3076.64,0,0.000,0.0000
2026-08-24T00:58:50.436028,3346.08,DONE,7.0622,23.4667,105.75,0.0000,0.0000,20.6660,0,0.0,0.0,0.0,0.0,0.000,0.7700,0.0011,0.1734,3077.72,17.6555,10.3323,53.17,0.0000,0.00,0,0,0,3077.64,0,0.000,0.0000
2026-08-24T00:58:51.436072,3347.08,DONE,7.0622,23.4667,105.75,0.0000,0.0000,20.6660,0,0.0,0.0,0.0,0.0,0.000,0.7700,0.0011,0.1734,3078.72,17.6555,10.3323,53.17,0.0000,0.00,0,0,0,3078.64,0,0.000,0.0000
2026-08-24T00:58:52.435601,3348.08,DONE,7.0622,23.4667,105.75,0.0000,0.0000,20.6660,0,0.0,0.0,0.0,0.0,0.000,0.7700,0.0011,0.1734,3079.72,17.6555,10.3323,53.17,0.0000,0.00,0,0,0,3079.64,0,0.000,0.0000
2026-08-24T00:58:53.435684,3349.08,DONE,7.0622,23.4667,105.75,0.0000,0.0000,20.6660,0,0.0,0.0,0.0,0.0,0.000,0.7700,0.0011,0.1734,3080.72,17.6555,10.3323,53.17,0.0000,0.00,0,0,0,3080.64,0,0.000,0.0000
2026-08-24T00:58:54.435635,3350.08,DONE,7.0622,23.4667,105.75,0.0000,0.0000,20.6660,0,0.0,0.0,0.0,0.0,0.000,0.7700,0.0011,0.1734,3081.72,17.6555,10.3323,53.17,0.0000,0.00,0,0,0,3081.64,0,0.000,0.0000
2026-08-24T00:58:55.436052,3351.08,DONE,7.0622,23.4667,105.75,0.0000,0.0000,20.6660,0,0.0,0.0,0.0,0.0,0.000,0.7700,0.0011,0.1734,3082.72,17.6555,10.3323,53.17,0.0000,0.00,0,0,0,3082.64,0,0.000,0.0000
2026-08-24T00:58:56.435682,3352.08,DONE,7.0622,23.4667,105.75,0.0000,0.0000,20.6660,0,0.0,0.0,0.0,0.0,0.000,0.7700,0.0011,0.1734,3083.72,17.6555,10.3323,53.17,0.0000,0.00,0,0,0,3083.64,0,0.000,0.0000
2026-08-24T00:58:57.435847,3353.08,DONE,7.0622,23.4667,105.75,0.0000,0.0000,20.6660,0,0.0,0.0,0.0,0.0,0.000,0.7700,0.0011,0.1734,3084.72,17.6555,10.3323,53.17,0.0000,0.00,0,0,0,3084.64,0,0.000,0.0000
2026-08-24T00:58:58.435834,3354.08,DONE,7.0622,23.4667,105.75,0.0000,0.0000,20.6660,0,0.0,0.0,0.0,0.0,0.000,0.7700,0.0011,0.1734,3085.72,17.6555,10.3323,53.17,0.0000,0.00,0,0,0,3085.64,0,0.000,0.0000
2026-08-24T00:58:59.435802,3355.08,DONE,7.0622,23.4667,105.75,0.0000,0.0000,20.6660,0,0.0,0.0,0.0,0.0,0.000,0.7700,0.0011,0.1734,3086.72,17.6555,10.3323,53.17,0.0000,0.00,0,0,0,3086.64,0,0.000,0.0000
2026-08-24T00:59:00.435705,3356.08,DONE,7.0622,23.4667,105.75,0.0000,0.0000,20.6660,0,0.0,0.0,0.0,0.0,0.000,0.7700,0.0011,0.1734,3087.72,17.6555,10.3323,53.17,0.0000,0.00,0,0,0,3087.64,0,0.000,0.0000
2026-08-24T00:59:01.436661,3357.08,DONE,7.0622,23.4667,105.75,0.0000,0.0000,20.6660,0,0.0,0.0,0.0,0.0,0.000,0.7700,0.0011,0.1734,3088.72,17.6555,10.3323,53.17,0.0000,0.00,0,0,0,3088.64,0,0.000,0.0000
2026-08-24T00:59:02.436059,3358.08,DONE,7.0622,23.4667,105.75,0.0000,0.0000,20.6660,0,0.0,0.0,0.0,0.0,0.000,0.7700,0.0011,0.1734,3089.72,17.6555,10.3323,53.17,0.0000,0.00,0,0,0,3089.64,0,0.000,0.0000
2026-08-24T00:59:03.435750,3359.08,DONE,7.0622,23.4667,105.75,0.0000,0.0000,20.6660,0,0.0,0.0,0.0,0.0,0.000,0.7700,0.0011,0.1734,3090.72,17.6555,10.3323,53.17,0.0000,0.00,0,0,0,3090.64,0,0.000,0.0000
2026-08-24T00:59:04.436216,3360.08,DONE,7.0622,23.4667,105.75,0.0000,0.0000,20.6660,0,0.0,0.0,0.0,0.0,0.000,0.7700,0.0011,0.1734,3091.72,17.6555,10.3323,53.17,0.0000,0.00,0,0,0,3091.64,0,0.000,0.0000
2026-08-24T00:59:05.436097,3361.08,DONE,7.0622,23.4667,105.75,0.0000,0.0000,20.6660,0,0.0,0.0,0.0,0.0,0.000,0.7700,0.0011,0.1734,3092.72,17.6555,10.3323,53.17,0.0000,0.00,0,0,0,3092.64,0,0.000,0.0000
2026-08-24T00:59:06.436049,3362.08,DONE,7.0622,23.4667,105.75,0.0000,0.0000,20.6660,0,0.0,0.0,0.0,0.0,0.000,0.7700,0.0011,0.1734,3093.72,17.6555,10.3323,53.17,0.0000,0.00,0,0,0,3093.64,0,0.000,0.0000
2026-08-24T00:59:07.436391,3363.08,DONE,7.0622,23.4667,105.75,0.0000,0.0000,20.6660,0,0.0,0.0,0.0,0.0,0.000,0.7700,0.0011,0.1734,3094.72,17.6555,10.3323,53.17,0.0000,0.00,0,0,0,3094.64,0,0.000,0.0000
2026-08-24T00:59:08.435814,3364.08,DONE,7.0622,23.4667,105.75,0.0000,0.0000,20.6660,0,0.0,0.0,0.0,0.0,0.000,0.7700,0.0011,0.1734,3095.72,17.6555,10.3323,53.17,0.0000,0.00,0,0,0,3095.64,0,0.000,0.0000
2026-08-24T00:59:09.436817,3365.08,DONE,7.0622,23.4667,105.75,0.0000,0.0000,20.6660,0,0.0,0.0,0.0,0.0,0.000,0.7700,0.0011,0.1734,3096.72,17.6555,10.3323,53.17,0.0000,0.00,0,0,0,3096.64,0,0.000,0.0000
2026-08-24T00:59:10.436053,3366.08,DONE,7.0622,23.4667,105.75,0.0000,0.0000,20.6660,0,0.0,0.0,0.0,0.0,0.000,0.7700,0.0011,0.1734,3097.72,17.6555,10.3323,53.17,0.0000,0.00,0,0,0,3097.64,0,0.000,0.0000
2026-08-24T00:59:11.435976,3367.08,DONE,7.0622,23.4667,105.75,0.0000,0.0000,20.6660,0,0.0,0.0,0.0,0.0,0.000,0.7700,0.0011,0.1734,3098.72,17.6555,10.3323,53.17,0.0000,0.00,0,0,0,3098.64,0,0.000,0.0000
2026-08-24T00:59:12.436439,3368.08,DONE,7.0622,23.4667,105.75,0.0000,0.0000,20.6660,0,0.0,0.0,0.0,0.0,0.000,0.7700,0.0011,0.1734,3099.72,17.6555,10.3323,53.17,0.0000,0.00,0,0,0,3099.64,0,0.000,0.0000
2026-08-24T00:59:13.435979,3369.08,DONE,7.0622,23.4667,105.75,0.0000,0.0000,20.6660,0,0.0,0.0,0.0,0.0,0.000,0.7700,0.0011,0.1734,3100.72,17.6555,10.3323,53.17,0.0000,0.00,0,0,0,3100.64,0,0.000,0.0000
2026-08-24T00:59:14.435952,3370.08,DONE,7.0622,23.4667,105.75,0.0000,0.0000,20.6660,0,0.0,0.0,0.0,0.0,0.000,0.7700,0.0011,0.1734,3101.72,17.6555,10.3323,53.17,0.0000,0.00,0,0,0,3101.64,0,0.000,0.0000
2026-08-24T00:59:15.436152,3371.08,DONE,7.0622,23.4667,105.75,0.0000,0.0000,20.6660,0,0.0,0.0,0.0,0.0,0.000,0.7700,0.0011,0.1734,3102.72,17.6555,10.3323,53.17,0.0000,0.00,0,0,0,3102.64,0,0.000,0.0000
2026-08-24T00:59:16.435581,3372.08,DONE,7.0622,23.4667,105.75,0.0000,0.0000,20.6660,0,0.0,0.0,0.0,0.0,0.000,0.7700,0.0011,0.1734,3103.72,17.6555,10.3323,53.17,0.0000,0.00,0,0,0,3103.64,0,0.000,0.0000
2026-08-24T00:59:17.436031,3373.08,DONE,7.0622,23.4667,105.75,0.0000,0.0000,20.6660,0,0.0,0.0,0.0,0.0,0.000,0.7700,0.0011,0.1734,3104.72,17.6555,10.3323,53.17,0.0000,0.00,0,0,0,3104.64,0,0.000,0.0000
2026-08-24T00:59:18.435806,3374.08,DONE,7.0622,23.4667,105.75,0.0000,0.0000,20.6660,0,0.0,0.0,0.0,0.0,0.000,0.7700,0.0011,0.1734,3105.72,17.6555,10.3323,53.17,0.0000,0.00,0,0,0,3105.64,0,0.000,0.0000
2026-08-24T00:59:19.436204,3375.08,DONE,7.0622,23.4667,105.75,0.0000,0.0000,20.6660,0,0.0,0.0,0.0,0.0,0.000,0.7700,0.0011,0.1734,3106.72,17.6555,10.3323,53.17,0.0000,0.00,0,0,0,3106.64,0,0.000,0.0000
2026-08-24T00:59:20.435776,3376.08,DONE,7.0622,23.4667,105.75,0.0000,0.0000,20.6660,0,0.0,0.0,0.0,0.0,0.000,0.7700,0.0011,0.1734,3107.72,17.6555,10.3323,53.17,0.0000,0.00,0,0,0,3107.64,0,0.000,0.0000
2026-08-24T00:59:21.436814,3377.08,DONE,7.0622,23.4667,105.75,0.0000,0.0000,20.6660,0,0.0,0.0,0.0,0.0,0.000,0.7700,0.0011,0.1734,3108.72,17.6555,10.3323,53.17,0.0000,0.00,0,0,0,3108.64,0,0.000,0.0000
2026-08-24T00:59:22.435718,3378.08,DONE,7.0622,23.4667,105.75,0.0000,0.0000,20.6660,0,0.0,0.0,0.0,0.0,0.000,0.7700,0.0011,0.1734,3109.72,17.6555,10.3323,53.17,0.0000,0.00,0,0,0,3109.64,0,0.000,0.0000
2026-08-24T00:59:23.435912,3379.08,DONE,7.0622,23.4667,105.75,0.0000,0.0000,20.6660,0,0.0,0.0,0.0,0.0,0.000,0.7700,0.0011,0.1734,3110.72,17.6555,10.3323,53.17,0.0000,0.00,0,0,0,3110.64,0,0.000,0.0000
2026-08-24T00:59:24.435892,3380.08,DONE,7.0622,23.4667,105.75,0.0000,0.0000,20.6660,0,0.0,0.0,0.0,0.0,0.000,0.7700,0.0011,0.1734,3111.72,17.6555,10.3323,53.17,0.0000,0.00,0,0,0,3111.64,0,0.000,0.0000
2026-08-24T00:59:25.436511,3381.08,DONE,7.0622,23.4667,105.75,0.0000,0.0000,20.6660,0,0.0,0.0,0.0,0.0,0.000,0.7700,0.0011,0.1734,3112.72,17.6555,10.3323,53.17,0.0000,0.00,0,0,0,3112.64,0,0.000,0.0000
2026-08-24T00:59:26.435979,3382.08,DONE,7.0622,23.4667,105.75,0.0000,0.0000,20.6660,0,0.0,0.0,0.0,0.0,0.000,0.7700,0.0011,0.1734,3113.72,17.6555,10.3323,53.17,0.0000,0.00,0,0,0,3113.64,0,0.000,0.0000
2026-08-24T00:59:27.435857,3383.08,DONE,7.0622,23.4667,105.75,0.0000,0.0000,20.6660,0,0.0,0.0,0.0,0.0,0.000,0.7700,0.0011,0.1734,3114.72,17.6555,10.3323,53.17,0.0000,0.00,0,0,0,3114.64,0,0.000,0.0000
2026-08-24T00:59:28.435510,3384.08,DONE,7.0622,23.4667,105.75,0.0000,0.0000,20.6660,0,0.0,0.0,0.0,0.0,0.000,0.7700,0.0011,0.1734,3115.72,17.6555,10.3323,53.17,0.0000,0.00,0,0,0,3115.64,0,0.000,0.0000
2026-08-24T00:59:29.435634,3385.08,DONE,7.0622,23.4667,105.75,0.0000,0.0000,20.6660,0,0.0,0.0,0.0,0.0,0.000,0.7700,0.0011,0.1734,3116.72,17.6555,10.3323,53.17,0.0000,0.00,0,0,0,3116.64,0,0.000,0.0000
2026-08-24T00:59:30.436218,3386.08,DONE,7.0622,23.4667,105.75,0.0000,0.0000,20.6660,0,0.0,0.0,0.0,0.0,0.000,0.7700,0.0011,0.1734,3117.72,17.6555,10.3323,53.17,0.0000,0.00,0,0,0,3117.64,0,0.000,0.0000
2026-08-24T00:59:31.435643,3387.08,DONE,7.0622,23.4667,105.75,0.0000,0.0000,20.6660,0,0.0,0.0,0.0,0.0,0.000,0.7700,0.0011,0.1734,3118.72,17.6555,10.3323,53.17,0.0000,0.00,0,0,0,3118.64,0,0.000,0.0000
2026-08-24T00:59:32.435533,3388.08,DONE,7.0622,23.4667,105.75,0.0000,0.0000,20.6660,0,0.0,0.0,0.0,0.0,0.000,0.7700,0.0011,0.1734,3119.72,17.6555,10.3323,53.17,0.0000,0.00,0,0,0,3119.64,0,0.000,0.0000
2026-08-24T00:59:33.436465,3389.08,DONE,7.0622,23.4667,105.75,0.0000,0.0000,20.6660,0,0.0,0.0,0.0,0.0,0.000,0.7700,0.0011,0.1734,3120.72,17.6555,10.3323,53.17,0.0000,0.00,0,0,0,3120.64,0,0.000,0.0000
2026-08-24T00:59:34.435899,3390.08,DONE,7.0622,23.4667,105.75,0.0000,0.0000,20.6660,0,0.0,0.0,0.0,0.0,0.000,0.7700,0.0011,0.1734,3121.72,17.6555,10.3323,53.17,0.0000,0.00,0,0,0,3121.64,0,0.000,0.0000
2026-08-24T00:59:35.436699,3391.08,DONE,7.0622,23.4667,105.75,0.0000,0.0000,20.6660,0,0.0,0.0,0.0,0.0,0.000,0.7700,0.0011,0.1734,3122.72,17.6555,10.3323,53.17,0.0000,0.00,0,0,0,3122.64,0,0.000,0.0000
2026-08-24T00:59:36.435796,3392.08,DONE,7.0622,23.4667,105.75,0.0000,0.0000,20.6660,0,0.0,0.0,0.0,0.0,0.000,0.7700,0.0011,0.1734,3123.72,17.6555,10.3323,53.17,0.0000,0.00,0,0,0,3123.64,0,0.000,0.0000
2026-08-24T00:59:37.435767,3393.08,DONE,7.0622,23.4667,105.75,0.0000,0.0000,20.6660,0,0.0,0.0,0.0,0.0,0.000,0.7700,0.0011,0.1734,3124.72,17.6555,10.3323,53.17,0.0000,0.00,0,0,0,3124.64,0,0.000,0.0000
2026-08-24T00:59:38.435891,3394.08,DONE,7.0622,23.4667,105.75,0.0000,0.0000,20.6660,0,0.0,0.0,0.0,0.0,0.000,0.7700,0.0011,0.1734,3125.72,17.6555,10.3323,53.17,0.0000,0.00,0,0,0,3125.64,0,0.000,0.0000
2026-08-24T00:59:39.435653,3395.08,DONE,7.0622,23.4667,105.75,0.0000,0.0000,20.6660,0,0.0,0.0,0.0,0.0,0.000,0.7700,0.0011,0.1734,3126.72,17.6555,10.3323,53.17,0.0000,0.00,0,0,0,3126.64,0,0.000,0.0000
2026-08-24T00:59:40.435655,3396.08,DONE,7.0622,23.4667,105.75,0.0000,0.0000,20.6660,0,0.0,0.0,0.0,0.0,0.000,0.7700,0.0011,0.1734,3127.72,17.6555,10.3323,53.17,0.0000,0.00,0,0,0,3127.64,0,0.000,0.0000
2026-08-24T00:59:41.436772,3397.08,DONE,7.0622,23.4667,105.75,0.0000,0.0000,20.6660,0,0.0,0.0,0.0,0.0,0.000,0.7700,0.0011,0.1734,3128.72,17.6555,10.3323,53.17,0.0000,0.00,0,0,0,3128.64,0,0.000,0.0000
2026-08-24T00:59:42.435617,3398.08,DONE,7.0622,23.4667,105.75,0.0000,0.0000,20.6660,0,0.0,0.0,0.0,0.0,0.000,0.7700,0.0011,0.1734,3129.72,17.6555,10.3323,53.17,0.0000,0.00,0,0,0,3129.64,0,0.000,0.0000
2026-08-24T00:59:43.435597,3399.08,DONE,7.0622,23.4667,105.75,0.0000,0.0000,20.6660,0,0.0,0.0,0.0,0.0,0.000,0.7700,0.0011,0.1734,3130.72,17.6555,10.3323,53.17,0.0000,0.00,0,0,0,3130.64,0,0.000,0.0000
2026-08-24T00:59:44.435589,3400.08,DONE,7.0622,23.4667,105.75,0.0000,0.0000,20.6660,0,0.0,0.0,0.0,0.0,0.000,0.7700,0.0011,0.1734,3131.72,17.6555,10.3323,53.17,0.0000,0.00,0,0,0,3131.64,0,0.000,0.0000
2026-08-24T00:59:45.436139,3401.08,DONE,7.0622,23.4667,105.75,0.0000,0.0000,20.6660,0,0.0,0.0,0.0,0.0,0.000,0.7700,0.0011,0.1734,3132.72,17.6555,10.3323,53.17,0.0000,0.00,0,0,0,3132.64,0,0.000,0.0000
2026-08-24T00:59:46.435902,3402.08,DONE,7.0622,23.4667,105.75,0.0000,0.0000,20.6660,0,0.0,0.0,0.0,0.0,0.000,0.7700,0.0011,0.1734,3133.72,17.6555,10.3323,53.17,0.0000,0.00,0,0,0,3133.64,0,0.000,0.0000
2026-08-24T00:59:47.436195,3403.08,DONE,7.0622,23.4667,105.75,0.0000,0.0000,20.6660,0,0.0,0.0,0.0,0.0,0.000,0.7700,0.0011,0.1734,3134.72,17.6555,10.3323,53.17,0.0000,0.00,0,0,0,3134.64,0,0.000,0.0000
2026-08-24T00:59:48.435945,3404.08,DONE,7.0622,23.4667,105.75,0.0000,0.0000,20.6660,0,0.0,0.0,0.0,0.0,0.000,0.7700,0.0011,0.1734,3135.72,17.6555,10.3323,53.17,0.0000,0.00,0,0,0,3135.64,0,0.000,0.0000
2026-08-24T00:59:49.436288,3405.08,DONE,7.0622,23.4667,105.75,0.0000,0.0000,20.6660,0,0.0,0.0,0.0,0.0,0.000,0.7700,0.0011,0.1734,3136.72,17.6555,10.3323,53.17,0.0000,0.00,0,0,0,3136.64,0,0.000,0.0000
2026-08-24T00:59:50.435586,3406.08,DONE,7.0622,23.4667,105.75,0.0000,0.0000,20.6660,0,0.0,0.0,0.0,0.0,0.000,0.7700,0.0011,0.1734,3137.72,17.6555,10.3323,53.17,0.0000,0.00,0,0,0,3137.64,0,0.000,0.0000
2026-08-24T00:59:51.435708,3407.08,DONE,7.0622,23.4667,105.75,0.0000,0.0000,20.6660,0,0.0,0.0,0.0,0.0,0.000,0.7700,0.0011,0.1734,3138.72,17.6555,10.3323,53.17,0.0000,0.00,0,0,0,3138.64,0,0.000,0.0000
2026-08-24T00:59:52.435624,3408.08,DONE,7.0622,23.4667,105.75,0.0000,0.0000,20.6660,0,0.0,0.0,0.0,0.0,0.000,0.7700,0.0011,0.1734,3139.72,17.6555,10.3323,53.17,0.0000,0.00,0,0,0,3139.64,0,0.000,0.0000
2026-08-24T00:59:53.436151,3409.08,DONE,7.0622,23.4667,105.75,0.0000,0.0000,20.6660,0,0.0,0.0,0.0,0.0,0.000,0.7700,0.0011,0.1734,3140.72,17.6555,10.3323,53.17,0.0000,0.00,0,0,0,3140.64,0,0.000,0.0000
2026-08-24T00:59:54.435516,3410.08,DONE,7.0622,23.4667,105.75,0.0000,0.0000,20.6660,0,0.0,0.0,0.0,0.0,0.000,0.7700,0.0011,0.1734,3141.72,17.6555,10.3323,53.17,0.0000,0.00,0,0,0,3141.64,0,0.000,0.0000
2026-08-24T00:59:55.435518,3411.08,DONE,7.0622,23.4667,105.75,0.0000,0.0000,20.6660,0,0.0,0.0,0.0,0.0,0.000,0.7700,0.0011,0.1734,3142.72,17.6555,10.3323,53.17,0.0000,0.00,0,0,0,3142.64,0,0.000,0.0000
2026-08-24T00:59:56.436224,3412.08,DONE,7.0622,23.4667,105.75,0.0000,0.0000,20.6660,0,0.0,0.0,0.0,0.0,0.000,0.7700,0.0011,0.1734,3143.72,17.6555,10.3323,53.17,0.0000,0.00,0,0,0,3143.64,0,0.000,0.0000
2026-08-24T00:59:57.435603,3413.08,DONE,7.0622,23.4667,105.75,0.0000,0.0000,20.6660,0,0.0,0.0,0.0,0.0,0.000,0.7700,0.0011,0.1734,3144.72,17.6555,10.3323,53.17,0.0000,0.00,0,0,0,3144.64,0,0.000,0.0000
2026-08-24T00:59:58.435833,3414.08,DONE,7.0622,23.4667,105.75,0.0000,0.0000,20.6660,0,0.0,0.0,0.0,0.0,0.000,0.7700,0.0011,0.1734,3145.72,17.6555,10.3323,53.17,0.0000,0.00,0,0,0,3145.64,0,0.000,0.0000
2026-08-24T00:59:59.435573,3415.08,DONE,7.0622,23.4667,105.75,0.0000,0.0000,20.6660,0,0.0,0.0,0.0,0.0,0.000,0.7700,0.0011,0.1734,3146.72,17.6555,10.3323,53.17,0.0000,0.00,0,0,0,3146.64,0,0.000,0.0000
2026-08-24T01:00:00.436055,3416.08,DONE,7.0622,23.4667,105.75,0.0000,0.0000,20.6660,0,0.0,0.0,0.0,0.0,0.000,0.7700,0.0011,0.1734,3147.72,17.6555,10.3323,53.17,0.0000,0.00,0,0,0,3147.64,0,0.000,0.0000
2026-08-24T01:00:01.435568,3417.08,DONE,7.0622,23.4667,105.75,0.0000,0.0000,20.6660,0,0.0,0.0,0.0,0.0,0.000,0.7700,0.0011,0.1734,3148.72,17.6555,10.3323,53.17,0.0000,0.00,0,0,0,3148.64,0,0.000,0.0000
2026-08-24T01:00:02.435672,3418.08,DONE,7.0622,23.4667,105.75,0.0000,0.0000,20.6660,0,0.0,0.0,0.0,0.0,0.000,0.7700,0.0011,0.1734,3149.72,17.6555,10.3323,53.17,0.0000,0.00,0,0,0,3149.64,0,0.000,0.0000
2026-08-24T01:00:03.436370,3419.08,DONE,7.0622,23.4667,105.75,0.0000,0.0000,20.6660,0,0.0,0.0,0.0,0.0,0.000,0.7700,0.0011,0.1734,3150.72,17.6555,10.3323,53.17,0.0000,0.00,0,0,0,3150.64,0,0.000,0.0000
2026-08-24T01:00:04.436579,3420.08,DONE,7.0622,23.4667,105.75,0.0000,0.0000,20.6660,0,0.0,0.0,0.0,0.0,0.000,0.7700,0.0011,0.1734,3151.72,17.6555,10.3323,53.17,0.0000,0.00,0,0,0,3151.64,0,0.000,0.0000
2026-08-24T01:00:05.435634,3421.08,DONE,7.0622,23.4667,105.75,0.0000,0.0000,20.6660,0,0.0,0.0,0.0,0.0,0.000,0.7700,0.0011,0.1734,3152.72,17.6555,10.3323,53.17,0.0000,0.00,0,0,0,3152.64,0,0.000,0.0000
2026-08-24T01:00:06.435950,3422.08,DONE,7.0622,23.4667,105.75,0.0000,0.0000,20.6660,0,0.0,0.0,0.0,0.0,0.000,0.7700,0.0011,0.1734,3153.72,17.6555,10.3323,53.17,0.0000,0.00,0,0,0,3153.64,0,0.000,0.0000
2026-08-24T01:00:07.436561,3423.08,DONE,7.0622,23.4667,105.75,0.0000,0.0000,20.6660,0,0.0,0.0,0.0,0.0,0.000,0.7700,0.0011,0.1734,3154.72,17.6555,10.3323,53.17,0.0000,0.00,0,0,0,3154.64,0,0.000,0.0000
2026-08-24T01:00:08.435841,3424.08,DONE,7.0622,23.4667,105.75,0.0000,0.0000,20.6660,0,0.0,0.0,0.0,0.0,0.000,0.7700,0.0011,0.1734,3155.72,17.6555,10.3323,53.17,0.0000,0.00,0,0,0,3155.64,0,0.000,0.0000
2026-08-24T01:00:09.436280,3425.08,DONE,7.0622,23.4667,105.75,0.0000,0.0000,20.6660,0,0.0,0.0,0.0,0.0,0.000,0.7700,0.0011,0.1734,3156.72,17.6555,10.3323,53.17,0.0000,0.00,0,0,0,3156.64,0,0.000,0.0000
2026-08-24T01:00:10.436123,3426.08,DONE,7.0622,23.4667,105.75,0.0000,0.0000,20.6660,0,0.0,0.0,0.0,0.0,0.000,0.7700,0.0011,0.1734,3157.72,17.6555,10.3323,53.17,0.0000,0.00,0,0,0,3157.64,0,0.000,0.0000
2026-08-24T01:00:11.436183,3427.08,DONE,7.0622,23.4667,105.75,0.0000,0.0000,20.6660,0,0.0,0.0,0.0,0.0,0.000,0.7700,0.0011,0.1734,3158.72,17.6555,10.3323,53.17,0.0000,0.00,0,0,0,3158.64,0,0.000,0.0000
2026-08-24T01:00:12.435838,3428.08,DONE,7.0622,23.4667,105.75,0.0000,0.0000,20.6660,0,0.0,0.0,0.0,0.0,0.000,0.7700,0.0011,0.1734,3159.72,17.6555,10.3323,53.17,0.0000,0.00,0,0,0,3159.64,0,0.000,0.0000
2026-08-24T01:00:13.436114,3429.08,DONE,7.0622,23.4667,105.75,0.0000,0.0000,20.6660,0,0.0,0.0,0.0,0.0,0.000,0.7700,0.0011,0.1734,3160.72,17.6555,10.3323,53.17,0.0000,0.00,0,0,0,3160.64,0,0.000,0.0000
2026-08-24T01:00:14.435783,3430.08,DONE,7.0622,23.4667,105.75,0.0000,0.0000,20.6660,0,0.0,0.0,0.0,0.0,0.000,0.7700,0.0011,0.1734,3161.72,17.6555,10.3323,53.17,0.0000,0.00,0,0,0,3161.64,0,0.000,0.0000
2026-08-24T01:00:15.435701,3431.08,DONE,7.0622,23.4667,105.75,0.0000,0.0000,20.6660,0,0.0,0.0,0.0,0.0,0.000,0.7700,0.0011,0.1734,3162.72,17.6555,10.3323,53.17,0.0000,0.00,0,0,0,3162.64,0,0.000,0.0000
2026-08-24T01:00:16.437968,3432.08,DONE,7.0622,23.4667,105.75,0.0000,0.0000,20.6660,0,0.0,0.0,0.0,0.0,0.000,0.7700,0.0011,0.1734,3163.73,17.6555,10.3323,53.17,0.0000,0.00,0,0,0,3163.64,0,0.000,0.0000
2026-08-24T01:00:17.435621,3433.08,DONE,7.0622,23.4667,105.75,0.0000,0.0000,20.6660,0,0.0,0.0,0.0,0.0,0.000,0.7700,0.0011,0.1734,3164.72,17.6555,10.3323,53.17,0.0000,0.00,0,0,0,3164.64,0,0.000,0.0000
2026-08-24T01:00:18.435791,3434.08,DONE,7.0622,23.4667,105.75,0.0000,0.0000,20.6660,0,0.0,0.0,0.0,0.0,0.000,0.7700,0.0011,0.1734,3165.72,17.6555,10.3323,53.17,0.0000,0.00,0,0,0,3165.64,0,0.000,0.0000
2026-08-24T01:00:19.436075,3435.08,DONE,7.0622,23.4667,105.75,0.0000,0.0000,20.6660,0,0.0,0.0,0.0,0.0,0.000,0.7700,0.0011,0.1734,3166.72,17.6555,10.3323,53.17,0.0000,0.00,0,0,0,3166.64,0,0.000,0.0000
2026-08-24T01:00:20.435462,3436.08,DONE,7.0622,23.4667,105.75,0.0000,0.0000,20.6660,0,0.0,0.0,0.0,0.0,0.000,0.7700,0.0011,0.1734,3167.72,17.6555,10.3323,53.17,0.0000,0.00,0,0,0,3167.64,0,0.000,0.0000
2026-08-24T01:00:21.436000,3437.08,DONE,7.0622,23.4667,105.75,0.0000,0.0000,20.6660,0,0.0,0.0,0.0,0.0,0.000,0.7700,0.0011,0.1734,3168.72,17.6555,10.3323,53.17,0.0000,0.00,0,0,0,3168.64,0,0.000,0.0000
2026-08-24T01:00:22.435990,3438.08,DONE,7.0622,23.4667,105.75,0.0000,0.0000,20.6660,0,0.0,0.0,0.0,0.0,0.000,0.7700,0.0011,0.1734,3169.72,17.6555,10.3323,53.17,0.0000,0.00,0,0,0,3169.64,0,0.000,0.0000
2026-08-24T01:00:23.435672,3439.08,DONE,7.0622,23.4667,105.75,0.0000,0.0000,20.6660,0,0.0,0.0,0.0,0.0,0.000,0.7700,0.0011,0.1734,3170.72,17.6555,10.3323,53.17,0.0000,0.00,0,0,0,3170.64,0,0.000,0.0000
2026-08-24T01:00:24.436331,3440.08,DONE,7.0622,23.4667,105.75,0.0000,0.0000,20.6660,0,0.0,0.0,0.0,0.0,0.000,0.7700,0.0011,0.1734,3171.72,17.6555,10.3323,53.17,0.0000,0.00,0,0,0,3171.64,0,0.000,0.0000
2026-08-24T01:00:25.435680,3441.08,DONE,7.0622,23.4667,105.75,0.0000,0.0000,20.6660,0,0.0,0.0,0.0,0.0,0.000,0.7700,0.0011,0.1734,3172.72,17.6555,10.3323,53.17,0.0000,0.00,0,0,0,3172.64,0,0.000,0.0000
2026-08-24T01:00:26.436114,3442.08,DONE,7.0622,23.4667,105.75,0.0000,0.0000,20.6660,0,0.0,0.0,0.0,0.0,0.000,0.7700,0.0011,0.1734,3173.72,17.6555,10.3323,53.17,0.0000,0.00,0,0,0,3173.64,0,0.000,0.0000
2026-08-24T01:00:27.435466,3443.08,DONE,7.0622,23.4667,105.75,0.0000,0.0000,20.6660,0,0.0,0.0,0.0,0.0,0.000,0.7700,0.0011,0.1734,3174.72,17.6555,10.3323,53.17,0.0000,0.00,0,0,0,3174.64,0,0.000,0.0000
2026-08-24T01:00:28.435849,3444.08,DONE,7.0622,23.4667,105.75,0.0000,0.0000,20.6660,0,0.0,0.0,0.0,0.0,0.000,0.7700,0.0011,0.1734,3175.72,17.6555,10.3323,53.17,0.0000,0.00,0,0,0,3175.64,0,0.000,0.0000
2026-08-24T01:00:29.435894,3445.08,DONE,7.0622,23.4667,105.75,0.0000,0.0000,20.6660,0,0.0,0.0,0.0,0.0,0.000,0.7700,0.0011,0.1734,3176.72,17.6555,10.3323,53.17,0.0000,0.00,0,0,0,3176.64,0,0.000,0.0000
2026-08-24T01:00:30.435709,3446.08,DONE,7.0622,23.4667,105.75,0.0000,0.0000,20.6660,0,0.0,0.0,0.0,0.0,0.000,0.7700,0.0011,0.1734,3177.72,17.6555,10.3323,53.17,0.0000,0.00,0,0,0,3177.64,0,0.000,0.0000
2026-08-24T01:00:31.435966,3447.08,DONE,7.0622,23.4667,105.75,0.0000,0.0000,20.6660,0,0.0,0.0,0.0,0.0,0.000,0.7700,0.0011,0.1734,3178.72,17.6555,10.3323,53.17,0.0000,0.00,0,0,0,3178.64,0,0.000,0.0000
2026-08-24T01:00:32.435639,3448.08,DONE,7.0622,23.4667,105.75,0.0000,0.0000,20.6660,0,0.0,0.0,0.0,0.0,0.000,0.7700,0.0011,0.1734,3179.72,17.6555,10.3323,53.17,0.0000,0.00,0,0,0,3179.64,0,0.000,0.0000
2026-08-24T01:00:33.435533,3449.08,DONE,7.0622,23.4667,105.75,0.0000,0.0000,20.6660,0,0.0,0.0,0.0,0.0,0.000,0.7700,0.0011,0.1734,3180.72,17.6555,10.3323,53.17,0.0000,0.00,0,0,0,3180.64,0,0.000,0.0000
2026-08-24T01:00:34.435867,3450.08,DONE,7.0622,23.4667,105.75,0.0000,0.0000,20.6660,0,0.0,0.0,0.0,0.0,0.000,0.7700,0.0011,0.1734,3181.72,17.6555,10.3323,53.17,0.0000,0.00,0,0,0,3181.64,0,0.000,0.0000
2026-08-24T01:00:35.435984,3451.08,DONE,7.0622,23.4667,105.75,0.0000,0.0000,20.6660,0,0.0,0.0,0.0,0.0,0.000,0.7700,0.0011,0.1734,3182.72,17.6555,10.3323,53.17,0.0000,0.00,0,0,0,3182.64,0,0.000,0.0000
2026-08-24T01:00:36.435637,3452.08,DONE,7.0622,23.4667,105.75,0.0000,0.0000,20.6660,0,0.0,0.0,0.0,0.0,0.000,0.7700,0.0011,0.1734,3183.72,17.6555,10.3323,53.17,0.0000,0.00,0,0,0,3183.64,0,0.000,0.0000
2026-08-24T01:00:37.436333,3453.08,DONE,7.0622,23.4667,105.75,0.0000,0.0000,20.6660,0,0.0,0.0,0.0,0.0,0.000,0.7700,0.0011,0.1734,3184.72,17.6555,10.3323,53.17,0.0000,0.00,0,0,0,3184.64,0,0.000,0.0000
2026-08-24T01:00:38.435629,3454.08,DONE,7.0622,23.4667,105.75,0.0000,0.0000,20.6660,0,0.0,0.0,0.0,0.0,0.000,0.7700,0.0011,0.1734,3185.72,17.6555,10.3323,53.17,0.0000,0.00,0,0,0,3185.64,0,0.000,0.0000
2026-08-24T01:00:39.435483,3455.08,DONE,7.0622,23.4667,105.75,0.0000,0.0000,20.6660,0,0.0,0.0,0.0,0.0,0.000,0.7700,0.0011,0.1734,3186.72,17.6555,10.3323,53.17,0.0000,0.00,0,0,0,3186.64,0,0.000,0.0000
2026-08-24T01:00:40.435954,3456.08,DONE,7.0622,23.4667,105.75,0.0000,0.0000,20.6660,0,0.0,0.0,0.0,0.0,0.000,0.7700,0.0011,0.1734,3187.72,17.6555,10.3323,53.17,0.0000,0.00,0,0,0,3187.64,0,0.000,0.0000
2026-08-24T01:00:41.436051,3457.08,DONE,7.0622,23.4667,105.75,0.0000,0.0000,20.6660,0,0.0,0.0,0.0,0.0,0.000,0.7700,0.0011,0.1734,3188.72,17.6555,10.3323,53.17,0.0000,0.00,0,0,0,3188.64,0,0.000,0.0000
2026-08-24T01:00:42.435618,3458.08,DONE,7.0622,23.4667,105.75,0.0000,0.0000,20.6660,0,0.0,0.0,0.0,0.0,0.000,0.7700,0.0011,0.1734,3189.72,17.6555,10.3323,53.17,0.0000,0.00,0,0,0,3189.64,0,0.000,0.0000
2026-08-24T01:00:43.436361,3459.08,DONE,7.0622,23.4667,105.75,0.0000,0.0000,20.6660,0,0.0,0.0,0.0,0.0,0.000,0.7700,0.0011,0.1734,3190.72,17.6555,10.3323,53.17,0.0000,0.00,0,0,0,3190.64,0,0.000,0.0000
2026-08-24T01:00:44.435626,3460.08,DONE,7.0622,23.4667,105.75,0.0000,0.0000,20.6660,0,0.0,0.0,0.0,0.0,0.000,0.7700,0.0011,0.1734,3191.72,17.6555,10.3323,53.17,0.0000,0.00,0,0,0,3191.64,0,0.000,0.0000
2026-08-24T01:00:45.435553,3461.08,DONE,7.0622,23.4667,105.75,0.0000,0.0000,20.6660,0,0.0,0.0,0.0,0.0,0.000,0.7700,0.0011,0.1734,3192.72,17.6555,10.3323,53.17,0.0000,0.00,0,0,0,3192.64,0,0.000,0.0000
2026-08-24T01:00:46.435597,3462.08,DONE,7.0622,23.4667,105.75,0.0000,0.0000,20.6660,0,0.0,0.0,0.0,0.0,0.000,0.7700,0.0011,0.1734,3193.72,17.6555,10.3323,53.17,0.0000,0.00,0,0,0,3193.64,0,0.000,0.0000
2026-08-24T01:00:47.435589,3463.08,DONE,7.0622,23.4667,105.75,0.0000,0.0000,20.6660,0,0.0,0.0,0.0,0.0,0.000,0.7700,0.0011,0.1734,3194.72,17.6555,10.3323,53.17,0.0000,0.00,0,0,0,3194.64,0,0.000,0.0000
2026-08-24T01:00:48.435527,3464.08,DONE,7.0622,23.4667,105.75,0.0000,0.0000,20.6660,0,0.0,0.0,0.0,0.0,0.000,0.7700,0.0011,0.1734,3195.72,17.6555,10.3323,53.17,0.0000,0.00,0,0,0,3195.64,0,0.000,0.0000
2026-08-24T01:00:49.435840,3465.08,DONE,7.0622,23.4667,105.75,0.0000,0.0000,20.6660,0,0.0,0.0,0.0,0.0,0.000,0.7700,0.0011,0.1734,3196.72,17.6555,10.3323,53.17,0.0000,0.00,0,0,0,3196.64,0,0.000,0.0000
2026-08-24T01:00:50.435774,3466.08,DONE,7.0622,23.4667,105.75,0.0000,0.0000,20.6660,0,0.0,0.0,0.0,0.0,0.000,0.7700,0.0011,0.1734,3197.72,17.6555,10.3323,53.17,0.0000,0.00,0,0,0,3197.64,0,0.000,0.0000
2026-08-24T01:00:51.435723,3467.08,DONE,7.0622,23.4667,105.75,0.0000,0.0000,20.6660,0,0.0,0.0,0.0,0.0,0.000,0.7700,0.0011,0.1734,3198.72,17.6555,10.3323,53.17,0.0000,0.00,0,0,0,3198.64,0,0.000,0.0000
2026-08-24T01:00:52.435948,3468.08,DONE,7.0622,23.4667,105.75,0.0000,0.0000,20.6660,0,0.0,0.0,0.0,0.0,0.000,0.7700,0.0011,0.1734,3199.72,17.6555,10.3323,53.17,0.0000,0.00,0,0,0,3199.64,0,0.000,0.0000
2026-08-24T01:00:53.435972,3469.08,DONE,7.0622,23.4667,105.75,0.0000,0.0000,20.6660,0,0.0,0.0,0.0,0.0,0.000,0.7700,0.0011,0.1734,3200.72,17.6555,10.3323,53.17,0.0000,0.00,0,0,0,3200.64,0,0.000,0.0000
2026-08-24T01:00:54.435833,3470.08,DONE,7.0622,23.4667,105.75,0.0000,0.0000,20.6660,0,0.0,0.0,0.0,0.0,0.000,0.7700,0.0011,0.1734,3201.72,17.6555,10.3323,53.17,0.0000,0.00,0,0,0,3201.64,0,0.000,0.0000
2026-08-24T01:00:55.436009,3471.08,DONE,7.0622,23.4667,105.75,0.0000,0.0000,20.6660,0,0.0,0.0,0.0,0.0,0.000,0.7700,0.0011,0.1734,3202.72,17.6555,10.3323,53.17,0.0000,0.00,0,0,0,3202.64,0,0.000,0.0000
2026-08-24T01:00:56.435683,3472.08,DONE,7.0622,23.4667,105.75,0.0000,0.0000,20.6660,0,0.0,0.0,0.0,0.0,0.000,0.7700,0.0011,0.1734,3203.72,17.6555,10.3323,53.17,0.0000,0.00,0,0,0,3203.64,0,0.000,0.0000
2026-08-24T01:00:57.436078,3473.08,DONE,7.0622,23.4667,105.75,0.0000,0.0000,20.6660,0,0.0,0.0,0.0,0.0,0.000,0.7700,0.0011,0.1734,3204.72,17.6555,10.3323,53.17,0.0000,0.00,0,0,0,3204.64,0,0.000,0.0000
2026-08-24T01:00:58.436075,3474.08,DONE,7.0622,23.4667,105.75,0.0000,0.0000,20.6660,0,0.0,0.0,0.0,0.0,0.000,0.7700,0.0011,0.1734,3205.72,17.6555,10.3323,53.17,0.0000,0.00,0,0,0,3205.64,0,0.000,0.0000
2026-08-24T01:00:59.436054,3475.08,DONE,7.0622,23.4667,105.75,0.0000,0.0000,20.6660,0,0.0,0.0,0.0,0.0,0.000,0.7700,0.0011,0.1734,3206.72,17.6555,10.3323,53.17,0.0000,0.00,0,0,0,3206.64,0,0.000,0.0000
2026-08-24T01:01:00.436247,3476.08,DONE,7.0622,23.4667,105.75,0.0000,0.0000,20.6660,0,0.0,0.0,0.0,0.0,0.000,0.7700,0.0011,0.1734,3207.72,17.6555,10.3323,53.17,0.0000,0.00,0,0,0,3207.64,0,0.000,0.0000
2026-08-24T01:01:01.435732,3477.08,DONE,7.0622,23.4667,105.75,0.0000,0.0000,20.6660,0,0.0,0.0,0.0,0.0,0.000,0.7700,0.0011,0.1734,3208.72,17.6555,10.3323,53.17,0.0000,0.00,0,0,0,3208.64,0,0.000,0.0000
2026-08-24T01:01:02.435626,3478.08,DONE,7.0622,23.4667,105.75,0.0000,0.0000,20.6660,0,0.0,0.0,0.0,0.0,0.000,0.7700,0.0011,0.1734,3209.72,17.6555,10.3323,53.17,0.0000,0.00,0,0,0,3209.64,0,0.000,0.0000
2026-08-24T01:01:03.435810,3479.08,DONE,7.0622,23.4667,105.75,0.0000,0.0000,20.6660,0,0.0,0.0,0.0,0.0,0.000,0.7700,0.0011,0.1734,3210.72,17.6555,10.3323,53.17,0.0000,0.00,0,0,0,3210.64,0,0.000,0.0000
2026-08-24T01:01:04.436076,3480.08,DONE,7.0622,23.4667,105.75,0.0000,0.0000,20.6660,0,0.0,0.0,0.0,0.0,0.000,0.7700,0.0011,0.1734,3211.72,17.6555,10.3323,53.17,0.0000,0.00,0,0,0,3211.64,0,0.000,0.0000
2026-08-24T01:01:05.435681,3481.08,DONE,7.0622,23.4667,105.75,0.0000,0.0000,20.6660,0,0.0,0.0,0.0,0.0,0.000,0.7700,0.0011,0.1734,3212.72,17.6555,10.3323,53.17,0.0000,0.00,0,0,0,3212.64,0,0.000,0.0000
2026-08-24T01:01:06.436197,3482.08,DONE,7.0622,23.4667,105.75,0.0000,0.0000,20.6660,0,0.0,0.0,0.0,0.0,0.000,0.7700,0.0011,0.1734,3213.72,17.6555,10.3323,53.17,0.0000,0.00,0,0,0,3213.64,0,0.000,0.0000
2026-08-24T01:01:07.436158,3483.08,DONE,7.0622,23.4667,105.75,0.0000,0.0000,20.6660,0,0.0,0.0,0.0,0.0,0.000,0.7700,0.0011,0.1734,3214.72,17.6555,10.3323,53.17,0.0000,0.00,0,0,0,3214.64,0,0.000,0.0000
2026-08-24T01:01:08.436221,3484.08,DONE,7.0622,23.4667,105.75,0.0000,0.0000,20.6660,0,0.0,0.0,0.0,0.0,0.000,0.7700,0.0011,0.1734,3215.72,17.6555,10.3323,53.17,0.0000,0.00,0,0,0,3215.64,0,0.000,0.0000
2026-08-24T01:01:09.435615,3485.08,DONE,7.0622,23.4667,105.75,0.0000,0.0000,20.6660,0,0.0,0.0,0.0,0.0,0.000,0.7700,0.0011,0.1734,3216.72,17.6555,10.3323,53.17,0.0000,0.00,0,0,0,3216.64,0,0.000,0.0000
2026-08-24T01:01:10.436386,3486.08,DONE,7.0622,23.4667,105.75,0.0000,0.0000,20.6660,0,0.0,0.0,0.0,0.0,0.000,0.7700,0.0011,0.1734,3217.72,17.6555,10.3323,53.17,0.0000,0.00,0,0,0,3217.64,0,0.000,0.0000
2026-08-24T01:01:11.435572,3487.08,DONE,7.0622,23.4667,105.75,0.0000,0.0000,20.6660,0,0.0,0.0,0.0,0.0,0.000,0.7700,0.0011,0.1734,3218.72,17.6555,10.3323,53.17,0.0000,0.00,0,0,0,3218.64,0,0.000,0.0000
2026-08-24T01:01:12.435962,3488.08,DONE,7.0622,23.4667,105.75,0.0000,0.0000,20.6660,0,0.0,0.0,0.0,0.0,0.000,0.7700,0.0011,0.1734,3219.72,17.6555,10.3323,53.17,0.0000,0.00,0,0,0,3219.64,0,0.000,0.0000
2026-08-24T01:01:13.436118,3489.08,DONE,7.0622,23.4667,105.75,0.0000,0.0000,20.6660,0,0.0,0.0,0.0,0.0,0.000,0.7700,0.0011,0.1734,3220.72,17.6555,10.3323,53.17,0.0000,0.00,0,0,0,3220.64,0,0.000,0.0000
2026-08-24T01:01:14.435792,3490.08,DONE,7.0622,23.4667,105.75,0.0000,0.0000,20.6660,0,0.0,0.0,0.0,0.0,0.000,0.7700,0.0011,0.1734,3221.72,17.6555,10.3323,53.17,0.0000,0.00,0,0,0,3221.64,0,0.000,0.0000
2026-08-24T01:01:15.435858,3491.08,DONE,7.0622,23.4667,105.75,0.0000,0.0000,20.6660,0,0.0,0.0,0.0,0.0,0.000,0.7700,0.0011,0.1734,3222.72,17.6555,10.3323,53.17,0.0000,0.00,0,0,0,3222.64,0,0.000,0.0000
2026-08-24T01:01:16.435938,3492.08,DONE,7.0622,23.4667,105.75,0.0000,0.0000,20.6660,0,0.0,0.0,0.0,0.0,0.000,0.7700,0.0011,0.1734,3223.72,17.6555,10.3323,53.17,0.0000,0.00,0,0,0,3223.64,0,0.000,0.0000
2026-08-24T01:01:17.435683,3493.08,DONE,7.0622,23.4667,105.75,0.0000,0.0000,20.6660,0,0.0,0.0,0.0,0.0,0.000,0.7700,0.0011,0.1734,3224.72,17.6555,10.3323,53.17,0.0000,0.00,0,0,0,3224.64,0,0.000,0.0000
2026-08-24T01:01:18.435554,3494.08,DONE,7.0622,23.4667,105.75,0.0000,0.0000,20.6660,0,0.0,0.0,0.0,0.0,0.000,0.7700,0.0011,0.1734,3225.72,17.6555,10.3323,53.17,0.0000,0.00,0,0,0,3225.64,0,0.000,0.0000
2026-08-24T01:01:19.435615,3495.08,DONE,7.0622,23.4667,105.75,0.0000,0.0000,20.6660,0,0.0,0.0,0.0,0.0,0.000,0.7700,0.0011,0.1734,3226.72,17.6555,10.3323,53.17,0.0000,0.00,0,0,0,3226.64,0,0.000,0.0000
2026-08-24T01:01:20.435611,3496.08,DONE,7.0622,23.4667,105.75,0.0000,0.0000,20.6660,0,0.0,0.0,0.0,0.0,0.000,0.7700,0.0011,0.1734,3227.72,17.6555,10.3323,53.17,0.0000,0.00,0,0,0,3227.64,0,0.000,0.0000
2026-08-24T01:01:21.435900,3497.08,DONE,7.0622,23.4667,105.75,0.0000,0.0000,20.6660,0,0.0,0.0,0.0,0.0,0.000,0.7700,0.0011,0.1734,3228.72,17.6555,10.3323,53.17,0.0000,0.00,0,0,0,3228.64,0,0.000,0.0000
2026-08-24T01:01:22.435828,3498.08,DONE,7.0622,23.4667,105.75,0.0000,0.0000,20.6660,0,0.0,0.0,0.0,0.0,0.000,0.7700,0.0011,0.1734,3229.72,17.6555,10.3323,53.17,0.0000,0.00,0,0,0,3229.64,0,0.000,0.0000
2026-08-24T01:01:23.435642,3499.08,DONE,7.0622,23.4667,105.75,0.0000,0.0000,20.6660,0,0.0,0.0,0.0,0.0,0.000,0.7700,0.0011,0.1734,3230.72,17.6555,10.3323,53.17,0.0000,0.00,0,0,0,3230.64,0,0.000,0.0000
2026-08-24T01:01:24.435617,3500.08,DONE,7.0622,23.4667,105.75,0.0000,0.0000,20.6660,0,0.0,0.0,0.0,0.0,0.000,0.7700,0.0011,0.1734,3231.72,17.6555,10.3323,53.17,0.0000,0.00,0,0,0,3231.64,0,0.000,0.0000
2026-08-24T01:01:25.435877,3501.08,DONE,7.0622,23.4667,105.75,0.0000,0.0000,20.6660,0,0.0,0.0,0.0,0.0,0.000,0.7700,0.0011,0.1734,3232.72,17.6555,10.3323,53.17,0.0000,0.00,0,0,0,3232.64,0,0.000,0.0000
2026-08-24T01:01:26.435965,3502.08,DONE,7.0622,23.4667,105.75,0.0000,0.0000,20.6660,0,0.0,0.0,0.0,0.0,0.000,0.7700,0.0011,0.1734,3233.72,17.6555,10.3323,53.17,0.0000,0.00,0,0,0,3233.64,0,0.000,0.0000
2026-08-24T01:01:27.436092,3503.08,DONE,7.0622,23.4667,105.75,0.0000,0.0000,20.6660,0,0.0,0.0,0.0,0.0,0.000,0.7700,0.0011,0.1734,3234.72,17.6555,10.3323,53.17,0.0000,0.00,0,0,0,3234.64,0,0.000,0.0000
2026-08-24T01:01:28.435741,3504.08,DONE,7.0622,23.4667,105.75,0.0000,0.0000,20.6660,0,0.0,0.0,0.0,0.0,0.000,0.7700,0.0011,0.1734,3235.72,17.6555,10.3323,53.17,0.0000,0.00,0,0,0,3235.64,0,0.000,0.0000
2026-08-24T01:01:29.435913,3505.08,DONE,7.0622,23.4667,105.75,0.0000,0.0000,20.6660,0,0.0,0.0,0.0,0.0,0.000,0.7700,0.0011,0.1734,3236.72,17.6555,10.3323,53.17,0.0000,0.00,0,0,0,3236.64,0,0.000,0.0000
2026-08-24T01:01:30.435768,3506.08,DONE,7.0622,23.4667,105.75,0.0000,0.0000,20.6660,0,0.0,0.0,0.0,0.0,0.000,0.7700,0.0011,0.1734,3237.72,17.6555,10.3323,53.17,0.0000,0.00,0,0,0,3237.64,0,0.000,0.0000
2026-08-24T01:01:31.435795,3507.08,DONE,7.0622,23.4667,105.75,0.0000,0.0000,20.6660,0,0.0,0.0,0.0,0.0,0.000,0.7700,0.0011,0.1734,3238.72,17.6555,10.3323,53.17,0.0000,0.00,0,0,0,3238.64,0,0.000,0.0000
2026-08-24T01:01:32.435615,3508.08,DONE,7.0622,23.4667,105.75,0.0000,0.0000,20.6660,0,0.0,0.0,0.0,0.0,0.000,0.7700,0.0011,0.1734,3239.72,17.6555,10.3323,53.17,0.0000,0.00,0,0,0,3239.64,0,0.000,0.0000
2026-08-24T01:01:33.435557,3509.08,DONE,7.0622,23.4667,105.75,0.0000,0.0000,20.6660,0,0.0,0.0,0.0,0.0,0.000,0.7700,0.0011,0.1734,3240.72,17.6555,10.3323,53.17,0.0000,0.00,0,0,0,3240.64,0,0.000,0.0000
2026-08-24T01:01:34.436153,3510.08,DONE,7.0622,23.4667,105.75,0.0000,0.0000,20.6660,0,0.0,0.0,0.0,0.0,0.000,0.7700,0.0011,0.1734,3241.72,17.6555,10.3323,53.17,0.0000,0.00,0,0,0,3241.64,0,0.000,0.0000
2026-08-24T01:01:35.435672,3511.08,DONE,7.0622,23.4667,105.75,0.0000,0.0000,20.6660,0,0.0,0.0,0.0,0.0,0.000,0.7700,0.0011,0.1734,3242.72,17.6555,10.3323,53.17,0.0000,0.00,0,0,0,3242.64,0,0.000,0.0000
2026-08-24T01:01:36.436294,3512.08,DONE,7.0622,23.4667,105.75,0.0000,0.0000,20.6660,0,0.0,0.0,0.0,0.0,0.000,0.7700,0.0011,0.1734,3243.72,17.6555,10.3323,53.17,0.0000,0.00,0,0,0,3243.64,0,0.000,0.0000
2026-08-24T01:01:37.435631,3513.08,DONE,7.0622,23.4667,105.75,0.0000,0.0000,20.6660,0,0.0,0.0,0.0,0.0,0.000,0.7700,0.0011,0.1734,3244.72,17.6555,10.3323,53.17,0.0000,0.00,0,0,0,3244.64,0,0.000,0.0000
2026-08-24T01:01:38.435512,3514.08,DONE,7.0622,23.4667,105.75,0.0000,0.0000,20.6660,0,0.0,0.0,0.0,0.0,0.000,0.7700,0.0011,0.1734,3245.72,17.6555,10.3323,53.17,0.0000,0.00,0,0,0,3245.64,0,0.000,0.0000
2026-08-24T01:01:39.435752,3515.08,DONE,7.0622,23.4667,105.75,0.0000,0.0000,20.6660,0,0.0,0.0,0.0,0.0,0.000,0.7700,0.0011,0.1734,3246.72,17.6555,10.3323,53.17,0.0000,0.00,0,0,0,3246.64,0,0.000,0.0000
2026-08-24T01:01:40.435963,3516.08,DONE,7.0622,23.4667,105.75,0.0000,0.0000,20.6660,0,0.0,0.0,0.0,0.0,0.000,0.7700,0.0011,0.1734,3247.72,17.6555,10.3323,53.17,0.0000,0.00,0,0,0,3247.64,0,0.000,0.0000
2026-08-24T01:01:41.435898,3517.08,DONE,7.0622,23.4667,105.75,0.0000,0.0000,20.6660,0,0.0,0.0,0.0,0.0,0.000,0.7700,0.0011,0.1734,3248.72,17.6555,10.3323,53.17,0.0000,0.00,0,0,0,3248.64,0,0.000,0.0000
2026-08-24T01:01:42.436518,3518.08,DONE,7.0622,23.4667,105.75,0.0000,0.0000,20.6660,0,0.0,0.0,0.0,0.0,0.000,0.7700,0.0011,0.1734,3249.72,17.6555,10.3323,53.17,0.0000,0.00,0,0,0,3249.64,0,0.000,0.0000
2026-08-24T01:01:43.435753,3519.08,DONE,7.0622,23.4667,105.75,0.0000,0.0000,20.6660,0,0.0,0.0,0.0,0.0,0.000,0.7700,0.0011,0.1734,3250.72,17.6555,10.3323,53.17,0.0000,0.00,0,0,0,3250.64,0,0.000,0.0000
2026-08-24T01:01:44.435710,3520.08,DONE,7.0622,23.4667,105.75,0.0000,0.0000,20.6660,0,0.0,0.0,0.0,0.0,0.000,0.7700,0.0011,0.1734,3251.72,17.6555,10.3323,53.17,0.0000,0.00,0,0,0,3251.64,0,0.000,0.0000
2026-08-24T01:01:45.435951,3521.08,DONE,7.0622,23.4667,105.75,0.0000,0.0000,20.6660,0,0.0,0.0,0.0,0.0,0.000,0.7700,0.0011,0.1734,3252.72,17.6555,10.3323,53.17,0.0000,0.00,0,0,0,3252.64,0,0.000,0.0000
2026-08-24T01:01:46.435600,3522.08,DONE,7.0622,23.4667,105.75,0.0000,0.0000,20.6660,0,0.0,0.0,0.0,0.0,0.000,0.7700,0.0011,0.1734,3253.72,17.6555,10.3323,53.17,0.0000,0.00,0,0,0,3253.64,0,0.000,0.0000
2026-08-24T01:01:47.436085,3523.08,DONE,7.0622,23.4667,105.75,0.0000,0.0000,20.6660,0,0.0,0.0,0.0,0.0,0.000,0.7700,0.0011,0.1734,3254.72,17.6555,10.3323,53.17,0.0000,0.00,0,0,0,3254.64,0,0.000,0.0000
2026-08-24T01:01:48.436072,3524.08,DONE,7.0622,23.4667,105.75,0.0000,0.0000,20.6660,0,0.0,0.0,0.0,0.0,0.000,0.7700,0.0011,0.1734,3255.72,17.6555,10.3323,53.17,0.0000,0.00,0,0,0,3255.64,0,0.000,0.0000
2026-08-24T01:01:49.436603,3525.08,DONE,7.0622,23.4667,105.75,0.0000,0.0000,20.6660,0,0.0,0.0,0.0,0.0,0.000,0.7700,0.0011,0.1734,3256.72,17.6555,10.3323,53.17,0.0000,0.00,0,0,0,3256.64,0,0.000,0.0000
2026-08-24T01:01:50.435731,3526.08,DONE,7.0622,23.4667,105.75,0.0000,0.0000,20.6660,0,0.0,0.0,0.0,0.0,0.000,0.7700,0.0011,0.1734,3257.72,17.6555,10.3323,53.17,0.0000,0.00,0,0,0,3257.64,0,0.000,0.0000
2026-08-24T01:01:51.435641,3527.08,DONE,7.0622,23.4667,105.75,0.0000,0.0000,20.6660,0,0.0,0.0,0.0,0.0,0.000,0.7700,0.0011,0.1734,3258.72,17.6555,10.3323,53.17,0.0000,0.00,0,0,0,3258.64,0,0.000,0.0000
2026-08-24T01:01:52.435908,3528.08,DONE,7.0622,23.4667,105.75,0.0000,0.0000,20.6660,0,0.0,0.0,0.0,0.0,0.000,0.7700,0.0011,0.1734,3259.72,17.6555,10.3323,53.17,0.0000,0.00,0,0,0,3259.64,0,0.000,0.0000
2026-08-24T01:01:53.436247,3529.08,DONE,7.0622,23.4667,105.75,0.0000,0.0000,20.6660,0,0.0,0.0,0.0,0.0,0.000,0.7700,0.0011,0.1734,3260.72,17.6555,10.3323,53.17,0.0000,0.00,0,0,0,3260.64,0,0.000,0.0000
2026-08-24T01:01:54.435856,3530.08,DONE,7.0622,23.4667,105.75,0.0000,0.0000,20.6660,0,0.0,0.0,0.0,0.0,0.000,0.7700,0.0011,0.1734,3261.72,17.6555,10.3323,53.17,0.0000,0.00,0,0,0,3261.64,0,0.000,0.0000
2026-08-24T01:01:55.436277,3531.08,DONE,7.0622,23.4667,105.75,0.0000,0.0000,20.6660,0,0.0,0.0,0.0,0.0,0.000,0.7700,0.0011,0.1734,3262.72,17.6555,10.3323,53.17,0.0000,0.00,0,0,0,3262.64,0,0.000,0.0000
2026-08-24T01:01:56.435809,3532.08,DONE,7.0622,23.4667,105.75,0.0000,0.0000,20.6660,0,0.0,0.0,0.0,0.0,0.000,0.7700,0.0011,0.1734,3263.72,17.6555,10.3323,53.17,0.0000,0.00,0,0,0,3263.64,0,0.000,0.0000
2026-08-24T01:01:57.436114,3533.08,DONE,7.0622,23.4667,105.75,0.0000,0.0000,20.6660,0,0.0,0.0,0.0,0.0,0.000,0.7700,0.0011,0.1734,3264.72,17.6555,10.3323,53.17,0.0000,0.00,0,0,0,3264.64,0,0.000,0.0000
2026-08-24T01:01:58.435610,3534.08,DONE,7.0622,23.4667,105.75,0.0000,0.0000,20.6660,0,0.0,0.0,0.0,0.0,0.000,0.7700,0.0011,0.1734,3265.72,17.6555,10.3323,53.17,0.0000,0.00,0,0,0,3265.64,0,0.000,0.0000
2026-08-24T01:01:59.435662,3535.08,DONE,7.0622,23.4667,105.75,0.0000,0.0000,20.6660,0,0.0,0.0,0.0,0.0,0.000,0.7700,0.0011,0.1734,3266.72,17.6555,10.3323,53.17,0.0000,0.00,0,0,0,3266.64,0,0.000,0.0000
2026-08-24T01:02:00.436033,3536.08,DONE,7.0622,23.4667,105.75,0.0000,0.0000,20.6660,0,0.0,0.0,0.0,0.0,0.000,0.7700,0.0011,0.1734,3267.72,17.6555,10.3323,53.17,0.0000,0.00,0,0,0,3267.64,0,0.000,0.0000
2026-08-24T01:02:01.435614,3537.08,DONE,7.0622,23.4667,105.75,0.0000,0.0000,20.6660,0,0.0,0.0,0.0,0.0,0.000,0.7700,0.0011,0.1734,3268.72,17.6555,10.3323,53.17,0.0000,0.00,0,0,0,3268.64,0,0.000,0.0000
2026-08-24T01:02:02.435601,3538.08,DONE,7.0622,23.4667,105.75,0.0000,0.0000,20.6660,0,0.0,0.0,0.0,0.0,0.000,0.7700,0.0011,0.1734,3269.72,17.6555,10.3323,53.17,0.0000,0.00,0,0,0,3269.64,0,0.000,0.0000
2026-08-24T01:02:03.435500,3539.08,DONE,7.0622,23.4667,105.75,0.0000,0.0000,20.6660,0,0.0,0.0,0.0,0.0,0.000,0.7700,0.0011,0.1734,3270.72,17.6555,10.3323,53.17,0.0000,0.00,0,0,0,3270.64,0,0.000,0.0000
2026-08-24T01:02:04.435488,3540.08,DONE,7.0622,23.4667,105.75,0.0000,0.0000,20.6660,0,0.0,0.0,0.0,0.0,0.000,0.7700,0.0011,0.1734,3271.72,17.6555,10.3323,53.17,0.0000,0.00,0,0,0,3271.64,0,0.000,0.0000
2026-08-24T01:02:05.435730,3541.08,DONE,7.0622,23.4667,105.75,0.0000,0.0000,20.6660,0,0.0,0.0,0.0,0.0,0.000,0.7700,0.0011,0.1734,3272.72,17.6555,10.3323,53.17,0.0000,0.00,0,0,0,3272.64,0,0.000,0.0000
2026-08-24T01:02:06.435809,3542.08,DONE,7.0622,23.4667,105.75,0.0000,0.0000,20.6660,0,0.0,0.0,0.0,0.0,0.000,0.7700,0.0011,0.1734,3273.72,17.6555,10.3323,53.17,0.0000,0.00,0,0,0,3273.64,0,0.000,0.0000
2026-08-24T01:02:07.437260,3543.08,DONE,7.0622,23.4667,105.75,0.0000,0.0000,20.6660,0,0.0,0.0,0.0,0.0,0.000,0.7700,0.0011,0.1734,3274.72,17.6555,10.3323,53.17,0.0000,0.00,0,0,0,3274.64,0,0.000,0.0000
2026-08-24T01:02:08.435861,3544.08,DONE,7.0622,23.4667,105.75,0.0000,0.0000,20.6660,0,0.0,0.0,0.0,0.0,0.000,0.7700,0.0011,0.1734,3275.72,17.6555,10.3323,53.17,0.0000,0.00,0,0,0,3275.64,0,0.000,0.0000
2026-08-24T01:02:09.436674,3545.08,DONE,7.0622,23.4667,105.75,0.0000,0.0000,20.6660,0,0.0,0.0,0.0,0.0,0.000,0.7700,0.0011,0.1734,3276.72,17.6555,10.3323,53.17,0.0000,0.00,0,0,0,3276.64,0,0.000,0.0000
2026-08-24T01:02:10.436047,3546.08,DONE,7.0622,23.4667,105.75,0.0000,0.0000,20.6660,0,0.0,0.0,0.0,0.0,0.000,0.7700,0.0011,0.1734,3277.72,17.6555,10.3323,53.17,0.0000,0.00,0,0,0,3277.64,0,0.000,0.0000
2026-08-24T01:02:11.435697,3547.08,DONE,7.0622,23.4667,105.75,0.0000,0.0000,20.6660,0,0.0,0.0,0.0,0.0,0.000,0.7700,0.0011,0.1734,3278.72,17.6555,10.3323,53.17,0.0000,0.00,0,0,0,3278.64,0,0.000,0.0000
2026-08-24T01:02:12.435819,3548.08,DONE,7.0622,23.4667,105.75,0.0000,0.0000,20.6660,0,0.0,0.0,0.0,0.0,0.000,0.7700,0.0011,0.1734,3279.72,17.6555,10.3323,53.17,0.0000,0.00,0,0,0,3279.64,0,0.000,0.0000
2026-08-24T01:02:13.435592,3549.08,DONE,7.0622,23.4667,105.75,0.0000,0.0000,20.6660,0,0.0,0.0,0.0,0.0,0.000,0.7700,0.0011,0.1734,3280.72,17.6555,10.3323,53.17,0.0000,0.00,0,0,0,3280.64,0,0.000,0.0000
2026-08-24T01:02:14.435604,3550.08,DONE,7.0622,23.4667,105.75,0.0000,0.0000,20.6660,0,0.0,0.0,0.0,0.0,0.000,0.7700,0.0011,0.1734,3281.72,17.6555,10.3323,53.17,0.0000,0.00,0,0,0,3281.64,0,0.000,0.0000
2026-08-24T01:02:15.435953,3551.08,DONE,7.0622,23.4667,105.75,0.0000,0.0000,20.6660,0,0.0,0.0,0.0,0.0,0.000,0.7700,0.0011,0.1734,3282.72,17.6555,10.3323,53.17,0.0000,0.00,0,0,0,3282.64,0,0.000,0.0000
2026-08-24T01:02:16.435869,3552.08,DONE,7.0622,23.4667,105.75,0.0000,0.0000,20.6660,0,0.0,0.0,0.0,0.0,0.000,0.7700,0.0011,0.1734,3283.72,17.6555,10.3323,53.17,0.0000,0.00,0,0,0,3283.64,0,0.000,0.0000
2026-08-24T01:02:17.436018,3553.08,DONE,7.0622,23.4667,105.75,0.0000,0.0000,20.6660,0,0.0,0.0,0.0,0.0,0.000,0.7700,0.0011,0.1734,3284.72,17.6555,10.3323,53.17,0.0000,0.00,0,0,0,3284.64,0,0.000,0.0000
2026-08-24T01:02:18.435878,3554.08,DONE,7.0622,23.4667,105.75,0.0000,0.0000,20.6660,0,0.0,0.0,0.0,0.0,0.000,0.7700,0.0011,0.1734,3285.72,17.6555,10.3323,53.17,0.0000,0.00,0,0,0,3285.64,0,0.000,0.0000
2026-08-24T01:02:19.435972,3555.08,DONE,7.0622,23.4667,105.75,0.0000,0.0000,20.6660,0,0.0,0.0,0.0,0.0,0.000,0.7700,0.0011,0.1734,3286.72,17.6555,10.3323,53.17,0.0000,0.00,0,0,0,3286.64,0,0.000,0.0000
2026-08-24T01:02:20.436071,3556.08,DONE,7.0622,23.4667,105.75,0.0000,0.0000,20.6660,0,0.0,0.0,0.0,0.0,0.000,0.7700,0.0011,0.1734,3287.72,17.6555,10.3323,53.17,0.0000,0.00,0,0,0,3287.64,0,0.000,0.0000
2026-08-24T01:02:21.435632,3557.08,DONE,7.0622,23.4667,105.75,0.0000,0.0000,20.6660,0,0.0,0.0,0.0,0.0,0.000,0.7700,0.0011,0.1734,3288.72,17.6555,10.3323,53.17,0.0000,0.00,0,0,0,3288.64,0,0.000,0.0000
2026-08-24T01:02:22.435718,3558.08,DONE,7.0622,23.4667,105.75,0.0000,0.0000,20.6660,0,0.0,0.0,0.0,0.0,0.000,0.7700,0.0011,0.1734,3289.72,17.6555,10.3323,53.17,0.0000,0.00,0,0,0,3289.64,0,0.000,0.0000
2026-08-24T01:02:23.435933,3559.08,DONE,7.0622,23.4667,105.75,0.0000,0.0000,20.6660,0,0.0,0.0,0.0,0.0,0.000,0.7700,0.0011,0.1734,3290.72,17.6555,10.3323,53.17,0.0000,0.00,0,0,0,3290.64,0,0.000,0.0000
2026-08-24T01:02:24.435970,3560.08,DONE,7.0622,23.4667,105.75,0.0000,0.0000,20.6660,0,0.0,0.0,0.0,0.0,0.000,0.7700,0.0011,0.1734,3291.72,17.6555,10.3323,53.17,0.0000,0.00,0,0,0,3291.64,0,0.000,0.0000
2026-08-24T01:02:25.435637,3561.08,DONE,7.0622,23.4667,105.75,0.0000,0.0000,20.6660,0,0.0,0.0,0.0,0.0,0.000,0.7700,0.0011,0.1734,3292.72,17.6555,10.3323,53.17,0.0000,0.00,0,0,0,3292.64,0,0.000,0.0000
2026-08-24T01:02:26.435632,3562.08,DONE,7.0622,23.4667,105.75,0.0000,0.0000,20.6660,0,0.0,0.0,0.0,0.0,0.000,0.7700,0.0011,0.1734,3293.72,17.6555,10.3323,53.17,0.0000,0.00,0,0,0,3293.64,0,0.000,0.0000
2026-08-24T01:02:27.435767,3563.08,DONE,7.0622,23.4667,105.75,0.0000,0.0000,20.6660,0,0.0,0.0,0.0,0.0,0.000,0.7700,0.0011,0.1734,3294.72,17.6555,10.3323,53.17,0.0000,0.00,0,0,0,3294.64,0,0.000,0.0000
2026-08-24T01:02:28.435595,3564.08,DONE,7.0622,23.4667,105.75,0.0000,0.0000,20.6660,0,0.0,0.0,0.0,0.0,0.000,0.7700,0.0011,0.1734,3295.72,17.6555,10.3323,53.17,0.0000,0.00,0,0,0,3295.64,0,0.000,0.0000
2026-08-24T01:02:29.435607,3565.08,DONE,7.0622,23.4667,105.75,0.0000,0.0000,20.6660,0,0.0,0.0,0.0,0.0,0.000,0.7700,0.0011,0.1734,3296.72,17.6555,10.3323,53.17,0.0000,0.00,0,0,0,3296.64,0,0.000,0.0000
2026-08-24T01:02:30.435640,3566.08,DONE,7.0622,23.4667,105.75,0.0000,0.0000,20.6660,0,0.0,0.0,0.0,0.0,0.000,0.7700,0.0011,0.1734,3297.72,17.6555,10.3323,53.17,0.0000,0.00,0,0,0,3297.64,0,0.000,0.0000
2026-08-24T01:02:31.435522,3567.08,DONE,7.0622,23.4667,105.75,0.0000,0.0000,20.6660,0,0.0,0.0,0.0,0.0,0.000,0.7700,0.0011,0.1734,3298.72,17.6555,10.3323,53.17,0.0000,0.00,0,0,0,3298.64,0,0.000,0.0000
2026-08-24T01:02:32.436008,3568.08,DONE,7.0622,23.4667,105.75,0.0000,0.0000,20.6660,0,0.0,0.0,0.0,0.0,0.000,0.7700,0.0011,0.1734,3299.72,17.6555,10.3323,53.17,0.0000,0.00,0,0,0,3299.64,0,0.000,0.0000
2026-08-24T01:02:33.436129,3569.08,DONE,7.0622,23.4667,105.75,0.0000,0.0000,20.6660,0,0.0,0.0,0.0,0.0,0.000,0.7700,0.0011,0.1734,3300.72,17.6555,10.3323,53.17,0.0000,0.00,0,0,0,3300.64,0,0.000,0.0000
2026-08-24T01:02:34.435595,3570.08,DONE,7.0622,23.4667,105.75,0.0000,0.0000,20.6660,0,0.0,0.0,0.0,0.0,0.000,0.7700,0.0011,0.1734,3301.72,17.6555,10.3323,53.17,0.0000,0.00,0,0,0,3301.64,0,0.000,0.0000
2026-08-24T01:02:35.437261,3571.08,DONE,7.0622,23.4667,105.75,0.0000,0.0000,20.6660,0,0.0,0.0,0.0,0.0,0.000,0.7700,0.0011,0.1734,3302.72,17.6555,10.3323,53.17,0.0000,0.00,0,0,0,3302.64,0,0.000,0.0000
2026-08-24T01:02:36.436020,3572.08,DONE,7.0622,23.4667,105.75,0.0000,0.0000,20.6660,0,0.0,0.0,0.0,0.0,0.000,0.7700,0.0011,0.1734,3303.72,17.6555,10.3323,53.17,0.0000,0.00,0,0,0,3303.64,0,0.000,0.0000
2026-08-24T01:02:37.436164,3573.08,DONE,7.0622,23.4667,105.75,0.0000,0.0000,20.6660,0,0.0,0.0,0.0,0.0,0.000,0.7700,0.0011,0.1734,3304.72,17.6555,10.3323,53.17,0.0000,0.00,0,0,0,3304.64,0,0.000,0.0000
2026-08-24T01:02:38.436224,3574.08,DONE,7.0622,23.4667,105.75,0.0000,0.0000,20.6660,0,0.0,0.0,0.0,0.0,0.000,0.7700,0.0011,0.1734,3305.72,17.6555,10.3323,53.17,0.0000,0.00,0,0,0,3305.64,0,0.000,0.0000
2026-08-24T01:02:39.436069,3575.08,DONE,7.0622,23.4667,105.75,0.0000,0.0000,20.6660,0,0.0,0.0,0.0,0.0,0.000,0.7700,0.0011,0.1734,3306.72,17.6555,10.3323,53.17,0.0000,0.00,0,0,0,3306.64,0,0.000,0.0000
2026-08-24T01:02:40.435643,3576.08,DONE,7.0622,23.4667,105.75,0.0000,0.0000,20.6660,0,0.0,0.0,0.0,0.0,0.000,0.7700,0.0011,0.1734,3307.72,17.6555,10.3323,53.17,0.0000,0.00,0,0,0,3307.64,0,0.000,0.0000
2026-08-24T01:02:41.435645,3577.08,DONE,7.0622,23.4667,105.75,0.0000,0.0000,20.6660,0,0.0,0.0,0.0,0.0,0.000,0.7700,0.0011,0.1734,3308.72,17.6555,10.3323,53.17,0.0000,0.00,0,0,0,3308.64,0,0.000,0.0000
2026-08-24T01:02:42.435688,3578.08,DONE,7.0622,23.4667,105.75,0.0000,0.0000,20.6660,0,0.0,0.0,0.0,0.0,0.000,0.7700,0.0011,0.1734,3309.72,17.6555,10.3323,53.17,0.0000,0.00,0,0,0,3309.64,0,0.000,0.0000
2026-08-24T01:02:43.435811,3579.08,DONE,7.0622,23.4667,105.75,0.0000,0.0000,20.6660,0,0.0,0.0,0.0,0.0,0.000,0.7700,0.0011,0.1734,3310.72,17.6555,10.3323,53.17,0.0000,0.00,0,0,0,3310.64,0,0.000,0.0000
2026-08-24T01:02:44.435852,3580.08,DONE,7.0622,23.4667,105.75,0.0000,0.0000,20.6660,0,0.0,0.0,0.0,0.0,0.000,0.7700,0.0011,0.1734,3311.72,17.6555,10.3323,53.17,0.0000,0.00,0,0,0,3311.64,0,0.000,0.0000
2026-08-24T01:02:45.435898,3581.08,DONE,7.0622,23.4667,105.75,0.0000,0.0000,20.6660,0,0.0,0.0,0.0,0.0,0.000,0.7700,0.0011,0.1734,3312.72,17.6555,10.3323,53.17,0.0000,0.00,0,0,0,3312.64,0,0.000,0.0000
2026-08-24T01:02:46.435661,3582.08,DONE,7.0622,23.4667,105.75,0.0000,0.0000,20.6660,0,0.0,0.0,0.0,0.0,0.000,0.7700,0.0011,0.1734,3313.72,17.6555,10.3323,53.17,0.0000,0.00,0,0,0,3313.64,0,0.000,0.0000
2026-08-24T01:02:47.436085,3583.08,DONE,7.0622,23.4667,105.75,0.0000,0.0000,20.6660,0,0.0,0.0,0.0,0.0,0.000,0.7700,0.0011,0.1734,3314.72,17.6555,10.3323,53.17,0.0000,0.00,0,0,0,3314.64,0,0.000,0.0000
2026-08-24T01:02:48.435790,3584.08,DONE,7.0622,23.4667,105.75,0.0000,0.0000,20.6660,0,0.0,0.0,0.0,0.0,0.000,0.7700,0.0011,0.1734,3315.72,17.6555,10.3323,53.17,0.0000,0.00,0,0,0,3315.64,0,0.000,0.0000
2026-08-24T01:02:49.436345,3585.08,DONE,7.0622,23.4667,105.75,0.0000,0.0000,20.6660,0,0.0,0.0,0.0,0.0,0.000,0.7700,0.0011,0.1734,3316.72,17.6555,10.3323,53.17,0.0000,0.00,0,0,0,3316.64,0,0.000,0.0000
2026-08-24T01:02:50.435961,3586.08,DONE,7.0622,23.4667,105.75,0.0000,0.0000,20.6660,0,0.0,0.0,0.0,0.0,0.000,0.7700,0.0011,0.1734,3317.72,17.6555,10.3323,53.17,0.0000,0.00,0,0,0,3317.64,0,0.000,0.0000
2026-08-24T01:02:51.436038,3587.08,DONE,7.0622,23.4667,105.75,0.0000,0.0000,20.6660,0,0.0,0.0,0.0,0.0,0.000,0.7700,0.0011,0.1734,3318.72,17.6555,10.3323,53.17,0.0000,0.00,0,0,0,3318.64,0,0.000,0.0000
2026-08-24T01:02:52.435674,3588.08,DONE,7.0622,23.4667,105.75,0.0000,0.0000,20.6660,0,0.0,0.0,0.0,0.0,0.000,0.7700,0.0011,0.1734,3319.72,17.6555,10.3323,53.17,0.0000,0.00,0,0,0,3319.64,0,0.000,0.0000
2026-08-24T01:02:53.437374,3589.08,DONE,7.0622,23.4667,105.75,0.0000,0.0000,20.6660,0,0.0,0.0,0.0,0.0,0.000,0.7700,0.0011,0.1734,3320.72,17.6555,10.3323,53.17,0.0000,0.00,0,0,0,3320.64,0,0.000,0.0000
2026-08-24T01:02:54.436364,3590.08,DONE,7.0622,23.4667,105.75,0.0000,0.0000,20.6660,0,0.0,0.0,0.0,0.0,0.000,0.7700,0.0011,0.1734,3321.72,17.6555,10.3323,53.17,0.0000,0.00,0,0,0,3321.64,0,0.000,0.0000
2026-08-24T01:02:55.435843,3591.08,DONE,7.0622,23.4667,105.75,0.0000,0.0000,20.6660,0,0.0,0.0,0.0,0.0,0.000,0.7700,0.0011,0.1734,3322.72,17.6555,10.3323,53.17,0.0000,0.00,0,0,0,3322.64,0,0.000,0.0000
2026-08-24T01:02:56.435664,3592.08,DONE,7.0622,23.4667,105.75,0.0000,0.0000,20.6660,0,0.0,0.0,0.0,0.0,0.000,0.7700,0.0011,0.1734,3323.72,17.6555,10.3323,53.17,0.0000,0.00,0,0,0,3323.64,0,0.000,0.0000
2026-08-24T01:02:57.436027,3593.08,DONE,7.0622,23.4667,105.75,0.0000,0.0000,20.6660,0,0.0,0.0,0.0,0.0,0.000,0.7700,0.0011,0.1734,3324.72,17.6555,10.3323,53.17,0.0000,0.00,0,0,0,3324.64,0,0.000,0.0000
2026-08-24T01:02:58.435625,3594.08,DONE,7.0622,23.4667,105.75,0.0000,0.0000,20.6660,0,0.0,0.0,0.0,0.0,0.000,0.7700,0.0011,0.1734,3325.72,17.6555,10.3323,53.17,0.0000,0.00,0,0,0,3325.64,0,0.000,0.0000
2026-08-24T01:02:59.435660,3595.08,DONE,7.0622,23.4667,105.75,0.0000,0.0000,20.6660,0,0.0,0.0,0.0,0.0,0.000,0.7700,0.0011,0.1734,3326.72,17.6555,10.3323,53.17,0.0000,0.00,0,0,0,3326.64,0,0.000,0.0000
2026-08-24T01:03:00.435985,3596.08,DONE,7.0622,23.4667,105.75,0.0000,0.0000,20.6660,0,0.0,0.0,0.0,0.0,0.000,0.7700,0.0011,0.1734,3327.72,17.6555,10.3323,53.17,0.0000,0.00,0,0,0,3327.64,0,0.000,0.0000
2026-08-24T01:03:01.436055,3597.08,DONE,7.0622,23.4667,105.75,0.0000,0.0000,20.6660,0,0.0,0.0,0.0,0.0,0.000,0.7700,0.0011,0.1734,3328.72,17.6555,10.3323,53.17,0.0000,0.00,0,0,0,3328.64,0,0.000,0.0000
2026-08-24T01:03:02.435563,3598.08,DONE,7.0622,23.4667,105.75,0.0000,0.0000,20.6660,0,0.0,0.0,0.0,0.0,0.000,0.7700,0.0011,0.1734,3329.72,17.6555,10.3323,53.17,0.0000,0.00,0,0,0,3329.64,0,0.000,0.0000
2026-08-24T01:03:03.436866,3599.08,DONE,7.0622,23.4667,105.75,0.0000,0.0000,20.6660,0,0.0,0.0,0.0,0.0,0.000,0.7700,0.0011,0.1734,3330.72,17.6555,10.3323,53.17,0.0000,0.00,0,0,0,3330.64,0,0.000,0.0000
2026-08-24T01:03:04.435575,3600.08,DONE,7.0622,23.4667,105.75,0.0000,0.0000,20.6660,0,0.0,0.0,0.0,0.0,0.000,0.7700,0.0011,0.1734,3331.72,17.6555,10.3323,53.17,0.0000,0.00,0,0,0,3331.64,0,0.000,0.0000
2026-08-24T01:03:05.435872,3601.08,DONE,7.0622,23.4667,105.75,0.0000,0.0000,20.6660,0,0.0,0.0,0.0,0.0,0.000,0.7700,0.0011,0.1734,3332.72,17.6555,10.3323,53.17,0.0000,0.00,0,0,0,3332.64,0,0.000,0.0000
2026-08-24T01:03:06.436246,3602.08,DONE,7.0622,23.4667,105.75,0.0000,0.0000,20.6660,0,0.0,0.0,0.0,0.0,0.000,0.7700,0.0011,0.1734,3333.72,17.6555,10.3323,53.17,0.0000,0.00,0,0,0,3333.64,0,0.000,0.0000
2026-08-24T01:03:07.436040,3603.08,DONE,7.0622,23.4667,105.75,0.0000,0.0000,20.6660,0,0.0,0.0,0.0,0.0,0.000,0.7700,0.0011,0.1734,3334.72,17.6555,10.3323,53.17,0.0000,0.00,0,0,0,3334.64,0,0.000,0.0000
2026-08-24T01:03:08.435979,3604.08,DONE,7.0622,23.4667,105.75,0.0000,0.0000,20.6660,0,0.0,0.0,0.0,0.0,0.000,0.7700,0.0011,0.1734,3335.72,17.6555,10.3323,53.17,0.0000,0.00,0,0,0,3335.64,0,0.000,0.0000
2026-08-24T01:03:09.435730,3605.08,DONE,7.0622,23.4667,105.75,0.0000,0.0000,20.6660,0,0.0,0.0,0.0,0.0,0.000,0.7700,0.0011,0.1734,3336.72,17.6555,10.3323,53.17,0.0000,0.00,0,0,0,3336.64,0,0.000,0.0000
2026-08-24T01:03:10.436206,3606.08,DONE,7.0622,23.4667,105.75,0.0000,0.0000,20.6660,0,0.0,0.0,0.0,0.0,0.000,0.7700,0.0011,0.1734,3337.72,17.6555,10.3323,53.17,0.0000,0.00,0,0,0,3337.64,0,0.000,0.0000
2026-08-24T01:03:11.435565,3607.08,DONE,7.0622,23.4667,105.75,0.0000,0.0000,20.6660,0,0.0,0.0,0.0,0.0,0.000,0.7700,0.0011,0.1734,3338.72,17.6555,10.3323,53.17,0.0000,0.00,0,0,0,3338.64,0,0.000,0.0000
2026-08-24T01:03:12.435541,3608.08,DONE,7.0622,23.4667,105.75,0.0000,0.0000,20.6660,0,0.0,0.0,0.0,0.0,0.000,0.7700,0.0011,0.1734,3339.72,17.6555,10.3323,53.17,0.0000,0.00,0,0,0,3339.64,0,0.000,0.0000
2026-08-24T01:03:13.435608,3609.08,DONE,7.0622,23.4667,105.75,0.0000,0.0000,20.6660,0,0.0,0.0,0.0,0.0,0.000,0.7700,0.0011,0.1734,3340.72,17.6555,10.3323,53.17,0.0000,0.00,0,0,0,3340.64,0,0.000,0.0000
2026-08-24T01:03:14.436049,3610.08,DONE,7.0622,23.4667,105.75,0.0000,0.0000,20.6660,0,0.0,0.0,0.0,0.0,0.000,0.7700,0.0011,0.1734,3341.72,17.6555,10.3323,53.17,0.0000,0.00,0,0,0,3341.64,0,0.000,0.0000
2026-08-24T01:03:15.435672,3611.08,DONE,7.0622,23.4667,105.75,0.0000,0.0000,20.6660,0,0.0,0.0,0.0,0.0,0.000,0.7700,0.0011,0.1734,3342.72,17.6555,10.3323,53.17,0.0000,0.00,0,0,0,3342.64,0,0.000,0.0000
2026-08-24T01:03:16.436163,3612.08,DONE,7.0622,23.4667,105.75,0.0000,0.0000,20.6660,0,0.0,0.0,0.0,0.0,0.000,0.7700,0.0011,0.1734,3343.72,17.6555,10.3323,53.17,0.0000,0.00,0,0,0,3343.64,0,0.000,0.0000
2026-08-24T01:03:17.436235,3613.08,DONE,7.0622,23.4667,105.75,0.0000,0.0000,20.6660,0,0.0,0.0,0.0,0.0,0.000,0.7700,0.0011,0.1734,3344.72,17.6555,10.3323,53.17,0.0000,0.00,0,0,0,3344.64,0,0.000,0.0000
2026-08-24T01:03:18.436004,3614.08,DONE,7.0622,23.4667,105.75,0.0000,0.0000,20.6660,0,0.0,0.0,0.0,0.0,0.000,0.7700,0.0011,0.1734,3345.72,17.6555,10.3323,53.17,0.0000,0.00,0,0,0,3345.64,0,0.000,0.0000
2026-08-24T01:03:19.436106,3615.08,DONE,7.0622,23.4667,105.75,0.0000,0.0000,20.6660,0,0.0,0.0,0.0,0.0,0.000,0.7700,0.0011,0.1734,3346.72,17.6555,10.3323,53.17,0.0000,0.00,0,0,0,3346.64,0,0.000,0.0000
2026-08-24T01:03:20.435940,3616.08,DONE,7.0622,23.4667,105.75,0.0000,0.0000,20.6660,0,0.0,0.0,0.0,0.0,0.000,0.7700,0.0011,0.1734,3347.72,17.6555,10.3323,53.17,0.0000,0.00,0,0,0,3347.64,0,0.000,0.0000
2026-08-24T01:03:21.435683,3617.08,DONE,7.0622,23.4667,105.75,0.0000,0.0000,20.6660,0,0.0,0.0,0.0,0.0,0.000,0.7700,0.0011,0.1734,3348.72,17.6555,10.3323,53.17,0.0000,0.00,0,0,0,3348.64,0,0.000,0.0000
2026-08-24T01:03:22.436453,3618.08,DONE,7.0622,23.4667,105.75,0.0000,0.0000,20.6660,0,0.0,0.0,0.0,0.0,0.000,0.7700,0.0011,0.1734,3349.72,17.6555,10.3323,53.17,0.0000,0.00,0,0,0,3349.64,0,0.000,0.0000
2026-08-24T01:03:23.435720,3619.08,DONE,7.0622,23.4667,105.75,0.0000,0.0000,20.6660,0,0.0,0.0,0.0,0.0,0.000,0.7700,0.0011,0.1734,3350.72,17.6555,10.3323,53.17,0.0000,0.00,0,0,0,3350.64,0,0.000,0.0000
2026-08-24T01:03:24.437247,3620.08,DONE,7.0622,23.4667,105.75,0.0000,0.0000,20.6660,0,0.0,0.0,0.0,0.0,0.000,0.7700,0.0011,0.1734,3351.72,17.6555,10.3323,53.17,0.0000,0.00,0,0,0,3351.64,0,0.000,0.0000
2026-08-24T01:03:25.435770,3621.08,DONE,7.0622,23.4667,105.75,0.0000,0.0000,20.6660,0,0.0,0.0,0.0,0.0,0.000,0.7700,0.0011,0.1734,3352.72,17.6555,10.3323,53.17,0.0000,0.00,0,0,0,3352.64,0,0.000,0.0000
2026-08-24T01:03:26.436447,3622.08,DONE,7.0622,23.4667,105.75,0.0000,0.0000,20.6660,0,0.0,0.0,0.0,0.0,0.000,0.7700,0.0011,0.1734,3353.72,17.6555,10.3323,53.17,0.0000,0.00,0,0,0,3353.64,0,0.000,0.0000
2026-08-24T01:03:27.435737,3623.08,DONE,7.0622,23.4667,105.75,0.0000,0.0000,20.6660,0,0.0,0.0,0.0,0.0,0.000,0.7700,0.0011,0.1734,3354.72,17.6555,10.3323,53.17,0.0000,0.00,0,0,0,3354.64,0,0.000,0.0000
2026-08-24T01:03:28.438636,3624.08,DONE,7.0622,23.4667,105.75,0.0000,0.0000,20.6660,0,0.0,0.0,0.0,0.0,0.000,0.7700,0.0011,0.1734,3355.73,17.6555,10.3323,53.17,0.0000,0.00,0,0,0,3355.64,0,0.000,0.0000
2026-08-24T01:03:29.435738,3625.08,DONE,7.0622,23.4667,105.75,0.0000,0.0000,20.6660,0,0.0,0.0,0.0,0.0,0.000,0.7700,0.0011,0.1734,3356.72,17.6555,10.3323,53.17,0.0000,0.00,0,0,0,3356.64,0,0.000,0.0000
2026-08-24T01:03:30.436160,3626.08,DONE,7.0622,23.4667,105.75,0.0000,0.0000,20.6660,0,0.0,0.0,0.0,0.0,0.000,0.7700,0.0011,0.1734,3357.72,17.6555,10.3323,53.17,0.0000,0.00,0,0,0,3357.64,0,0.000,0.0000
2026-08-24T01:03:31.435711,3627.08,DONE,7.0622,23.4667,105.75,0.0000,0.0000,20.6660,0,0.0,0.0,0.0,0.0,0.000,0.7700,0.0011,0.1734,3358.72,17.6555,10.3323,53.17,0.0000,0.00,0,0,0,3358.64,0,0.000,0.0000
2026-08-24T01:03:32.435636,3628.08,DONE,7.0622,23.4667,105.75,0.0000,0.0000,20.6660,0,0.0,0.0,0.0,0.0,0.000,0.7700,0.0011,0.1734,3359.72,17.6555,10.3323,53.17,0.0000,0.00,0,0,0,3359.64,0,0.000,0.0000
2026-08-24T01:03:33.435885,3629.08,DONE,7.0622,23.4667,105.75,0.0000,0.0000,20.6660,0,0.0,0.0,0.0,0.0,0.000,0.7700,0.0011,0.1734,3360.72,17.6555,10.3323,53.17,0.0000,0.00,0,0,0,3360.64,0,0.000,0.0000
2026-08-24T01:03:34.436028,3630.08,DONE,7.0622,23.4667,105.75,0.0000,0.0000,20.6660,0,0.0,0.0,0.0,0.0,0.000,0.7700,0.0011,0.1734,3361.72,17.6555,10.3323,53.17,0.0000,0.00,0,0,0,3361.64,0,0.000,0.0000
2026-08-24T01:03:35.435798,3631.08,DONE,7.0622,23.4667,105.75,0.0000,0.0000,20.6660,0,0.0,0.0,0.0,0.0,0.000,0.7700,0.0011,0.1734,3362.72,17.6555,10.3323,53.17,0.0000,0.00,0,0,0,3362.64,0,0.000,0.0000
2026-08-24T01:03:36.436121,3632.08,DONE,7.0622,23.4667,105.75,0.0000,0.0000,20.6660,0,0.0,0.0,0.0,0.0,0.000,0.7700,0.0011,0.1734,3363.72,17.6555,10.3323,53.17,0.0000,0.00,0,0,0,3363.64,0,0.000,0.0000
2026-08-24T01:03:37.435955,3633.08,DONE,7.0622,23.4667,105.75,0.0000,0.0000,20.6660,0,0.0,0.0,0.0,0.0,0.000,0.7700,0.0011,0.1734,3364.72,17.6555,10.3323,53.17,0.0000,0.00,0,0,0,3364.64,0,0.000,0.0000
2026-08-24T01:03:38.436250,3634.08,DONE,7.0622,23.4667,105.75,0.0000,0.0000,20.6660,0,0.0,0.0,0.0,0.0,0.000,0.7700,0.0011,0.1734,3365.72,17.6555,10.3323,53.17,0.0000,0.00,0,0,0,3365.64,0,0.000,0.0000
2026-08-24T01:03:39.436274,3635.08,DONE,7.0622,23.4667,105.75,0.0000,0.0000,20.6660,0,0.0,0.0,0.0,0.0,0.000,0.7700,0.0011,0.1734,3366.72,17.6555,10.3323,53.17,0.0000,0.00,0,0,0,3366.64,0,0.000,0.0000
2026-08-24T01:03:40.435818,3636.08,DONE,7.0622,23.4667,105.75,0.0000,0.0000,20.6660,0,0.0,0.0,0.0,0.0,0.000,0.7700,0.0011,0.1734,3367.72,17.6555,10.3323,53.17,0.0000,0.00,0,0,0,3367.64,0,0.000,0.0000
2026-08-24T01:03:41.436062,3637.08,DONE,7.0622,23.4667,105.75,0.0000,0.0000,20.6660,0,0.0,0.0,0.0,0.0,0.000,0.7700,0.0011,0.1734,3368.72,17.6555,10.3323,53.17,0.0000,0.00,0,0,0,3368.64,0,0.000,0.0000
2026-08-24T01:03:42.435633,3638.08,DONE,7.0622,23.4667,105.75,0.0000,0.0000,20.6660,0,0.0,0.0,0.0,0.0,0.000,0.7700,0.0011,0.1734,3369.72,17.6555,10.3323,53.17,0.0000,0.00,0,0,0,3369.64,0,0.000,0.0000
2026-08-24T01:03:43.436321,3639.08,DONE,7.0622,23.4667,105.75,0.0000,0.0000,20.6660,0,0.0,0.0,0.0,0.0,0.000,0.7700,0.0011,0.1734,3370.72,17.6555,10.3323,53.17,0.0000,0.00,0,0,0,3370.64,0,0.000,0.0000
2026-08-24T01:03:44.435619,3640.08,DONE,7.0622,23.4667,105.75,0.0000,0.0000,20.6660,0,0.0,0.0,0.0,0.0,0.000,0.7700,0.0011,0.1734,3371.72,17.6555,10.3323,53.17,0.0000,0.00,0,0,0,3371.64,0,0.000,0.0000
2026-08-24T01:03:45.437114,3641.08,DONE,7.0622,23.4667,105.75,0.0000,0.0000,20.6660,0,0.0,0.0,0.0,0.0,0.000,0.7700,0.0011,0.1734,3372.72,17.6555,10.3323,53.17,0.0000,0.00,0,0,0,3372.64,0,0.000,0.0000
2026-08-24T01:03:46.437592,3642.08,DONE,7.0622,23.4667,105.75,0.0000,0.0000,20.6660,0,0.0,0.0,0.0,0.0,0.000,0.7700,0.0011,0.1734,3373.73,17.6555,10.3323,53.17,0.0000,0.00,0,0,0,3373.64,0,0.000,0.0000
2026-08-24T01:03:47.436101,3643.08,DONE,7.0622,23.4667,105.75,0.0000,0.0000,20.6660,0,0.0,0.0,0.0,0.0,0.000,0.7700,0.0011,0.1734,3374.72,17.6555,10.3323,53.17,0.0000,0.00,0,0,0,3374.64,0,0.000,0.0000
2026-08-24T01:03:48.437244,3644.08,DONE,7.0622,23.4667,105.75,0.0000,0.0000,20.6660,0,0.0,0.0,0.0,0.0,0.000,0.7700,0.0011,0.1734,3375.72,17.6555,10.3323,53.17,0.0000,0.00,0,0,0,3375.64,0,0.000,0.0000
2026-08-24T01:03:49.436117,3645.08,DONE,7.0622,23.4667,105.75,0.0000,0.0000,20.6660,0,0.0,0.0,0.0,0.0,0.000,0.7700,0.0011,0.1734,3376.72,17.6555,10.3323,53.17,0.0000,0.00,0,0,0,3376.64,0,0.000,0.0000
2026-08-24T01:03:50.436269,3646.08,DONE,7.0622,23.4667,105.75,0.0000,0.0000,20.6660,0,0.0,0.0,0.0,0.0,0.000,0.7700,0.0011,0.1734,3377.72,17.6555,10.3323,53.17,0.0000,0.00,0,0,0,3377.64,0,0.000,0.0000
2026-08-24T01:03:51.437288,3647.08,DONE,7.0622,23.4667,105.75,0.0000,0.0000,20.6660,0,0.0,0.0,0.0,0.0,0.000,0.7700,0.0011,0.1734,3378.72,17.6555,10.3323,53.17,0.0000,0.00,0,0,0,3378.64,0,0.000,0.0000
2026-08-24T01:03:52.437844,3648.08,DONE,7.0622,23.4667,105.75,0.0000,0.0000,20.6660,0,0.0,0.0,0.0,0.0,0.000,0.7700,0.0011,0.1734,3379.73,17.6555,10.3323,53.17,0.0000,0.00,0,0,0,3379.64,0,0.000,0.0000
2026-08-24T01:03:53.435630,3649.08,DONE,7.0622,23.4667,105.75,0.0000,0.0000,20.6660,0,0.0,0.0,0.0,0.0,0.000,0.7700,0.0011,0.1734,3380.72,17.6555,10.3323,53.17,0.0000,0.00,0,0,0,3380.64,0,0.000,0.0000
2026-08-24T01:03:54.435589,3650.08,DONE,7.0622,23.4667,105.75,0.0000,0.0000,20.6660,0,0.0,0.0,0.0,0.0,0.000,0.7700,0.0011,0.1734,3381.72,17.6555,10.3323,53.17,0.0000,0.00,0,0,0,3381.64,0,0.000,0.0000
2026-08-24T01:03:55.435889,3651.08,DONE,7.0622,23.4667,105.75,0.0000,0.0000,20.6660,0,0.0,0.0,0.0,0.0,0.000,0.7700,0.0011,0.1734,3382.72,17.6555,10.3323,53.17,0.0000,0.00,0,0,0,3382.64,0,0.000,0.0000
2026-08-24T01:03:56.435568,3652.08,DONE,7.0622,23.4667,105.75,0.0000,0.0000,20.6660,0,0.0,0.0,0.0,0.0,0.000,0.7700,0.0011,0.1734,3383.72,17.6555,10.3323,53.17,0.0000,0.00,0,0,0,3383.64,0,0.000,0.0000
2026-08-24T01:03:57.435978,3653.08,DONE,7.0622,23.4667,105.75,0.0000,0.0000,20.6660,0,0.0,0.0,0.0,0.0,0.000,0.7700,0.0011,0.1734,3384.72,17.6555,10.3323,53.17,0.0000,0.00,0,0,0,3384.64,0,0.000,0.0000
2026-08-24T01:03:58.436861,3654.08,DONE,7.0622,23.4667,105.75,0.0000,0.0000,20.6660,0,0.0,0.0,0.0,0.0,0.000,0.7700,0.0011,0.1734,3385.72,17.6555,10.3323,53.17,0.0000,0.00,0,0,0,3385.64,0,0.000,0.0000
2026-08-24T01:03:59.436319,3655.08,DONE,7.0622,23.4667,105.75,0.0000,0.0000,20.6660,0,0.0,0.0,0.0,0.0,0.000,0.7700,0.0011,0.1734,3386.72,17.6555,10.3323,53.17,0.0000,0.00,0,0,0,3386.64,0,0.000,0.0000
2026-08-24T01:04:00.436018,3656.08,DONE,7.0622,23.4667,105.75,0.0000,0.0000,20.6660,0,0.0,0.0,0.0,0.0,0.000,0.7700,0.0011,0.1734,3387.72,17.6555,10.3323,53.17,0.0000,0.00,0,0,0,3387.64,0,0.000,0.0000
2026-08-24T01:04:01.436222,3657.08,DONE,7.0622,23.4667,105.75,0.0000,0.0000,20.6660,0,0.0,0.0,0.0,0.0,0.000,0.7700,0.0011,0.1734,3388.72,17.6555,10.3323,53.17,0.0000,0.00,0,0,0,3388.64,0,0.000,0.0000
2026-08-24T01:04:02.435697,3658.08,DONE,7.0622,23.4667,105.75,0.0000,0.0000,20.6660,0,0.0,0.0,0.0,0.0,0.000,0.7700,0.0011,0.1734,3389.72,17.6555,10.3323,53.17,0.0000,0.00,0,0,0,3389.64,0,0.000,0.0000
2026-08-24T01:04:03.436073,3659.08,DONE,7.0622,23.4667,105.75,0.0000,0.0000,20.6660,0,0.0,0.0,0.0,0.0,0.000,0.7700,0.0011,0.1734,3390.72,17.6555,10.3323,53.17,0.0000,0.00,0,0,0,3390.64,0,0.000,0.0000
2026-08-24T01:04:04.436057,3660.08,DONE,7.0622,23.4667,105.75,0.0000,0.0000,20.6660,0,0.0,0.0,0.0,0.0,0.000,0.7700,0.0011,0.1734,3391.72,17.6555,10.3323,53.17,0.0000,0.00,0,0,0,3391.64,0,0.000,0.0000
2026-08-24T01:04:05.436371,3661.08,DONE,7.0622,23.4667,105.75,0.0000,0.0000,20.6660,0,0.0,0.0,0.0,0.0,0.000,0.7700,0.0011,0.1734,3392.72,17.6555,10.3323,53.17,0.0000,0.00,0,0,0,3392.64,0,0.000,0.0000
2026-08-24T01:04:06.436552,3662.08,DONE,7.0622,23.4667,105.75,0.0000,0.0000,20.6660,0,0.0,0.0,0.0,0.0,0.000,0.7700,0.0011,0.1734,3393.72,17.6555,10.3323,53.17,0.0000,0.00,0,0,0,3393.64,0,0.000,0.0000
2026-08-24T01:04:07.436013,3663.08,DONE,7.0622,23.4667,105.75,0.0000,0.0000,20.6660,0,0.0,0.0,0.0,0.0,0.000,0.7700,0.0011,0.1734,3394.72,17.6555,10.3323,53.17,0.0000,0.00,0,0,0,3394.64,0,0.000,0.0000
2026-08-24T01:04:08.435834,3664.08,DONE,7.0622,23.4667,105.75,0.0000,0.0000,20.6660,0,0.0,0.0,0.0,0.0,0.000,0.7700,0.0011,0.1734,3395.72,17.6555,10.3323,53.17,0.0000,0.00,0,0,0,3395.64,0,0.000,0.0000
2026-08-24T01:04:09.435841,3665.08,DONE,7.0622,23.4667,105.75,0.0000,0.0000,20.6660,0,0.0,0.0,0.0,0.0,0.000,0.7700,0.0011,0.1734,3396.72,17.6555,10.3323,53.17,0.0000,0.00,0,0,0,3396.64,0,0.000,0.0000
2026-08-24T01:04:10.435679,3666.08,DONE,7.0622,23.4667,105.75,0.0000,0.0000,20.6660,0,0.0,0.0,0.0,0.0,0.000,0.7700,0.0011,0.1734,3397.72,17.6555,10.3323,53.17,0.0000,0.00,0,0,0,3397.64,0,0.000,0.0000
2026-08-24T01:04:11.436064,3667.08,DONE,7.0622,23.4667,105.75,0.0000,0.0000,20.6660,0,0.0,0.0,0.0,0.0,0.000,0.7700,0.0011,0.1734,3398.72,17.6555,10.3323,53.17,0.0000,0.00,0,0,0,3398.64,0,0.000,0.0000
2026-08-24T01:04:12.435863,3668.08,DONE,7.0622,23.4667,105.75,0.0000,0.0000,20.6660,0,0.0,0.0,0.0,0.0,0.000,0.7700,0.0011,0.1734,3399.72,17.6555,10.3323,53.17,0.0000,0.00,0,0,0,3399.64,0,0.000,0.0000
2026-08-24T01:04:13.437682,3669.08,DONE,7.0622,23.4667,105.75,0.0000,0.0000,20.6660,0,0.0,0.0,0.0,0.0,0.000,0.7700,0.0011,0.1734,3400.73,17.6555,10.3323,53.17,0.0000,0.00,0,0,0,3400.64,0,0.000,0.0000
2026-08-24T01:04:14.435893,3670.08,DONE,7.0622,23.4667,105.75,0.0000,0.0000,20.6660,0,0.0,0.0,0.0,0.0,0.000,0.7700,0.0011,0.1734,3401.72,17.6555,10.3323,53.17,0.0000,0.00,0,0,0,3401.64,0,0.000,0.0000
2026-08-24T01:04:15.436064,3671.08,DONE,7.0622,23.4667,105.75,0.0000,0.0000,20.6660,0,0.0,0.0,0.0,0.0,0.000,0.7700,0.0011,0.1734,3402.72,17.6555,10.3323,53.17,0.0000,0.00,0,0,0,3402.64,0,0.000,0.0000
2026-08-24T01:04:16.436132,3672.08,DONE,7.0622,23.4667,105.75,0.0000,0.0000,20.6660,0,0.0,0.0,0.0,0.0,0.000,0.7700,0.0011,0.1734,3403.72,17.6555,10.3323,53.17,0.0000,0.00,0,0,0,3403.64,0,0.000,0.0000
2026-08-24T01:04:17.435753,3673.08,DONE,7.0622,23.4667,105.75,0.0000,0.0000,20.6660,0,0.0,0.0,0.0,0.0,0.000,0.7700,0.0011,0.1734,3404.72,17.6555,10.3323,53.17,0.0000,0.00,0,0,0,3404.64,0,0.000,0.0000
2026-08-24T01:04:18.435866,3674.08,DONE,7.0622,23.4667,105.75,0.0000,0.0000,20.6660,0,0.0,0.0,0.0,0.0,0.000,0.7700,0.0011,0.1734,3405.72,17.6555,10.3323,53.17,0.0000,0.00,0,0,0,3405.64,0,0.000,0.0000
2026-08-24T01:04:19.436681,3675.08,DONE,7.0622,23.4667,105.75,0.0000,0.0000,20.6660,0,0.0,0.0,0.0,0.0,0.000,0.7700,0.0011,0.1734,3406.72,17.6555,10.3323,53.17,0.0000,0.00,0,0,0,3406.64,0,0.000,0.0000
2026-08-24T01:04:20.436478,3676.08,DONE,7.0622,23.4667,105.75,0.0000,0.0000,20.6660,0,0.0,0.0,0.0,0.0,0.000,0.7700,0.0011,0.1734,3407.72,17.6555,10.3323,53.17,0.0000,0.00,0,0,0,3407.64,0,0.000,0.0000
2026-08-24T01:04:21.436578,3677.08,DONE,7.0622,23.4667,105.75,0.0000,0.0000,20.6660,0,0.0,0.0,0.0,0.0,0.000,0.7700,0.0011,0.1734,3408.72,17.6555,10.3323,53.17,0.0000,0.00,0,0,0,3408.64,0,0.000,0.0000
2026-08-24T01:04:22.435956,3678.08,DONE,7.0622,23.4667,105.75,0.0000,0.0000,20.6660,0,0.0,0.0,0.0,0.0,0.000,0.7700,0.0011,0.1734,3409.72,17.6555,10.3323,53.17,0.0000,0.00,0,0,0,3409.64,0,0.000,0.0000
2026-08-24T01:04:23.436104,3679.08,DONE,7.0622,23.4667,105.75,0.0000,0.0000,20.6660,0,0.0,0.0,0.0,0.0,0.000,0.7700,0.0011,0.1734,3410.72,17.6555,10.3323,53.17,0.0000,0.00,0,0,0,3410.64,0,0.000,0.0000
2026-08-24T01:04:24.435978,3680.08,DONE,7.0622,23.4667,105.75,0.0000,0.0000,20.6660,0,0.0,0.0,0.0,0.0,0.000,0.7700,0.0011,0.1734,3411.72,17.6555,10.3323,53.17,0.0000,0.00,0,0,0,3411.64,0,0.000,0.0000
2026-08-24T01:04:25.435796,3681.08,DONE,7.0622,23.4667,105.75,0.0000,0.0000,20.6660,0,0.0,0.0,0.0,0.0,0.000,0.7700,0.0011,0.1734,3412.72,17.6555,10.3323,53.17,0.0000,0.00,0,0,0,3412.64,0,0.000,0.0000
2026-08-24T01:04:26.435907,3682.08,DONE,7.0622,23.4667,105.75,0.0000,0.0000,20.6660,0,0.0,0.0,0.0,0.0,0.000,0.7700,0.0011,0.1734,3413.72,17.6555,10.3323,53.17,0.0000,0.00,0,0,0,3413.64,0,0.000,0.0000
2026-08-24T01:04:27.436094,3683.08,DONE,7.0622,23.4667,105.75,0.0000,0.0000,20.6660,0,0.0,0.0,0.0,0.0,0.000,0.7700,0.0011,0.1734,3414.72,17.6555,10.3323,53.17,0.0000,0.00,0,0,0,3414.64,0,0.000,0.0000
2026-08-24T01:04:28.435979,3684.08,DONE,7.0622,23.4667,105.75,0.0000,0.0000,20.6660,0,0.0,0.0,0.0,0.0,0.000,0.7700,0.0011,0.1734,3415.72,17.6555,10.3323,53.17,0.0000,0.00,0,0,0,3415.64,0,0.000,0.0000
2026-08-24T01:04:29.435953,3685.08,DONE,7.0622,23.4667,105.75,0.0000,0.0000,20.6660,0,0.0,0.0,0.0,0.0,0.000,0.7700,0.0011,0.1734,3416.72,17.6555,10.3323,53.17,0.0000,0.00,0,0,0,3416.64,0,0.000,0.0000
2026-08-24T01:04:30.436048,3686.08,DONE,7.0622,23.4667,105.75,0.0000,0.0000,20.6660,0,0.0,0.0,0.0,0.0,0.000,0.7700,0.0011,0.1734,3417.72,17.6555,10.3323,53.17,0.0000,0.00,0,0,0,3417.64,0,0.000,0.0000
2026-08-24T01:04:31.435649,3687.08,DONE,7.0622,23.4667,105.75,0.0000,0.0000,20.6660,0,0.0,0.0,0.0,0.0,0.000,0.7700,0.0011,0.1734,3418.72,17.6555,10.3323,53.17,0.0000,0.00,0,0,0,3418.64,0,0.000,0.0000
2026-08-24T01:04:32.435740,3688.08,DONE,7.0622,23.4667,105.75,0.0000,0.0000,20.6660,0,0.0,0.0,0.0,0.0,0.000,0.7700,0.0011,0.1734,3419.72,17.6555,10.3323,53.17,0.0000,0.00,0,0,0,3419.64,0,0.000,0.0000
2026-08-24T01:04:33.436047,3689.08,DONE,7.0622,23.4667,105.75,0.0000,0.0000,20.6660,0,0.0,0.0,0.0,0.0,0.000,0.7700,0.0011,0.1734,3420.72,17.6555,10.3323,53.17,0.0000,0.00,0,0,0,3420.64,0,0.000,0.0000
2026-08-24T01:04:34.436060,3690.08,DONE,7.0622,23.4667,105.75,0.0000,0.0000,20.6660,0,0.0,0.0,0.0,0.0,0.000,0.7700,0.0011,0.1734,3421.72,17.6555,10.3323,53.17,0.0000,0.00,0,0,0,3421.64,0,0.000,0.0000
2026-08-24T01:04:35.435944,3691.08,DONE,7.0622,23.4667,105.75,0.0000,0.0000,20.6660,0,0.0,0.0,0.0,0.0,0.000,0.7700,0.0011,0.1734,3422.72,17.6555,10.3323,53.17,0.0000,0.00,0,0,0,3422.64,0,0.000,0.0000
2026-08-24T01:04:36.436228,3692.08,DONE,7.0622,23.4667,105.75,0.0000,0.0000,20.6660,0,0.0,0.0,0.0,0.0,0.000,0.7700,0.0011,0.1734,3423.72,17.6555,10.3323,53.17,0.0000,0.00,0,0,0,3423.64,0,0.000,0.0000
2026-08-24T01:04:37.436891,3693.08,DONE,7.0622,23.4667,105.75,0.0000,0.0000,20.6660,0,0.0,0.0,0.0,0.0,0.000,0.7700,0.0011,0.1734,3424.72,17.6555,10.3323,53.17,0.0000,0.00,0,0,0,3424.64,0,0.000,0.0000
2026-08-24T01:04:38.436449,3694.08,DONE,7.0622,23.4667,105.75,0.0000,0.0000,20.6660,0,0.0,0.0,0.0,0.0,0.000,0.7700,0.0011,0.1734,3425.72,17.6555,10.3323,53.17,0.0000,0.00,0,0,0,3425.64,0,0.000,0.0000
2026-08-24T01:04:39.435753,3695.08,DONE,7.0622,23.4667,105.75,0.0000,0.0000,20.6660,0,0.0,0.0,0.0,0.0,0.000,0.7700,0.0011,0.1734,3426.72,17.6555,10.3323,53.17,0.0000,0.00,0,0,0,3426.64,0,0.000,0.0000
2026-08-24T01:04:40.435634,3696.08,DONE,7.0622,23.4667,105.75,0.0000,0.0000,20.6660,0,0.0,0.0,0.0,0.0,0.000,0.7700,0.0011,0.1734,3427.72,17.6555,10.3323,53.17,0.0000,0.00,0,0,0,3427.64,0,0.000,0.0000
2026-08-24T01:04:41.435863,3697.08,DONE,7.0622,23.4667,105.75,0.0000,0.0000,20.6660,0,0.0,0.0,0.0,0.0,0.000,0.7700,0.0011,0.1734,3428.72,17.6555,10.3323,53.17,0.0000,0.00,0,0,0,3428.64,0,0.000,0.0000
2026-08-24T01:04:42.436520,3698.08,DONE,7.0622,23.4667,105.75,0.0000,0.0000,20.6660,0,0.0,0.0,0.0,0.0,0.000,0.7700,0.0011,0.1734,3429.72,17.6555,10.3323,53.17,0.0000,0.00,0,0,0,3429.64,0,0.000,0.0000
2026-08-24T01:04:43.436092,3699.08,DONE,7.0622,23.4667,105.75,0.0000,0.0000,20.6660,0,0.0,0.0,0.0,0.0,0.000,0.7700,0.0011,0.1734,3430.72,17.6555,10.3323,53.17,0.0000,0.00,0,0,0,3430.64,0,0.000,0.0000
2026-08-24T01:04:44.436139,3700.08,DONE,7.0622,23.4667,105.75,0.0000,0.0000,20.6660,0,0.0,0.0,0.0,0.0,0.000,0.7700,0.0011,0.1734,3431.72,17.6555,10.3323,53.17,0.0000,0.00,0,0,0,3431.64,0,0.000,0.0000
2026-08-24T01:04:45.436194,3701.08,DONE,7.0622,23.4667,105.75,0.0000,0.0000,20.6660,0,0.0,0.0,0.0,0.0,0.000,0.7700,0.0011,0.1734,3432.72,17.6555,10.3323,53.17,0.0000,0.00,0,0,0,3432.64,0,0.000,0.0000
2026-08-24T01:04:46.435621,3702.08,DONE,7.0622,23.4667,105.75,0.0000,0.0000,20.6660,0,0.0,0.0,0.0,0.0,0.000,0.7700,0.0011,0.1734,3433.72,17.6555,10.3323,53.17,0.0000,0.00,0,0,0,3433.64,0,0.000,0.0000
2026-08-24T01:04:47.435613,3703.08,DONE,7.0622,23.4667,105.75,0.0000,0.0000,20.6660,0,0.0,0.0,0.0,0.0,0.000,0.7700,0.0011,0.1734,3434.72,17.6555,10.3323,53.17,0.0000,0.00,0,0,0,3434.64,0,0.000,0.0000
2026-08-24T01:04:48.435668,3704.08,DONE,7.0622,23.4667,105.75,0.0000,0.0000,20.6660,0,0.0,0.0,0.0,0.0,0.000,0.7700,0.0011,0.1734,3435.72,17.6555,10.3323,53.17,0.0000,0.00,0,0,0,3435.64,0,0.000,0.0000
2026-08-24T01:04:49.435601,3705.08,DONE,7.0622,23.4667,105.75,0.0000,0.0000,20.6660,0,0.0,0.0,0.0,0.0,0.000,0.7700,0.0011,0.1734,3436.72,17.6555,10.3323,53.17,0.0000,0.00,0,0,0,3436.64,0,0.000,0.0000
2026-08-24T01:04:50.435855,3706.08,DONE,7.0622,23.4667,105.75,0.0000,0.0000,20.6660,0,0.0,0.0,0.0,0.0,0.000,0.7700,0.0011,0.1734,3437.72,17.6555,10.3323,53.17,0.0000,0.00,0,0,0,3437.64,0,0.000,0.0000
2026-08-24T01:04:51.435629,3707.08,DONE,7.0622,23.4667,105.75,0.0000,0.0000,20.6660,0,0.0,0.0,0.0,0.0,0.000,0.7700,0.0011,0.1734,3438.72,17.6555,10.3323,53.17,0.0000,0.00,0,0,0,3438.64,0,0.000,0.0000
2026-08-24T01:04:52.435972,3708.08,DONE,7.0622,23.4667,105.75,0.0000,0.0000,20.6660,0,0.0,0.0,0.0,0.0,0.000,0.7700,0.0011,0.1734,3439.72,17.6555,10.3323,53.17,0.0000,0.00,0,0,0,3439.64,0,0.000,0.0000
2026-08-24T01:04:53.436180,3709.08,DONE,7.0622,23.4667,105.75,0.0000,0.0000,20.6660,0,0.0,0.0,0.0,0.0,0.000,0.7700,0.0011,0.1734,3440.72,17.6555,10.3323,53.17,0.0000,0.00,0,0,0,3440.64,0,0.000,0.0000
2026-08-24T01:04:54.436066,3710.08,DONE,7.0622,23.4667,105.75,0.0000,0.0000,20.6660,0,0.0,0.0,0.0,0.0,0.000,0.7700,0.0011,0.1734,3441.72,17.6555,10.3323,53.17,0.0000,0.00,0,0,0,3441.64,0,0.000,0.0000
2026-08-24T01:04:55.435554,3711.08,DONE,7.0622,23.4667,105.75,0.0000,0.0000,20.6660,0,0.0,0.0,0.0,0.0,0.000,0.7700,0.0011,0.1734,3442.72,17.6555,10.3323,53.17,0.0000,0.00,0,0,0,3442.64,0,0.000,0.0000
2026-08-24T01:04:56.435882,3712.08,DONE,7.0622,23.4667,105.75,0.0000,0.0000,20.6660,0,0.0,0.0,0.0,0.0,0.000,0.7700,0.0011,0.1734,3443.72,17.6555,10.3323,53.17,0.0000,0.00,0,0,0,3443.64,0,0.000,0.0000
2026-08-24T01:04:57.435526,3713.08,DONE,7.0622,23.4667,105.75,0.0000,0.0000,20.6660,0,0.0,0.0,0.0,0.0,0.000,0.7700,0.0011,0.1734,3444.72,17.6555,10.3323,53.17,0.0000,0.00,0,0,0,3444.64,0,0.000,0.0000
2026-08-24T01:04:58.436146,3714.08,DONE,7.0622,23.4667,105.75,0.0000,0.0000,20.6660,0,0.0,0.0,0.0,0.0,0.000,0.7700,0.0011,0.1734,3445.72,17.6555,10.3323,53.17,0.0000,0.00,0,0,0,3445.64,0,0.000,0.0000
2026-08-24T01:04:59.435756,3715.08,DONE,7.0622,23.4667,105.75,0.0000,0.0000,20.6660,0,0.0,0.0,0.0,0.0,0.000,0.7700,0.0011,0.1734,3446.72,17.6555,10.3323,53.17,0.0000,0.00,0,0,0,3446.64,0,0.000,0.0000
2026-08-24T01:05:00.435628,3716.08,DONE,7.0622,23.4667,105.75,0.0000,0.0000,20.6660,0,0.0,0.0,0.0,0.0,0.000,0.7700,0.0011,0.1734,3447.72,17.6555,10.3323,53.17,0.0000,0.00,0,0,0,3447.64,0,0.000,0.0000
2026-08-24T01:05:01.435687,3717.08,DONE,7.0622,23.4667,105.75,0.0000,0.0000,20.6660,0,0.0,0.0,0.0,0.0,0.000,0.7700,0.0011,0.1734,3448.72,17.6555,10.3323,53.17,0.0000,0.00,0,0,0,3448.64,0,0.000,0.0000
2026-08-24T01:05:02.436025,3718.08,DONE,7.0622,23.4667,105.75,0.0000,0.0000,20.6660,0,0.0,0.0,0.0,0.0,0.000,0.7700,0.0011,0.1734,3449.72,17.6555,10.3323,53.17,0.0000,0.00,0,0,0,3449.64,0,0.000,0.0000
2026-08-24T01:05:03.435685,3719.08,DONE,7.0622,23.4667,105.75,0.0000,0.0000,20.6660,0,0.0,0.0,0.0,0.0,0.000,0.7700,0.0011,0.1734,3450.72,17.6555,10.3323,53.17,0.0000,0.00,0,0,0,3450.64,0,0.000,0.0000
2026-08-24T01:05:04.435521,3720.08,DONE,7.0622,23.4667,105.75,0.0000,0.0000,20.6660,0,0.0,0.0,0.0,0.0,0.000,0.7700,0.0011,0.1734,3451.72,17.6555,10.3323,53.17,0.0000,0.00,0,0,0,3451.64,0,0.000,0.0000
2026-08-24T01:05:05.438287,3721.08,DONE,7.0622,23.4667,105.75,0.0000,0.0000,20.6660,0,0.0,0.0,0.0,0.0,0.000,0.7700,0.0011,0.1734,3452.73,17.6555,10.3323,53.17,0.0000,0.00,0,0,0,3452.64,0,0.000,0.0000
2026-08-24T01:05:06.436660,3722.08,DONE,7.0622,23.4667,105.75,0.0000,0.0000,20.6660,0,0.0,0.0,0.0,0.0,0.000,0.7700,0.0011,0.1734,3453.72,17.6555,10.3323,53.17,0.0000,0.00,0,0,0,3453.64,0,0.000,0.0000
2026-08-24T01:05:07.436388,3723.08,DONE,7.0622,23.4667,105.75,0.0000,0.0000,20.6660,0,0.0,0.0,0.0,0.0,0.000,0.7700,0.0011,0.1734,3454.72,17.6555,10.3323,53.17,0.0000,0.00,0,0,0,3454.64,0,0.000,0.0000
2026-08-24T01:05:08.435629,3724.08,DONE,7.0622,23.4667,105.75,0.0000,0.0000,20.6660,0,0.0,0.0,0.0,0.0,0.000,0.7700,0.0011,0.1734,3455.72,17.6555,10.3323,53.17,0.0000,0.00,0,0,0,3455.64,0,0.000,0.0000
2026-08-24T01:05:09.435722,3725.08,DONE,7.0622,23.4667,105.75,0.0000,0.0000,20.6660,0,0.0,0.0,0.0,0.0,0.000,0.7700,0.0011,0.1734,3456.72,17.6555,10.3323,53.17,0.0000,0.00,0,0,0,3456.64,0,0.000,0.0000
2026-08-24T01:05:10.435608,3726.08,DONE,7.0622,23.4667,105.75,0.0000,0.0000,20.6660,0,0.0,0.0,0.0,0.0,0.000,0.7700,0.0011,0.1734,3457.72,17.6555,10.3323,53.17,0.0000,0.00,0,0,0,3457.64,0,0.000,0.0000
2026-08-24T01:05:11.435724,3727.08,DONE,7.0622,23.4667,105.75,0.0000,0.0000,20.6660,0,0.0,0.0,0.0,0.0,0.000,0.7700,0.0011,0.1734,3458.72,17.6555,10.3323,53.17,0.0000,0.00,0,0,0,3458.64,0,0.000,0.0000
2026-08-24T01:05:12.435892,3728.08,DONE,7.0622,23.4667,105.75,0.0000,0.0000,20.6660,0,0.0,0.0,0.0,0.0,0.000,0.7700,0.0011,0.1734,3459.72,17.6555,10.3323,53.17,0.0000,0.00,0,0,0,3459.64,0,0.000,0.0000
2026-08-24T01:05:13.435673,3729.08,DONE,7.0622,23.4667,105.75,0.0000,0.0000,20.6660,0,0.0,0.0,0.0,0.0,0.000,0.7700,0.0011,0.1734,3460.72,17.6555,10.3323,53.17,0.0000,0.00,0,0,0,3460.64,0,0.000,0.0000
2026-08-24T01:05:14.435616,3730.08,DONE,7.0622,23.4667,105.75,0.0000,0.0000,20.6660,0,0.0,0.0,0.0,0.0,0.000,0.7700,0.0011,0.1734,3461.72,17.6555,10.3323,53.17,0.0000,0.00,0,0,0,3461.64,0,0.000,0.0000
2026-08-24T01:05:15.435616,3731.08,DONE,7.0622,23.4667,105.75,0.0000,0.0000,20.6660,0,0.0,0.0,0.0,0.0,0.000,0.7700,0.0011,0.1734,3462.72,17.6555,10.3323,53.17,0.0000,0.00,0,0,0,3462.64,0,0.000,0.0000
2026-08-24T01:05:16.435801,3732.08,DONE,7.0622,23.4667,105.75,0.0000,0.0000,20.6660,0,0.0,0.0,0.0,0.0,0.000,0.7700,0.0011,0.1734,3463.72,17.6555,10.3323,53.17,0.0000,0.00,0,0,0,3463.64,0,0.000,0.0000
2026-08-24T01:05:17.435692,3733.08,DONE,7.0622,23.4667,105.75,0.0000,0.0000,20.6660,0,0.0,0.0,0.0,0.0,0.000,0.7700,0.0011,0.1734,3464.72,17.6555,10.3323,53.17,0.0000,0.00,0,0,0,3464.64,0,0.000,0.0000
2026-08-24T01:05:18.435760,3734.08,DONE,7.0622,23.4667,105.75,0.0000,0.0000,20.6660,0,0.0,0.0,0.0,0.0,0.000,0.7700,0.0011,0.1734,3465.72,17.6555,10.3323,53.17,0.0000,0.00,0,0,0,3465.64,0,0.000,0.0000
2026-08-24T01:05:19.437052,3735.08,DONE,7.0622,23.4667,105.75,0.0000,0.0000,20.6660,0,0.0,0.0,0.0,0.0,0.000,0.7700,0.0011,0.1734,3466.72,17.6555,10.3323,53.17,0.0000,0.00,0,0,0,3466.64,0,0.000,0.0000
2026-08-24T01:05:20.436156,3736.08,DONE,7.0622,23.4667,105.75,0.0000,0.0000,20.6660,0,0.0,0.0,0.0,0.0,0.000,0.7700,0.0011,0.1734,3467.72,17.6555,10.3323,53.17,0.0000,0.00,0,0,0,3467.64,0,0.000,0.0000
2026-08-24T01:05:21.436056,3737.08,DONE,7.0622,23.4667,105.75,0.0000,0.0000,20.6660,0,0.0,0.0,0.0,0.0,0.000,0.7700,0.0011,0.1734,3468.72,17.6555,10.3323,53.17,0.0000,0.00,0,0,0,3468.64,0,0.000,0.0000
2026-08-24T01:05:22.435672,3738.08,DONE,7.0622,23.4667,105.75,0.0000,0.0000,20.6660,0,0.0,0.0,0.0,0.0,0.000,0.7700,0.0011,0.1734,3469.72,17.6555,10.3323,53.17,0.0000,0.00,0,0,0,3469.64,0,0.000,0.0000
2026-08-24T01:05:23.435984,3739.08,DONE,7.0622,23.4667,105.75,0.0000,0.0000,20.6660,0,0.0,0.0,0.0,0.0,0.000,0.7700,0.0011,0.1734,3470.72,17.6555,10.3323,53.17,0.0000,0.00,0,0,0,3470.64,0,0.000,0.0000
2026-08-24T01:05:24.436073,3740.08,DONE,7.0622,23.4667,105.75,0.0000,0.0000,20.6660,0,0.0,0.0,0.0,0.0,0.000,0.7700,0.0011,0.1734,3471.72,17.6555,10.3323,53.17,0.0000,0.00,0,0,0,3471.64,0,0.000,0.0000
2026-08-24T01:05:25.435548,3741.08,DONE,7.0622,23.4667,105.75,0.0000,0.0000,20.6660,0,0.0,0.0,0.0,0.0,0.000,0.7700,0.0011,0.1734,3472.72,17.6555,10.3323,53.17,0.0000,0.00,0,0,0,3472.64,0,0.000,0.0000
2026-08-24T01:05:26.435865,3742.08,DONE,7.0622,23.4667,105.75,0.0000,0.0000,20.6660,0,0.0,0.0,0.0,0.0,0.000,0.7700,0.0011,0.1734,3473.72,17.6555,10.3323,53.17,0.0000,0.00,0,0,0,3473.64,0,0.000,0.0000
2026-08-24T01:05:27.436906,3743.08,DONE,7.0622,23.4667,105.75,0.0000,0.0000,20.6660,0,0.0,0.0,0.0,0.0,0.000,0.7700,0.0011,0.1734,3474.72,17.6555,10.3323,53.17,0.0000,0.00,0,0,0,3474.64,0,0.000,0.0000
2026-08-24T01:05:28.435779,3744.08,DONE,7.0622,23.4667,105.75,0.0000,0.0000,20.6660,0,0.0,0.0,0.0,0.0,0.000,0.7700,0.0011,0.1734,3475.72,17.6555,10.3323,53.17,0.0000,0.00,0,0,0,3475.64,0,0.000,0.0000
2026-08-24T01:05:29.435782,3745.08,DONE,7.0622,23.4667,105.75,0.0000,0.0000,20.6660,0,0.0,0.0,0.0,0.0,0.000,0.7700,0.0011,0.1734,3476.72,17.6555,10.3323,53.17,0.0000,0.00,0,0,0,3476.64,0,0.000,0.0000
2026-08-24T01:05:30.435824,3746.08,DONE,7.0622,23.4667,105.75,0.0000,0.0000,20.6660,0,0.0,0.0,0.0,0.0,0.000,0.7700,0.0011,0.1734,3477.72,17.6555,10.3323,53.17,0.0000,0.00,0,0,0,3477.64,0,0.000,0.0000
2026-08-24T01:05:31.436113,3747.08,DONE,7.0622,23.4667,105.75,0.0000,0.0000,20.6660,0,0.0,0.0,0.0,0.0,0.000,0.7700,0.0011,0.1734,3478.72,17.6555,10.3323,53.17,0.0000,0.00,0,0,0,3478.64,0,0.000,0.0000
2026-08-24T01:05:32.436809,3748.08,DONE,7.0622,23.4667,105.75,0.0000,0.0000,20.6660,0,0.0,0.0,0.0,0.0,0.000,0.7700,0.0011,0.1734,3479.72,17.6555,10.3323,53.17,0.0000,0.00,0,0,0,3479.64,0,0.000,0.0000
2026-08-24T01:05:33.436890,3749.08,DONE,7.0622,23.4667,105.75,0.0000,0.0000,20.6660,0,0.0,0.0,0.0,0.0,0.000,0.7700,0.0011,0.1734,3480.72,17.6555,10.3323,53.17,0.0000,0.00,0,0,0,3480.64,0,0.000,0.0000
2026-08-24T01:05:34.436060,3750.08,DONE,7.0622,23.4667,105.75,0.0000,0.0000,20.6660,0,0.0,0.0,0.0,0.0,0.000,0.7700,0.0011,0.1734,3481.72,17.6555,10.3323,53.17,0.0000,0.00,0,0,0,3481.64,0,0.000,0.0000
2026-08-24T01:05:35.436090,3751.08,DONE,7.0622,23.4667,105.75,0.0000,0.0000,20.6660,0,0.0,0.0,0.0,0.0,0.000,0.7700,0.0011,0.1734,3482.72,17.6555,10.3323,53.17,0.0000,0.00,0,0,0,3482.65,0,0.000,0.0000
2026-08-24T01:05:36.435913,3752.08,DONE,7.0622,23.4667,105.75,0.0000,0.0000,20.6660,0,0.0,0.0,0.0,0.0,0.000,0.7700,0.0011,0.1734,3483.72,17.6555,10.3323,53.17,0.0000,0.00,0,0,0,3483.64,0,0.000,0.0000
2026-08-24T01:05:37.436191,3753.08,DONE,7.0622,23.4667,105.75,0.0000,0.0000,20.6660,0,0.0,0.0,0.0,0.0,0.000,0.7700,0.0011,0.1734,3484.72,17.6555,10.3323,53.17,0.0000,0.00,0,0,0,3484.64,0,0.000,0.0000
2026-08-24T01:05:38.436085,3754.08,DONE,7.0622,23.4667,105.75,0.0000,0.0000,20.6660,0,0.0,0.0,0.0,0.0,0.000,0.7700,0.0011,0.1734,3485.72,17.6555,10.3323,53.17,0.0000,0.00,0,0,0,3485.64,0,0.000,0.0000
2026-08-24T01:05:39.435932,3755.08,DONE,7.0622,23.4667,105.75,0.0000,0.0000,20.6660,0,0.0,0.0,0.0,0.0,0.000,0.7700,0.0011,0.1734,3486.72,17.6555,10.3323,53.17,0.0000,0.00,0,0,0,3486.64,0,0.000,0.0000
2026-08-24T01:05:40.435675,3756.08,DONE,7.0622,23.4667,105.75,0.0000,0.0000,20.6660,0,0.0,0.0,0.0,0.0,0.000,0.7700,0.0011,0.1734,3487.72,17.6555,10.3323,53.17,0.0000,0.00,0,0,0,3487.64,0,0.000,0.0000
2026-08-24T01:05:41.435870,3757.08,DONE,7.0622,23.4667,105.75,0.0000,0.0000,20.6660,0,0.0,0.0,0.0,0.0,0.000,0.7700,0.0011,0.1734,3488.72,17.6555,10.3323,53.17,0.0000,0.00,0,0,0,3488.64,0,0.000,0.0000
2026-08-24T01:05:42.436223,3758.08,DONE,7.0622,23.4667,105.75,0.0000,0.0000,20.6660,0,0.0,0.0,0.0,0.0,0.000,0.7700,0.0011,0.1734,3489.72,17.6555,10.3323,53.17,0.0000,0.00,0,0,0,3489.64,0,0.000,0.0000
2026-08-24T01:05:43.435760,3759.08,DONE,7.0622,23.4667,105.75,0.0000,0.0000,20.6660,0,0.0,0.0,0.0,0.0,0.000,0.7700,0.0011,0.1734,3490.72,17.6555,10.3323,53.17,0.0000,0.00,0,0,0,3490.64,0,0.000,0.0000
2026-08-24T01:05:44.435668,3760.08,DONE,7.0622,23.4667,105.75,0.0000,0.0000,20.6660,0,0.0,0.0,0.0,0.0,0.000,0.7700,0.0011,0.1734,3491.72,17.6555,10.3323,53.17,0.0000,0.00,0,0,0,3491.64,0,0.000,0.0000
2026-08-24T01:05:45.436095,3761.08,DONE,7.0622,23.4667,105.75,0.0000,0.0000,20.6660,0,0.0,0.0,0.0,0.0,0.000,0.7700,0.0011,0.1734,3492.72,17.6555,10.3323,53.17,0.0000,0.00,0,0,0,3492.64,0,0.000,0.0000
2026-08-24T01:05:46.436038,3762.08,DONE,7.0622,23.4667,105.75,0.0000,0.0000,20.6660,0,0.0,0.0,0.0,0.0,0.000,0.7700,0.0011,0.1734,3493.72,17.6555,10.3323,53.17,0.0000,0.00,0,0,0,3493.64,0,0.000,0.0000
2026-08-24T01:05:47.436069,3763.08,DONE,7.0622,23.4667,105.75,0.0000,0.0000,20.6660,0,0.0,0.0,0.0,0.0,0.000,0.7700,0.0011,0.1734,3494.72,17.6555,10.3323,53.17,0.0000,0.00,0,0,0,3494.64,0,0.000,0.0000
2026-08-24T01:05:48.436499,3764.08,DONE,7.0622,23.4667,105.75,0.0000,0.0000,20.6660,0,0.0,0.0,0.0,0.0,0.000,0.7700,0.0011,0.1734,3495.72,17.6555,10.3323,53.17,0.0000,0.00,0,0,0,3495.64,0,0.000,0.0000
2026-08-24T01:05:49.436031,3765.08,DONE,7.0622,23.4667,105.75,0.0000,0.0000,20.6660,0,0.0,0.0,0.0,0.0,0.000,0.7700,0.0011,0.1734,3496.72,17.6555,10.3323,53.17,0.0000,0.00,0,0,0,3496.64,0,0.000,0.0000
2026-08-24T01:05:50.436453,3766.08,DONE,7.0622,23.4667,105.75,0.0000,0.0000,20.6660,0,0.0,0.0,0.0,0.0,0.000,0.7700,0.0011,0.1734,3497.72,17.6555,10.3323,53.17,0.0000,0.00,0,0,0,3497.64,0,0.000,0.0000
2026-08-24T01:05:51.435983,3767.08,DONE,7.0622,23.4667,105.75,0.0000,0.0000,20.6660,0,0.0,0.0,0.0,0.0,0.000,0.7700,0.0011,0.1734,3498.72,17.6555,10.3323,53.17,0.0000,0.00,0,0,0,3498.64,0,0.000,0.0000
2026-08-24T01:05:52.437040,3768.08,DONE,7.0622,23.4667,105.75,0.0000,0.0000,20.6660,0,0.0,0.0,0.0,0.0,0.000,0.7700,0.0011,0.1734,3499.72,17.6555,10.3323,53.17,0.0000,0.00,0,0,0,3499.64,0,0.000,0.0000
2026-08-24T01:05:53.436735,3769.08,DONE,7.0622,23.4667,105.75,0.0000,0.0000,20.6660,0,0.0,0.0,0.0,0.0,0.000,0.7700,0.0011,0.1734,3500.72,17.6555,10.3323,53.17,0.0000,0.00,0,0,0,3500.64,0,0.000,0.0000
2026-08-24T01:05:54.436592,3770.08,DONE,7.0622,23.4667,105.75,0.0000,0.0000,20.6660,0,0.0,0.0,0.0,0.0,0.000,0.7700,0.0011,0.1734,3501.72,17.6555,10.3323,53.17,0.0000,0.00,0,0,0,3501.64,0,0.000,0.0000
2026-08-24T01:05:55.437166,3771.08,DONE,7.0622,23.4667,105.75,0.0000,0.0000,20.6660,0,0.0,0.0,0.0,0.0,0.000,0.7700,0.0011,0.1734,3502.72,17.6555,10.3323,53.17,0.0000,0.00,0,0,0,3502.64,0,0.000,0.0000
2026-08-24T01:05:56.436031,3772.08,DONE,7.0622,23.4667,105.75,0.0000,0.0000,20.6660,0,0.0,0.0,0.0,0.0,0.000,0.7700,0.0011,0.1734,3503.72,17.6555,10.3323,53.17,0.0000,0.00,0,0,0,3503.64,0,0.000,0.0000
2026-08-24T01:05:57.435975,3773.08,DONE,7.0622,23.4667,105.75,0.0000,0.0000,20.6660,0,0.0,0.0,0.0,0.0,0.000,0.7700,0.0011,0.1734,3504.72,17.6555,10.3323,53.17,0.0000,0.00,0,0,0,3504.64,0,0.000,0.0000
2026-08-24T01:05:58.435943,3774.08,DONE,7.0622,23.4667,105.75,0.0000,0.0000,20.6660,0,0.0,0.0,0.0,0.0,0.000,0.7700,0.0011,0.1734,3505.72,17.6555,10.3323,53.17,0.0000,0.00,0,0,0,3505.64,0,0.000,0.0000
2026-08-24T01:05:59.436199,3775.08,DONE,7.0622,23.4667,105.75,0.0000,0.0000,20.6660,0,0.0,0.0,0.0,0.0,0.000,0.7700,0.0011,0.1734,3506.72,17.6555,10.3323,53.17,0.0000,0.00,0,0,0,3506.64,0,0.000,0.0000
2026-08-24T01:06:00.436223,3776.08,DONE,7.0622,23.4667,105.75,0.0000,0.0000,20.6660,0,0.0,0.0,0.0,0.0,0.000,0.7700,0.0011,0.1734,3507.72,17.6555,10.3323,53.17,0.0000,0.00,0,0,0,3507.64,0,0.000,0.0000
2026-08-24T01:06:01.435921,3777.08,DONE,7.0622,23.4667,105.75,0.0000,0.0000,20.6660,0,0.0,0.0,0.0,0.0,0.000,0.7700,0.0011,0.1734,3508.72,17.6555,10.3323,53.17,0.0000,0.00,0,0,0,3508.64,0,0.000,0.0000
2026-08-24T01:06:02.436718,3778.08,DONE,7.0622,23.4667,105.75,0.0000,0.0000,20.6660,0,0.0,0.0,0.0,0.0,0.000,0.7700,0.0011,0.1734,3509.72,17.6555,10.3323,53.17,0.0000,0.00,0,0,0,3509.64,0,0.000,0.0000
2026-08-24T01:06:03.437150,3779.08,DONE,7.0622,23.4667,105.75,0.0000,0.0000,20.6660,0,0.0,0.0,0.0,0.0,0.000,0.7700,0.0011,0.1734,3510.72,17.6555,10.3323,53.17,0.0000,0.00,0,0,0,3510.64,0,0.000,0.0000
2026-08-24T01:06:04.435606,3780.08,DONE,7.0622,23.4667,105.75,0.0000,0.0000,20.6660,0,0.0,0.0,0.0,0.0,0.000,0.7700,0.0011,0.1734,3511.72,17.6555,10.3323,53.17,0.0000,0.00,0,0,0,3511.64,0,0.000,0.0000
2026-08-24T01:06:05.436091,3781.08,DONE,7.0622,23.4667,105.75,0.0000,0.0000,20.6660,0,0.0,0.0,0.0,0.0,0.000,0.7700,0.0011,0.1734,3512.72,17.6555,10.3323,53.17,0.0000,0.00,0,0,0,3512.64,0,0.000,0.0000
2026-08-24T01:06:06.435913,3782.08,DONE,7.0622,23.4667,105.75,0.0000,0.0000,20.6660,0,0.0,0.0,0.0,0.0,0.000,0.7700,0.0011,0.1734,3513.72,17.6555,10.3323,53.17,0.0000,0.00,0,0,0,3513.64,0,0.000,0.0000
2026-08-24T01:06:07.439271,3783.08,DONE,7.0622,23.4667,105.75,0.0000,0.0000,20.6660,0,0.0,0.0,0.0,0.0,0.000,0.7700,0.0011,0.1734,3514.73,17.6555,10.3323,53.17,0.0000,0.00,0,0,0,3514.64,0,0.000,0.0000
2026-08-24T01:06:08.436531,3784.08,DONE,7.0622,23.4667,105.75,0.0000,0.0000,20.6660,0,0.0,0.0,0.0,0.0,0.000,0.7700,0.0011,0.1734,3515.72,17.6555,10.3323,53.17,0.0000,0.00,0,0,0,3515.64,0,0.000,0.0000
2026-08-24T01:06:09.437173,3785.08,DONE,7.0622,23.4667,105.75,0.0000,0.0000,20.6660,0,0.0,0.0,0.0,0.0,0.000,0.7700,0.0011,0.1734,3516.72,17.6555,10.3323,53.17,0.0000,0.00,0,0,0,3516.64,0,0.000,0.0000
2026-08-24T01:06:10.436056,3786.08,DONE,7.0622,23.4667,105.75,0.0000,0.0000,20.6660,0,0.0,0.0,0.0,0.0,0.000,0.7700,0.0011,0.1734,3517.72,17.6555,10.3323,53.17,0.0000,0.00,0,0,0,3517.64,0,0.000,0.0000
2026-08-24T01:06:11.435848,3787.08,DONE,7.0622,23.4667,105.75,0.0000,0.0000,20.6660,0,0.0,0.0,0.0,0.0,0.000,0.7700,0.0011,0.1734,3518.72,17.6555,10.3323,53.17,0.0000,0.00,0,0,0,3518.64,0,0.000,0.0000
2026-08-24T01:06:12.435682,3788.08,DONE,7.0622,23.4667,105.75,0.0000,0.0000,20.6660,0,0.0,0.0,0.0,0.0,0.000,0.7700,0.0011,0.1734,3519.72,17.6555,10.3323,53.17,0.0000,0.00,0,0,0,3519.64,0,0.000,0.0000
2026-08-24T01:06:13.435684,3789.08,DONE,7.0622,23.4667,105.75,0.0000,0.0000,20.6660,0,0.0,0.0,0.0,0.0,0.000,0.7700,0.0011,0.1734,3520.72,17.6555,10.3323,53.17,0.0000,0.00,0,0,0,3520.64,0,0.000,0.0000
2026-08-24T01:06:14.435676,3790.08,DONE,7.0622,23.4667,105.75,0.0000,0.0000,20.6660,0,0.0,0.0,0.0,0.0,0.000,0.7700,0.0011,0.1734,3521.72,17.6555,10.3323,53.17,0.0000,0.00,0,0,0,3521.64,0,0.000,0.0000
2026-08-24T01:06:15.435631,3791.08,DONE,7.0622,23.4667,105.75,0.0000,0.0000,20.6660,0,0.0,0.0,0.0,0.0,0.000,0.7700,0.0011,0.1734,3522.72,17.6555,10.3323,53.17,0.0000,0.00,0,0,0,3522.64,0,0.000,0.0000
2026-08-24T01:06:16.435649,3792.08,DONE,7.0622,23.4667,105.75,0.0000,0.0000,20.6660,0,0.0,0.0,0.0,0.0,0.000,0.7700,0.0011,0.1734,3523.72,17.6555,10.3323,53.17,0.0000,0.00,0,0,0,3523.64,0,0.000,0.0000
2026-08-24T01:06:17.435666,3793.08,DONE,7.0622,23.4667,105.75,0.0000,0.0000,20.6660,0,0.0,0.0,0.0,0.0,0.000,0.7700,0.0011,0.1734,3524.72,17.6555,10.3323,53.17,0.0000,0.00,0,0,0,3524.64,0,0.000,0.0000
2026-08-24T01:06:18.435635,3794.08,DONE,7.0622,23.4667,105.75,0.0000,0.0000,20.6660,0,0.0,0.0,0.0,0.0,0.000,0.7700,0.0011,0.1734,3525.72,17.6555,10.3323,53.17,0.0000,0.00,0,0,0,3525.64,0,0.000,0.0000
2026-08-24T01:06:19.435666,3795.08,DONE,7.0622,23.4667,105.75,0.0000,0.0000,20.6660,0,0.0,0.0,0.0,0.0,0.000,0.7700,0.0011,0.1734,3526.72,17.6555,10.3323,53.17,0.0000,0.00,0,0,0,3526.64,0,0.000,0.0000
2026-08-24T01:06:20.435661,3796.08,DONE,7.0622,23.4667,105.75,0.0000,0.0000,20.6660,0,0.0,0.0,0.0,0.0,0.000,0.7700,0.0011,0.1734,3527.72,17.6555,10.3323,53.17,0.0000,0.00,0,0,0,3527.64,0,0.000,0.0000
2026-08-24T01:06:21.435666,3797.08,DONE,7.0622,23.4667,105.75,0.0000,0.0000,20.6660,0,0.0,0.0,0.0,0.0,0.000,0.7700,0.0011,0.1734,3528.72,17.6555,10.3323,53.17,0.0000,0.00,0,0,0,3528.64,0,0.000,0.0000
2026-08-24T01:06:22.435659,3798.08,DONE,7.0622,23.4667,105.75,0.0000,0.0000,20.6660,0,0.0,0.0,0.0,0.0,0.000,0.7700,0.0011,0.1734,3529.72,17.6555,10.3323,53.17,0.0000,0.00,0,0,0,3529.64,0,0.000,0.0000
2026-08-24T01:06:23.435647,3799.08,DONE,7.0622,23.4667,105.75,0.0000,0.0000,20.6660,0,0.0,0.0,0.0,0.0,0.000,0.7700,0.0011,0.1734,3530.72,17.6555,10.3323,53.17,0.0000,0.00,0,0,0,3530.64,0,0.000,0.0000
2026-08-24T01:06:24.435598,3800.08,DONE,7.0622,23.4667,105.75,0.0000,0.0000,20.6660,0,0.0,0.0,0.0,0.0,0.000,0.7700,0.0011,0.1734,3531.72,17.6555,10.3323,53.17,0.0000,0.00,0,0,0,3531.64,0,0.000,0.0000
2026-08-24T01:06:25.435633,3801.08,DONE,7.0622,23.4667,105.75,0.0000,0.0000,20.6660,0,0.0,0.0,0.0,0.0,0.000,0.7700,0.0011,0.1734,3532.72,17.6555,10.3323,53.17,0.0000,0.00,0,0,0,3532.64,0,0.000,0.0000
2026-08-24T01:06:26.435659,3802.08,DONE,7.0622,23.4667,105.75,0.0000,0.0000,20.6660,0,0.0,0.0,0.0,0.0,0.000,0.7700,0.0011,0.1734,3533.72,17.6555,10.3323,53.17,0.0000,0.00,0,0,0,3533.64,0,0.000,0.0000
2026-08-24T01:06:27.435630,3803.08,DONE,7.0622,23.4667,105.75,0.0000,0.0000,20.6660,0,0.0,0.0,0.0,0.0,0.000,0.7700,0.0011,0.1734,3534.72,17.6555,10.3323,53.17,0.0000,0.00,0,0,0,3534.64,0,0.000,0.0000
2026-08-24T01:06:28.435668,3804.08,DONE,7.0622,23.4667,105.75,0.0000,0.0000,20.6660,0,0.0,0.0,0.0,0.0,0.000,0.7700,0.0011,0.1734,3535.72,17.6555,10.3323,53.17,0.0000,0.00,0,0,0,3535.64,0,0.000,0.0000
2026-08-24T01:06:29.435667,3805.08,DONE,7.0622,23.4667,105.75,0.0000,0.0000,20.6660,0,0.0,0.0,0.0,0.0,0.000,0.7700,0.0011,0.1734,3536.72,17.6555,10.3323,53.17,0.0000,0.00,0,0,0,3536.64,0,0.000,0.0000
2026-08-24T01:06:30.435608,3806.08,DONE,7.0622,23.4667,105.75,0.0000,0.0000,20.6660,0,0.0,0.0,0.0,0.0,0.000,0.7700,0.0011,0.1734,3537.72,17.6555,10.3323,53.17,0.0000,0.00,0,0,0,3537.64,0,0.000,0.0000
2026-08-24T01:06:31.435673,3807.08,DONE,7.0622,23.4667,105.75,0.0000,0.0000,20.6660,0,0.0,0.0,0.0,0.0,0.000,0.7700,0.0011,0.1734,3538.72,17.6555,10.3323,53.17,0.0000,0.00,0,0,0,3538.64,0,0.000,0.0000
2026-08-24T01:06:32.435608,3808.08,DONE,7.0622,23.4667,105.75,0.0000,0.0000,20.6660,0,0.0,0.0,0.0,0.0,0.000,0.7700,0.0011,0.1734,3539.72,17.6555,10.3323,53.17,0.0000,0.00,0,0,0,3539.64,0,0.000,0.0000
2026-08-24T01:06:33.435659,3809.08,DONE,7.0622,23.4667,105.75,0.0000,0.0000,20.6660,0,0.0,0.0,0.0,0.0,0.000,0.7700,0.0011,0.1734,3540.72,17.6555,10.3323,53.17,0.0000,0.00,0,0,0,3540.64,0,0.000,0.0000
2026-08-24T01:06:34.435690,3810.08,DONE,7.0622,23.4667,105.75,0.0000,0.0000,20.6660,0,0.0,0.0,0.0,0.0,0.000,0.7700,0.0011,0.1734,3541.72,17.6555,10.3323,53.17,0.0000,0.00,0,0,0,3541.64,0,0.000,0.0000
2026-08-24T01:06:35.435615,3811.08,DONE,7.0622,23.4667,105.75,0.0000,0.0000,20.6660,0,0.0,0.0,0.0,0.0,0.000,0.7700,0.0011,0.1734,3542.72,17.6555,10.3323,53.17,0.0000,0.00,0,0,0,3542.64,0,0.000,0.0000
2026-08-24T01:06:36.435652,3812.08,DONE,7.0622,23.4667,105.75,0.0000,0.0000,20.6660,0,0.0,0.0,0.0,0.0,0.000,0.7700,0.0011,0.1734,3543.72,17.6555,10.3323,53.17,0.0000,0.00,0,0,0,3543.64,0,0.000,0.0000
2026-08-24T01:06:37.435639,3813.08,DONE,7.0622,23.4667,105.75,0.0000,0.0000,20.6660,0,0.0,0.0,0.0,0.0,0.000,0.7700,0.0011,0.1734,3544.72,17.6555,10.3323,53.17,0.0000,0.00,0,0,0,3544.64,0,0.000,0.0000
2026-08-24T01:06:38.435661,3814.08,DONE,7.0622,23.4667,105.75,0.0000,0.0000,20.6660,0,0.0,0.0,0.0,0.0,0.000,0.7700,0.0011,0.1734,3545.72,17.6555,10.3323,53.17,0.0000,0.00,0,0,0,3545.64,0,0.000,0.0000
2026-08-24T01:06:39.435642,3815.08,DONE,7.0622,23.4667,105.75,0.0000,0.0000,20.6660,0,0.0,0.0,0.0,0.0,0.000,0.7700,0.0011,0.1734,3546.72,17.6555,10.3323,53.17,0.0000,0.00,0,0,0,3546.64,0,0.000,0.0000
2026-08-24T01:06:40.435823,3816.08,DONE,7.0622,23.4667,105.75,0.0000,0.0000,20.6660,0,0.0,0.0,0.0,0.0,0.000,0.7700,0.0011,0.1734,3547.72,17.6555,10.3323,53.17,0.0000,0.00,0,0,0,3547.64,0,0.000,0.0000
2026-08-24T01:06:41.435745,3817.08,DONE,7.0622,23.4667,105.75,0.0000,0.0000,20.6660,0,0.0,0.0,0.0,0.0,0.000,0.7700,0.0011,0.1734,3548.72,17.6555,10.3323,53.17,0.0000,0.00,0,0,0,3548.64,0,0.000,0.0000
2026-08-24T01:06:42.436099,3818.08,DONE,7.0622,23.4667,105.75,0.0000,0.0000,20.6660,0,0.0,0.0,0.0,0.0,0.000,0.7700,0.0011,0.1734,3549.72,17.6555,10.3323,53.17,0.0000,0.00,0,0,0,3549.64,0,0.000,0.0000
2026-08-24T01:06:43.435607,3819.08,DONE,7.0622,23.4667,105.75,0.0000,0.0000,20.6660,0,0.0,0.0,0.0,0.0,0.000,0.7700,0.0011,0.1734,3550.72,17.6555,10.3323,53.17,0.0000,0.00,0,0,0,3550.64,0,0.000,0.0000
2026-08-24T01:06:44.435704,3820.08,DONE,7.0622,23.4667,105.75,0.0000,0.0000,20.6660,0,0.0,0.0,0.0,0.0,0.000,0.7700,0.0011,0.1734,3551.72,17.6555,10.3323,53.17,0.0000,0.00,0,0,0,3551.64,0,0.000,0.0000
2026-08-24T01:06:45.436185,3821.08,DONE,7.0622,23.4667,105.75,0.0000,0.0000,20.6660,0,0.0,0.0,0.0,0.0,0.000,0.7700,0.0011,0.1734,3552.72,17.6555,10.3323,53.17,0.0000,0.00,0,0,0,3552.64,0,0.000,0.0000
2026-08-24T01:06:46.435799,3822.08,DONE,7.0622,23.4667,105.75,0.0000,0.0000,20.6660,0,0.0,0.0,0.0,0.0,0.000,0.7700,0.0011,0.1734,3553.72,17.6555,10.3323,53.17,0.0000,0.00,0,0,0,3553.64,0,0.000,0.0000
2026-08-24T01:06:47.436217,3823.08,DONE,7.0622,23.4667,105.75,0.0000,0.0000,20.6660,0,0.0,0.0,0.0,0.0,0.000,0.7700,0.0011,0.1734,3554.72,17.6555,10.3323,53.17,0.0000,0.00,0,0,0,3554.64,0,0.000,0.0000
2026-08-24T01:06:48.435962,3824.08,DONE,7.0622,23.4667,105.75,0.0000,0.0000,20.6660,0,0.0,0.0,0.0,0.0,0.000,0.7700,0.0011,0.1734,3555.72,17.6555,10.3323,53.17,0.0000,0.00,0,0,0,3555.64,0,0.000,0.0000
2026-08-24T01:06:49.435770,3825.08,DONE,7.0622,23.4667,105.75,0.0000,0.0000,20.6660,0,0.0,0.0,0.0,0.0,0.000,0.7700,0.0011,0.1734,3556.72,17.6555,10.3323,53.17,0.0000,0.00,0,0,0,3556.64,0,0.000,0.0000
2026-08-24T01:06:50.435842,3826.08,DONE,7.0622,23.4667,105.75,0.0000,0.0000,20.6660,0,0.0,0.0,0.0,0.0,0.000,0.7700,0.0011,0.1734,3557.72,17.6555,10.3323,53.17,0.0000,0.00,0,0,0,3557.64,0,0.000,0.0000
2026-08-24T01:06:51.435736,3827.08,DONE,7.0622,23.4667,105.75,0.0000,0.0000,20.6660,0,0.0,0.0,0.0,0.0,0.000,0.7700,0.0011,0.1734,3558.72,17.6555,10.3323,53.17,0.0000,0.00,0,0,0,3558.64,0,0.000,0.0000
2026-08-24T01:06:52.436219,3828.08,DONE,7.0622,23.4667,105.75,0.0000,0.0000,20.6660,0,0.0,0.0,0.0,0.0,0.000,0.7700,0.0011,0.1734,3559.72,17.6555,10.3323,53.17,0.0000,0.00,0,0,0,3559.64,0,0.000,0.0000
2026-08-24T01:06:53.435823,3829.08,DONE,7.0622,23.4667,105.75,0.0000,0.0000,20.6660,0,0.0,0.0,0.0,0.0,0.000,0.7700,0.0011,0.1734,3560.72,17.6555,10.3323,53.17,0.0000,0.00,0,0,0,3560.64,0,0.000,0.0000
2026-08-24T01:06:54.435847,3830.08,DONE,7.0622,23.4667,105.75,0.0000,0.0000,20.6660,0,0.0,0.0,0.0,0.0,0.000,0.7700,0.0011,0.1734,3561.72,17.6555,10.3323,53.17,0.0000,0.00,0,0,0,3561.64,0,0.000,0.0000
2026-08-24T01:06:55.435708,3831.08,DONE,7.0622,23.4667,105.75,0.0000,0.0000,20.6660,0,0.0,0.0,0.0,0.0,0.000,0.7700,0.0011,0.1734,3562.72,17.6555,10.3323,53.17,0.0000,0.00,0,0,0,3562.64,0,0.000,0.0000
2026-08-24T01:06:56.435835,3832.08,DONE,7.0622,23.4667,105.75,0.0000,0.0000,20.6660,0,0.0,0.0,0.0,0.0,0.000,0.7700,0.0011,0.1734,3563.72,17.6555,10.3323,53.17,0.0000,0.00,0,0,0,3563.64,0,0.000,0.0000
2026-08-24T01:06:57.435852,3833.08,DONE,7.0622,23.4667,105.75,0.0000,0.0000,20.6660,0,0.0,0.0,0.0,0.0,0.000,0.7700,0.0011,0.1734,3564.72,17.6555,10.3323,53.17,0.0000,0.00,0,0,0,3564.64,0,0.000,0.0000
2026-08-24T01:06:58.436328,3834.08,DONE,7.0622,23.4667,105.75,0.0000,0.0000,20.6660,0,0.0,0.0,0.0,0.0,0.000,0.7700,0.0011,0.1734,3565.72,17.6555,10.3323,53.17,0.0000,0.00,0,0,0,3565.64,0,0.000,0.0000
2026-08-24T01:06:59.435870,3835.08,DONE,7.0622,23.4667,105.75,0.0000,0.0000,20.6660,0,0.0,0.0,0.0,0.0,0.000,0.7700,0.0011,0.1734,3566.72,17.6555,10.3323,53.17,0.0000,0.00,0,0,0,3566.64,0,0.000,0.0000
2026-08-24T01:07:00.436358,3836.08,DONE,7.0622,23.4667,105.75,0.0000,0.0000,20.6660,0,0.0,0.0,0.0,0.0,0.000,0.7700,0.0011,0.1734,3567.72,17.6555,10.3323,53.17,0.0000,0.00,0,0,0,3567.64,0,0.000,0.0000
2026-08-24T01:07:01.435730,3837.08,DONE,7.0622,23.4667,105.75,0.0000,0.0000,20.6660,0,0.0,0.0,0.0,0.0,0.000,0.7700,0.0011,0.1734,3568.72,17.6555,10.3323,53.17,0.0000,0.00,0,0,0,3568.64,0,0.000,0.0000
2026-08-24T01:07:02.436360,3838.08,DONE,7.0622,23.4667,105.75,0.0000,0.0000,20.6660,0,0.0,0.0,0.0,0.0,0.000,0.7700,0.0011,0.1734,3569.72,17.6555,10.3323,53.17,0.0000,0.00,0,0,0,3569.64,0,0.000,0.0000
2026-08-24T01:07:03.436330,3839.08,DONE,7.0622,23.4667,105.75,0.0000,0.0000,20.6660,0,0.0,0.0,0.0,0.0,0.000,0.7700,0.0011,0.1734,3570.72,17.6555,10.3323,53.17,0.0000,0.00,0,0,0,3570.64,0,0.000,0.0000
2026-08-24T01:07:04.436315,3840.08,DONE,7.0622,23.4667,105.75,0.0000,0.0000,20.6660,0,0.0,0.0,0.0,0.0,0.000,0.7700,0.0011,0.1734,3571.72,17.6555,10.3323,53.17,0.0000,0.00,0,0,0,3571.64,0,0.000,0.0000
2026-08-24T01:07:05.435771,3841.08,DONE,7.0622,23.4667,105.75,0.0000,0.0000,20.6660,0,0.0,0.0,0.0,0.0,0.000,0.7700,0.0011,0.1734,3572.72,17.6555,10.3323,53.17,0.0000,0.00,0,0,0,3572.64,0,0.000,0.0000
2026-08-24T01:07:06.436308,3842.08,DONE,7.0622,23.4667,105.75,0.0000,0.0000,20.6660,0,0.0,0.0,0.0,0.0,0.000,0.7700,0.0011,0.1734,3573.72,17.6555,10.3323,53.17,0.0000,0.00,0,0,0,3573.64,0,0.000,0.0000
2026-08-24T01:07:07.436463,3843.08,DONE,7.0622,23.4667,105.75,0.0000,0.0000,20.6660,0,0.0,0.0,0.0,0.0,0.000,0.7700,0.0011,0.1734,3574.72,17.6555,10.3323,53.17,0.0000,0.00,0,0,0,3574.64,0,0.000,0.0000
2026-08-24T01:07:08.435819,3844.08,DONE,7.0622,23.4667,105.75,0.0000,0.0000,20.6660,0,0.0,0.0,0.0,0.0,0.000,0.7700,0.0011,0.1734,3575.72,17.6555,10.3323,53.17,0.0000,0.00,0,0,0,3575.64,0,0.000,0.0000
2026-08-24T01:07:09.435804,3845.08,DONE,7.0622,23.4667,105.75,0.0000,0.0000,20.6660,0,0.0,0.0,0.0,0.0,0.000,0.7700,0.0011,0.1734,3576.72,17.6555,10.3323,53.17,0.0000,0.00,0,0,0,3576.64,0,0.000,0.0000
2026-08-24T01:07:10.435750,3846.08,DONE,7.0622,23.4667,105.75,0.0000,0.0000,20.6660,0,0.0,0.0,0.0,0.0,0.000,0.7700,0.0011,0.1734,3577.72,17.6555,10.3323,53.17,0.0000,0.00,0,0,0,3577.64,0,0.000,0.0000
2026-08-24T01:07:11.436316,3847.08,DONE,7.0622,23.4667,105.75,0.0000,0.0000,20.6660,0,0.0,0.0,0.0,0.0,0.000,0.7700,0.0011,0.1734,3578.72,17.6555,10.3323,53.17,0.0000,0.00,0,0,0,3578.64,0,0.000,0.0000
2026-08-24T01:07:12.436441,3848.08,DONE,7.0622,23.4667,105.75,0.0000,0.0000,20.6660,0,0.0,0.0,0.0,0.0,0.000,0.7700,0.0011,0.1734,3579.72,17.6555,10.3323,53.17,0.0000,0.00,0,0,0,3579.64,0,0.000,0.0000
2026-08-24T01:07:13.435775,3849.08,DONE,7.0622,23.4667,105.75,0.0000,0.0000,20.6660,0,0.0,0.0,0.0,0.0,0.000,0.7700,0.0011,0.1734,3580.72,17.6555,10.3323,53.17,0.0000,0.00,0,0,0,3580.64,0,0.000,0.0000
2026-08-24T01:07:14.435745,3850.08,DONE,7.0622,23.4667,105.75,0.0000,0.0000,20.6660,0,0.0,0.0,0.0,0.0,0.000,0.7700,0.0011,0.1734,3581.72,17.6555,10.3323,53.17,0.0000,0.00,0,0,0,3581.64,0,0.000,0.0000
2026-08-24T01:07:15.435876,3851.08,DONE,7.0622,23.4667,105.75,0.0000,0.0000,20.6660,0,0.0,0.0,0.0,0.0,0.000,0.7700,0.0011,0.1734,3582.72,17.6555,10.3323,53.17,0.0000,0.00,0,0,0,3582.64,0,0.000,0.0000
2026-08-24T01:07:16.436508,3852.08,DONE,7.0622,23.4667,105.75,0.0000,0.0000,20.6660,0,0.0,0.0,0.0,0.0,0.000,0.7700,0.0011,0.1734,3583.72,17.6555,10.3323,53.17,0.0000,0.00,0,0,0,3583.64,0,0.000,0.0000
2026-08-24T01:07:17.435837,3853.08,DONE,7.0622,23.4667,105.75,0.0000,0.0000,20.6660,0,0.0,0.0,0.0,0.0,0.000,0.7700,0.0011,0.1734,3584.72,17.6555,10.3323,53.17,0.0000,0.00,0,0,0,3584.64,0,0.000,0.0000
2026-08-24T01:07:18.436218,3854.08,DONE,7.0622,23.4667,105.75,0.0000,0.0000,20.6660,0,0.0,0.0,0.0,0.0,0.000,0.7700,0.0011,0.1734,3585.72,17.6555,10.3323,53.17,0.0000,0.00,0,0,0,3585.64,0,0.000,0.0000
2026-08-24T01:07:19.436448,3855.08,DONE,7.0622,23.4667,105.75,0.0000,0.0000,20.6660,0,0.0,0.0,0.0,0.0,0.000,0.7700,0.0011,0.1734,3586.72,17.6555,10.3323,53.17,0.0000,0.00,0,0,0,3586.64,0,0.000,0.0000
2026-08-24T01:07:20.436246,3856.08,DONE,7.0622,23.4667,105.75,0.0000,0.0000,20.6660,0,0.0,0.0,0.0,0.0,0.000,0.7700,0.0011,0.1734,3587.72,17.6555,10.3323,53.17,0.0000,0.00,0,0,0,3587.64,0,0.000,0.0000
2026-08-24T01:07:21.436357,3857.08,DONE,7.0622,23.4667,105.75,0.0000,0.0000,20.6660,0,0.0,0.0,0.0,0.0,0.000,0.7700,0.0011,0.1734,3588.72,17.6555,10.3323,53.17,0.0000,0.00,0,0,0,3588.64,0,0.000,0.0000
2026-08-24T01:07:22.436162,3858.08,DONE,7.0622,23.4667,105.75,0.0000,0.0000,20.6660,0,0.0,0.0,0.0,0.0,0.000,0.7700,0.0011,0.1734,3589.72,17.6555,10.3323,53.17,0.0000,0.00,0,0,0,3589.64,0,0.000,0.0000
2026-08-24T01:07:23.435874,3859.08,DONE,7.0622,23.4667,105.75,0.0000,0.0000,20.6660,0,0.0,0.0,0.0,0.0,0.000,0.7700,0.0011,0.1734,3590.72,17.6555,10.3323,53.17,0.0000,0.00,0,0,0,3590.64,0,0.000,0.0000
2026-08-24T01:07:24.436397,3860.08,DONE,7.0622,23.4667,105.75,0.0000,0.0000,20.6660,0,0.0,0.0,0.0,0.0,0.000,0.7700,0.0011,0.1734,3591.72,17.6555,10.3323,53.17,0.0000,0.00,0,0,0,3591.64,0,0.000,0.0000
2026-08-24T01:07:25.435825,3861.08,DONE,7.0622,23.4667,105.75,0.0000,0.0000,20.6660,0,0.0,0.0,0.0,0.0,0.000,0.7700,0.0011,0.1734,3592.72,17.6555,10.3323,53.17,0.0000,0.00,0,0,0,3592.64,0,0.000,0.0000
2026-08-24T01:07:26.436356,3862.08,DONE,7.0622,23.4667,105.75,0.0000,0.0000,20.6660,0,0.0,0.0,0.0,0.0,0.000,0.7700,0.0011,0.1734,3593.72,17.6555,10.3323,53.17,0.0000,0.00,0,0,0,3593.64,0,0.000,0.0000
2026-08-24T01:07:27.436310,3863.08,DONE,7.0622,23.4667,105.75,0.0000,0.0000,20.6660,0,0.0,0.0,0.0,0.0,0.000,0.7700,0.0011,0.1734,3594.72,17.6555,10.3323,53.17,0.0000,0.00,0,0,0,3594.64,0,0.000,0.0000
2026-08-24T01:07:28.435840,3864.08,DONE,7.0622,23.4667,105.75,0.0000,0.0000,20.6660,0,0.0,0.0,0.0,0.0,0.000,0.7700,0.0011,0.1734,3595.72,17.6555,10.3323,53.17,0.0000,0.00,0,0,0,3595.64,0,0.000,0.0000
2026-08-24T01:07:29.435825,3865.08,DONE,7.0622,23.4667,105.75,0.0000,0.0000,20.6660,0,0.0,0.0,0.0,0.0,0.000,0.7700,0.0011,0.1734,3596.72,17.6555,10.3323,53.17,0.0000,0.00,0,0,0,3596.64,0,0.000,0.0000
2026-08-24T01:07:30.436118,3866.08,DONE,7.0622,23.4667,105.75,0.0000,0.0000,20.6660,0,0.0,0.0,0.0,0.0,0.000,0.7700,0.0011,0.1734,3597.72,17.6555,10.3323,53.17,0.0000,0.00,0,0,0,3597.64,0,0.000,0.0000
2026-08-24T01:07:31.435875,3867.08,DONE,7.0622,23.4667,105.75,0.0000,0.0000,20.6660,0,0.0,0.0,0.0,0.0,0.000,0.7700,0.0011,0.1734,3598.72,17.6555,10.3323,53.17,0.0000,0.00,0,0,0,3598.64,0,0.000,0.0000
2026-08-24T01:07:32.435921,3868.08,DONE,7.0622,23.4667,105.75,0.0000,0.0000,20.6660,0,0.0,0.0,0.0,0.0,0.000,0.7700,0.0011,0.1734,3599.72,17.6555,10.3323,53.17,0.0000,0.00,0,0,0,3599.64,0,0.000,0.0000
2026-08-24T01:07:33.435835,3869.08,DONE,7.0622,23.4667,105.75,0.0000,0.0000,20.6660,0,0.0,0.0,0.0,0.0,0.000,0.7700,0.0011,0.1734,3600.72,17.6555,10.3323,53.17,0.0000,0.00,0,0,0,3600.64,0,0.000,0.0000
2026-08-24T01:07:34.436338,3870.08,DONE,7.0622,23.4667,105.75,0.0000,0.0000,20.6660,0,0.0,0.0,0.0,0.0,0.000,0.7700,0.0011,0.1734,3601.72,17.6555,10.3323,53.17,0.0000,0.00,0,0,0,3601.64,0,0.000,0.0000
2026-08-24T01:07:35.435783,3871.08,DONE,7.0622,23.4667,105.75,0.0000,0.0000,20.6660,0,0.0,0.0,0.0,0.0,0.000,0.7700,0.0011,0.1734,3602.72,17.6555,10.3323,53.17,0.0000,0.00,0,0,0,3602.64,0,0.000,0.0000
2026-08-24T01:07:36.436340,3872.08,DONE,7.0622,23.4667,105.75,0.0000,0.0000,20.6660,0,0.0,0.0,0.0,0.0,0.000,0.7700,0.0011,0.1734,3603.72,17.6555,10.3323,53.17,0.0000,0.00,0,0,0,3603.64,0,0.000,0.0000
2026-08-24T01:07:37.436225,3873.08,DONE,7.0622,23.4667,105.75,0.0000,0.0000,20.6660,0,0.0,0.0,0.0,0.0,0.000,0.7700,0.0011,0.1734,3604.72,17.6555,10.3323,53.17,0.0000,0.00,0,0,0,3604.64,0,0.000,0.0000
2026-08-24T01:07:38.436305,3874.08,DONE,7.0622,23.4667,105.75,0.0000,0.0000,20.6660,0,0.0,0.0,0.0,0.0,0.000,0.7700,0.0011,0.1734,3605.72,17.6555,10.3323,53.17,0.0000,0.00,0,0,0,3605.64,0,0.000,0.0000
2026-08-24T01:07:39.436309,3875.08,DONE,7.0622,23.4667,105.75,0.0000,0.0000,20.6660,0,0.0,0.0,0.0,0.0,0.000,0.7700,0.0011,0.1734,3606.72,17.6555,10.3323,53.17,0.0000,0.00,0,0,0,3606.64,0,0.000,0.0000
2026-08-24T01:07:40.436346,3876.08,DONE,7.0622,23.4667,105.75,0.0000,0.0000,20.6660,0,0.0,0.0,0.0,0.0,0.000,0.7700,0.0011,0.1734,3607.72,17.6555,10.3323,53.17,0.0000,0.00,0,0,0,3607.64,0,0.000,0.0000
2026-08-24T01:07:41.436425,3877.08,DONE,7.0622,23.4667,105.75,0.0000,0.0000,20.6660,0,0.0,0.0,0.0,0.0,0.000,0.7700,0.0011,0.1734,3608.72,17.6555,10.3323,53.17,0.0000,0.00,0,0,0,3608.64,0,0.000,0.0000
2026-08-24T01:07:42.436037,3878.08,DONE,7.0622,23.4667,105.75,0.0000,0.0000,20.6660,0,0.0,0.0,0.0,0.0,0.000,0.7700,0.0011,0.1734,3609.72,17.6555,10.3323,53.17,0.0000,0.00,0,0,0,3609.64,0,0.000,0.0000
2026-08-24T01:07:43.435895,3879.08,DONE,7.0622,23.4667,105.75,0.0000,0.0000,20.6660,0,0.0,0.0,0.0,0.0,0.000,0.7700,0.0011,0.1734,3610.72,17.6555,10.3323,53.17,0.0000,0.00,0,0,0,3610.64,0,0.000,0.0000
2026-08-24T01:07:44.435863,3880.08,DONE,7.0622,23.4667,105.75,0.0000,0.0000,20.6660,0,0.0,0.0,0.0,0.0,0.000,0.7700,0.0011,0.1734,3611.72,17.6555,10.3323,53.17,0.0000,0.00,0,0,0,3611.64,0,0.000,0.0000
2026-08-24T01:07:45.436313,3881.08,DONE,7.0622,23.4667,105.75,0.0000,0.0000,20.6660,0,0.0,0.0,0.0,0.0,0.000,0.7700,0.0011,0.1734,3612.72,17.6555,10.3323,53.17,0.0000,0.00,0,0,0,3612.64,0,0.000,0.0000
2026-08-24T01:07:46.436358,3882.08,DONE,7.0622,23.4667,105.75,0.0000,0.0000,20.6660,0,0.0,0.0,0.0,0.0,0.000,0.7700,0.0011,0.1734,3613.72,17.6555,10.3323,53.17,0.0000,0.00,0,0,0,3613.64,0,0.000,0.0000
2026-08-24T01:07:47.435877,3883.08,DONE,7.0622,23.4667,105.75,0.0000,0.0000,20.6660,0,0.0,0.0,0.0,0.0,0.000,0.7700,0.0011,0.1734,3614.72,17.6555,10.3323,53.17,0.0000,0.00,0,0,0,3614.64,0,0.000,0.0000
2026-08-24T01:07:48.436426,3884.08,DONE,7.0622,23.4667,105.75,0.0000,0.0000,20.6660,0,0.0,0.0,0.0,0.0,0.000,0.7700,0.0011,0.1734,3615.72,17.6555,10.3323,53.17,0.0000,0.00,0,0,0,3615.64,0,0.000,0.0000
2026-08-24T01:07:49.436247,3885.08,DONE,7.0622,23.4667,105.75,0.0000,0.0000,20.6660,0,0.0,0.0,0.0,0.0,0.000,0.7700,0.0011,0.1734,3616.72,17.6555,10.3323,53.17,0.0000,0.00,0,0,0,3616.64,0,0.000,0.0000
2026-08-24T01:07:50.436222,3886.08,DONE,7.0622,23.4667,105.75,0.0000,0.0000,20.6660,0,0.0,0.0,0.0,0.0,0.000,0.7700,0.0011,0.1734,3617.72,17.6555,10.3323,53.17,0.0000,0.00,0,0,0,3617.64,0,0.000,0.0000
2026-08-24T01:07:51.435863,3887.08,DONE,7.0622,23.4667,105.75,0.0000,0.0000,20.6660,0,0.0,0.0,0.0,0.0,0.000,0.7700,0.0011,0.1734,3618.72,17.6555,10.3323,53.17,0.0000,0.00,0,0,0,3618.64,0,0.000,0.0000
2026-08-24T01:07:52.436283,3888.08,DONE,7.0622,23.4667,105.75,0.0000,0.0000,20.6660,0,0.0,0.0,0.0,0.0,0.000,0.7700,0.0011,0.1734,3619.72,17.6555,10.3323,53.17,0.0000,0.00,0,0,0,3619.64,0,0.000,0.0000
2026-08-24T01:07:53.436218,3889.08,DONE,7.0622,23.4667,105.75,0.0000,0.0000,20.6660,0,0.0,0.0,0.0,0.0,0.000,0.7700,0.0011,0.1734,3620.72,17.6555,10.3323,53.17,0.0000,0.00,0,0,0,3620.64,0,0.000,0.0000
2026-08-24T01:07:54.436315,3890.08,DONE,7.0622,23.4667,105.75,0.0000,0.0000,20.6660,0,0.0,0.0,0.0,0.0,0.000,0.7700,0.0011,0.1734,3621.72,17.6555,10.3323,53.17,0.0000,0.00,0,0,0,3621.64,0,0.000,0.0000
2026-08-24T01:07:55.435845,3891.08,DONE,7.0622,23.4667,105.75,0.0000,0.0000,20.6660,0,0.0,0.0,0.0,0.0,0.000,0.7700,0.0011,0.1734,3622.72,17.6555,10.3323,53.17,0.0000,0.00,0,0,0,3622.64,0,0.000,0.0000
2026-08-24T01:07:56.435729,3892.08,DONE,7.0622,23.4667,105.75,0.0000,0.0000,20.6660,0,0.0,0.0,0.0,0.0,0.000,0.7700,0.0011,0.1734,3623.72,17.6555,10.3323,53.17,0.0000,0.00,0,0,0,3623.64,0,0.000,0.0000
2026-08-24T01:07:57.436419,3893.08,DONE,7.0622,23.4667,105.75,0.0000,0.0000,20.6660,0,0.0,0.0,0.0,0.0,0.000,0.7700,0.0011,0.1734,3624.72,17.6555,10.3323,53.17,0.0000,0.00,0,0,0,3624.64,0,0.000,0.0000
2026-08-24T01:07:58.436324,3894.08,DONE,7.0622,23.4667,105.75,0.0000,0.0000,20.6660,0,0.0,0.0,0.0,0.0,0.000,0.7700,0.0011,0.1734,3625.72,17.6555,10.3323,53.17,0.0000,0.00,0,0,0,3625.64,0,0.000,0.0000
2026-08-24T01:07:59.436218,3895.08,DONE,7.0622,23.4667,105.75,0.0000,0.0000,20.6660,0,0.0,0.0,0.0,0.0,0.000,0.7700,0.0011,0.1734,3626.72,17.6555,10.3323,53.17,0.0000,0.00,0,0,0,3626.64,0,0.000,0.0000
2026-08-24T01:08:00.436451,3896.08,DONE,7.0622,23.4667,105.75,0.0000,0.0000,20.6660,0,0.0,0.0,0.0,0.0,0.000,0.7700,0.0011,0.1734,3627.72,17.6555,10.3323,53.17,0.0000,0.00,0,0,0,3627.64,0,0.000,0.0000
2026-08-24T01:08:01.436356,3897.08,DONE,7.0622,23.4667,105.75,0.0000,0.0000,20.6660,0,0.0,0.0,0.0,0.0,0.000,0.7700,0.0011,0.1734,3628.72,17.6555,10.3323,53.17,0.0000,0.00,0,0,0,3628.64,0,0.000,0.0000
2026-08-24T01:08:02.436342,3898.08,DONE,7.0622,23.4667,105.75,0.0000,0.0000,20.6660,0,0.0,0.0,0.0,0.0,0.000,0.7700,0.0011,0.1734,3629.72,17.6555,10.3323,53.17,0.0000,0.00,0,0,0,3629.64,0,0.000,0.0000
2026-08-24T01:08:03.436431,3899.08,DONE,7.0622,23.4667,105.75,0.0000,0.0000,20.6660,0,0.0,0.0,0.0,0.0,0.000,0.7700,0.0011,0.1734,3630.72,17.6555,10.3323,53.17,0.0000,0.00,0,0,0,3630.64,0,0.000,0.0000
2026-08-24T01:08:04.436225,3900.08,DONE,7.0622,23.4667,105.75,0.0000,0.0000,20.6660,0,0.0,0.0,0.0,0.0,0.000,0.7700,0.0011,0.1734,3631.72,17.6555,10.3323,53.17,0.0000,0.00,0,0,0,3631.64,0,0.000,0.0000
2026-08-24T01:08:05.435780,3901.08,DONE,7.0622,23.4667,105.75,0.0000,0.0000,20.6660,0,0.0,0.0,0.0,0.0,0.000,0.7700,0.0011,0.1734,3632.72,17.6555,10.3323,53.17,0.0000,0.00,0,0,0,3632.64,0,0.000,0.0000
2026-08-24T01:08:06.436305,3902.08,DONE,7.0622,23.4667,105.75,0.0000,0.0000,20.6660,0,0.0,0.0,0.0,0.0,0.000,0.7700,0.0011,0.1734,3633.72,17.6555,10.3323,53.17,0.0000,0.00,0,0,0,3633.64,0,0.000,0.0000
2026-08-24T01:08:07.436308,3903.08,DONE,7.0622,23.4667,105.75,0.0000,0.0000,20.6660,0,0.0,0.0,0.0,0.0,0.000,0.7700,0.0011,0.1734,3634.72,17.6555,10.3323,53.17,0.0000,0.00,0,0,0,3634.64,0,0.000,0.0000
2026-08-24T01:08:08.436321,3904.08,DONE,7.0622,23.4667,105.75,0.0000,0.0000,20.6660,0,0.0,0.0,0.0,0.0,0.000,0.7700,0.0011,0.1734,3635.72,17.6555,10.3323,53.17,0.0000,0.00,0,0,0,3635.64,0,0.000,0.0000
2026-08-24T01:08:09.436309,3905.08,DONE,7.0622,23.4667,105.75,0.0000,0.0000,20.6660,0,0.0,0.0,0.0,0.0,0.000,0.7700,0.0011,0.1734,3636.72,17.6555,10.3323,53.17,0.0000,0.00,0,0,0,3636.64,0,0.000,0.0000
